exp,con,cri,cer,com,ref,prop,tone_pred,qtype_pred,message_id,conversation_id,message_src,turn_frac,family,condition,Persona_type,challenge
0.01264105741708566,0.00482232955218618,0.0010127110821249242,1.022429168313831,0.001494180507970417,0.0,0.01304334431689544,none,none,730,154,user,0.0,GPT,GPT,GPT,Bicycle
0.0,0.010089302446681409,0.0,1.0033228817489568,0.0,0.0,0.0,none,clarify,731,154,assistant,0.047619047619047616,GPT,GPT,GPT,Bicycle
0.5943688804862685,0.3665935932409333,0.0,1.2512559695246086,0.06134429927704867,0.02061397838287001,0.431131990387466,none,clarify,762,154,user,0.09523809523809523,GPT,GPT,GPT,Bicycle
1.4173583795615614,1.4333505562424311,0.0,1.9044999668969673,0.1342459690410499,0.2858747791839243,0.8815096179195345,none,open_what_if,765,154,assistant,0.14285714285714285,GPT,GPT,GPT,Bicycle
0.37126753215709246,0.2665723621162192,0.0,1.6342819897307084,0.17868556287060147,0.005395368108107102,0.27601977894159097,none,clarify,777,154,user,0.19047619047619047,GPT,GPT,GPT,Bicycle
0.9589697459924937,1.4646612263540284,0.04218921997237768,2.16367216065032,0.025083830647385896,0.7598395548971757,0.7890523662285303,none,open_what_if,778,154,assistant,0.23809523809523808,GPT,GPT,GPT,Bicycle
0.929228622070158,0.41096112683758496,0.004780456232262405,1.6213955041370554,0.4779567798208595,0.0,0.37806633263975403,none,clarify,793,154,user,0.2857142857142857,GPT,GPT,GPT,Bicycle
1.8401488498124978,1.0503177718544006,0.02190525940330022,1.9696473722642824,0.0,0.9421515268423621,1.0089761672712105,none,open_what_if,794,154,assistant,0.3333333333333333,GPT,GPT,GPT,Bicycle
0.6229531740065686,0.9593271675885406,0.3024503863263148,2.023338717282438,0.19512853335603392,0.10353932267419637,1.2048984494950146,none,open_what_if,807,154,user,0.38095238095238093,GPT,GPT,GPT,Bicycle
1.153373934256851,1.792930738692979,0.0,2.2760669394291027,0.10820313597485007,0.31585887724019,1.3290563760815794,none,none,808,154,assistant,0.42857142857142855,GPT,GPT,GPT,Bicycle
0.32258834208125653,0.2548206087695639,0.13794073263100945,1.8677911122968152,0.03376619928077598,0.0,1.3922586697547825,none,clarify,817,154,user,0.47619047619047616,GPT,GPT,GPT,Bicycle
1.3658343190987625,1.6994144730093594,0.014682131015424434,2.1217199292976887,0.11218940683476801,0.08433687702769578,1.2717784968868384,none,open_what_if,818,154,assistant,0.5238095238095238,GPT,GPT,GPT,Bicycle
0.3161312799618739,0.053294638268178346,0.07997044930705612,1.7633248090062046,0.06857320310244731,0.0,0.8749717742635751,none,none,829,154,user,0.5714285714285714,GPT,GPT,GPT,Bicycle
0.9022155676305205,1.7594177039306398,0.0024407595949950006,2.068121941446479,0.08262386806704342,0.005760795936546842,1.0404176285658862,none,open_what_if,830,154,assistant,0.6190476190476191,GPT,GPT,GPT,Bicycle
0.16163051609354756,0.282850948003521,0.8508959330681586,1.4617952183629344,0.25102936195967895,0.09656338522442028,0.0,neutral,none,837,154,user,0.6666666666666666,GPT,GPT,GPT,Bicycle
1.713962854125246,1.5433571780369562,0.0,2.111846430127381,0.3426644360875176,0.365827150436626,1.1210196921395772,none,open_what_if,838,154,assistant,0.7142857142857143,GPT,GPT,GPT,Bicycle
0.4439412517924703,0.31451670623591566,0.22121340613946497,2.0285899807416232,0.4367899768677561,0.007112954289194004,0.644042071469034,none,none,843,154,user,0.7619047619047619,GPT,GPT,GPT,Bicycle
1.9251380754515877,1.1051997695826887,0.0,2.0759874444316386,0.06543611755460563,0.9700474933748089,1.046066761538362,none,open_what_if,844,154,assistant,0.8095238095238095,GPT,GPT,GPT,Bicycle
0.0868456889261594,0.108405776127738,0.019560718342057852,1.6220685514374298,0.06466105196143143,0.04394211951080879,0.3612504398794305,none,none,853,154,user,0.8571428571428571,GPT,GPT,GPT,Bicycle
0.9931927072911095,1.9376510536443077,0.05951265168244855,2.8883611879468174,0.8891374081635305,0.0,1.9191776782245633,none,criteria_setting,854,154,assistant,0.9047619047619048,GPT,GPT,GPT,Bicycle
0.5535109513330299,0.10976075856148455,0.1985505919179339,1.8353682211379148,0.0,0.0009144897893666297,0.4909393427005485,none,clarify,869,154,user,0.9523809523809523,GPT,GPT,GPT,Bicycle
0.7382608267176278,1.5608787051623998,0.004960034714319638,2.1756882232763095,0.505675830606279,0.3395157208481285,1.8923954356782826,none,open_what_if,870,154,assistant,1.0,GPT,GPT,GPT,Bicycle
0.01264105741708566,0.00482232955218618,0.0010127110821249242,1.022429168313831,0.001494180507970417,0.0,0.01304334431689544,none,none,733,155,user,0.0,GPT,GPT,GPT,Bicycle
0.0,0.010089302446681409,0.0,1.0033228817489568,0.0,0.0,0.0,none,clarify,735,155,assistant,0.07692307692307693,GPT,GPT,GPT,Bicycle
0.015808800612270347,0.9878818465632595,0.0,2.0131812692794533,0.0039453103672834125,0.001571199774892238,0.010197506841155037,none,clarify,755,155,user,0.15384615384615385,GPT,GPT,GPT,Bicycle
1.8654338293551176,0.205769313634371,0.0,1.1540998433396041,0.0,0.9413893300914467,0.09508586436416451,none,open_what_if,757,155,assistant,0.23076923076923078,GPT,GPT,GPT,Bicycle
0.8882264629587726,0.3561730476046104,0.012317427445631893,2.149889102968913,0.4986268056186955,0.11067779130095409,0.7495329518174022,none,none,789,155,user,0.3076923076923077,GPT,GPT,GPT,Bicycle
1.2334684219535872,0.3751937016289723,0.0,1.9250164579023732,0.21618736696619978,0.5577368124977581,0.47059568542015495,none,open_what_if,791,155,assistant,0.38461538461538464,GPT,GPT,GPT,Bicycle
0.21298812504336792,0.4553330137044756,0.06429467039181805,1.9839296234699357,0.22279557331200925,0.003370644251838636,1.1907020338292462,none,none,801,155,user,0.46153846153846156,GPT,GPT,GPT,Bicycle
0.8587860235305556,1.3306909780622966,0.0,2.321029267603227,0.12881344888879429,0.0,1.5633656713562667,none,open_what_if,802,155,assistant,0.5384615384615384,GPT,GPT,GPT,Bicycle
0.46567569095492484,0.23658738954336517,0.0033325361393663736,2.147250771599801,0.4524446266310332,0.062324091945791124,1.0489837379767668,none,none,819,155,user,0.6153846153846154,GPT,GPT,GPT,Bicycle
0.9938454350116668,0.9099600791306045,0.020236791657488432,2.1672881477480095,0.23239075879154103,0.005042347860377935,1.4078831847571016,none,open_what_if,820,155,assistant,0.6923076923076923,GPT,GPT,GPT,Bicycle
0.2240376383642794,0.7441031121955645,0.0,2.163504182030272,0.06469590668162499,0.01096968180363497,2.0169207526826125,none,none,855,155,user,0.7692307692307693,GPT,GPT,GPT,Bicycle
1.242968095121489,1.508226228660243,0.0,1.982814657859692,0.28536202331573113,0.3771300188028317,1.5722680923429786,none,open_what_if,856,155,assistant,0.8461538461538461,GPT,GPT,GPT,Bicycle
0.506836450259546,1.1551432647106314,0.0012620442190406141,2.1658144386941816,0.38123930432500774,0.0011890491951071771,1.802908521039207,none,none,872,155,user,0.9230769230769231,GPT,GPT,GPT,Bicycle
0.7578686940545946,1.351041075299188,0.0,2.1792308149321777,0.022669231703374617,0.47694459938550704,0.9326868024012921,none,open_what_if,874,155,assistant,1.0,GPT,GPT,GPT,Bicycle
0.01264105741708566,0.00482232955218618,0.0010127110821249242,1.022429168313831,0.001494180507970417,0.0,0.01304334431689544,none,none,737,157,user,0.0,GPT,GPT,GPT,Bicycle
0.0,0.010089302446681409,0.0,1.0033228817489568,0.0,0.0,0.0,none,clarify,738,157,assistant,0.06666666666666667,GPT,GPT,GPT,Bicycle
0.015808800612270347,0.9878818465632595,0.0,2.0131812692794533,0.0039453103672834125,0.001571199774892238,0.010197506841155037,none,clarify,769,157,user,0.13333333333333333,GPT,GPT,GPT,Bicycle
1.279974553583765,1.560933426352475,0.038299020859486575,2.0445263791799912,0.3645972235550439,0.06546819594306147,0.5215048028172465,none,open_what_if,770,157,assistant,0.2,GPT,GPT,GPT,Bicycle
0.7427410750866705,0.28911210159876877,0.0,1.6278018776722558,0.2905578084544969,0.02022809949694404,1.036309400437726,none,none,779,157,user,0.26666666666666666,GPT,GPT,GPT,Bicycle
1.293145654239041,1.5035801684634902,0.2651372865039959,2.0692631535646284,0.28547283966317694,0.11780339328778144,1.3380623645373693,none,open_what_if,781,157,assistant,0.3333333333333333,GPT,GPT,GPT,Bicycle
0.730868638700345,1.017623450017215,0.11993042446106515,2.0484908581765504,0.32211616077945726,0.04573069507115735,1.7509727655206087,none,none,797,157,user,0.4,GPT,GPT,GPT,Bicycle
0.42864020837485484,1.4154732372001868,0.0,2.086956728830404,0.15933228728737867,0.0,1.3341362280247733,none,open_what_if,798,157,assistant,0.4666666666666667,GPT,GPT,GPT,Bicycle
0.7164989789618817,1.1962516043825442,0.1227180258099484,2.372087948529191,0.26763340048366835,0.19937344507697616,1.813954285255786,none,open_what_if,823,157,user,0.5333333333333333,GPT,GPT,GPT,Bicycle
0.48588109825853104,1.6073764757336118,0.0,2.2240963459957106,0.31501861631654626,0.0,1.7721953009715838,none,open_what_if,824,157,assistant,0.6,GPT,GPT,GPT,Bicycle
0.41899436765756853,1.0668734762967187,0.2875274357796511,2.4685269659057183,0.6954037142499159,0.0,1.9413123162524077,none,none,847,157,user,0.6666666666666666,GPT,GPT,GPT,Bicycle
0.8038458997671679,1.7387950500799019,0.010879948701564697,2.339520242206858,0.6246963367098497,0.08366724668771536,1.4073517588126678,none,open_what_if,848,157,assistant,0.7333333333333333,GPT,GPT,GPT,Bicycle
0.0,0.024172428925303413,0.002553651441855991,1.4909497981512554,0.27501843324740805,0.0,0.4561474221947305,none,none,865,157,user,0.8,GPT,GPT,GPT,Bicycle
1.6037068816976896,1.4332001597499098,0.014780171251092426,2.2086740865560186,0.21286805800655945,0.018138933948385567,1.4238836403262296,none,open_what_if,866,157,assistant,0.8666666666666667,GPT,GPT,GPT,Bicycle
0.4621069664793257,0.3373138634673295,0.03768123268802196,1.7168066953319796,0.1370819665816445,0.0,0.9312616339527534,none,none,885,157,user,0.9333333333333333,GPT,GPT,GPT,Bicycle
0.9830903520143631,1.050346620524467,0.03685709459081193,1.9829466540214897,0.04459439147015003,0.0,1.126725670084697,none,open_what_if,886,157,assistant,1.0,GPT,GPT,GPT,Bicycle
0.01264105741708566,0.00482232955218618,0.0010127110821249242,1.022429168313831,0.001494180507970417,0.0,0.01304334431689544,none,none,739,158,user,0.0,GPT,GPT,GPT,Bicycle
0.0,0.010089302446681409,0.0,1.0033228817489568,0.0,0.0,0.0,none,clarify,740,158,assistant,0.07692307692307693,GPT,GPT,GPT,Bicycle
0.015808800612270347,0.9878818465632595,0.0,2.0131812692794533,0.0039453103672834125,0.001571199774892238,0.010197506841155037,none,clarify,767,158,user,0.15384615384615385,GPT,GPT,GPT,Bicycle
0.7345529455090055,0.7373462786761035,0.0,1.716617050396767,0.26934697852424816,0.48324550388181714,0.12290761878383667,none,clarify,768,158,assistant,0.23076923076923078,GPT,GPT,GPT,Bicycle
0.6277019571302168,1.0325277610197723,0.0023202469471382335,1.8510104075134726,0.3225522453423642,0.05520116127753346,1.3929717654921334,none,none,795,158,user,0.3076923076923077,GPT,GPT,GPT,Bicycle
1.8717281361991465,0.9962082349979795,0.0,1.1405160663666996,0.04684951023803869,0.9478112700265123,0.16163489106638762,none,open_what_if,796,158,assistant,0.38461538461538464,GPT,GPT,GPT,Bicycle
0.9871209702290326,0.2154008360327972,0.0029129151488491247,2.2106081230299814,0.10377654166198816,0.0006190771894606916,1.6251758564030405,none,none,811,158,user,0.46153846153846156,GPT,GPT,GPT,Bicycle
0.7977403273125413,1.7167183533659316,0.10276455379918276,2.4657774489972963,0.22232590270603061,0.0,1.5333676459615426,none,open_what_if,812,158,assistant,0.5384615384615384,GPT,GPT,GPT,Bicycle
0.7921769757999617,0.7683383154074773,0.0,1.9954457140745883,0.42945328349286804,0.0,0.8518651525162232,none,none,827,158,user,0.6153846153846154,GPT,GPT,GPT,Bicycle
0.5268908792615836,0.7217878568980567,0.17525857590715138,2.3727774474895815,0.45539617386979253,0.0,0.5366532853403548,none,criteria_setting,828,158,assistant,0.6923076923076923,GPT,GPT,GPT,Bicycle
0.6780539942654162,1.1833605419052915,0.023997750056896725,1.9346750515069684,0.2135888459078942,0.0,0.9617904989983189,none,none,850,158,user,0.7692307692307693,GPT,GPT,GPT,Bicycle
1.013532789167155,1.7964036612147716,0.033412787767122754,2.251066333155081,0.26586023424102284,0.0,1.3696134524894223,none,open_what_if,852,158,assistant,0.8461538461538461,GPT,GPT,GPT,Bicycle
0.8248496522108711,0.5944084660615979,0.08035304536198438,1.9398253313433194,0.17721351485961379,0.0,1.0175502486760981,none,none,867,158,user,0.9230769230769231,GPT,GPT,GPT,Bicycle
0.9983655320314173,1.4484721484669079,0.0011694971734547963,2.1325166122237635,0.30304267203567403,0.05836138809929836,1.3705114239376297,none,open_what_if,868,158,assistant,1.0,GPT,GPT,GPT,Bicycle
0.01264105741708566,0.00482232955218618,0.0010127110821249242,1.022429168313831,0.001494180507970417,0.0,0.01304334431689544,none,none,741,159,user,0.0,GPT,GPT,GPT,Bicycle
0.0,0.010089302446681409,0.0,1.0033228817489568,0.0,0.0,0.0,none,clarify,742,159,assistant,0.06666666666666667,GPT,GPT,GPT,Bicycle
0.5943688804862685,0.3665935932409333,0.0,1.2512559695246086,0.06134429927704867,0.02061397838287001,0.431131990387466,none,clarify,771,159,user,0.13333333333333333,GPT,GPT,GPT,Bicycle
1.8246338462158764,0.04211420729308185,0.0,1.0638813945943426,0.04686010992075174,0.0017386532177670027,0.014382081062033696,none,open_what_if,772,159,assistant,0.2,GPT,GPT,GPT,Bicycle
0.3510945859648474,0.8195468053464379,0.08089760005018053,2.1104680806324816,0.18082405823638156,0.023363676474396786,1.4390504893338545,none,none,805,159,user,0.26666666666666666,GPT,GPT,GPT,Bicycle
0.676614253505284,0.5087200769910988,0.11385088519013672,2.600538374864478,0.5024484974728056,0.043410525389680904,0.738834348958529,none,open_what_if,806,159,assistant,0.3333333333333333,GPT,GPT,GPT,Bicycle
0.4340838778484282,0.7454696868870238,0.029025552699612194,2.0351618192527807,0.5476634278796908,0.13855226063720566,1.556449293837027,none,none,825,159,user,0.4,GPT,GPT,GPT,Bicycle
0.7216575415804302,0.3659560748977742,0.3109198384909116,1.9348819141558118,0.1432033367108314,0.02642573006693397,0.7358842907910075,none,clarify,826,159,assistant,0.4666666666666667,GPT,GPT,GPT,Bicycle
0.29419077519885894,0.4947628772615666,0.15721305144873463,1.977186060280565,0.3524719695955239,0.018749824343899827,0.8982804157073159,none,none,835,159,user,0.5333333333333333,GPT,GPT,GPT,Bicycle
0.7928850234528954,0.5164192833178429,0.014955366916858006,2.3897883416709167,0.3401758208535561,0.006501142357542652,0.8862661954797098,none,open_what_if,836,159,assistant,0.6,GPT,GPT,GPT,Bicycle
0.015808800612270347,0.9878818465632595,0.0,2.0131812692794533,0.041292288324086865,0.001571199774892238,0.04492516033227536,none,clarify,841,159,user,0.6666666666666666,GPT,GPT,GPT,Bicycle
1.575730849296093,1.6833634170184397,0.02141263235753273,1.705281209097296,0.37273227463693903,0.21368197921556673,1.1181273128167166,none,open_what_if,842,159,assistant,0.7333333333333333,GPT,GPT,GPT,Bicycle
0.5037482554124221,1.150827847035276,0.03270634946311458,2.1385515435980915,0.36939375601575014,0.3480194790119412,0.893921546653255,none,none,857,159,user,0.8,GPT,GPT,GPT,Bicycle
0.37638033533160503,0.7606289321625488,0.0490709922034862,1.9857913996864256,0.24598129198252114,0.11024264366933777,0.5151871470510726,none,open_what_if,858,159,assistant,0.8666666666666667,GPT,GPT,GPT,Bicycle
0.3590462224607623,0.2906268300234906,0.4855281879303083,1.800391467604114,0.28329076116899315,0.009529618424553313,0.7769498462902411,neutral,none,876,159,user,0.9333333333333333,GPT,GPT,GPT,Bicycle
0.8875474198418365,1.6994801312678203,0.002095949651952744,2.225008138650449,0.42437955367698454,0.0,1.2308779120065751,none,open_what_if,881,159,assistant,1.0,GPT,GPT,GPT,Bicycle
0.01264105741708566,0.00482232955218618,0.0010127110821249242,1.022429168313831,0.001494180507970417,0.0,0.01304334431689544,none,none,744,160,user,0.0,GPT,GPT,GPT,Bicycle
0.0,0.010089302446681409,0.0,1.0033228817489568,0.0,0.0,0.0,none,clarify,746,160,assistant,0.06666666666666667,GPT,GPT,GPT,Bicycle
0.015808800612270347,0.9878818465632595,0.0,2.0131812692794533,0.0039453103672834125,0.001571199774892238,0.010197506841155037,none,clarify,761,160,user,0.13333333333333333,GPT,GPT,GPT,Bicycle
1.0425903055866708,1.4914686902422312,0.0,1.9726270714895833,0.0886212696932058,0.5389843629341877,0.60651938091084,none,open_what_if,764,160,assistant,0.2,GPT,GPT,GPT,Bicycle
0.10117355221954234,0.07720691676726123,0.0,2.3254715658665437,0.286350372333499,0.07962844546559768,0.5980780883057407,none,none,773,160,user,0.26666666666666666,GPT,GPT,GPT,Bicycle
1.4038880471829467,1.9450307344184894,0.0,2.19253156839779,0.44162032566591786,0.8262666090242361,0.6076012814530418,none,open_what_if,776,160,assistant,0.3333333333333333,GPT,GPT,GPT,Bicycle
0.57766968144232,0.044580848652503946,0.011177512532831337,2.397805110398971,0.27253065255581443,0.0,1.5233475558845349,none,none,790,160,user,0.4,GPT,GPT,GPT,Bicycle
0.6270196761127481,1.6885479560104917,0.01653884721389115,2.539859656305485,0.2720511774137436,0.6608207019348522,1.4809196839233834,none,open_what_if,792,160,assistant,0.4666666666666667,GPT,GPT,GPT,Bicycle
0.05236957567602871,1.1766626901040513,0.09179718270100562,2.2389134678415368,0.11378335897402657,0.0539423758398037,1.648158748846735,none,none,813,160,user,0.5333333333333333,GPT,GPT,GPT,Bicycle
0.8019763734308206,1.9145613265308072,0.002553651441855991,2.2826156292599458,0.0001628760224963526,0.25963690212799906,1.3319948110936886,none,open_what_if,814,160,assistant,0.6,GPT,GPT,GPT,Bicycle
0.5076120417661862,1.0042072801071504,0.0,2.285176984688014,0.3496889171432306,0.012433220997219042,1.8606467044232118,none,none,833,160,user,0.6666666666666666,GPT,GPT,GPT,Bicycle
0.47702540242070174,1.4928624980634821,0.0,2.3890428711256644,0.20339060836448283,0.18208788161338696,1.3917515702286516,none,open_what_if,834,160,assistant,0.7333333333333333,GPT,GPT,GPT,Bicycle
0.47401983406257264,1.0027936483286577,0.0,2.12735254267367,0.4660172681964939,0.013731722924903246,1.9871431990327262,none,none,859,160,user,0.8,GPT,GPT,GPT,Bicycle
1.3295439901265946,1.3487949455099413,0.02933777806059104,2.4303861710073655,0.25692169867508274,0.6242359021270187,1.7675321145913676,none,open_what_if,861,160,assistant,0.8666666666666667,GPT,GPT,GPT,Bicycle
0.9440635005499152,0.08717179998563214,0.0025805099232764817,2.0342013179531837,0.10529510895459156,0.001702479392599767,0.9898895550080747,none,none,879,160,user,0.9333333333333333,GPT,GPT,GPT,Bicycle
1.5915045849454277,1.1584696220002373,0.10005815529455968,2.151637221942104,0.10065230800735726,0.7904739899452221,0.9576065166623488,none,open_what_if,882,160,assistant,1.0,GPT,GPT,GPT,Bicycle
0.01264105741708566,0.00482232955218618,0.0010127110821249242,1.022429168313831,0.001494180507970417,0.0,0.01304334431689544,none,none,743,161,user,0.0,GPT,GPT,GPT,Bicycle
0.0,0.010089302446681409,0.0,1.0033228817489568,0.0,0.0,0.0,none,clarify,745,161,assistant,0.058823529411764705,GPT,GPT,GPT,Bicycle
0.015808800612270347,0.9878818465632595,0.0,2.0131812692794533,0.0039453103672834125,0.001571199774892238,0.010197506841155037,none,clarify,753,161,user,0.11764705882352941,GPT,GPT,GPT,Bicycle
1.0612247609154495,1.3834341511317676,0.020273702238145248,2.3903140200904387,0.5099924677558096,0.1742464257577377,1.0701721384555212,none,open_what_if,754,161,assistant,0.17647058823529413,GPT,GPT,GPT,Bicycle
0.0023906572041462225,0.17021905131349854,0.11184329922156801,1.6468452476233881,0.48963719401569095,0.042603900434236015,0.1585971418181336,none,none,785,161,user,0.23529411764705882,GPT,GPT,GPT,Bicycle
1.8099484152776046,1.4561719556815238,0.0,1.6154325899308832,0.04483672587821031,0.25386789662637327,0.7806213632890255,none,open_what_if,786,161,assistant,0.29411764705882354,GPT,GPT,GPT,Bicycle
0.9200192840558333,0.08804558117834606,0.025163241222740773,1.8527487983511304,0.24068133500439953,0.052435070954175676,0.36830731276376283,none,none,787,161,user,0.35294117647058826,GPT,GPT,GPT,Bicycle
0.6471152461693419,1.8467545847189029,0.05336923087261846,2.2972740752640886,0.3619948397724175,0.04922535217258441,0.8114526036518354,none,open_what_if,788,161,assistant,0.4117647058823529,GPT,GPT,GPT,Bicycle
0.22430292672416843,0.6194500964865569,0.23344518315950522,2.0280117287146457,0.12555638016487608,0.2746381643960282,0.5782536610169463,none,none,799,161,user,0.47058823529411764,GPT,GPT,GPT,Bicycle
1.5000911136373232,1.4515440467021052,0.3998396950064741,2.047236180193204,0.6170425736062417,0.25462426005717287,1.2968531354111863,none,open_what_if,800,161,assistant,0.5294117647058824,GPT,GPT,GPT,Bicycle
0.523137652405209,1.1454741563999273,0.04388461881531262,2.269483576274728,0.24096711865264,0.0,2.1298052659813136,none,none,821,161,user,0.5882352941176471,GPT,GPT,GPT,Bicycle
1.273649128833447,1.6906979663805297,0.007960249654013221,2.279947688999415,0.28915985626993196,0.1815132669230438,1.2640715340560098,none,open_what_if,822,161,assistant,0.6470588235294118,GPT,GPT,GPT,Bicycle
0.13546703849718378,1.2507714812968709,0.06162786004650235,2.5189580978183406,0.42978163588291896,0.0321329380781273,1.4333036353048403,none,none,845,161,user,0.7058823529411765,GPT,GPT,GPT,Bicycle
0.8097861619228135,1.8421486981922772,0.2012874465866203,2.048554760399926,0.2596112208911303,0.34751636274846415,0.9840429009439661,none,open_what_if,846,161,assistant,0.7647058823529411,GPT,GPT,GPT,Bicycle
0.0,0.34212697560224015,0.16778310710294883,2.0249126487567293,0.5668387744235321,0.01789611170089369,0.8573313889379544,none,none,860,161,user,0.8235294117647058,GPT,GPT,GPT,Bicycle
0.9157510247676158,1.7678216700986307,0.05311202665929524,2.085224106155873,0.5029163818414769,0.11014048400334091,1.2319601090769547,none,open_what_if,862,161,assistant,0.8823529411764706,GPT,GPT,GPT,Bicycle
0.15729443449427857,0.6608557715304351,0.11687814517488097,2.156946463038956,0.41522273091630013,0.24566418751694238,0.4050498462513668,none,none,880,161,user,0.9411764705882353,GPT,GPT,GPT,Bicycle
1.3530380853426967,1.5409474181812246,0.024853866979618337,2.1533313974361423,0.3478745846336681,0.7578157141537554,0.6801624061304603,none,open_what_if,883,161,assistant,1.0,GPT,GPT,GPT,Bicycle
0.01264105741708566,0.00482232955218618,0.0010127110821249242,1.022429168313831,0.001494180507970417,0.0,0.01304334431689544,none,none,747,162,user,0.0,GPT,GPT,GPT,Bicycle
0.0,0.010089302446681409,0.0,1.0033228817489568,0.0,0.0,0.0,none,clarify,748,162,assistant,0.07692307692307693,GPT,GPT,GPT,Bicycle
0.015808800612270347,0.9878818465632595,0.0,2.0131812692794533,0.0039453103672834125,0.001571199774892238,0.010197506841155037,none,clarify,756,162,user,0.15384615384615385,GPT,GPT,GPT,Bicycle
1.6229215810644118,1.3661394944310432,0.028854188955723926,2.008220679061757,0.08605290442829547,0.13117295251205977,0.5866603306385383,none,open_what_if,759,162,assistant,0.23076923076923078,GPT,GPT,GPT,Bicycle
0.45517613418853337,0.09681864555235331,0.9164138428005044,1.8350780986088246,0.020977787584423885,0.05466611966867068,0.9120053759019026,none,none,774,162,user,0.3076923076923077,GPT,GPT,GPT,Bicycle
1.5769893941760826,1.874743345113599,0.015663958298903047,1.9330423113467694,0.09436346973994159,0.2581437811878724,1.7522427379878753,none,open_what_if,775,162,assistant,0.38461538461538464,GPT,GPT,GPT,Bicycle
0.0711849500781295,0.9215123942864928,0.0,1.942275211460979,0.021569244636019627,0.0,0.9191893753446894,none,none,780,162,user,0.46153846153846156,GPT,GPT,GPT,Bicycle
1.3170996707432783,1.870587716687891,0.29852505987973726,2.3283006739467593,0.4449398644956517,0.41452159709747827,1.834410707503671,none,open_what_if,782,162,assistant,0.5384615384615384,GPT,GPT,GPT,Bicycle
0.6761845782821786,1.3559083369455993,0.4566240826988549,2.4443899544706493,0.3579726673172698,0.02623669090984123,1.834474962014809,none,none,803,162,user,0.6153846153846154,GPT,GPT,GPT,Bicycle
1.2291325425699369,1.7132442831122983,0.12720363130886322,2.2153761911434433,0.02955548373792356,0.20297727552702446,1.5695802132436965,none,open_what_if,804,162,assistant,0.6923076923076923,GPT,GPT,GPT,Bicycle
0.9669869956423255,0.8507621500138648,0.07626701566912975,2.002910228508701,0.05228471671587207,0.022304459225078125,1.9524536202116671,none,none,863,162,user,0.7692307692307693,GPT,GPT,GPT,Bicycle
1.196568546227572,1.5524397972653738,0.09940284735788797,2.0622108291462626,0.10902678391802972,0.24790362535640384,1.544953704407455,none,open_what_if,864,162,assistant,0.8461538461538461,GPT,GPT,GPT,Bicycle
0.6726990526717608,0.09906163082663375,0.056344413166899796,1.9389488665270946,0.3356234289396744,0.17093108244426103,0.671296128673389,none,none,871,162,user,0.9230769230769231,GPT,GPT,GPT,Bicycle
1.4995702678621818,1.7316678989334933,0.006822964743645153,2.064884686729065,0.2621760110316587,0.5230893876654408,1.6845147428526055,none,open_what_if,873,162,assistant,1.0,GPT,GPT,GPT,Bicycle
0.01264105741708566,0.00482232955218618,0.0010127110821249242,1.022429168313831,0.001494180507970417,0.0,0.01304334431689544,none,none,751,164,user,0.0,GPT,GPT,GPT,Bicycle
0.0,0.010089302446681409,0.0,1.0033228817489568,0.0,0.0,0.0,none,clarify,752,164,assistant,0.1111111111111111,GPT,GPT,GPT,Bicycle
0.015808800612270347,0.9878818465632595,0.0,2.0131812692794533,0.0039453103672834125,0.001571199774892238,0.010197506841155037,none,clarify,758,164,user,0.2222222222222222,GPT,GPT,GPT,Bicycle
0.9929489839695521,0.6063545591351919,0.006186738989928028,1.7815818594768915,0.22967209633408503,0.09729276820501372,0.28755163835587316,none,clarify,760,164,assistant,0.3333333333333333,GPT,GPT,GPT,Bicycle
0.16064564899728398,0.7286615015521428,0.3331007021312646,2.0444056664091224,0.288649742260203,0.0,1.0634003688725342,none,none,815,164,user,0.4444444444444444,GPT,GPT,GPT,Bicycle
0.9911818082908415,1.7005326477540612,0.2381630287811206,2.0581167786992127,0.02582966428255447,0.060776211620008194,1.57384807380062,none,open_what_if,816,164,assistant,0.5555555555555556,GPT,GPT,GPT,Bicycle
0.21741185725011583,0.5333901439067322,0.14043109652762042,2.2278190946534715,0.3397210789358017,0.07584649920091711,1.5307298325412613,none,none,839,164,user,0.6666666666666666,GPT,GPT,GPT,Bicycle
0.488055272999629,2.1375020679825383,0.002411887452787871,2.2786303290028367,0.2029314044735236,0.14638601391502462,1.455160886596974,none,open_what_if,840,164,assistant,0.7777777777777778,GPT,GPT,GPT,Bicycle
0.37841006411856076,0.5704775806285262,0.023581453539442337,2.172071513809878,0.18067892311093656,0.018099872974841537,1.2705953937815995,none,clarify,875,164,user,0.8888888888888888,GPT,GPT,GPT,Bicycle
0.8618305440396352,1.6517751477275844,0.03013492871946688,2.241219987806464,0.19739031880093486,0.4318612076869516,1.3216408948264846,none,open_what_if,878,164,assistant,1.0,GPT,GPT,GPT,Bicycle
0.01264105741708566,0.004634286728304182,0.0010127110821249242,1.022429168313831,0.0005745043820882738,0.0,0.01304334431689544,none,none,889,166,user,0.0,Convergent,Persona,Convergent,Library
0.0,0.009901259622799415,0.0,1.000250467143594,0.0,0.0,0.0,none,clarify,895,166,assistant,0.1111111111111111,Convergent,Persona,Convergent,Library
0.017391577180013443,0.9863028210899807,0.0,1.9883534953283946,0.0,0.0,0.0,none,clarify,915,166,user,0.2222222222222222,Convergent,Persona,Convergent,Library
0.4622264246401053,0.943475436397954,0.011196378609252275,2.0858827964273883,0.12072261843754928,0.20101173322697852,0.7913723588233881,none,open_what_if,918,166,assistant,0.3333333333333333,Convergent,Persona,Convergent,Library
0.23055820589198842,0.9384583653831357,0.0,2.215901167801602,0.050508387850380726,0.11745491373794875,0.6199286360964793,none,clarify,967,166,user,0.4444444444444444,Convergent,Persona,Convergent,Library
1.0466144076202855,2.058776415400594,0.06678283960100583,2.0023994136575105,0.0,0.19487395436267657,1.0327300611047645,none,open_what_if,968,166,assistant,0.5555555555555556,Convergent,Persona,Convergent,Library
0.6395679485379372,0.7195139765495805,0.2748074636768164,2.364798421165861,0.40986563298084533,0.06748641681416476,0.8406456848215361,neutral,none,999,166,user,0.6666666666666666,Convergent,Persona,Convergent,Library
0.5932307187684688,1.4766680614464136,0.3702560579491263,1.9398094753631132,0.5574933299674061,0.1713130858699899,1.1555491600605388,none,open_what_if,1001,166,assistant,0.7777777777777778,Convergent,Persona,Convergent,Library
0.9460596500037972,0.9823473139760653,0.0,2.018132846435694,0.0638026940804796,0.032094833445121505,1.9359272506882406,none,none,1056,166,user,0.8888888888888888,Convergent,Persona,Convergent,Library
0.9385988470931712,1.867638391825395,0.0,2.191898770728572,0.22589034120050758,0.007677427279909346,1.7244617222872736,none,open_what_if,1057,166,assistant,1.0,Convergent,Persona,Convergent,Library
0.01264105741708566,0.004634286728304182,0.0010127110821249242,1.022429168313831,0.0005745043820882738,0.0,0.01304334431689544,none,none,890,167,user,0.0,Convergent,Persona,Convergent,Library
0.0,0.009901259622799415,0.0,1.000250467143594,0.0,0.0,0.0,none,clarify,893,167,assistant,0.07692307692307693,Convergent,Persona,Convergent,Library
0.017391577180013443,0.9863028210899807,0.0,1.9883534953283946,0.0,0.0,0.0,none,clarify,913,167,user,0.15384615384615385,Convergent,Persona,Convergent,Library
0.45057269680636736,2.2043490235645193,0.018657905901834027,2.0521322288245547,0.0,0.03240948018785618,0.13110056039620438,none,criteria_setting,917,167,assistant,0.23076923076923078,Convergent,Persona,Convergent,Library
0.3824826194060617,1.209107346927669,0.0,1.9907845459289566,0.30956742780823604,0.07634598532066428,1.6876899812516057,none,none,941,167,user,0.3076923076923077,Convergent,Persona,Convergent,Library
0.7984604704080132,1.6994157617044283,0.014356398005068383,2.2689416873792627,0.0,0.5738535801308878,1.159276797589522,none,open_what_if,942,167,assistant,0.38461538461538464,Convergent,Persona,Convergent,Library
0.6451785383974165,0.9084998085703164,0.3093203669374091,1.9291194714468343,0.47497505316121963,0.1428324034850587,1.2316144611004323,none,none,977,167,user,0.46153846153846156,Convergent,Persona,Convergent,Library
0.5477779543901378,1.9461988065530387,0.2757261640122306,2.343006591285574,0.07972859309947357,0.07315208767521122,1.267316463048864,none,criteria_setting,978,167,assistant,0.5384615384615384,Convergent,Persona,Convergent,Library
0.8037066263933452,0.7274242803093914,0.0,2.016175540417927,0.1035713169829933,0.09350254453599452,1.2292968308644299,none,none,1000,167,user,0.6153846153846154,Convergent,Persona,Convergent,Library
1.2078322404482529,1.4763166724291443,0.1787280959192415,2.0737380326243287,0.031546376765303065,0.2955068870409398,1.2568274767804484,none,open_what_if,1003,167,assistant,0.6923076923076923,Convergent,Persona,Convergent,Library
0.49688638605705426,0.7234830515439032,0.00034139553246211653,2.041451102614664,0.43681520220675046,0.09260354420572742,1.557795795837132,none,none,1032,167,user,0.7692307692307693,Convergent,Persona,Convergent,Library
0.7635719810985473,2.0126329632196693,0.006704399290163144,2.147402157168854,0.2227275567937479,0.001568866931276636,1.406945665282619,none,open_what_if,1034,167,assistant,0.8461538461538461,Convergent,Persona,Convergent,Library
0.9966065680806422,0.7307854716461399,0.011394907735750479,2.1083897210279203,0.2905778597474904,0.04086993244623547,1.5832795584092312,none,none,1045,167,user,0.9230769230769231,Convergent,Persona,Convergent,Library
1.0186021999664978,1.8874705845143847,0.0,2.193437705952975,0.056537937580663306,0.007883173850287693,1.3439442002926185,none,open_what_if,1046,167,assistant,1.0,Convergent,Persona,Convergent,Library
0.01264105741708566,0.004634286728304182,0.0010127110821249242,1.022429168313831,0.0005745043820882738,0.0,0.01304334431689544,none,none,891,168,user,0.0,Convergent,Persona,Convergent,Library
0.0,0.009901259622799415,0.0,1.000250467143594,0.0,0.0,0.0,none,clarify,892,168,assistant,0.09090909090909091,Convergent,Persona,Convergent,Library
0.017391577180013443,0.9863028210899807,0.0,1.9883534953283946,0.0,0.0,0.0,none,clarify,912,168,user,0.18181818181818182,Convergent,Persona,Convergent,Library
0.45364418497391923,1.1500655764117789,0.0015089910455597635,2.0171013185242557,0.0,0.09132594343328732,0.5227304601783398,none,criteria_setting,916,168,assistant,0.2727272727272727,Convergent,Persona,Convergent,Library
0.8087865590461909,0.7221351451199651,0.4257584664420515,2.1027859754649327,0.6149757028387708,0.10423883642127788,1.2786903662740676,none,none,957,168,user,0.36363636363636365,Convergent,Persona,Convergent,Library
0.6387294154361205,1.9995210079632675,0.01888967113356748,2.2751072754564294,0.017337721900410163,0.09977223559098022,1.34572062466263,none,open_what_if,958,168,assistant,0.45454545454545453,Convergent,Persona,Convergent,Library
0.9037794269694445,1.0116200205330124,0.045067647243624366,2.083133804142606,0.7147280545669475,0.046143297529485185,1.6903396846325995,none,none,993,168,user,0.5454545454545454,Convergent,Persona,Convergent,Library
1.0430340421499753,1.9347396795320702,0.5811407697794608,2.212585077888428,0.09033632382733209,0.27193928581683635,1.3961409507312814,constructive,open_what_if,994,168,assistant,0.6363636363636364,Convergent,Persona,Convergent,Library
0.678415812316611,0.6470068516866355,0.08159921918257439,2.3179114611812284,0.6521863744971047,0.03161917355869794,1.8250589441612286,none,none,1027,168,user,0.7272727272727273,Convergent,Persona,Convergent,Library
1.1452191332209365,1.5621433871043893,0.6025883384335718,1.9548710835087297,0.10431749883765101,0.23517838534613303,1.6671088836365635,constructive,open_what_if,1028,168,assistant,0.8181818181818182,Convergent,Persona,Convergent,Library
0.8605396517769821,0.40231892941993547,0.5420048429771598,2.0514393440954004,0.2634894992993806,0.07586675693922432,1.0900642145462478,none,none,1055,168,user,0.9090909090909091,Convergent,Persona,Convergent,Library
1.153736234575836,1.485155640972719,0.22955321601782494,1.8454342121299316,0.07296535064908749,0.6479138334304092,1.7323368891866904,none,open_what_if,1058,168,assistant,1.0,Convergent,Persona,Convergent,Library
0.01264105741708566,0.004634286728304182,0.0010127110821249242,1.022429168313831,0.0005745043820882738,0.0,0.01304334431689544,none,none,894,169,user,0.0,Convergent,Persona,Convergent,Library
0.0,0.009901259622799415,0.0,1.000250467143594,0.0,0.0,0.0,none,clarify,898,169,assistant,0.07692307692307693,Convergent,Persona,Convergent,Library
0.017391577180013443,0.9863028210899807,0.0,1.9883534953283946,0.0,0.0,0.0,none,clarify,927,169,user,0.15384615384615385,Convergent,Persona,Convergent,Library
0.2742001881474741,0.7748716143155577,0.0,2.002508606079839,0.03722926663911742,0.02347063333026741,0.4620081352447812,none,open_what_if,928,169,assistant,0.23076923076923078,Convergent,Persona,Convergent,Library
0.7229530946108992,0.8362774014770904,0.06221123790201731,2.2932599676734604,0.22634695982418082,0.0,1.763751817033383,none,none,943,169,user,0.3076923076923077,Convergent,Persona,Convergent,Library
1.315819308375026,1.6580155729781092,0.6392024078921701,2.3240945009507503,0.376766395551531,0.15201133283278165,1.7313606327907858,constructive,open_what_if,944,169,assistant,0.38461538461538464,Convergent,Persona,Convergent,Library
0.5402375684117232,0.9351725883104967,0.30425667354460567,2.0968057241804257,0.10810208794719782,0.08920772256687216,1.690692065453095,neutral,none,965,169,user,0.46153846153846156,Convergent,Persona,Convergent,Library
1.163044141386924,1.7652072944721156,0.005794222379851008,2.029316872860955,0.3532394917085686,0.04960839616789605,1.5975727230543602,none,open_what_if,966,169,assistant,0.5384615384615384,Convergent,Persona,Convergent,Library
0.6336367707823372,1.0975010464727697,0.34851840243269017,2.0062082229501708,0.19991487943093064,0.1004984113002504,1.1691375015674415,neutral,none,996,169,user,0.6153846153846154,Convergent,Persona,Convergent,Library
1.0765472241442096,1.9886006898262332,0.00766932254952536,2.018263222622071,0.9385899557080506,0.004964782898225091,1.1353680585026602,none,open_what_if,998,169,assistant,0.6923076923076923,Convergent,Persona,Convergent,Library
0.6869208192639326,1.1053405830917145,0.09150365948206812,2.176625342833443,0.4361980736025003,0.03272711300719301,2.0136295155322053,none,none,1021,169,user,0.7692307692307693,Convergent,Persona,Convergent,Library
1.209712627044509,1.4244714833605232,0.0,2.306039911553111,0.14041717792836766,0.43899942181164026,1.348777118399068,none,open_what_if,1025,169,assistant,0.8461538461538461,Convergent,Persona,Convergent,Library
0.42781974317425026,0.9662743721281295,0.1308169394013574,1.999312925674828,0.07146776353145327,0.049299868311614106,1.4233331990847313,none,none,1051,169,user,0.9230769230769231,Convergent,Persona,Convergent,Library
1.3075832000176522,1.6586739198111005,0.27489667270755186,2.115135763799979,0.03915417770799004,0.035285079137426574,1.593284435962818,none,open_what_if,1053,169,assistant,1.0,Convergent,Persona,Convergent,Library
0.01264105741708566,0.004634286728304182,0.0010127110821249242,1.022429168313831,0.0005745043820882738,0.0,0.01304334431689544,none,none,896,170,user,0.0,Convergent,Persona,Convergent,Library
0.0,0.009901259622799415,0.0,1.000250467143594,0.0,0.0,0.0,none,clarify,899,170,assistant,0.06666666666666667,Convergent,Persona,Convergent,Library
0.017391577180013443,0.9863028210899807,0.0,1.9883534953283946,0.0,0.0,0.0,none,clarify,924,170,user,0.13333333333333333,Convergent,Persona,Convergent,Library
0.8504845594833758,1.7830324967084288,0.008965362632812399,2.0267021781936436,0.0,0.0596338802507129,1.0654501280955753,none,open_what_if,926,170,assistant,0.2,Convergent,Persona,Convergent,Library
0.8570100059845466,1.4389031769088683,0.0,2.15820841077579,0.1776282943505545,0.040170155992192105,1.0570404796543629,none,none,947,170,user,0.26666666666666666,Convergent,Persona,Convergent,Library
1.09306848663374,1.5789768683663294,0.0,1.9877463142568959,0.1018770411226155,0.30657319815451894,1.7572443883712583,none,open_what_if,948,170,assistant,0.3333333333333333,Convergent,Persona,Convergent,Library
0.01264105741708566,0.004634286728304182,0.0010127110821249242,1.022429168313831,0.0005745043820882738,0.0,0.03926112579921033,none,none,984,170,user,0.4,Convergent,Persona,Convergent,Library
0.8224461119034062,1.6985421138791914,0.4882628359372332,1.9535342798793722,0.1770763093465415,0.6052696636600517,1.0753454707570294,none,open_what_if,986,170,assistant,0.4666666666666667,Convergent,Persona,Convergent,Library
1.9063424025096258,0.9508315798164199,0.012347697559875553,2.040674923023832,0.04261241389114789,0.9672179490464471,1.9448229595619932,none,none,1017,170,user,0.5333333333333333,Convergent,Persona,Convergent,Library
0.4863260616247965,2.0026841457060693,0.008302373128496725,1.8853280257074514,0.06124102929109587,0.32040739258454487,0.9827905892541287,none,open_what_if,1018,170,assistant,0.6,Convergent,Persona,Convergent,Library
0.12944715312371796,0.24943672183642762,0.0,2.0169887671764104,0.07779579445538205,0.005015802229733914,0.24254041536317658,none,none,1029,170,user,0.6666666666666666,Convergent,Persona,Convergent,Library
1.0647098961635524,1.829258189568305,0.0,2.0461436186244457,0.14345876269348562,0.19473833160370213,1.8324032206658643,none,open_what_if,1031,170,assistant,0.7333333333333333,Convergent,Persona,Convergent,Library
1.151575143078582,0.28001706962036416,0.006709678648612568,1.2032078676885014,0.3297316381694235,0.12829521271509386,0.5666799899145947,none,none,1037,170,user,0.8,Convergent,Persona,Convergent,Library
1.250305703059891,2.0463769746120763,0.010723860527260098,2.149441113022221,0.2657017687015473,0.367814452176887,1.2966939821213495,none,open_what_if,1038,170,assistant,0.8666666666666667,Convergent,Persona,Convergent,Library
0.5304576897079516,0.8693721329931169,0.11012927824420506,2.0441656074991346,0.3762569176169843,0.45457536829617373,1.4769972678539045,none,none,1048,170,user,0.9333333333333333,Convergent,Persona,Convergent,Library
0.9010418020920337,1.9481322702276236,0.0034368866309766907,2.1891636489490742,0.3735914297307008,0.1356848420657169,1.4450483568613934,none,open_what_if,1050,170,assistant,1.0,Convergent,Persona,Convergent,Library
0.01264105741708566,0.004634286728304182,0.0010127110821249242,1.022429168313831,0.0005745043820882738,0.0,0.01304334431689544,none,none,897,171,user,0.0,Convergent,Persona,Convergent,Library
0.0,0.009901259622799415,0.0,1.000250467143594,0.0,0.0,0.0,none,clarify,900,171,assistant,0.04,Convergent,Persona,Convergent,Library
0.42415150178558714,0.5830910119712913,0.012179242631437028,1.2378787626052472,0.21377011754264322,0.031650098924300034,0.17947234665136394,none,clarify,923,171,user,0.08,Convergent,Persona,Convergent,Library
0.4177328224247145,1.0423344659568599,0.0,2.169023700346127,0.0,0.03162529093468068,0.02512508870162003,none,criteria_setting,925,171,assistant,0.12,Convergent,Persona,Convergent,Library
0.15869267226970094,0.5481129674776654,0.007238944224289456,1.939734540242606,0.0,0.004316242614781828,0.12014289469966985,none,clarify,929,171,user,0.16,Convergent,Persona,Convergent,Library
0.591546840339266,1.2381251319739375,0.1189808731186643,2.3743412716737544,0.0,0.18040813443247056,0.7220109288490844,none,open_what_if,930,171,assistant,0.2,Convergent,Persona,Convergent,Library
0.3740943005272729,1.0920433831336904,0.013506693465486198,2.5558729069828976,0.0,0.24274920241364709,1.0396961590010685,none,clarify,935,171,user,0.24,Convergent,Persona,Convergent,Library
0.8243852557539334,1.843979392368687,0.4693338258412427,1.9775898350550105,0.0,0.18065526698281176,1.2973048802166385,constructive,open_what_if,936,171,assistant,0.28,Convergent,Persona,Convergent,Library
0.771643943607757,1.1488821313271373,0.0089734203369871,2.176359342919112,0.38210070135304125,0.6373771674245836,1.4794587294237547,none,criteria_setting,953,171,user,0.32,Convergent,Persona,Convergent,Library
1.2270582109696495,1.146126182505488,0.6804385845653494,2.117273339302506,0.16682904605229576,0.020026285426286365,1.3499821964919623,none,open_what_if,954,171,assistant,0.36,Convergent,Persona,Convergent,Library
1.077682016791884,0.2726665638842743,0.0,1.892703543189473,0.07523077487666942,0.285603208348962,0.5431420731317231,none,none,961,171,user,0.4,Convergent,Persona,Convergent,Library
1.136208523415212,1.7546475206677665,0.31637017759179614,2.218504951032846,0.18075257462369196,0.4366652243728012,1.4700241303827735,none,open_what_if,962,171,assistant,0.44,Convergent,Persona,Convergent,Library
0.007813011238515919,0.04013769860244091,0.002378490821049204,1.0790533879170594,0.031086063316924213,0.0,0.01240025890522789,none,clarify,975,171,user,0.48,Convergent,Persona,Convergent,Library
0.5953695895325137,0.6738639597900931,0.0089734203369871,2.220194287663907,0.08120243952460328,0.25242195446665355,1.4108300589184934,none,open_what_if,976,171,assistant,0.52,Convergent,Persona,Convergent,Library
0.12016602355461191,0.43377184378348893,0.037675652443448164,1.5773458728044238,0.34293905609456926,0.0,1.0136242530415172,none,clarify,987,171,user,0.56,Convergent,Persona,Convergent,Library
0.8939885392682246,1.656722839301189,0.00714368970778513,2.0490870250462305,0.20182750686395065,0.2661175375629506,1.3922081385835559,none,open_what_if,988,171,assistant,0.6,Convergent,Persona,Convergent,Library
0.12944715312371796,0.24943672183642762,0.0,2.0169887671764104,0.06043774405277173,0.005015802229733914,0.24254041536317658,none,none,991,171,user,0.64,Convergent,Persona,Convergent,Library
0.9495446908207608,1.5099809450030737,0.5243327780617955,2.1220291791405548,0.2558482228110721,0.3313188657855876,1.4601536757095335,constructive,open_what_if,992,171,assistant,0.68,Convergent,Persona,Convergent,Library
0.3958722018882191,1.0355127678457348,0.014506838478758728,2.0881666754405037,0.10530510671364121,0.1708589763247664,1.7617526870443359,none,none,1009,171,user,0.72,Convergent,Persona,Convergent,Library
0.42555333421735764,2.0590267556645374,0.0,2.007656965696272,0.11577097366134406,0.15286511319177612,0.9723379577699717,none,open_what_if,1010,171,assistant,0.76,Convergent,Persona,Convergent,Library
0.08265118488729509,0.08366550070968078,0.07469199556921283,1.457203982300068,0.06921974751994249,0.028306439805200413,0.14450509439598178,none,none,1011,171,user,0.8,Convergent,Persona,Convergent,Library
1.1060296990171918,1.8625763204302224,0.00714368970778513,2.1184605048675658,0.12759182167689687,0.23802370244872526,1.4840139480814813,none,open_what_if,1012,171,assistant,0.84,Convergent,Persona,Convergent,Library
0.12944715312371796,0.24943672183642762,0.0,2.0169887671764104,0.18924642850593393,0.005015802229733914,0.24254041536317658,none,none,1015,171,user,0.88,Convergent,Persona,Convergent,Library
1.3458533508230186,1.6892816206991697,0.07936951722797306,2.0409058627456136,0.2688157299061149,0.004030520093501655,1.3787996122503985,none,open_what_if,1016,171,assistant,0.92,Convergent,Persona,Convergent,Library
0.0,0.2485798978098214,0.00026948956362060384,1.4170357823449906,0.2974700743515894,0.10928338366333301,0.21114338784882375,none,none,1019,171,user,0.96,Convergent,Persona,Convergent,Library
0.7713788614234827,1.9676839014477914,0.016336569107960705,2.4125536206120883,0.16253277492960458,0.1590144732223619,1.4321016600621377,none,open_what_if,1022,171,assistant,1.0,Convergent,Persona,Convergent,Library
0.01264105741708566,0.004634286728304182,0.0010127110821249242,1.022429168313831,0.0005745043820882738,0.0,0.01304334431689544,none,none,901,172,user,0.0,Convergent,Persona,Convergent,Library
0.0,0.009901259622799415,0.0,1.000250467143594,0.0,0.0,0.0,none,clarify,902,172,assistant,0.058823529411764705,Convergent,Persona,Convergent,Library
0.017391577180013443,0.9863028210899807,0.0,1.9883534953283946,0.0,0.0,0.0,none,clarify,911,172,user,0.11764705882352941,Convergent,Persona,Convergent,Library
0.7656786326811451,2.266778925104906,0.0,2.306179900441822,0.18841449495130932,0.07801697714884,0.62949968363972,none,open_what_if,914,172,assistant,0.17647058823529413,Convergent,Persona,Convergent,Library
0.5050653834205986,0.4069927093549054,0.2752982445947316,1.8642713934391495,0.0588037278442555,0.04629086163112531,1.08536787062711,none,none,931,172,user,0.23529411764705882,Convergent,Persona,Convergent,Library
0.8186855878400577,1.9258059354414407,0.005640978826820925,2.0247378429303153,0.0,0.0,0.0929189752355148,none,criteria_setting,932,172,assistant,0.29411764705882354,Convergent,Persona,Convergent,Library
0.6089821190734339,1.0226337489675958,0.17577783132711436,1.771080920496523,0.26108819705612996,0.06974872688678066,1.3202741828134337,none,none,951,172,user,0.35294117647058826,Convergent,Persona,Convergent,Library
0.9437391385485544,1.8923897163267924,0.01359899993159471,2.0088348384604506,0.038292920041128525,0.020159911718058216,1.0397962690459357,none,open_what_if,952,172,assistant,0.4117647058823529,Convergent,Persona,Convergent,Library
0.7446073487469129,0.8411929848660703,0.5039475699568403,1.8735085143249404,0.14647488647367646,0.14578321775706418,1.463143112740387,none,none,969,172,user,0.47058823529411764,Convergent,Persona,Convergent,Library
0.8001093833052556,1.5573402112375136,0.006385979149412406,2.060422717688526,0.5729562447793669,0.051585577550592406,1.332888438396059,none,open_what_if,972,172,assistant,0.5294117647058824,Convergent,Persona,Convergent,Library
0.3308286570300113,0.8715343509118457,0.13930169647068966,2.1324350765533695,0.13506572008794748,0.02839324204590798,1.2804359023653997,none,none,981,172,user,0.5882352941176471,Convergent,Persona,Convergent,Library
1.1086717522146528,1.7712655812610922,0.059968720319244766,2.0934211103358584,0.36940480632353967,0.0,1.4020050078701856,none,open_what_if,982,172,assistant,0.6470588235294118,Convergent,Persona,Convergent,Library
0.3371122634882848,0.3860522083738025,0.00433288094593846,2.012067115555966,0.24572070971817217,0.18739971795594476,0.6841870153011865,none,none,1005,172,user,0.7058823529411765,Convergent,Persona,Convergent,Library
0.7308400837427262,1.9051842291554235,0.005290237957968933,2.2223155846449436,0.36249069792500804,0.15195015100838968,1.177763305899873,none,open_what_if,1006,172,assistant,0.7647058823529411,Convergent,Persona,Convergent,Library
0.33246792359955835,0.25405060193566575,0.05987632357974591,2.0242989495606625,0.4557610515854226,0.002277564480184776,0.5096717647367655,none,none,1020,172,user,0.8235294117647058,Convergent,Persona,Convergent,Library
1.0082557848414564,2.0907846981482954,0.0033387216747617302,2.017772518687884,0.3764724129351537,0.24180929965960699,1.457752997924025,none,open_what_if,1023,172,assistant,0.8823529411764706,Convergent,Persona,Convergent,Library
0.6255712588915789,0.28696434178250146,0.1032011313266925,1.8999027574298042,0.058575719328857904,0.12606663491195583,0.5583196495861195,none,none,1043,172,user,0.9411764705882353,Convergent,Persona,Convergent,Library
1.1301605670632688,1.591198007619454,0.01516809694398495,2.147251967166142,0.3613642548149293,0.3655078215908004,0.8830143819233482,none,open_what_if,1044,172,assistant,1.0,Convergent,Persona,Convergent,Library
0.01264105741708566,0.004634286728304182,0.0010127110821249242,1.022429168313831,0.0005745043820882738,0.0,0.01304334431689544,none,none,907,175,user,0.0,Convergent,Persona,Convergent,Library
0.0,0.009901259622799415,0.0,1.000250467143594,0.0,0.0,0.0,none,clarify,908,175,assistant,0.058823529411764705,Convergent,Persona,Convergent,Library
0.017391577180013443,0.9863028210899807,0.0,1.9883534953283946,0.0,0.0,0.0,none,clarify,919,175,user,0.11764705882352941,Convergent,Persona,Convergent,Library
1.1095549549359918,2.2965286086613017,0.0,2.375749874819077,0.05218524394849066,0.1401732526521094,1.1452531123359495,none,open_what_if,921,175,assistant,0.17647058823529413,Convergent,Persona,Convergent,Library
1.1615614151269782,0.8857197492834274,0.12031148098262534,2.242819650884208,0.20088456264833254,0.5454981682715978,1.5867784737125914,none,none,939,175,user,0.23529411764705882,Convergent,Persona,Convergent,Library
1.354793501340516,1.862094140219171,0.16451332410908556,2.097623815749526,0.1857221061973921,0.6233448403605759,1.5894048712954503,none,open_what_if,940,175,assistant,0.29411764705882354,Convergent,Persona,Convergent,Library
0.4243727281307181,0.6781238865554692,0.42547213872627215,2.2178556204029163,0.4187970167649213,0.023324606415398238,1.6225158437801839,none,none,955,175,user,0.35294117647058826,Convergent,Persona,Convergent,Library
0.6882793006680522,1.6444837790160773,0.43971463976952563,2.0148477978949355,0.15323151676606156,0.3448904909376542,1.0496298574042973,none,open_what_if,956,175,assistant,0.4117647058823529,Convergent,Persona,Convergent,Library
0.6889895715526472,0.7203012392512335,0.0,2.246204880736156,0.4073620639633139,0.056887112635483045,1.6544328114938607,none,none,970,175,user,0.47058823529411764,Convergent,Persona,Convergent,Library
1.3437251077336467,2.039629123860094,0.35796570178414977,2.455978239647153,0.30178581181116154,0.24005236329117585,1.5151392608886949,none,open_what_if,971,175,assistant,0.5294117647058824,Convergent,Persona,Convergent,Library
0.6832882939651074,0.9468364478822643,0.0,1.9820417619913824,0.6208573572934076,0.0,1.624337980309859,none,none,979,175,user,0.5882352941176471,Convergent,Persona,Convergent,Library
1.0437240070400533,1.4600576473267546,0.0,1.9086486789485329,0.4527922096879478,0.5187697809037598,1.7729581196801643,none,open_what_if,980,175,assistant,0.6470588235294118,Convergent,Persona,Convergent,Library
0.49688158656103704,0.8274322490331655,0.323139946253321,1.9829538677992262,0.05362272467771346,0.02179370348208721,1.136863244903671,none,none,995,175,user,0.7058823529411765,Convergent,Persona,Convergent,Library
0.9132968976368061,1.8428642806381998,0.0,2.1449938803433857,0.49365576523187765,0.29695436271194037,1.4848965651272097,none,open_what_if,997,175,assistant,0.7647058823529411,Convergent,Persona,Convergent,Library
0.10700521363538143,0.662353195196643,0.039503136495615765,2.166270600037018,0.47964650130580844,0.19531957932883445,0.7228884434738432,none,none,1024,175,user,0.8235294117647058,Convergent,Persona,Convergent,Library
0.5767373118016142,1.8770752742366978,0.11524333247295312,2.0267643298449696,0.27552401157278034,0.2000754520390789,1.4483340641726938,none,open_what_if,1026,175,assistant,0.8823529411764706,Convergent,Persona,Convergent,Library
0.3919107703367188,0.15273249135433423,0.0,2.030889302449013,0.272441655869682,0.11070608586013261,1.4781444081560373,none,none,1039,175,user,0.9411764705882353,Convergent,Persona,Convergent,Library
0.9273635333641619,1.3679241662855446,0.0,2.1043864257914966,0.3014119590744452,0.1304649997184401,1.7991541937726319,none,open_what_if,1040,175,assistant,1.0,Convergent,Persona,Convergent,Library
0.01264105741708566,0.004634286728304182,0.0010127110821249242,1.022429168313831,0.0005745043820882738,0.0,0.01304334431689544,none,none,909,176,user,0.0,Convergent,Persona,Convergent,Library
0.0,0.009901259622799415,0.0,1.000250467143594,0.0,0.0,0.0,none,clarify,910,176,assistant,0.07692307692307693,Convergent,Persona,Convergent,Library
0.017391577180013443,0.9863028210899807,0.0,1.9883534953283946,0.0,0.0,0.0,none,clarify,933,176,user,0.15384615384615385,Convergent,Persona,Convergent,Library
0.5828052164899336,1.213434014567191,0.0,2.086262594612933,0.02252810912504472,0.08500056551187762,0.49220915971896373,none,open_what_if,934,176,assistant,0.23076923076923078,Convergent,Persona,Convergent,Library
0.44701154435495905,1.0118202642761642,0.0008759404665884264,1.9511586243488983,0.15124076063073352,0.009766784034855336,1.5407930717468599,none,none,949,176,user,0.3076923076923077,Convergent,Persona,Convergent,Library
0.7930027691842079,2.025669651188683,0.3698210454383601,2.116409016698458,0.10591672788582676,0.12943670299062782,0.9847280929433511,none,open_what_if,950,176,assistant,0.38461538461538464,Convergent,Persona,Convergent,Library
0.38604961853654474,0.8789587487816309,0.0,2.022990058496596,0.42677894944727085,0.058275511042372254,1.4836285708689592,none,none,983,176,user,0.46153846153846156,Convergent,Persona,Convergent,Library
0.8356807452867263,1.9256883578098145,0.005973192195841861,2.200068816744788,0.1521133825299486,0.03660886063141342,1.0462025299307411,none,open_what_if,985,176,assistant,0.5384615384615384,Convergent,Persona,Convergent,Library
0.49957121708040997,0.8524861508498043,0.0,2.14791674209258,0.14367383260578767,0.0620655601773126,1.057884562143321,none,none,1007,176,user,0.6153846153846154,Convergent,Persona,Convergent,Library
0.8384647095592148,1.464350388881282,0.07932658572199473,2.0953971509832576,0.0,0.1659230096602193,1.4089920557689468,none,open_what_if,1008,176,assistant,0.6923076923076923,Convergent,Persona,Convergent,Library
0.7157614991068361,0.5528639859074932,0.0,2.1561156610693493,0.5170231879741918,0.7166791035514687,1.7592442108113122,none,none,1035,176,user,0.7692307692307693,Convergent,Persona,Convergent,Library
1.1402517940670938,1.8990768315740325,0.0667210481258729,2.1320866966973395,0.31065964790778405,0.05690465667691371,1.3354086338078859,none,open_what_if,1036,176,assistant,0.8461538461538461,Convergent,Persona,Convergent,Library
0.35070612842717175,0.6176272850114443,0.43516979957301444,1.9699907656854514,0.27765226327718223,0.0,1.1899662318398883,none,none,1052,176,user,0.9230769230769231,Convergent,Persona,Convergent,Library
1.030582857180592,1.424231033119129,0.0,2.062779807596314,0.5972383836143462,0.08087013589972998,0.7002229163228735,none,open_what_if,1054,176,assistant,1.0,Convergent,Persona,Convergent,Library
0.01264105741708566,0.00482232955218618,0.0010127110821249242,1.022429168313831,0.001494180507970417,0.0,0.01304334431689544,none,none,1069,180,user,0.0,GPT,GPT,GPT,Library
0.0,0.010089302446681409,0.0,1.0033228817489568,0.0,0.0,0.0,none,clarify,1070,180,assistant,0.06666666666666667,GPT,GPT,GPT,Library
0.017391577180013443,0.9864908639138626,0.0,2.0231320623003413,0.0,0.0,0.0,none,clarify,1081,180,user,0.13333333333333333,GPT,GPT,GPT,Library
0.3889461405439108,1.6191112105703287,0.0,2.561457852343873,0.4542386224658736,0.008035768660727416,2.171529656625103,none,none,1082,180,assistant,0.2,GPT,GPT,GPT,Library
0.19306261110891898,1.3866869523526846,0.2694275325770435,1.9852911350105458,0.19984300577531947,0.005389895182819016,1.1884427283155863,none,none,1092,180,user,0.26666666666666666,GPT,GPT,GPT,Library
0.34469945866749063,1.8934180002802108,0.1642944800477165,2.242579953116642,0.595168718344129,0.09508753488497079,1.5619653411294974,none,none,1094,180,assistant,0.3333333333333333,GPT,GPT,GPT,Library
0.3787424536663489,1.0047856935544486,0.8385298815051024,2.0525382750467718,0.02231527401137455,0.06639711387061933,0.7041689300110995,none,open_what_if,1103,180,user,0.4,GPT,GPT,GPT,Library
0.7218914543762807,1.428190771824184,0.0,2.2639075239989737,0.863015334417993,0.0,1.8333193908100596,none,none,1104,180,assistant,0.4666666666666667,GPT,GPT,GPT,Library
0.3821669095127285,0.6572678157457564,0.0,2.0426885574444578,0.1889639420389327,0.0,0.9841071345077688,none,none,1114,180,user,0.5333333333333333,GPT,GPT,GPT,Library
0.43463969415078935,1.5136088445857525,0.0,2.273615806813107,1.008199555142631,0.051272034797112113,1.5000105144303122,none,none,1115,180,assistant,0.6,GPT,GPT,GPT,Library
0.3227838433998695,0.5584903513014143,0.23946850495642802,1.9393115045752318,0.7056523582261455,0.3096418810590484,1.0226485534698984,none,none,1126,180,user,0.6666666666666666,GPT,GPT,GPT,Library
0.3044613488285958,1.5932075577008635,0.004360856769559029,2.200864308707598,0.5577695506866418,0.004061667367852904,1.3908790684681518,none,none,1128,180,assistant,0.7333333333333333,GPT,GPT,GPT,Library
0.5044238507544924,0.1229211784150457,0.0,1.9687011590766492,0.2576700903513461,0.0,0.6210928347582169,none,clarify,1135,180,user,0.8,GPT,GPT,GPT,Library
0.41149961860919165,1.8216172645467956,0.10880380948806752,2.400639945052498,0.7244732956039315,0.10214254383436912,1.3691392001969835,none,none,1136,180,assistant,0.8666666666666667,GPT,GPT,GPT,Library
0.2223400439155614,0.23664438515808656,0.07969204242876765,2.1306371357570093,0.10135411115753463,0.0,0.4458555007213848,none,none,1141,180,user,0.9333333333333333,GPT,GPT,GPT,Library
0.40600068963731106,1.5857958359328461,0.11516681324576843,2.3462475829242218,0.4939419453069689,0.089380236893859,1.1000999189140646,none,none,1142,180,assistant,1.0,GPT,GPT,GPT,Library
0.01264105741708566,0.00482232955218618,0.0010127110821249242,1.022429168313831,0.001494180507970417,0.0,0.01304334431689544,none,none,1072,182,user,0.0,GPT,GPT,GPT,Library
0.0,0.010089302446681409,0.0,1.0033228817489568,0.0,0.0,0.0,none,clarify,1074,182,assistant,0.07692307692307693,GPT,GPT,GPT,Library
0.017391577180013443,0.9864908639138626,0.0,2.0231320623003413,0.0,0.0,0.0,none,clarify,1085,182,user,0.15384615384615385,GPT,GPT,GPT,Library
0.26929253631801187,1.7563090520204871,0.00714368970778513,2.261525977988654,0.3482474140039015,0.001315824822941482,2.019241341318761,none,none,1086,182,assistant,0.23076923076923078,GPT,GPT,GPT,Library
0.6593390128362949,0.6302537459593656,0.0015089910455597635,2.052959425619205,0.2321420106225021,0.0,1.1894638346308948,none,clarify,1099,182,user,0.3076923076923077,GPT,GPT,GPT,Library
0.18786816910073123,1.8269090769911185,0.39749443166904047,2.5014422841888058,0.733874680796178,0.04111314115177,1.7342348863975723,none,none,1100,182,assistant,0.38461538461538464,GPT,GPT,GPT,Library
0.6682842859377937,1.44835627146673,0.004769563291996144,2.1471596000143736,0.4534657130541424,0.18429068403985147,1.3711391428131776,none,clarify,1123,182,user,0.46153846153846156,GPT,GPT,GPT,Library
0.3657143709398557,1.2208325779976985,0.3715696518594973,2.3458838935063113,0.6441109800450652,0.1334645822083649,1.561136502096377,none,none,1124,182,assistant,0.5384615384615384,GPT,GPT,GPT,Library
0.11165433234384739,0.30941894718486845,0.0,1.3876054628495402,0.28431080196921205,0.10617802158786517,0.7982284321633027,none,clarify,1129,182,user,0.6153846153846154,GPT,GPT,GPT,Library
0.4937981429915352,1.578621834391248,0.0,2.429019167928432,0.9618153105340336,0.06876045434935721,2.4136683214895056,none,none,1131,182,assistant,0.6923076923076923,GPT,GPT,GPT,Library
0.022864888554470043,0.8689312589473093,0.0,1.1724703095672144,0.01214287860722117,0.048925492240885195,0.12885093285265678,none,clarify,1137,182,user,0.7692307692307693,GPT,GPT,GPT,Library
0.163678988716689,1.8821669221111146,0.017730987712855882,2.4185913651311273,0.806803253750731,0.023733613722294156,1.966746912562472,none,none,1138,182,assistant,0.8461538461538461,GPT,GPT,GPT,Library
0.18609576286654864,0.12298040446011889,0.022285422947028535,1.0165023201640346,0.17505935756475843,0.0,0.4440009106483347,none,clarify,1145,182,user,0.9230769230769231,GPT,GPT,GPT,Library
0.2309794098245398,1.5888354187954823,0.0,2.322521520901437,0.6499237522003872,0.0,1.9627064559593008,none,none,1146,182,assistant,1.0,GPT,GPT,GPT,Library
0.01264105741708566,0.00482232955218618,0.0010127110821249242,1.022429168313831,0.001494180507970417,0.0,0.01304334431689544,none,none,1075,183,user,0.0,GPT,GPT,GPT,Library
0.0,0.010089302446681409,0.0,1.0033228817489568,0.0,0.0,0.0,none,clarify,1076,183,assistant,0.1111111111111111,GPT,GPT,GPT,Library
0.017391577180013443,0.9864908639138626,0.0,2.0231320623003413,0.0,0.0,0.0,none,clarify,1087,183,user,0.2222222222222222,GPT,GPT,GPT,Library
0.6637127218415967,1.956711311425506,0.0,2.201122741228438,0.3751491863121796,0.0,1.835267913207342,none,none,1088,183,assistant,0.3333333333333333,GPT,GPT,GPT,Library
0.11254443214753262,0.5987988635824615,0.3912142735679229,2.025109184846119,0.09538579311320267,0.0,0.6263505355135736,none,clarify,1097,183,user,0.4444444444444444,GPT,GPT,GPT,Library
0.5547351668736521,1.6521706303318286,0.0,2.372759245448949,0.62187772758839,0.06800691055838379,1.7869808181756621,none,none,1098,183,assistant,0.5555555555555556,GPT,GPT,GPT,Library
0.2787641432583429,0.5317992987872394,0.0,1.3872608165433635,0.5772531719942536,0.07987256332389715,0.9332397680848961,none,clarify,1109,183,user,0.6666666666666666,GPT,GPT,GPT,Library
0.9786096253873221,1.6110159878381134,0.3802436938889121,2.4610734250018624,1.0657414636416003,0.1401658420747602,1.831268581944429,none,none,1110,183,assistant,0.7777777777777778,GPT,GPT,GPT,Library
0.22851994207387538,1.4601720658490969,0.15171463253390424,2.396937880175624,0.044291944354586915,0.020023045922708774,0.8120652003808342,none,open_what_if,1117,183,user,0.8888888888888888,GPT,GPT,GPT,Library
0.24257216937217693,1.5817243307949473,0.0,2.452804768089789,0.5795866700126422,0.012625335589339658,2.0758881951370665,none,none,1118,183,assistant,1.0,GPT,GPT,GPT,Library
0.01264105741708566,0.00482232955218618,0.0010127110821249242,1.022429168313831,0.001494180507970417,0.0,0.01304334431689544,none,none,1077,184,user,0.0,GPT,GPT,GPT,Library
0.0,0.08336117221917082,0.0,1.02388464950815,0.06880326256823865,0.0,0.011024424504684901,none,clarify,1078,184,assistant,0.05263157894736842,GPT,GPT,GPT,Library
0.017391577180013443,0.9864908639138626,0.0,2.0231320623003413,0.0,0.0,0.0,none,clarify,1083,184,user,0.10526315789473684,GPT,GPT,GPT,Library
0.3841155092109438,1.6172048078261192,0.08428058704675535,2.2519134576554762,0.43930888893258724,0.11397892436554759,2.177053780099076,none,none,1084,184,assistant,0.15789473684210525,GPT,GPT,GPT,Library
0.04048765536684194,0.5666967908268045,0.2697298439668937,1.975609611742338,0.00994622278664577,0.2793875272260042,1.0134489016852501,neutral,clarify,1091,184,user,0.21052631578947367,GPT,GPT,GPT,Library
0.014066967062859443,1.8560069800872392,0.0,2.0997720778545235,0.5272206524775869,0.0,1.0654555760781799,none,none,1093,184,assistant,0.2631578947368421,GPT,GPT,GPT,Library
0.04912986350875009,0.637239044831619,0.17980637479164788,1.8303732083213464,0.0,0.0291502182307127,0.3282217185466211,none,clarify,1101,184,user,0.3157894736842105,GPT,GPT,GPT,Library
0.13430762308424837,1.9655333967221247,0.15467082212929756,2.3418049615812304,0.4744918985371989,0.09633764308999275,0.996437799442271,none,none,1102,184,assistant,0.3684210526315789,GPT,GPT,GPT,Library
0.37477218737956286,1.0710714506677907,0.2886034579134003,1.9127067927369714,0.16254244132134882,0.012981914500209706,0.8665093397840677,none,clarify,1107,184,user,0.42105263157894735,GPT,GPT,GPT,Library
0.37726363571808363,1.6127134988252885,0.0,2.2588550701029013,0.5268606425350811,0.027719866899741753,0.8142236346559351,none,none,1108,184,assistant,0.47368421052631576,GPT,GPT,GPT,Library
0.03735333722649258,0.367027778782554,0.06095324439908484,1.9017819740594575,0.25194515979205173,0.10376607769553482,0.3628080569416097,none,clarify,1111,184,user,0.5263157894736842,GPT,GPT,GPT,Library
0.19982383579260804,1.3997971934713809,0.3256188849633501,2.4129407272499774,0.7087344522470528,0.024811253908236054,1.4316935100849115,none,none,1112,184,assistant,0.5789473684210527,GPT,GPT,GPT,Library
0.0,0.9948631953373226,0.5058282708644839,2.185956523443082,0.04998552040691018,0.00843054505568622,1.211239626629958,none,clarify,1119,184,user,0.631578947368421,GPT,GPT,GPT,Library
0.1021434002122294,1.2957872249048472,0.0,2.5762205829580758,0.643811242676437,0.0,2.031746983321133,none,none,1122,184,assistant,0.6842105263157895,GPT,GPT,GPT,Library
0.0,0.771263856374768,0.13372819613215936,1.6852875769010471,0.06172722700240109,0.06187160573808896,0.7080403194103805,none,clarify,1125,184,user,0.7368421052631579,GPT,GPT,GPT,Library
0.012047408879165167,0.5628623456747801,0.00714368970778513,2.5523171866875853,0.7710159709339195,0.0037533397693329464,0.8966153199508375,none,none,1127,184,assistant,0.7894736842105263,GPT,GPT,GPT,Library
0.15814922531157968,0.6941093920600503,0.34336036676535864,1.8725986575009708,0.04326549550163542,0.08477721053888455,0.540920705684666,neutral,clarify,1133,184,user,0.8421052631578947,GPT,GPT,GPT,Library
0.22423459635743795,1.6863704116196743,0.0,2.410740991860116,0.5631321377287847,0.010780602295216967,1.4742806400725204,none,none,1134,184,assistant,0.8947368421052632,GPT,GPT,GPT,Library
0.010958709726655535,1.381034423254196,0.4118312409986682,1.5104243950891176,0.45938297750637164,0.0663299714137688,1.2952466736760697,none,clarify,1143,184,user,0.9473684210526315,GPT,GPT,GPT,Library
0.17736215461136454,1.5700979238707788,0.0,2.2864922577784172,0.6225255861926493,0.0401544266068343,1.052989204648908,none,none,1144,184,assistant,1.0,GPT,GPT,GPT,Library
0.01264105741708566,0.00482232955218618,0.0010127110821249242,1.022429168313831,0.001494180507970417,0.0,0.01304334431689544,none,none,1079,185,user,0.0,GPT,GPT,GPT,Library
0.0,0.010089302446681409,0.0,1.0033228817489568,0.0,0.0,0.0,none,clarify,1080,185,assistant,0.1111111111111111,GPT,GPT,GPT,Library
0.017391577180013443,0.9864908639138626,0.0,2.0231320623003413,0.0,0.0,0.0,none,clarify,1089,185,user,0.2222222222222222,GPT,GPT,GPT,Library
0.4744929146980614,1.7235554977704552,0.0,2.3453953132942646,0.38668374360790236,0.05551073332173215,1.5933055720111549,none,none,1090,185,assistant,0.3333333333333333,GPT,GPT,GPT,Library
0.39801015036182247,0.6691283168000772,0.6631856524066969,2.007327632683516,0.05529298491859993,0.09217459595981334,0.728495047008704,none,clarify,1095,185,user,0.4444444444444444,GPT,GPT,GPT,Library
0.6008103655587871,1.4401779229104994,0.0,2.471444658960102,0.5914215956132767,0.029325046918607375,1.877890246861961,none,none,1096,185,assistant,0.5555555555555556,GPT,GPT,GPT,Library
0.4000645013034554,0.1983944108363354,0.006599293921198113,2.0533788462482874,0.41888237285356433,0.0,0.6780460076888432,none,none,1105,185,user,0.6666666666666666,GPT,GPT,GPT,Library
0.4058044349732902,1.6977777994672607,0.0,2.2931575791015457,0.9654149041414423,0.07716652954036125,2.416604093532213,none,none,1106,185,assistant,0.7777777777777778,GPT,GPT,GPT,Library
0.2485260570788177,0.8223581135913669,0.03768123268802196,1.8361442036960485,0.817226311921381,0.5694542345266564,1.0739783734692852,none,none,1113,185,user,0.8888888888888888,GPT,GPT,GPT,Library
0.07994319014338458,1.9217777329378478,0.0,2.8728343766916815,0.9214352391167302,0.0,2.9126525691007648,none,none,1116,185,assistant,1.0,GPT,GPT,GPT,Library
0.01264105741708566,0.00482232955218618,0.0010127110821249242,1.022429168313831,0.0005745043820882738,0.0025480940261159287,0.01304334431689544,none,none,1147,187,user,0.0,Divergent,Persona,Divergent,Bicycle
0.0,0.010089302446681409,0.0,1.000250467143594,0.0,0.020284981117467665,0.0,none,clarify,1150,187,assistant,0.09090909090909091,Divergent,Persona,Divergent,Bicycle
0.015808800612270347,0.9878818465632595,0.0,1.9784027023075073,0.0039453103672834125,0.0,0.010197506841155037,none,clarify,1161,187,user,0.18181818181818182,Divergent,Persona,Divergent,Bicycle
2.8159955923376283,1.0663242656350453,0.011909363912874157,2.064741918865522,0.055003822511918925,1.9108604313240989,1.1536368079790733,none,open_what_if,1166,187,assistant,0.2727272727272727,Divergent,Persona,Divergent,Bicycle
0.5247562853446782,0.29763368784715466,0.0,1.6322827632153591,0.3166623319563318,0.3523731594681064,0.5223743457267822,none,none,1175,187,user,0.36363636363636365,Divergent,Persona,Divergent,Bicycle
2.5823055368137258,0.9069385840163284,0.0005500488852006617,2.0802497590932454,0.23872795995966706,1.8390157224581587,1.4652665888314578,none,open_what_if,1176,187,assistant,0.45454545454545453,Divergent,Persona,Divergent,Bicycle
0.5400966222141261,0.5522301298634105,0.024790225024222515,2.002176579247579,0.19017119663318854,0.11832335455655313,0.6666431852858331,none,none,1181,187,user,0.5454545454545454,Divergent,Persona,Divergent,Bicycle
2.5871921843956573,1.0572625007966512,0.0,2.1770739359955282,0.1377436787992596,1.8330482908906165,0.9342407748969105,none,open_what_if,1182,187,assistant,0.6363636363636364,Divergent,Persona,Divergent,Bicycle
0.1787040331873283,0.09818648761896721,0.2056265557639449,1.8341153401970847,0.11884958166677825,0.24645449812122794,0.7248035342238585,none,none,1191,187,user,0.7272727272727273,Divergent,Persona,Divergent,Bicycle
2.5967377082543845,1.1424663603854022,0.014001636633995444,2.1077877834851613,0.02418597727989952,1.9781733024052894,1.8287406805528756,none,open_what_if,1192,187,assistant,0.8181818181818182,Divergent,Persona,Divergent,Bicycle
0.392700526040006,0.0,0.15983506052600432,1.9315395297195874,0.5092807936783253,0.12023220806089295,0.5437287794950724,none,none,1201,187,user,0.9090909090909091,Divergent,Persona,Divergent,Bicycle
2.6694221461129226,0.9891226004936948,0.0,1.9772652612135704,0.06346141764130449,1.5882976367067967,1.4454487267556213,none,open_what_if,1203,187,assistant,1.0,Divergent,Persona,Divergent,Bicycle
0.01264105741708566,0.00482232955218618,0.0010127110821249242,1.022429168313831,0.0005745043820882738,0.0025480940261159287,0.01304334431689544,none,none,1148,188,user,0.0,Divergent,Persona,Divergent,Bicycle
0.0,0.010089302446681409,0.0,1.000250467143594,0.0,0.020284981117467665,0.0,none,clarify,1151,188,assistant,0.1111111111111111,Divergent,Persona,Divergent,Bicycle
0.015808800612270347,0.9878818465632595,0.0,1.9784027023075073,0.0039453103672834125,0.0,0.010197506841155037,none,clarify,1167,188,user,0.2222222222222222,Divergent,Persona,Divergent,Bicycle
1.8475473496871355,0.9182071072221327,0.0,2.017546348169421,0.1531212326497054,0.1539982779419823,0.5572777917616705,none,open_what_if,1168,188,assistant,0.3333333333333333,Divergent,Persona,Divergent,Bicycle
1.8379210441810065,0.6149469623596765,0.12228151857842863,1.8042951231780557,0.37859145274600464,0.7306054249561429,1.281346383265246,none,open_what_if,1179,188,user,0.4444444444444444,Divergent,Persona,Divergent,Bicycle
2.601511674653278,0.9653707152853226,0.050792921429305436,2.288933435897533,0.1438988661073794,1.6530532557615178,0.9970553256362694,none,open_what_if,1180,188,assistant,0.5555555555555556,Divergent,Persona,Divergent,Bicycle
1.0707773642839986,0.8635002738170666,0.008504100268286956,2.110569983783132,0.14296034955946194,0.7419436537518589,1.3809010419634893,none,none,1195,188,user,0.6666666666666666,Divergent,Persona,Divergent,Bicycle
2.908033313057793,0.7870874378522946,0.15758295268598846,1.796583058321258,0.056389845079278154,1.7789794331178832,1.3664916457814837,none,open_what_if,1196,188,assistant,0.7777777777777778,Divergent,Persona,Divergent,Bicycle
1.3616478116496644,1.3271958482222308,0.0035481114587397303,2.1822849190525013,0.6026127002532539,0.9454074096944779,1.319885355050244,none,none,1210,188,user,0.8888888888888888,Divergent,Persona,Divergent,Bicycle
2.6511152619270644,0.7773282161087061,0.0,2.105011477148112,0.027752952479123044,1.5929516133212536,1.136960611156525,none,open_what_if,1211,188,assistant,1.0,Divergent,Persona,Divergent,Bicycle
0.01264105741708566,0.00482232955218618,0.0010127110821249242,1.022429168313831,0.0005745043820882738,0.0025480940261159287,0.01304334431689544,none,none,1149,189,user,0.0,Divergent,Persona,Divergent,Bicycle
0.0,0.010089302446681409,0.0,1.000250467143594,0.0,0.020284981117467665,0.0,none,clarify,1152,189,assistant,0.06666666666666667,Divergent,Persona,Divergent,Bicycle
0.015808800612270347,0.9878818465632595,0.0,1.9784027023075073,0.0039453103672834125,0.0,0.010197506841155037,none,clarify,1159,189,user,0.13333333333333333,Divergent,Persona,Divergent,Bicycle
1.8726174300498675,0.8352272970099549,0.0,2.039085746878874,0.045516262296212924,0.6518434423989524,0.9876452759670921,none,open_what_if,1160,189,assistant,0.2,Divergent,Persona,Divergent,Bicycle
1.1627197643048803,1.0544567454809741,0.00895740658979783,1.9307419232116847,0.25982974372791756,0.666907745742912,1.4183521693305219,none,open_what_if,1171,189,user,0.26666666666666666,Divergent,Persona,Divergent,Bicycle
2.9986960007152823,0.9890200259352475,0.0,1.962596911229483,0.0,1.97976667727475,1.0678168323266137,none,open_what_if,1172,189,assistant,0.3333333333333333,Divergent,Persona,Divergent,Bicycle
0.6859791433450456,1.0402932182274343,0.007400044295406202,1.860410324648585,0.0,0.13309294642504668,0.8373854976560671,none,none,1183,189,user,0.4,Divergent,Persona,Divergent,Bicycle
2.2931427428665634,1.2642492494114037,0.0,1.8148688550572216,0.0,1.791701758444113,1.3112650149527072,none,open_what_if,1184,189,assistant,0.4666666666666667,Divergent,Persona,Divergent,Bicycle
0.24702768962207103,0.27209743414904747,0.013272842333799568,2.0002219681752065,0.238042432000208,0.0,1.380247477201589,none,none,1189,189,user,0.5333333333333333,Divergent,Persona,Divergent,Bicycle
2.9339580710359936,0.8970313619710035,0.17343468107086715,2.1758123154034714,0.07253031061330631,1.904734280154636,1.905133044991296,none,open_what_if,1190,189,assistant,0.6,Divergent,Persona,Divergent,Bicycle
0.9396122668118101,0.9714939603693745,0.011090497410852508,1.9820604474592511,0.0,6.544337267295087e-05,1.9554311850440198,none,clarify,1202,189,user,0.6666666666666666,Divergent,Persona,Divergent,Bicycle
2.736385562083465,0.8554511677348144,0.0,2.10114321358943,0.1009632660663802,1.739127979488173,1.9036029426891246,none,open_what_if,1204,189,assistant,0.7333333333333333,Divergent,Persona,Divergent,Bicycle
0.27610064968675324,0.28214941052031756,0.17978630713983088,1.34037569647092,0.3469125445817873,0.23019861485834972,0.3923995517685764,none,none,1205,189,user,0.8,Divergent,Persona,Divergent,Bicycle
2.3960166882933653,1.318532653068786,0.0,2.0854470688240174,0.018181632109972333,1.0823573531649897,1.3702368977351234,none,open_what_if,1206,189,assistant,0.8666666666666667,Divergent,Persona,Divergent,Bicycle
0.4278763093126816,0.6812187484237618,0.03780495906961145,1.871740339065918,0.0,0.0737397276475168,1.2406625699809641,none,clarify,1209,189,user,0.9333333333333333,Divergent,Persona,Divergent,Bicycle
2.1612080968935423,1.5759514039279758,0.0,2.660703725618918,0.417818975904712,1.7747982129604103,1.8199611625220722,none,open_what_if,1212,189,assistant,1.0,Divergent,Persona,Divergent,Bicycle
0.01264105741708566,0.00482232955218618,0.0010127110821249242,1.022429168313831,0.0005745043820882738,0.0025480940261159287,0.01304334431689544,none,none,1153,190,user,0.0,Divergent,Persona,Divergent,Bicycle
0.0,0.010089302446681409,0.0,1.000250467143594,0.0,0.020284981117467665,0.0,none,clarify,1154,190,assistant,0.07692307692307693,Divergent,Persona,Divergent,Bicycle
0.015808800612270347,0.9878818465632595,0.0,1.9784027023075073,0.0039453103672834125,0.0,0.010197506841155037,none,clarify,1163,190,user,0.15384615384615385,Divergent,Persona,Divergent,Bicycle
2.695980050644114,1.0568293293260649,0.027508047431389078,2.2742513461742613,0.44407723137890026,1.6967031200715035,1.1437344615631269,none,open_what_if,1165,190,assistant,0.23076923076923078,Divergent,Persona,Divergent,Bicycle
0.891047668443802,1.1221782370424445,0.32444493350208337,1.9198129636327859,0.19322590001832263,0.4408264119953397,1.3980474556756828,none,open_what_if,1177,190,user,0.3076923076923077,Divergent,Persona,Divergent,Bicycle
2.489820820952161,0.8671251009075233,0.5763560107777229,2.2194536877461726,0.3027003318720756,1.5198589158377562,0.9769813696342439,none,open_what_if,1178,190,assistant,0.38461538461538464,Divergent,Persona,Divergent,Bicycle
1.7033657584026531,0.8776853997157619,0.0,2.019649501724889,0.12032285599099263,0.822449050447379,1.390701649743926,none,open_what_if,1187,190,user,0.46153846153846156,Divergent,Persona,Divergent,Bicycle
2.76854885956127,0.7250257089740689,0.5204003096348268,2.12797126012243,0.33340039461026155,1.6140275040774705,1.4843228082836581,none,open_what_if,1188,190,assistant,0.5384615384615384,Divergent,Persona,Divergent,Bicycle
0.8540462823428941,1.3058328756214814,0.0,2.1086569777321853,0.5929775207164624,0.10323568194888773,1.733507404212568,none,clarify,1199,190,user,0.6153846153846154,Divergent,Persona,Divergent,Bicycle
2.9382888998092005,0.8854524630857571,0.13389292162753808,2.103436944929082,0.09392013502637583,1.652283753388351,1.6346728748348296,none,open_what_if,1200,190,assistant,0.6923076923076923,Divergent,Persona,Divergent,Bicycle
0.7359249416767428,0.7000197384224545,0.009135562429977654,2.03504893448967,0.4098655070249369,0.02857171974551714,1.3349449720071054,none,clarify,1213,190,user,0.7692307692307693,Divergent,Persona,Divergent,Bicycle
1.7389389297891948,1.1680160816869225,0.0,2.160604551115324,0.11984136972542477,1.6082259299055042,1.6818066330868338,none,open_what_if,1214,190,assistant,0.8461538461538461,Divergent,Persona,Divergent,Bicycle
1.862987860504434,0.9303696432384512,0.010746348426046222,2.0592422973930757,0.027359946824747367,0.03717145726881631,2.009182942721886,none,none,1217,190,user,0.9230769230769231,Divergent,Persona,Divergent,Bicycle
2.9619691717352996,0.9952518284898119,0.0,2.010671389958466,0.018872715749776683,1.9380434635206052,1.8668883245496128,none,open_what_if,1218,190,assistant,1.0,Divergent,Persona,Divergent,Bicycle
0.01264105741708566,0.00482232955218618,0.0010127110821249242,1.022429168313831,0.0005745043820882738,0.0025480940261159287,0.01304334431689544,none,none,1157,192,user,0.0,Divergent,Persona,Divergent,Bicycle
0.0,0.010089302446681409,0.0,1.000250467143594,0.0,0.020284981117467665,0.0,none,clarify,1158,192,assistant,0.058823529411764705,Divergent,Persona,Divergent,Bicycle
0.015808800612270347,0.9878818465632595,0.0,1.9784027023075073,0.0039453103672834125,0.0,0.010197506841155037,none,clarify,1162,192,user,0.11764705882352941,Divergent,Persona,Divergent,Bicycle
1.9255580857606454,0.15401981412281682,0.0,1.7839805492255496,0.13802447117901512,0.26846238557207214,0.5411063517882414,none,open_what_if,1164,192,assistant,0.17647058823529413,Divergent,Persona,Divergent,Bicycle
0.0,0.12368552331886888,0.0,1.7458491328903465,0.12777340257418357,0.3391317418295988,0.20112750008189972,none,none,1169,192,user,0.23529411764705882,Divergent,Persona,Divergent,Bicycle
2.024840714398348,1.2413525948648105,0.04421434235223106,2.2081087300690405,0.09877466300334528,0.6684095422569722,1.6912593810218646,none,open_what_if,1170,192,assistant,0.29411764705882354,Divergent,Persona,Divergent,Bicycle
0.23256473824354715,0.1972112604360992,0.16493782011579516,1.1148558169510134,0.09563135883982359,0.048127973183722056,0.7499077870740944,none,clarify,1173,192,user,0.35294117647058826,Divergent,Persona,Divergent,Bicycle
2.9608394712564943,0.1546104998347403,0.0,2.0296877192805454,0.0,1.9478969023738935,1.8398144376900636,none,open_what_if,1174,192,assistant,0.4117647058823529,Divergent,Persona,Divergent,Bicycle
0.9247428145039561,0.6700150331513306,0.0,1.7740680662914887,0.4369298745227933,0.10115543849699052,1.2282371503002212,none,none,1185,192,user,0.47058823529411764,Divergent,Persona,Divergent,Bicycle
2.4377113198455884,0.845162509306949,0.0,2.0422476430661622,0.23614890875362948,0.7685633948518609,1.6226308280193025,none,open_what_if,1186,192,assistant,0.5294117647058824,Divergent,Persona,Divergent,Bicycle
0.23661913595195894,0.22101860673781026,0.0015658621923647907,1.8034003175231272,0.12603310767891762,0.08228855727570467,0.9406051324460682,none,clarify,1193,192,user,0.5882352941176471,Divergent,Persona,Divergent,Bicycle
2.205517226683404,0.9072672725455314,0.0,2.251418409847748,0.0,1.4474711919473626,1.548103850966466,none,open_what_if,1194,192,assistant,0.6470588235294118,Divergent,Persona,Divergent,Bicycle
0.8089612473787636,0.0,0.0,1.487388947859894,0.0,0.11795490974914132,0.253686091884674,none,clarify,1197,192,user,0.7058823529411765,Divergent,Persona,Divergent,Bicycle
1.4374103294816218,1.017968511913501,0.0,2.0075868242226558,0.06468650307007379,0.6137114863308469,1.0722439127278371,none,open_what_if,1198,192,assistant,0.7647058823529411,Divergent,Persona,Divergent,Bicycle
1.1822187122573298,0.2982162387600908,0.018879369625123384,1.9785024488763896,0.2872841905363755,0.0668980042102481,1.2274017170286302,none,none,1207,192,user,0.8235294117647058,Divergent,Persona,Divergent,Bicycle
0.9258906684236424,1.4146719758719681,0.005016395247316515,1.9590763611126327,0.09749207285967647,0.2262288987381201,1.8527847024569057,none,open_what_if,1208,192,assistant,0.8823529411764706,Divergent,Persona,Divergent,Bicycle
0.8089333379857329,0.3244803116086872,0.35973078613190873,1.780193173933772,0.07424036152134574,0.23858043769635973,0.5900400064416267,none,clarify,1215,192,user,0.9411764705882353,Divergent,Persona,Divergent,Bicycle
0.4685118904785087,0.7428620679198512,0.10142579913519134,1.8600469890460372,0.0,0.13945381689485084,1.0925493317686723,none,open_what_if,1216,192,assistant,1.0,Divergent,Persona,Divergent,Bicycle
0.01264105741708566,0.00482232955218618,0.0010127110821249242,1.022429168313831,0.0005745043820882738,0.0,0.01304334431689544,none,none,1220,194,user,0.0,BoundedRational,Persona,bounded rationality,Bicycle
0.0,0.010089302446681409,0.0,1.000250467143594,0.0,0.0,0.0,none,clarify,1224,194,assistant,0.047619047619047616,BoundedRational,Persona,bounded rationality,Bicycle
0.015808800612270347,0.9878818465632595,0.0,1.9784027023075073,0.0039453103672834125,0.001571199774892238,0.010197506841155037,none,clarify,1253,194,user,0.09523809523809523,BoundedRational,Persona,bounded rationality,Bicycle
1.601150096532001,1.5185535553185554,0.03620342504211097,1.9213007947641758,0.07650359594394719,0.23892284130780722,1.1506366726534334,none,open_what_if,1254,194,assistant,0.14285714285714285,BoundedRational,Persona,bounded rationality,Bicycle
0.00549515774814634,0.0,0.0,1.9373143250474654,0.9089599260237309,0.0,0.9549124031226373,none,none,1265,194,user,0.19047619047619047,BoundedRational,Persona,bounded rationality,Bicycle
1.535943115828362,1.2168505917134402,0.0,2.093100395743773,0.3399376525636498,0.7656027212430574,1.392026688633867,none,open_what_if,1266,194,assistant,0.23809523809523808,BoundedRational,Persona,bounded rationality,Bicycle
0.0,0.01905515659308622,0.017440601346007542,1.0584812605268517,0.0,0.0,0.0,none,clarify,1268,194,user,0.2857142857142857,BoundedRational,Persona,bounded rationality,Bicycle
1.3986958053518137,1.065114600402417,0.0,2.1433903878122145,0.09942890399634786,0.4403696528146097,1.1078240459132305,none,open_what_if,1271,194,assistant,0.3333333333333333,BoundedRational,Persona,bounded rationality,Bicycle
0.27200714291286715,1.0228703742964762,0.01898620491510046,1.1441185081024199,0.16329201213965744,0.013943352653429131,0.8568997557391624,none,clarify,1281,194,user,0.38095238095238093,BoundedRational,Persona,bounded rationality,Bicycle
1.1238693119481051,1.8757824702724875,0.0,2.04097276362126,0.918032767978554,0.03127498330582305,1.092277709872139,none,open_what_if,1283,194,assistant,0.42857142857142855,BoundedRational,Persona,bounded rationality,Bicycle
0.13379163270135605,0.8737311228340537,1.1818594448781572,1.8467183744823699,0.056584114964567805,0.0,1.050068853481756,constructive,clarify,1295,194,user,0.47619047619047616,BoundedRational,Persona,bounded rationality,Bicycle
0.11882874165979358,1.9662622968522951,1.9040433992772585,2.0639614136833497,0.01518168745979439,0.006594416768643705,0.18026676135140313,constructive,criteria_setting,1296,194,assistant,0.5238095238095238,BoundedRational,Persona,bounded rationality,Bicycle
0.5496241427727878,0.07447442816630918,0.1182204174047414,1.9808820960197107,0.1553977154329501,0.0,1.244208446616334,none,clarify,1305,194,user,0.5714285714285714,BoundedRational,Persona,bounded rationality,Bicycle
1.8731846306949291,1.1057068506809726,0.06354647450749476,1.9819911407397306,0.0009256704413203292,0.9696404739317445,1.1205985550367927,none,open_what_if,1306,194,assistant,0.6190476190476191,BoundedRational,Persona,bounded rationality,Bicycle
0.13854139792766107,0.9716893746617508,0.9564266678776778,1.9720891436095218,0.06625745422219632,0.026333235927081908,1.8655165328491465,constructive,none,1325,194,user,0.6666666666666666,BoundedRational,Persona,bounded rationality,Bicycle
1.0164161232753497,1.98516179885619,0.04218921997237768,2.086866990748317,0.9589641220326109,0.01584149917096965,2.8982627585085545,none,none,1327,194,assistant,0.7142857142857143,BoundedRational,Persona,bounded rationality,Bicycle
0.013932746837628183,0.05943474507891846,0.0,1.0877989331344298,0.07346497963478074,0.0,0.03646175661287049,none,clarify,1335,194,user,0.7619047619047619,BoundedRational,Persona,bounded rationality,Bicycle
0.6294861758358532,1.2695740087802303,0.0,2.101030727218551,0.40259620103564947,0.014983721063217718,1.8117063646111808,none,open_what_if,1336,194,assistant,0.8095238095238095,BoundedRational,Persona,bounded rationality,Bicycle
0.587183214199279,1.0911269583185998,0.003330289159801346,1.8769744617439366,0.25238475188604353,0.0,1.2788378541660708,none,clarify,1350,194,user,0.8571428571428571,BoundedRational,Persona,bounded rationality,Bicycle
0.7189409755777586,1.8652998906083076,0.010941740176697632,2.3541892628897063,0.15990775015643527,0.09792264925195235,1.9494636708684974,none,open_what_if,1352,194,assistant,0.9047619047619048,BoundedRational,Persona,bounded rationality,Bicycle
0.004274219551361838,0.8829397995624627,0.0007836340004798848,1.9580081896920203,0.0,0.004023442007028509,0.08194423364955554,none,clarify,1359,194,user,0.9523809523809523,BoundedRational,Persona,bounded rationality,Bicycle
0.746883701777632,1.5175004788004551,0.0,2.125344530345805,0.2695097128211505,0.03578544751500949,1.2543136893288274,none,open_what_if,1360,194,assistant,1.0,BoundedRational,Persona,bounded rationality,Bicycle
0.01264105741708566,0.00482232955218618,0.0010127110821249242,1.022429168313831,0.0005745043820882738,0.0,0.01304334431689544,none,none,1221,195,user,0.0,BoundedRational,Persona,bounded rationality,Bicycle
0.0,0.08336117221917082,0.0,1.020812234902787,0.06880326256823865,0.0,0.0,none,clarify,1223,195,assistant,0.07692307692307693,BoundedRational,Persona,bounded rationality,Bicycle
0.015808800612270347,0.9878818465632595,0.0,1.9784027023075073,0.0039453103672834125,0.001571199774892238,0.010197506841155037,none,clarify,1243,195,user,0.15384615384615385,BoundedRational,Persona,bounded rationality,Bicycle
1.124657551384898,1.9802507247490873,0.0,2.0022148051440056,0.9288878917561638,0.043425570058674694,1.0375531244796354,none,open_what_if,1244,195,assistant,0.23076923076923078,BoundedRational,Persona,bounded rationality,Bicycle
0.588429057834946,0.4945215175458444,0.0,1.85988044213449,0.042109637275926495,0.0,1.0689897916560753,none,clarify,1273,195,user,0.3076923076923077,BoundedRational,Persona,bounded rationality,Bicycle
1.0805429717503956,1.7055449501434443,0.0,1.98431591376361,0.12987698679461124,0.12645083752328243,1.7669871246947724,none,open_what_if,1274,195,assistant,0.38461538461538464,BoundedRational,Persona,bounded rationality,Bicycle
0.5234665960576269,1.018566081931583,0.032517519705235504,2.100029387613485,0.538956741725928,0.0,2.0102737849683625,none,none,1317,195,user,0.46153846153846156,BoundedRational,Persona,bounded rationality,Bicycle
1.4245020158438706,1.4620257664430372,0.00023629016349706805,1.9476061654397423,0.26590819341452765,0.1651442248198056,1.3550280848870166,none,open_what_if,1318,195,assistant,0.5384615384615384,BoundedRational,Persona,bounded rationality,Bicycle
0.5338912536349923,0.15613029341719775,0.21296114920670864,1.8586881174694339,0.39481255680981486,0.09483181758925568,1.2975759523725274,none,none,1337,195,user,0.6153846153846154,BoundedRational,Persona,bounded rationality,Bicycle
1.4779003414717617,1.2783615789723761,0.0,1.9294568224733375,0.28130110414300025,0.7324972931505939,1.4460660977554078,none,open_what_if,1338,195,assistant,0.6923076923076923,BoundedRational,Persona,bounded rationality,Bicycle
0.17380196852537777,0.0432898260146143,0.0572630831317655,1.9724076852849846,0.03997779492222403,0.03739182102417218,1.1611758137639234,none,none,1363,195,user,0.7692307692307693,BoundedRational,Persona,bounded rationality,Bicycle
0.9796395639635698,1.3048237039796802,0.0,1.9744095575228764,0.2250520966501906,0.26846568066355714,1.6516066048444875,none,open_what_if,1365,195,assistant,0.8461538461538461,BoundedRational,Persona,bounded rationality,Bicycle
0.48687507269366526,0.4075659017173904,0.06703707710841517,2.1887213852784195,0.2399094016591299,0.0,1.9127072148050444,none,none,1378,195,user,0.9230769230769231,BoundedRational,Persona,bounded rationality,Bicycle
1.3792373857057656,1.7292463864347172,0.05227743805233596,2.062912544405726,0.06220434619042577,0.055175914093640456,1.6324135520473593,none,open_what_if,1381,195,assistant,1.0,BoundedRational,Persona,bounded rationality,Bicycle
0.01264105741708566,0.00482232955218618,0.0010127110821249242,1.022429168313831,0.0005745043820882738,0.0,0.01304334431689544,none,none,1225,196,user,0.0,BoundedRational,Persona,bounded rationality,Bicycle
0.0,0.19747036452888375,0.08217711021178072,1.0134054453510009,0.10884573962335539,0.0,0.0,none,clarify,1227,196,assistant,0.09090909090909091,BoundedRational,Persona,bounded rationality,Bicycle
0.015808800612270347,0.9878818465632595,0.0,1.9784027023075073,0.0039453103672834125,0.001571199774892238,0.010197506841155037,none,clarify,1250,196,user,0.18181818181818182,BoundedRational,Persona,bounded rationality,Bicycle
1.5744232909790132,1.4609148732438084,0.0,2.024179548465409,0.03343604097633406,0.245679471442149,0.9318587525531367,none,open_what_if,1251,196,assistant,0.2727272727272727,BoundedRational,Persona,bounded rationality,Bicycle
0.6333239686002287,0.4513201559837512,0.0063406049088690275,1.983254460699857,0.06930496383949962,0.03879409490393218,0.4421895687768285,none,criteria_setting,1277,196,user,0.36363636363636365,BoundedRational,Persona,bounded rationality,Bicycle
1.8010393739568082,1.4249416656044174,0.03828899742284995,2.0941833708336803,0.26286595382640604,0.3234318686803769,0.8472212126525758,none,open_what_if,1278,196,assistant,0.45454545454545453,BoundedRational,Persona,bounded rationality,Bicycle
1.8915823447416327,0.18157457868734753,0.010252370318030977,1.1045203462558648,0.032603133894224236,0.9422194224141346,0.8454445534718075,none,open_what_if,1309,196,user,0.5454545454545454,BoundedRational,Persona,bounded rationality,Bicycle
1.81928670777872,1.689806540011894,0.4433805134884464,2.0374586684860008,0.09941548502157077,0.6805420327514355,1.2236865277045748,none,open_what_if,1310,196,assistant,0.6363636363636364,BoundedRational,Persona,bounded rationality,Bicycle
0.17777055936755695,0.5500584369121709,0.0731910647802489,1.7010477710760434,0.0,0.0651321488028784,0.5862154752182284,none,open_what_if,1323,196,user,0.7272727272727273,BoundedRational,Persona,bounded rationality,Bicycle
1.9136390005663262,1.8635230557625257,0.002553651441855991,2.069888039760834,0.08198293796012684,0.9823638500531205,1.0223609114701373,none,open_what_if,1324,196,assistant,0.8181818181818182,BoundedRational,Persona,bounded rationality,Bicycle
0.985324754104302,1.7794873961197006,0.0,1.9926054306090832,0.8918520193797448,0.02762658109767465,1.8906735475971794,none,none,1349,196,user,0.9090909090909091,BoundedRational,Persona,bounded rationality,Bicycle
1.3070460389292633,1.6216365809147653,0.0,2.3255065390143983,0.09896732214230226,0.4559585887947471,1.332819551904469,none,open_what_if,1351,196,assistant,1.0,BoundedRational,Persona,bounded rationality,Bicycle
0.01264105741708566,0.00482232955218618,0.0010127110821249242,1.022429168313831,0.0005745043820882738,0.0,0.01304334431689544,none,none,1231,199,user,0.0,BoundedRational,Persona,bounded rationality,Bicycle
0.0,0.010089302446681409,0.0,1.000250467143594,0.0,0.0,0.0,none,clarify,1232,199,assistant,0.047619047619047616,BoundedRational,Persona,bounded rationality,Bicycle
0.015808800612270347,0.9878818465632595,0.0,1.9784027023075073,0.0039453103672834125,0.001571199774892238,0.010197506841155037,none,clarify,1241,199,user,0.09523809523809523,BoundedRational,Persona,bounded rationality,Bicycle
1.0844104900967861,1.8048652217445196,0.034373694412908995,1.978307295741034,0.9638462792412683,0.0,1.0727675763103408,none,open_what_if,1242,199,assistant,0.14285714285714285,BoundedRational,Persona,bounded rationality,Bicycle
0.7981865108688726,0.1841059306135753,0.15940961892230596,1.9158757486920917,0.0,0.4693518324095285,0.7837080648655884,none,none,1263,199,user,0.19047619047619047,BoundedRational,Persona,bounded rationality,Bicycle
0.7155953211930091,0.6155626244557573,0.48005499734110174,1.9053658143108907,0.06177897695907011,0.5045618318954697,0.607878462464921,none,open_what_if,1264,199,assistant,0.23809523809523808,BoundedRational,Persona,bounded rationality,Bicycle
0.7668438881684321,0.3479599115634524,0.5195344550983387,1.5983657291527178,0.0,0.0,0.48994299738741925,neutral,clarify,1275,199,user,0.2857142857142857,BoundedRational,Persona,bounded rationality,Bicycle
1.9808980362674635,1.090791531134075,0.050943739974824064,1.9892106678017187,0.004359343237030645,0.057224880307546674,0.953841678825882,none,open_what_if,1276,199,assistant,0.3333333333333333,BoundedRational,Persona,bounded rationality,Bicycle
1.8639669607539238,0.06935040628615152,0.004188583235661744,2.0862030179014344,0.04022405418171016,0.0,1.8556592222621948,none,none,1297,199,user,0.38095238095238093,BoundedRational,Persona,bounded rationality,Bicycle
1.3003196187567956,1.758393999937418,1.3812165245049197,2.1963280642769005,0.08974576732606569,0.0,1.7361230167398958,constructive,open_what_if,1298,199,assistant,0.42857142857142855,BoundedRational,Persona,bounded rationality,Bicycle
0.024181454920791105,0.14300214709186218,0.004851142156519717,2.007816870875946,0.013797624246671492,0.0,1.83477746308106,none,none,1307,199,user,0.47619047619047616,BoundedRational,Persona,bounded rationality,Bicycle
0.7402063696305853,1.7912398560938576,0.0,2.109311360325803,0.5490931814018303,0.000773828473889545,0.8615317263008916,none,open_what_if,1308,199,assistant,0.5238095238095238,BoundedRational,Persona,bounded rationality,Bicycle
0.9773346179642357,1.0788100454509202,0.030744541358639074,2.152652023149608,0.3724107167703972,0.0038394472384689973,1.1738544604982475,none,none,1326,199,user,0.5714285714285714,BoundedRational,Persona,bounded rationality,Bicycle
0.3965484443771701,1.4342744309238948,0.0,2.1093232831419373,0.3104737103417956,0.06778402277516551,1.5437940960205974,none,open_what_if,1328,199,assistant,0.6190476190476191,BoundedRational,Persona,bounded rationality,Bicycle
0.8695323457965944,0.03470911889812224,0.0533673586423074,1.9925008209022854,0.07440244455891445,0.0007550247203638096,1.8615408814180212,none,none,1339,199,user,0.6666666666666666,BoundedRational,Persona,bounded rationality,Bicycle
0.7565612291204327,1.613266250297118,0.01690407318317852,2.191510156432919,0.12020536212152425,0.005288404844612314,1.2157437612322355,none,open_what_if,1340,199,assistant,0.7142857142857143,BoundedRational,Persona,bounded rationality,Bicycle
0.8303777253683965,0.8552420311758635,0.002445938481301393,1.9219149671502413,0.9460089220165196,0.0,0.031653771072875876,none,none,1353,199,user,0.7619047619047619,BoundedRational,Persona,bounded rationality,Bicycle
1.668588347582732,1.3600717870285517,0.295373393446904,2.0086568320377522,0.05291291199579676,0.18302129855011876,1.5532294012721817,none,open_what_if,1354,199,assistant,0.8095238095238095,BoundedRational,Persona,bounded rationality,Bicycle
0.8478122096756592,0.9146359476756889,0.0,1.9731475455932035,0.9264623168692705,0.0,1.8758321602946408,none,none,1362,199,user,0.8571428571428571,BoundedRational,Persona,bounded rationality,Bicycle
0.6230929056972994,1.4237472655279002,0.3559667261168048,2.321872489367288,0.32245712045077246,0.014974959149938395,1.3205920366246422,none,open_what_if,1366,199,assistant,0.9047619047619048,BoundedRational,Persona,bounded rationality,Bicycle
0.46392476820359724,0.22313268378109946,0.26627667250021103,1.7648294113574436,0.5494041655034598,0.026229584352766913,0.38365081918402155,none,none,1373,199,user,0.9523809523809523,BoundedRational,Persona,bounded rationality,Bicycle
0.90237327849975,1.8704335346505432,0.9013898081111783,1.9839120980788645,0.05748227424953685,0.0,1.0684524735768868,constructive,open_what_if,1374,199,assistant,1.0,BoundedRational,Persona,bounded rationality,Bicycle
0.01264105741708566,0.00482232955218618,0.0010127110821249242,1.022429168313831,0.0005745043820882738,0.0,0.01304334431689544,none,none,1233,200,user,0.0,BoundedRational,Persona,bounded rationality,Bicycle
0.0,0.041547750250192896,0.0,1.460137339171365,0.0,0.0,0.0,none,clarify,1234,200,assistant,0.047619047619047616,BoundedRational,Persona,bounded rationality,Bicycle
0.015808800612270347,0.9878818465632595,0.0,1.9784027023075073,0.0039453103672834125,0.001571199774892238,0.010197506841155037,none,clarify,1256,200,user,0.09523809523809523,BoundedRational,Persona,bounded rationality,Bicycle
1.8243547817180907,1.2328884336147117,0.0,1.993197044499894,0.919199559384754,0.0,0.9709662144823005,none,open_what_if,1258,200,assistant,0.14285714285714285,BoundedRational,Persona,bounded rationality,Bicycle
0.06625054121593354,0.07864107057468354,0.0,1.0595849553686636,0.0900505331614791,0.0,0.13554266714532925,none,clarify,1261,200,user,0.19047619047619047,BoundedRational,Persona,bounded rationality,Bicycle
1.0962346006930705,1.1100854203042372,0.002553651441855991,1.9947061551268999,0.08874291330985987,0.05108085013017097,1.0490045070574845,none,open_what_if,1262,200,assistant,0.23809523809523808,BoundedRational,Persona,bounded rationality,Bicycle
0.6850545454528877,0.22597005010035706,0.0,2.014061014790966,0.14535757314869363,0.013060080444369356,0.5961583108183635,none,clarify,1282,200,user,0.2857142857142857,BoundedRational,Persona,bounded rationality,Bicycle
1.045502482201782,1.901414982219509,0.034373694412908995,2.0616968385169994,0.01126044090463213,0.0,1.014521261755863,none,open_what_if,1284,200,assistant,0.3333333333333333,BoundedRational,Persona,bounded rationality,Bicycle
0.8417641651723511,0.24125071733550488,0.06779107345433447,2.048767205662771,0.5244380675574737,0.335457870931606,1.2553227943085599,none,none,1288,200,user,0.38095238095238093,BoundedRational,Persona,bounded rationality,Bicycle
1.3284939074912858,1.6994256816014865,0.11860469380938991,2.053835234852612,0.3396700838434894,0.3204875987813386,1.295792296471264,none,open_what_if,1290,200,assistant,0.42857142857142855,BoundedRational,Persona,bounded rationality,Bicycle
0.37643683353826746,0.33386304951676943,0.02904086585888289,2.2275746364062097,0.3185170700086499,0.06580882228831789,0.694166596284506,none,none,1301,200,user,0.47619047619047616,BoundedRational,Persona,bounded rationality,Bicycle
1.9219327959583241,1.1471251135355953,0.03620342504211097,2.049718214546828,0.018327748328348024,1.0094500864149945,0.971686313149617,none,open_what_if,1302,200,assistant,0.5238095238095238,BoundedRational,Persona,bounded rationality,Bicycle
0.12243652158979657,0.008651061243540297,0.04728800728408261,1.0255328283427378,0.008943774913765015,0.0019469127615329655,0.0286589247733474,none,clarify,1311,200,user,0.5714285714285714,BoundedRational,Persona,bounded rationality,Bicycle
1.7618816703387195,1.515536245091703,0.0,1.932139588294032,0.018052827576517758,0.4848418945612147,1.1389703618680413,none,open_what_if,1312,200,assistant,0.6190476190476191,BoundedRational,Persona,bounded rationality,Bicycle
0.4638466196214562,0.08491665276151045,0.0,1.6194566212773558,0.37537983310449263,0.05852932691878167,0.7891414204541911,none,none,1319,200,user,0.6666666666666666,BoundedRational,Persona,bounded rationality,Bicycle
0.914403996787263,2.059225318648813,0.05951265168244855,2.0401323957192097,0.963253999064771,0.0,1.8588889838702094,none,open_what_if,1320,200,assistant,0.7142857142857143,BoundedRational,Persona,bounded rationality,Bicycle
0.26281271275118945,0.9807119058517708,0.9548894371910371,2.0342121895147294,0.5293195374328341,0.0,1.3607318433282074,constructive,none,1329,200,user,0.7619047619047619,BoundedRational,Persona,bounded rationality,Bicycle
1.1432050927080735,1.1257320888113282,0.048127719954321524,2.0320839963332844,0.07042903474855872,0.006740309783379389,1.9534886817168393,none,open_what_if,1331,200,assistant,0.8095238095238095,BoundedRational,Persona,bounded rationality,Bicycle
0.06816084476927495,0.15552912493507098,0.06354647450749476,1.997467308017135,0.036032164142214385,0.0,1.0984782110277527,none,none,1344,200,user,0.8571428571428571,BoundedRational,Persona,bounded rationality,Bicycle
0.8304683097648022,1.660210108816433,0.141826967002112,2.2725482645168267,0.0,0.06427986136592583,1.7941496285506395,none,open_what_if,1345,200,assistant,0.9047619047619048,BoundedRational,Persona,bounded rationality,Bicycle
0.7402511657758716,1.3163172236813838,0.07563228930063637,2.15974840620261,0.037958737042512555,0.08225594015486903,1.5674445009163884,none,none,1361,200,user,0.9523809523809523,BoundedRational,Persona,bounded rationality,Bicycle
1.0523391895679446,1.467581022621536,0.0011694971734547963,2.139897697125188,0.07880512398526007,0.09554438992815643,1.4743111857138929,none,open_what_if,1364,200,assistant,1.0,BoundedRational,Persona,bounded rationality,Bicycle
0.01264105741708566,0.00482232955218618,0.0010127110821249242,1.022429168313831,0.0005745043820882738,0.0,0.01304334431689544,none,none,1235,201,user,0.0,BoundedRational,Persona,bounded rationality,Bicycle
0.0,0.010089302446681409,0.0,1.000250467143594,0.0,0.0,0.0,none,clarify,1237,201,assistant,0.043478260869565216,BoundedRational,Persona,bounded rationality,Bicycle
0.015808800612270347,0.9878818465632595,0.0,1.9784027023075073,0.0039453103672834125,0.001571199774892238,0.010197506841155037,none,clarify,1247,201,user,0.08695652173913043,BoundedRational,Persona,bounded rationality,Bicycle
1.7015147939435609,1.4612026846935477,0.0,1.8628550501714671,0.14078519228469177,0.0,1.481633047463742,none,open_what_if,1248,201,assistant,0.13043478260869565,BoundedRational,Persona,bounded rationality,Bicycle
0.12944715312371796,0.24962476466030964,0.0,2.0169887671764104,0.05590116688488031,0.005015802229733914,0.203911371158641,none,none,1259,201,user,0.17391304347826086,BoundedRational,Persona,bounded rationality,Bicycle
1.956035078232546,1.1184290124780627,0.0,1.9968471966523218,0.022450415244433124,0.06093250826908619,1.0023505466128175,none,open_what_if,1260,201,assistant,0.21739130434782608,BoundedRational,Persona,bounded rationality,Bicycle
0.9162405333869277,0.1223998719579954,0.0,1.973277966346417,0.025705329121636582,0.0,1.8618310044541828,none,none,1267,201,user,0.2608695652173913,BoundedRational,Persona,bounded rationality,Bicycle
1.6621923974010264,1.2842090094258976,0.4252736219975761,2.0163190666872937,0.07410813726859748,0.6958198440666418,0.8183490030886583,none,open_what_if,1269,201,assistant,0.30434782608695654,BoundedRational,Persona,bounded rationality,Bicycle
0.7785463377901888,0.47098693255256235,0.005016395247316515,2.215451810486574,0.24191896435213267,0.583773911318665,0.8659474431430294,none,none,1291,201,user,0.34782608695652173,BoundedRational,Persona,bounded rationality,Bicycle
1.026213988505317,1.8818083940384378,0.01142015039525836,1.9713777013620204,0.02348643437021988,0.9702096027272579,1.1092647854355617,none,open_what_if,1293,201,assistant,0.391304347826087,BoundedRational,Persona,bounded rationality,Bicycle
0.47612253061174686,0.48066863180304376,0.0,2.063345116917833,0.09718578893604868,0.0,1.0894140001226749,none,none,1303,201,user,0.43478260869565216,BoundedRational,Persona,bounded rationality,Bicycle
1.8165049377115998,1.1832938332877847,0.0,1.835411118097822,0.012015607252555325,0.9610125867544052,1.2864336729986137,none,open_what_if,1304,201,assistant,0.4782608695652174,BoundedRational,Persona,bounded rationality,Bicycle
0.01885198744145023,0.05050574765735737,0.05726758119183509,1.9700630764582783,0.0,0.0038287901021970064,1.8661920425082104,none,none,1321,201,user,0.5217391304347826,BoundedRational,Persona,bounded rationality,Bicycle
1.9395333459519206,1.9343767510369188,0.0,2.004071435193017,0.11981532800402132,0.010484145447819022,1.1990867654250474,none,open_what_if,1322,201,assistant,0.5652173913043478,BoundedRational,Persona,bounded rationality,Bicycle
0.27486289856420976,0.6840271496095854,0.0,2.190933189515116,0.23660998924719448,0.0,1.5286501213159975,none,none,1343,201,user,0.6086956521739131,BoundedRational,Persona,bounded rationality,Bicycle
0.9520093455918289,1.950479878329189,0.038273916962436726,2.039627406991686,0.5756582526594105,0.010495938993382066,2.0588471429109116,none,open_what_if,1346,201,assistant,0.6521739130434783,BoundedRational,Persona,bounded rationality,Bicycle
0.5095395509306718,0.39492471813885716,0.0,1.9851924562488081,0.4001815884275764,0.0,1.9219129598653006,none,none,1367,201,user,0.6956521739130435,BoundedRational,Persona,bounded rationality,Bicycle
1.3710106765163814,1.361437583246068,0.010822764539579076,2.339770294031342,0.09764693668278317,0.01222382973619572,1.6601067254643584,none,open_what_if,1368,201,assistant,0.7391304347826086,BoundedRational,Persona,bounded rationality,Bicycle
0.10137807037326602,0.8307556095200543,0.006822964743645153,2.9259921120689194,0.9426266816011378,0.03151624922491904,0.0,none,none,1371,201,user,0.782608695652174,BoundedRational,Persona,bounded rationality,Bicycle
1.862309117983954,1.1582241671131117,0.0,2.05470151979539,0.08471144102187415,0.018475404203753352,1.986880351273176,none,open_what_if,1372,201,assistant,0.8260869565217391,BoundedRational,Persona,bounded rationality,Bicycle
0.1381745455141205,0.0,0.0,1.893972559811349,0.5480591416465199,0.028898600514543665,0.4844529044187857,none,none,1379,201,user,0.8695652173913043,BoundedRational,Persona,bounded rationality,Bicycle
1.0948835541243345,1.59837269202162,0.0,2.037336789437493,0.08856654452593592,0.4574038694412422,1.331941399308667,none,open_what_if,1382,201,assistant,0.9130434782608695,BoundedRational,Persona,bounded rationality,Bicycle
0.07691925474846326,0.3127290341424497,0.19451504643967363,2.0014904591554434,0.3521446800970965,0.0,1.0224838179558224,none,none,1385,201,user,0.9565217391304348,BoundedRational,Persona,bounded rationality,Bicycle
1.382867037287297,1.37377029544069,0.0,2.151329045954148,0.22035721987878076,0.12649423667020143,1.499383317769117,none,open_what_if,1386,201,assistant,1.0,BoundedRational,Persona,bounded rationality,Bicycle
0.01264105741708566,0.00482232955218618,0.0010127110821249242,1.022429168313831,0.0005745043820882738,0.0,0.01304334431689544,none,none,1236,202,user,0.0,BoundedRational,Persona,bounded rationality,Bicycle
0.0,0.010089302446681409,0.0,1.000250467143594,0.0,0.0,0.0,none,clarify,1238,202,assistant,0.07692307692307693,BoundedRational,Persona,bounded rationality,Bicycle
0.015808800612270347,0.9878818465632595,0.0,1.9784027023075073,0.0039453103672834125,0.001571199774892238,0.010197506841155037,none,clarify,1255,202,user,0.15384615384615385,BoundedRational,Persona,bounded rationality,Bicycle
1.4756915640651767,1.4022682626673566,0.2356584796853947,1.9062040301780727,0.06754403372733568,0.006226979786320536,1.598884844492109,none,open_what_if,1257,202,assistant,0.23076923076923078,BoundedRational,Persona,bounded rationality,Bicycle
0.8912095618808253,0.014144354043836557,0.0,2.0040629764595916,0.02446514468412255,0.0,1.852960962616608,none,none,1279,202,user,0.3076923076923077,BoundedRational,Persona,bounded rationality,Bicycle
1.9076030449269255,1.1820875670966242,0.0,2.056263733632817,0.06130705251227552,0.02067046127431745,1.098265951406288,none,open_what_if,1280,202,assistant,0.38461538461538464,BoundedRational,Persona,bounded rationality,Bicycle
0.7036875459166311,1.0573154841805865,0.007400044295406202,2.204312607860934,0.5252565710794921,0.012479848358101179,1.922538616627891,none,none,1315,202,user,0.46153846153846156,BoundedRational,Persona,bounded rationality,Bicycle
1.369436347548125,1.6044142501086367,0.0,2.348298303959609,0.022096276347360153,0.3169755349989732,0.9648334734794217,none,open_what_if,1316,202,assistant,0.5384615384615384,BoundedRational,Persona,bounded rationality,Bicycle
0.9710383770217371,0.4618644517480828,0.012424115239987992,1.9994849389493277,0.13215640619587526,0.47051661032197317,1.2980977913004494,none,none,1330,202,user,0.6153846153846154,BoundedRational,Persona,bounded rationality,Bicycle
1.9053576296575494,1.1452755580487897,0.0,2.0167381405349554,0.05994014545923282,0.03057011558488171,1.9345493437902987,none,open_what_if,1333,202,assistant,0.6923076923076923,BoundedRational,Persona,bounded rationality,Bicycle
0.7570697438558789,0.9728372055703868,0.0,2.24799211745901,0.6900197302996942,0.36769049977646073,2.197196017809963,none,none,1369,202,user,0.7692307692307693,BoundedRational,Persona,bounded rationality,Bicycle
1.7620900598864635,1.0681202718864833,0.006846125876518488,2.046248080844601,0.038258900486396526,0.026451241934377628,1.9566554640471578,none,open_what_if,1370,202,assistant,0.8461538461538461,BoundedRational,Persona,bounded rationality,Bicycle
0.042739521844578306,0.05712032122431234,0.0,2.0019671845597573,0.04049532690376113,0.0,1.9597309346803253,none,none,1383,202,user,0.9230769230769231,BoundedRational,Persona,bounded rationality,Bicycle
1.107649436780186,1.0253891789332603,0.005016395247316515,2.017422553745273,0.047822612405892403,0.03421050442454966,1.9047131009315281,none,open_what_if,1384,202,assistant,1.0,BoundedRational,Persona,bounded rationality,Bicycle
0.01264105741708566,0.00482232955218618,0.0010127110821249242,1.022429168313831,0.0005745043820882738,0.0,0.01304334431689544,none,none,1239,203,user,0.0,BoundedRational,Persona,bounded rationality,Bicycle
0.0,0.010089302446681409,0.0,1.000250467143594,0.0,0.0,0.0,none,clarify,1240,203,assistant,0.09090909090909091,BoundedRational,Persona,bounded rationality,Bicycle
0.015808800612270347,0.9878818465632595,0.0,1.9784027023075073,0.0039453103672834125,0.001571199774892238,0.010197506841155037,none,clarify,1249,203,user,0.18181818181818182,BoundedRational,Persona,bounded rationality,Bicycle
1.8693898085484617,1.329684649454922,0.0,1.694844978077653,0.11545850063055918,0.44593032493743595,1.1595023968206926,none,open_what_if,1252,203,assistant,0.2727272727272727,BoundedRational,Persona,bounded rationality,Bicycle
1.9152334177564911,0.12162833957039729,0.0,1.1012494454108845,0.0022923859287834795,0.9917515017714851,0.9908193992676947,none,open_what_if,1292,203,user,0.36363636363636365,BoundedRational,Persona,bounded rationality,Bicycle
1.1554295825402712,1.8242035190588304,0.0,1.9886423890721678,0.002891194595185867,0.9480510199156222,1.004270141597495,none,open_what_if,1294,203,assistant,0.45454545454545453,BoundedRational,Persona,bounded rationality,Bicycle
0.8234836960285757,0.9428323943592667,0.0,1.8835870722901213,0.05110506127211875,0.0,1.3132715309826106,none,open_what_if,1341,203,user,0.5454545454545454,BoundedRational,Persona,bounded rationality,Bicycle
1.1501207651583614,1.433832607101617,0.0,2.0208052578420412,0.32706015612873524,0.35432216292769325,0.9331780976953364,none,open_what_if,1342,203,assistant,0.6363636363636364,BoundedRational,Persona,bounded rationality,Bicycle
0.059137620759335,0.6153083142782168,0.010924936620194304,2.1517718823394825,0.40920223724093285,0.0,1.8205197394527801,none,none,1355,203,user,0.7272727272727273,BoundedRational,Persona,bounded rationality,Bicycle
1.0917845634321401,1.3726410973461527,0.0,2.1198190160176704,0.06371690221329561,0.1333335940472563,1.2661264446647453,none,open_what_if,1356,203,assistant,0.8181818181818182,BoundedRational,Persona,bounded rationality,Bicycle
0.12911160190886645,0.46211376796527004,0.002553651441855991,2.0694249762089747,0.24828610934187045,0.0,1.7442637850559155,none,none,1377,203,user,0.9090909090909091,BoundedRational,Persona,bounded rationality,Bicycle
1.2400101246090296,1.484512756987198,0.0,2.0668759052214134,0.32240864354288773,0.3110637028342904,1.9374678727092873,none,open_what_if,1380,203,assistant,1.0,BoundedRational,Persona,bounded rationality,Bicycle
0.01264105741708566,0.00482232955218618,0.0010127110821249242,1.022429168313831,0.0005745043820882738,0.0,0.01304334431689544,none,none,1285,204,user,0.0,BoundedRational,Persona,bounded rationality,Bicycle
0.0,0.010089302446681409,0.0,1.000250467143594,0.0,0.0,0.0,none,clarify,1286,204,assistant,0.06666666666666667,BoundedRational,Persona,bounded rationality,Bicycle
0.015808800612270347,0.9878818465632595,0.0,1.9784027023075073,0.0039453103672834125,0.001571199774892238,0.010197506841155037,none,clarify,1287,204,user,0.13333333333333333,BoundedRational,Persona,bounded rationality,Bicycle
0.8533798965484581,1.9066103292864711,0.0,2.077463076079962,0.7695817328083164,0.021515590255442724,1.3856613722118822,none,open_what_if,1289,204,assistant,0.2,BoundedRational,Persona,bounded rationality,Bicycle
0.9474498737551722,1.769204190205003,0.0,1.9786106466357543,0.9608016644580095,0.008187255197098411,0.9776937121030892,none,open_what_if,1299,204,user,0.26666666666666666,BoundedRational,Persona,bounded rationality,Bicycle
1.2031885126920994,1.8514213408884614,0.0,1.88589832511214,0.2303120722628357,0.358086115114,1.3604976966643534,none,open_what_if,1300,204,assistant,0.3333333333333333,BoundedRational,Persona,bounded rationality,Bicycle
0.9355398485828234,0.020323850623331762,0.0,1.999802750080992,0.051814894633956735,0.0,1.9086294298297644,none,none,1313,204,user,0.4,BoundedRational,Persona,bounded rationality,Bicycle
1.0696854665318385,1.5405025344908032,0.002261412543350449,2.2514414641110694,0.21682029858566962,0.26380798861124366,1.669991775811608,none,open_what_if,1314,204,assistant,0.4666666666666667,BoundedRational,Persona,bounded rationality,Bicycle
0.7233912786881999,0.968191772247024,0.023409654829673138,2.296039084541317,0.2801112814464053,0.09046211492143666,1.791913231345349,none,none,1332,204,user,0.5333333333333333,BoundedRational,Persona,bounded rationality,Bicycle
1.1241435218701463,1.3658254828111283,0.002925621706010582,2.0069317261043365,0.012376205638785654,0.2777005002827691,1.559091840729632,none,open_what_if,1334,204,assistant,0.6,BoundedRational,Persona,bounded rationality,Bicycle
0.8878053278382854,0.0,0.0,1.9592847052765447,0.030578054954094606,0.006024595868530006,1.8506723746676477,none,none,1347,204,user,0.6666666666666666,BoundedRational,Persona,bounded rationality,Bicycle
1.4861143876354088,1.3055317446343477,0.0,2.01862464826121,0.24540408041379458,0.5061977547925977,1.2606837805777888,none,open_what_if,1348,204,assistant,0.7333333333333333,BoundedRational,Persona,bounded rationality,Bicycle
0.710061560472467,0.3844602828734763,0.1127040320375952,1.7928430144199614,0.1397623185141838,0.007983093302282675,1.1092992101284933,none,none,1357,204,user,0.8,BoundedRational,Persona,bounded rationality,Bicycle
1.846932940244981,1.0981947148233682,0.002553651441855991,1.9365178544861683,0.03135654033808572,0.9500344040203318,1.0691162319967003,none,open_what_if,1358,204,assistant,0.8666666666666667,BoundedRational,Persona,bounded rationality,Bicycle
1.0065886228610776,0.12422306607981795,0.0,2.0179465287562337,0.049260997136662946,0.007128756195632384,2.064168719363623,none,none,1375,204,user,0.9333333333333333,BoundedRational,Persona,bounded rationality,Bicycle
1.5807734035845882,1.4214886813423353,0.0,2.044041670941703,0.18835726507886302,0.19351419512774373,1.388563530767943,none,open_what_if,1376,204,assistant,1.0,BoundedRational,Persona,bounded rationality,Bicycle
0.01264105741708566,0.00482232955218618,0.0010127110821249242,1.022429168313831,0.001494180507970417,0.0,0.01304334431689544,none,none,1387,205,user,0.0,GPT,GPT,GPT,Library
0.0,0.010089302446681409,0.0,1.0033228817489568,0.0,0.0,0.0,none,clarify,1388,205,assistant,0.058823529411764705,GPT,GPT,GPT,Library
0.017391577180013443,0.9864908639138626,0.0,2.0231320623003413,0.0,0.0,0.0,none,clarify,1408,205,user,0.11764705882352941,GPT,GPT,GPT,Library
0.4177079314634421,1.8751665408749194,0.0,2.275137121242965,0.5476765730706912,0.02813395153221502,2.0034173202890244,none,none,1410,205,assistant,0.17647058823529413,GPT,GPT,GPT,Library
0.02966214231056216,1.2363044099864762,0.0015089910455597635,1.9179971273094025,0.3385821914965754,0.026381373127936928,0.9896553874775439,none,none,1441,205,user,0.23529411764705882,GPT,GPT,GPT,Library
0.3334667434120052,1.4845908906825183,0.0,2.225104361820208,0.7693432976486851,0.0293255169164657,1.4989318093309578,none,none,1445,205,assistant,0.29411764705882354,GPT,GPT,GPT,Library
0.30038342974274385,0.4614420076373466,0.17264702773502655,1.6830274707171564,0.3941573880284061,0.0,0.4927415206483873,none,clarify,1471,205,user,0.35294117647058826,GPT,GPT,GPT,Library
0.020773678983572057,2.0103891975546295,0.028400871224706376,2.3564347661363665,0.6992841813637606,0.002237127451788381,1.10393044094784,none,none,1472,205,assistant,0.4117647058823529,GPT,GPT,GPT,Library
0.08926955017450156,0.3463241945243457,0.05820424204112786,1.9620698371879706,0.2913319350851803,0.2858598815880958,0.900621134147581,none,clarify,1487,205,user,0.47058823529411764,GPT,GPT,GPT,Library
0.24305092940442466,1.5341541519419541,0.011703145374571565,2.2497005489450626,0.7806226827571563,0.0,1.8578941197047592,none,none,1488,205,assistant,0.5294117647058824,GPT,GPT,GPT,Library
0.016509442238952784,0.6601571759770778,0.2720422377842531,1.8111456834414676,0.530138121893329,0.07354722534982304,1.0245944948649348,neutral,none,1509,205,user,0.5882352941176471,GPT,GPT,GPT,Library
0.09275857215285377,1.6145251503263045,0.0,2.4013620052316247,0.7019111087354968,0.0,1.8620271084319162,none,none,1510,205,assistant,0.6470588235294118,GPT,GPT,GPT,Library
0.14987783047868905,0.6771270605111189,0.0130038506336508,1.7542751063333173,0.2911197300877705,0.004609585852603395,0.8452474430292803,none,clarify,1531,205,user,0.7058823529411765,GPT,GPT,GPT,Library
0.5117971420990594,1.8960953013615822,0.7290540721684118,2.3823605351437354,0.5164914511814944,0.0,1.5587311005776807,none,none,1532,205,assistant,0.7647058823529411,GPT,GPT,GPT,Library
0.06136095664300692,0.44860616099289213,0.46509833208148793,2.1966386875186066,0.19500155643995354,0.16144619201013632,0.2010730660708765,none,clarify,1555,205,user,0.8235294117647058,GPT,GPT,GPT,Library
0.23255349304323192,1.7304165849067188,0.642098790103079,2.33891695160511,0.5036963486217604,0.006496935973652295,1.6058859351450134,none,none,1556,205,assistant,0.8823529411764706,GPT,GPT,GPT,Library
0.0,0.3675012546277709,0.0,1.734657796612764,0.46813648721901263,0.0,0.530528594401107,none,none,1566,205,user,0.9411764705882353,GPT,GPT,GPT,Library
0.48906628560535703,1.604785211024353,0.0686125702302078,2.2975268606130297,0.48495516863368604,0.03718334334586549,1.2640518874455864,none,none,1568,205,assistant,1.0,GPT,GPT,GPT,Library
0.01264105741708566,0.00482232955218618,0.0010127110821249242,1.022429168313831,0.001494180507970417,0.0,0.01304334431689544,none,none,1389,206,user,0.0,GPT,GPT,GPT,Library
0.0,0.010089302446681409,0.0,1.0033228817489568,0.0,0.0,0.0,none,clarify,1390,206,assistant,0.058823529411764705,GPT,GPT,GPT,Library
0.017391577180013443,0.9864908639138626,0.0,2.0231320623003413,0.0,0.0,0.0,none,clarify,1423,206,user,0.11764705882352941,GPT,GPT,GPT,Library
0.5702547774939228,1.6526621689823122,0.0,2.3690286463789247,0.5563989216104515,0.21682589099533983,1.7371398361269672,none,none,1424,206,assistant,0.17647058823529413,GPT,GPT,GPT,Library
0.1757026622340726,0.019615618865677153,0.46096157911729124,1.6621773280123404,0.18309903926872478,0.08989824012276691,0.33606412706586164,neutral,none,1431,206,user,0.23529411764705882,GPT,GPT,GPT,Library
0.36820362644190363,1.360329626403952,0.00714368970778513,2.3839390370498013,0.5893724830236416,0.08072673909689076,1.7693602967321522,none,none,1432,206,assistant,0.29411764705882354,GPT,GPT,GPT,Library
0.1502654065222685,0.16470844343405922,0.01852711045670524,1.4014030387326102,0.024619101313519066,0.21758597229901258,0.1476909066051024,none,clarify,1442,206,user,0.35294117647058826,GPT,GPT,GPT,Library
0.48229328748023054,1.5222965126089683,0.0,2.2278704379310215,0.6366174582341833,0.09733190587346466,1.75533004398173,none,none,1446,206,assistant,0.4117647058823529,GPT,GPT,GPT,Library
0.5134411259192806,0.6143111457808681,0.00714368970778513,1.9851902311521878,0.06438524596850591,0.008701550783689501,0.9263889621686601,none,none,1461,206,user,0.47058823529411764,GPT,GPT,GPT,Library
0.49798287874236374,1.8376393526909502,0.0089734203369871,2.4857820293021997,0.7684263829315061,0.019137574740735575,1.342451525794816,none,none,1462,206,assistant,0.5294117647058824,GPT,GPT,GPT,Library
0.6738340419386828,0.867913236573639,0.0089734203369871,2.1570511492605076,0.32893243101713865,0.0,1.7755589060255332,none,none,1479,206,user,0.5882352941176471,GPT,GPT,GPT,Library
0.856789970500856,1.7891269109711958,0.0,2.3226408165767976,0.517731332214937,0.3179577498715416,2.00921184892804,none,none,1480,206,assistant,0.6470588235294118,GPT,GPT,GPT,Library
0.29306192870120396,0.31489732405219817,0.08841296837432301,1.9368737390929993,0.17982969708419724,0.016770665623916194,1.2158535098806016,none,clarify,1489,206,user,0.7058823529411765,GPT,GPT,GPT,Library
0.560378327117161,1.8126352323842307,0.021032649670718478,2.4091315680797196,0.5396025754873967,0.025769255381873375,1.9865248336455132,none,none,1490,206,assistant,0.7647058823529411,GPT,GPT,GPT,Library
0.8494021029837631,0.7251149213940516,0.06667185384090468,2.0568705818178317,0.44966573372716084,0.04609230944063511,0.9262775925811707,none,open_what_if,1507,206,user,0.8235294117647058,GPT,GPT,GPT,Library
0.42864590801844527,1.6620598266719468,0.0,2.290277065323081,0.8020757498160608,0.025974546159192976,1.3440095229821623,none,none,1508,206,assistant,0.8823529411764706,GPT,GPT,GPT,Library
0.34299031179702993,0.19193118768899475,0.4721172494604245,1.7701755208392769,0.40800675606248527,0.0,1.013732061665694,none,clarify,1517,206,user,0.9411764705882353,GPT,GPT,GPT,Library
0.9824994626868616,1.5302473468881739,0.006385979149412406,2.288075954095119,0.7292472090271699,0.01621727418593358,2.011316784620865,none,none,1519,206,assistant,1.0,GPT,GPT,GPT,Library
0.01264105741708566,0.00482232955218618,0.0010127110821249242,1.022429168313831,0.001494180507970417,0.0,0.01304334431689544,none,none,1392,208,user,0.0,GPT,GPT,GPT,Library
0.0,0.08336117221917082,0.0,1.02388464950815,0.06880326256823865,0.0,0.011024424504684901,none,clarify,1395,208,assistant,0.04,GPT,GPT,GPT,Library
0.017391577180013443,0.9864908639138626,0.0,2.0231320623003413,0.0,0.0,0.0,none,clarify,1419,208,user,0.08,GPT,GPT,GPT,Library
0.6268527469151323,1.6636499302930343,0.0,2.3807350409781476,0.4234591988559075,0.046252222920930716,2.009699019787632,none,none,1422,208,assistant,0.12,GPT,GPT,GPT,Library
0.3724690956621538,0.26282991895854796,0.0,1.9685756416139446,0.14937148960324936,0.0221134592530644,1.0106072149485632,none,none,1425,208,user,0.16,GPT,GPT,GPT,Library
0.44273817179627484,1.5304334278416132,0.0,2.207306656782273,0.931918338673234,0.31535193405899453,1.3770135375253758,none,none,1426,208,assistant,0.2,GPT,GPT,GPT,Library
0.8996790054031036,0.29457808867046115,0.31660593090255046,2.096110267229421,0.25973845213729313,0.0,0.7957538785144923,neutral,none,1437,208,user,0.24,GPT,GPT,GPT,Library
0.3684109309116764,1.560520681225246,0.0,2.2359824919588682,0.6481830515429798,0.2139935536252445,1.8747378925313334,none,none,1438,208,assistant,0.28,GPT,GPT,GPT,Library
0.722716943333497,0.7297525399419563,0.0,2.0676982901684,0.2951424079993027,0.281354515645516,1.4296297565067067,none,none,1453,208,user,0.32,GPT,GPT,GPT,Library
0.3550072457614567,1.9196406767638614,0.15529021157129191,2.4490119977198552,0.8037571634217094,0.0,1.0559937200143188,none,none,1454,208,assistant,0.36,GPT,GPT,GPT,Library
0.03818801410182055,0.8981707813940534,0.003400513149894673,2.1844997797119614,0.15998052095378842,0.05473648442947632,0.33421862016887516,none,none,1459,208,user,0.4,GPT,GPT,GPT,Library
0.7903436141802993,2.0698137419040816,0.023202680636665758,2.5227589871570997,0.3086054008702454,0.043154222873927686,1.5093882200785367,none,none,1460,208,assistant,0.44,GPT,GPT,GPT,Library
0.02720004120236944,0.46147905079460666,0.0,2.135326293376926,0.05075823879169737,0.0,0.6652827984800608,none,none,1473,208,user,0.48,GPT,GPT,GPT,Library
0.5890193893408318,1.7649919162621264,0.009565177106548507,2.2297838889728974,0.4012995135425863,0.0,1.1365096974877793,none,none,1474,208,assistant,0.52,GPT,GPT,GPT,Library
0.5365380252035458,0.5524007318160766,0.0,2.009706576858931,0.1228925372749634,0.034146861731515384,1.1338137974921527,none,none,1492,208,user,0.56,GPT,GPT,GPT,Library
0.5076152959641214,1.44519267113505,0.04460604008572632,2.163623749358219,0.6002920243665111,0.05919924968690855,0.9094823142409058,none,none,1494,208,assistant,0.6,GPT,GPT,GPT,Library
0.33123321519748755,0.5207930283474141,0.05430401949160013,1.886520021090424,0.24828589519198882,0.15501814115102272,0.9223812861631376,none,clarify,1518,208,user,0.64,GPT,GPT,GPT,Library
0.4854390468825413,1.56407458720342,0.0,2.3335871804842654,0.7685411497731057,0.0,1.5750764089739262,none,none,1520,208,assistant,0.68,GPT,GPT,GPT,Library
0.7923412355821452,0.21583488764579095,0.004360856769559029,2.16484890626267,0.07797742736104418,0.03230681663217239,0.32100580307732146,none,clarify,1537,208,user,0.72,GPT,GPT,GPT,Library
0.6024283912877914,1.5078967094772477,0.059025229904416124,2.1383689511165156,0.8285090844423967,0.05371887922626284,1.568022389475835,none,none,1538,208,assistant,0.76,GPT,GPT,GPT,Library
0.38414004704723165,0.8569818435557713,0.0,1.8788747234636642,0.21839539505255573,0.0,0.858759654924011,none,none,1553,208,user,0.8,GPT,GPT,GPT,Library
0.3517475417209547,2.0265635591410383,0.0,2.4222393258234547,0.9515132615002414,0.2774267957943436,1.4334190089568428,none,none,1554,208,assistant,0.84,GPT,GPT,GPT,Library
0.2571218673996841,0.8541176399430093,0.06308851064806462,2.349579729487071,0.2069860952490819,0.04935591174914413,0.7282709334608698,none,none,1569,208,user,0.88,GPT,GPT,GPT,Library
0.28047385303190264,1.7975840185498655,0.10861333806574393,2.3414274361580585,0.7350944003064526,0.01399384693170435,1.457202828216172,none,none,1570,208,assistant,0.92,GPT,GPT,GPT,Library
0.3126173909967946,0.1728722634813197,0.027366275314910538,1.3107148637366164,0.009326992568303185,0.0,0.271232990905088,none,clarify,1571,208,user,0.96,GPT,GPT,GPT,Library
0.4679711689383338,1.6298379614407859,0.0,2.4947513858921813,0.3931518335636879,0.2477959354068784,2.3137575392110157,none,none,1572,208,assistant,1.0,GPT,GPT,GPT,Library
0.01264105741708566,0.00482232955218618,0.0010127110821249242,1.022429168313831,0.001494180507970417,0.0,0.01304334431689544,none,none,1394,209,user,0.0,GPT,GPT,GPT,Library
0.0,0.010089302446681409,0.0,1.0033228817489568,0.0,0.0,0.0,none,clarify,1398,209,assistant,0.047619047619047616,GPT,GPT,GPT,Library
0.017391577180013443,0.9864908639138626,0.0,2.0231320623003413,0.0,0.0,0.0,none,clarify,1416,209,user,0.09523809523809523,GPT,GPT,GPT,Library
0.35182613673669116,1.7688670441266632,0.003178197618647614,2.283082279824497,0.3969304016137913,0.07227678520197701,1.8215824898301523,none,none,1420,209,assistant,0.14285714285714285,GPT,GPT,GPT,Library
0.5375115994851886,0.48569041944756214,0.16865679370727135,1.9652407433088266,0.27915600082449,0.0,0.9736038196835388,none,none,1451,209,user,0.19047619047619047,GPT,GPT,GPT,Library
0.6147594885798058,1.8893972278669495,0.018657905901834027,2.3837684720388546,1.06578269102217,0.09589405300945605,1.3479349964726137,none,none,1452,209,assistant,0.23809523809523808,GPT,GPT,GPT,Library
0.1195663771335293,0.18157956443162712,0.0,1.3752913342953756,0.06330039023205301,0.009434413782029217,0.6961442129986511,none,clarify,1463,209,user,0.2857142857142857,GPT,GPT,GPT,Library
0.7641141828090849,1.8196489286173732,0.0,2.326774809481004,0.6817502408768585,0.052973890610844926,1.9594963806416026,none,none,1464,209,assistant,0.3333333333333333,GPT,GPT,GPT,Library
0.3049320834032839,0.6629772789803436,0.3198048431713897,1.9978657185992037,0.21408745596561013,0.08614449864857195,0.9048821142617104,none,none,1491,209,user,0.38095238095238093,GPT,GPT,GPT,Library
0.46405295178626205,1.9807373560930837,0.0,2.5825812247910034,0.5448344095702107,0.05103548859127598,2.079819692027962,none,none,1493,209,assistant,0.42857142857142855,GPT,GPT,GPT,Library
0.2079852336146703,0.25539281757454346,0.1899325935501662,1.4493267143642619,0.15856403945160713,0.0,0.6529924979065649,none,clarify,1501,209,user,0.47619047619047616,GPT,GPT,GPT,Library
0.4679572443319591,1.9239303060139334,0.0,2.641799600714616,0.5458014392910719,0.0,2.018922592245015,none,none,1502,209,assistant,0.5238095238095238,GPT,GPT,GPT,Library
0.014740405877405655,0.10025812247247026,0.0,1.5548331655639285,0.036420541587991254,0.17474729437864486,0.6085704166599727,none,clarify,1511,209,user,0.5714285714285714,GPT,GPT,GPT,Library
0.5153791227702768,1.7667486808885078,0.0,2.3354157584669197,1.0025438217911713,0.09578225796863613,1.828927727871705,none,none,1512,209,assistant,0.6190476190476191,GPT,GPT,GPT,Library
0.4710698181513998,0.257070438981497,0.0,1.7508618774667921,0.23312109409172838,0.243508521560269,0.7021216837355321,none,clarify,1527,209,user,0.6666666666666666,GPT,GPT,GPT,Library
0.5875692384159837,1.6374957839614517,0.0,2.5590153917121787,0.5132569960226233,0.46072863887213744,1.4495590273709664,none,none,1528,209,assistant,0.7142857142857143,GPT,GPT,GPT,Library
0.17766802449170416,0.3673813811325779,0.006846125876518488,1.2879098743641098,0.31449678195622727,0.0,0.6233631588434522,none,clarify,1539,209,user,0.7619047619047619,GPT,GPT,GPT,Library
0.5620870736134964,1.7431638232042834,0.012558790430164881,2.377929341980378,1.0876000929719591,0.0,2.383294194832546,none,none,1540,209,assistant,0.8095238095238095,GPT,GPT,GPT,Library
0.07156118406750955,0.0,0.026049060568703084,0.9784807557112211,0.19392218986039647,0.06015323578900186,0.13007215008553963,none,clarify,1542,209,user,0.8571428571428571,GPT,GPT,GPT,Library
0.7074828574876386,1.818318505801241,0.0,2.2147179683401843,0.8489351821371605,0.042326527369550705,2.1765160172113354,none,none,1544,209,assistant,0.9047619047619048,GPT,GPT,GPT,Library
0.9713156643612633,0.2023780560982779,0.15284576818606008,1.2217907738084453,0.16753201184229233,0.1939701226333401,0.5302876988829023,none,clarify,1559,209,user,0.9523809523809523,GPT,GPT,GPT,Library
0.7077704932676949,1.7557197142160166,0.0,2.3904725423827515,0.6312928116280714,0.21539872332868717,2.1186089529447094,none,none,1560,209,assistant,1.0,GPT,GPT,GPT,Library
0.01264105741708566,0.00482232955218618,0.0010127110821249242,1.022429168313831,0.001494180507970417,0.0,0.01304334431689544,none,none,1396,210,user,0.0,GPT,GPT,GPT,Library
0.0,0.010089302446681409,0.0,1.0033228817489568,0.0,0.0,0.0,none,clarify,1401,210,assistant,0.04,GPT,GPT,GPT,Library
0.017391577180013443,0.9864908639138626,0.0,2.0231320623003413,0.0,0.0,0.0,none,clarify,1415,210,user,0.08,GPT,GPT,GPT,Library
0.15036191425482115,0.5940673833869774,0.013697164887809678,2.2960881437458625,0.5068452002276126,0.006782516862713636,1.4162255596881421,none,none,1417,210,assistant,0.12,GPT,GPT,GPT,Library
0.45486038739791523,0.4367725736688315,0.14010930671355412,1.120137611949961,0.0,0.008530220506466346,0.0,none,clarify,1435,210,user,0.16,GPT,GPT,GPT,Library
0.4323017156561923,1.6251849911805705,0.019622509817190787,2.397263637882067,0.5060611689404569,0.12522068760224223,1.8205164970012429,none,none,1436,210,assistant,0.2,GPT,GPT,GPT,Library
0.5916668384811459,0.5108350779525591,0.0032319602366055553,1.6859994094186075,0.400374725339198,0.0,0.5138570003242654,none,none,1449,210,user,0.24,GPT,GPT,GPT,Library
0.18741401617233025,1.673973525939593,0.0,2.4830760722256033,0.7878604811535729,0.026769918937135255,1.6460388695565318,none,none,1450,210,assistant,0.28,GPT,GPT,GPT,Library
0.12469702564703568,0.5451175984840632,0.004383382071057957,1.9586746278105225,0.4129995410941156,0.0,0.9863785310553519,none,none,1466,210,user,0.32,GPT,GPT,GPT,Library
0.48604405408381274,1.327897950514234,0.0,2.3209333578564357,0.7865618110302789,0.0,2.11210754098391,none,none,1468,210,assistant,0.36,GPT,GPT,GPT,Library
0.9229252627914936,0.41434984687552784,0.0533673586423074,1.3991972910495682,0.0,0.10929924739856482,0.9035982487626429,none,clarify,1475,210,user,0.4,GPT,GPT,GPT,Library
0.4264295704027357,0.520620775431915,0.0,2.292298874942861,0.4862295464742007,0.1295911339786045,1.311300920934194,none,none,1476,210,assistant,0.44,GPT,GPT,GPT,Library
0.27510478995091586,0.3529390019888354,0.05227743805233596,2.149035517111347,0.06783354139225622,0.0,0.9780360516071367,none,clarify,1495,210,user,0.48,GPT,GPT,GPT,Library
0.8354280657315597,1.699121392204045,0.41851511957831855,2.3331499344907427,0.3709241925967659,0.016474664200194333,1.9198761649583844,constructive,none,1497,210,assistant,0.52,GPT,GPT,GPT,Library
0.32973361926987504,0.11088810657907508,0.1074300732696844,1.9505817083150034,0.060962869746839295,0.003207348486933921,0.6674000388831891,none,clarify,1521,210,user,0.56,GPT,GPT,GPT,Library
0.12265778953078947,1.7826439072681983,0.02308543603863665,2.113064940904525,0.47282337686569126,0.1667291409606629,1.557913338622153,none,none,1522,210,assistant,0.6,GPT,GPT,GPT,Library
0.21922168843644574,0.2401506560738368,0.0089734203369871,1.4512529519727997,0.39417958640016204,0.006330798812584672,0.2595567659202883,none,clarify,1533,210,user,0.64,GPT,GPT,GPT,Library
0.0,1.4130340545732698,0.0,2.2702070445015234,0.781178635100605,0.0,1.6754229261047535,none,none,1534,210,assistant,0.68,GPT,GPT,GPT,Library
0.24902793293684583,0.4268310113279768,0.060420075211536424,1.555121108924096,0.06255426929492904,0.03542357657730325,0.30819738328350166,none,clarify,1535,210,user,0.72,GPT,GPT,GPT,Library
0.6867774765616648,1.3516691701240469,0.0,2.369340358949243,0.6089492498512923,0.035738563381457644,2.172970625202854,none,none,1536,210,assistant,0.76,GPT,GPT,GPT,Library
0.16477263631633263,0.3957495861636628,0.13802684327785486,1.6385897112430141,0.22905981394722646,0.03508069624485344,0.2080599761290214,none,none,1547,210,user,0.8,GPT,GPT,GPT,Library
0.44445453920644074,1.7195530482971344,0.0,2.446915650623982,0.8266500648186625,0.10344968210063636,2.039737553312844,none,none,1548,210,assistant,0.84,GPT,GPT,GPT,Library
0.24868408890890698,0.48248218251963076,0.10551359265077291,1.684429637109694,0.18904904223617602,0.14887847560632425,0.3747229954259386,none,none,1551,210,user,0.88,GPT,GPT,GPT,Library
0.30784895539278384,1.669621545534802,0.0,2.28868758674256,0.9617172594712002,0.040260037952058216,1.655805908917533,none,none,1552,210,assistant,0.92,GPT,GPT,GPT,Library
0.183191245204369,0.18594467941977327,0.00026948956362060384,2.126121623158994,0.20458585653512637,0.13220283051138768,0.3041876786970741,none,none,1557,210,user,0.96,GPT,GPT,GPT,Library
0.19063600271572614,1.8455257902163895,0.0019393693707956548,2.561326030752248,0.7287784566032754,0.0,1.826222410053602,none,none,1558,210,assistant,1.0,GPT,GPT,GPT,Library
0.01264105741708566,0.00482232955218618,0.0010127110821249242,1.022429168313831,0.001494180507970417,0.0,0.01304334431689544,none,none,1397,211,user,0.0,GPT,GPT,GPT,Library
0.0,0.010089302446681409,0.0,1.0033228817489568,0.0,0.0,0.0,none,clarify,1399,211,assistant,0.058823529411764705,GPT,GPT,GPT,Library
0.017391577180013443,0.9864908639138626,0.0,2.0231320623003413,0.0,0.0,0.0,none,clarify,1413,211,user,0.11764705882352941,GPT,GPT,GPT,Library
0.04069196614696777,1.9421265918164805,0.0,2.3938478489548607,0.3454881826475471,0.08971775286748897,1.7003526052667,none,none,1421,211,assistant,0.17647058823529413,GPT,GPT,GPT,Library
0.07301059495907175,0.4101748777068267,0.27532570269464607,1.276344613775302,0.1638956060763281,0.09821078996194507,0.07389760123475138,none,clarify,1427,211,user,0.23529411764705882,GPT,GPT,GPT,Library
0.0,0.3694413331926768,0.38226654752937833,1.5377329591751279,0.5722435086172577,0.25803944138776364,0.17719083156016877,none,none,1428,211,assistant,0.29411764705882354,GPT,GPT,GPT,Library
0.24657827790188402,1.041029566892992,0.2040976471410404,1.9815296591290354,0.0,0.1520453962795231,0.022744270997690448,none,clarify,1443,211,user,0.35294117647058826,GPT,GPT,GPT,Library
0.23896409973312127,1.0342979128783185,0.0,2.3693681854618363,0.40035604732661817,0.0,1.5002437978722263,none,none,1447,211,assistant,0.4117647058823529,GPT,GPT,GPT,Library
0.15894019390003808,1.0922245172991332,0.47352422196909705,1.711789472657732,0.0,0.06763810910910782,0.6306897085594387,none,clarify,1469,211,user,0.47058823529411764,GPT,GPT,GPT,Library
0.3266974794921814,0.8923085384922076,0.0035909845722181723,2.484862909661395,0.4030149037166296,0.03821242160077137,1.5459119296424202,none,none,1470,211,assistant,0.5294117647058824,GPT,GPT,GPT,Library
0.6855989970471569,0.2247630361424693,0.2227428223620385,1.2136387164904563,0.08243644689942571,0.06818776366094437,0.36827522916024763,none,clarify,1482,211,user,0.5882352941176471,GPT,GPT,GPT,Library
0.5049372877445393,1.7857171184291767,0.0,2.369701104612545,0.38804490336237035,0.03378872728893337,1.2544647338455552,none,none,1484,211,assistant,0.6470588235294118,GPT,GPT,GPT,Library
0.11952393710200207,0.24261334925592026,0.10840127240639735,1.8807323077505085,0.0714607017451164,0.01479085073092314,0.6155478752711543,none,clarify,1503,211,user,0.7058823529411765,GPT,GPT,GPT,Library
0.3174332525883565,1.66761641959423,0.35123395939455254,2.3911878258315817,0.6581588572294956,0.014117397534114166,1.9879539792940506,none,none,1504,211,assistant,0.7647058823529411,GPT,GPT,GPT,Library
0.13886847829213042,0.6346404371725994,0.0,1.7554947306535666,0.43496699093280256,0.01639229969930409,0.7875529564004317,none,clarify,1523,211,user,0.8235294117647058,GPT,GPT,GPT,Library
0.5626433349601403,1.5162551124962378,0.18631262590040404,2.385315443087697,0.49804289555288545,0.08528860251208856,2.2163345669438326,none,none,1526,211,assistant,0.8823529411764706,GPT,GPT,GPT,Library
0.30990119544501216,0.24674874621802892,0.0891967638591653,1.6038027799272792,0.43622247711242507,0.029577610176637723,0.3547013702262422,none,none,1541,211,user,0.9411764705882353,GPT,GPT,GPT,Library
0.606006348801921,1.707776413821141,0.0,2.6612784319722524,0.4081118075984257,0.05607821969585451,1.2303831066562059,none,none,1543,211,assistant,1.0,GPT,GPT,GPT,Library
0.01264105741708566,0.00482232955218618,0.0010127110821249242,1.022429168313831,0.001494180507970417,0.0,0.01304334431689544,none,none,1400,212,user,0.0,GPT,GPT,GPT,Library
0.0,0.010089302446681409,0.0,1.0033228817489568,0.0,0.0,0.0,none,clarify,1402,212,assistant,0.058823529411764705,GPT,GPT,GPT,Library
0.017391577180013443,0.9864908639138626,0.0,2.0231320623003413,0.0,0.0,0.0,none,clarify,1411,212,user,0.11764705882352941,GPT,GPT,GPT,Library
0.3340855693991977,1.742132198027374,0.0,2.240729138499508,0.39656783089965364,0.05277455231232689,1.867485607446009,none,none,1412,212,assistant,0.17647058823529413,GPT,GPT,GPT,Library
0.20313561364168423,0.26504545128448165,0.33071514435503835,1.656271846111975,0.04628516595237802,0.038204938674534256,0.8964849042024525,none,clarify,1433,212,user,0.23529411764705882,GPT,GPT,GPT,Library
0.01686503371726608,1.6374076358271297,0.7459065016567219,2.3671458630148905,0.4439624218870221,0.0,1.5522695593555644,constructive,none,1434,212,assistant,0.29411764705882354,GPT,GPT,GPT,Library
0.21940714098143324,0.6804169533676874,0.7860929242696391,2.0194487320657215,0.2674385474305116,0.0,0.5395300659707102,none,none,1455,212,user,0.35294117647058826,GPT,GPT,GPT,Library
0.5715243301934313,1.8996717176744493,0.6707759582685778,2.494654229873903,0.4419226738273047,0.0,1.9350943733295185,neutral,none,1456,212,assistant,0.4117647058823529,GPT,GPT,GPT,Library
0.4972091318150624,0.326578104783859,0.4503286552896994,1.8725094188665692,0.15163985188792667,0.05493536688908367,0.4165916241662691,none,none,1481,212,user,0.47058823529411764,GPT,GPT,GPT,Library
1.0465770706620052,1.405170571650493,0.18240429740941766,2.5166038005364197,0.5146256469272249,0.0,1.5380876949524809,none,none,1483,212,assistant,0.5294117647058824,GPT,GPT,GPT,Library
0.7566090682275423,0.6737369738560823,0.3883360013209443,1.9434869830389958,0.0,0.1469887703011141,0.6456526700025647,none,clarify,1499,212,user,0.5882352941176471,GPT,GPT,GPT,Library
0.5898192735519278,1.5989843476735914,0.16324624005321803,2.2871052630754107,0.4407266333539609,0.024381568518983175,1.7707153558935762,none,none,1500,212,assistant,0.6470588235294118,GPT,GPT,GPT,Library
0.35626276081254055,0.49703123716506853,0.009050218072362724,1.0007331543639404,0.09450742429092485,0.012965036990032923,0.4087491716497102,none,clarify,1505,212,user,0.7058823529411765,GPT,GPT,GPT,Library
0.6377781295269218,1.8734701927606303,0.012157226137552074,2.4838466702466095,0.9368445001396082,0.04580469932612346,1.8991104988855225,none,none,1506,212,assistant,0.7647058823529411,GPT,GPT,GPT,Library
0.37912156254471413,0.5809885512462625,0.004578773821709373,1.0932842461835586,0.1150239147963993,0.04399709112410692,0.8925784760197728,none,clarify,1515,212,user,0.8235294117647058,GPT,GPT,GPT,Library
0.7137035899040836,1.3875687815227558,0.07695265226776196,2.2231700867636492,0.8237097833617957,0.04278671525163783,1.6712780925096786,none,none,1516,212,assistant,0.8823529411764706,GPT,GPT,GPT,Library
0.00021703361758468234,0.6079928213753967,0.0,1.7678912207899418,0.06217740955699974,0.0,1.2051421299454224,none,none,1545,212,user,0.9411764705882353,GPT,GPT,GPT,Library
0.03187545812311112,1.5075912380008547,0.1767733739230324,2.3182220545208136,0.4598692159127138,0.0,1.2982555125891404,none,none,1546,212,assistant,1.0,GPT,GPT,GPT,Library
0.01264105741708566,0.00482232955218618,0.0010127110821249242,1.022429168313831,0.001494180507970417,0.0,0.01304334431689544,none,none,1403,213,user,0.0,GPT,GPT,GPT,Library
0.0,0.010089302446681409,0.0,1.0033228817489568,0.0,0.0,0.0,none,clarify,1404,213,assistant,0.07692307692307693,GPT,GPT,GPT,Library
0.017391577180013443,0.9864908639138626,0.0,2.0231320623003413,0.0,0.0,0.0,none,clarify,1414,213,user,0.15384615384615385,GPT,GPT,GPT,Library
0.35465941721832694,1.8812207789338942,0.0,2.3576893586644556,0.46270741429737455,0.16259297634513475,2.1196685299255122,none,none,1418,213,assistant,0.23076923076923078,GPT,GPT,GPT,Library
0.13664291487642133,0.9513022080367213,0.12058297597375726,2.1049217413685444,0.21999577304446064,0.008900897384348712,0.8434789597988307,none,clarify,1444,213,user,0.3076923076923077,GPT,GPT,GPT,Library
0.2226072331137172,1.551519718675762,0.0,2.2727533373784436,0.7793460218003544,0.0073283160115180605,1.1464927045440334,none,none,1448,213,assistant,0.38461538461538464,GPT,GPT,GPT,Library
0.3074365512086943,1.0457602957469123,0.0,2.054123757607428,0.4052919282499851,0.05776154215157514,1.1862119055647355,none,clarify,1496,213,user,0.46153846153846156,GPT,GPT,GPT,Library
0.31435634288965636,1.8728232018084099,0.00695944453105678,2.263707264852024,0.4998480569551956,0.007646160286246999,1.9674196533839172,none,none,1498,213,assistant,0.5384615384615384,GPT,GPT,GPT,Library
0.42076621316134805,0.25348546737799704,0.1620458304219523,1.8560987548291368,0.11563088387104378,0.42301145483344904,0.7772734046850875,none,clarify,1529,213,user,0.6153846153846154,GPT,GPT,GPT,Library
0.5945231610229877,0.7039727217646891,0.0,2.2749710814459783,0.557781751459237,0.4050040316430218,1.2380680158036894,none,none,1530,213,assistant,0.6923076923076923,GPT,GPT,GPT,Library
0.48322832893499706,0.8180548717666377,0.16014608498097344,1.9685244957733736,0.25638907136136735,0.0,1.2400622146398763,none,none,1563,213,user,0.7692307692307693,GPT,GPT,GPT,Library
0.7390221451287539,1.9286059715167472,0.1130599478443607,2.247708437122123,0.7944872217879041,0.0,1.4765886240752628,none,none,1564,213,assistant,0.8461538461538461,GPT,GPT,GPT,Library
0.01264105741708566,0.00482232955218618,0.0010127110821249242,1.022429168313831,0.07422506633906799,0.0,0.029386301752469153,none,none,1573,213,user,0.9230769230769231,GPT,GPT,GPT,Library
0.6682666363557038,1.697115408526388,0.306907833988777,2.407103391554138,0.58225517727632,0.026586974103552815,1.7782945709034765,none,none,1574,213,assistant,1.0,GPT,GPT,GPT,Library
0.01264105741708566,0.00482232955218618,0.0010127110821249242,1.022429168313831,0.001494180507970417,0.0,0.01304334431689544,none,none,1405,214,user,0.0,GPT,GPT,GPT,Library
0.0,0.08336117221917082,0.0,1.02388464950815,0.06880326256823865,0.0,0.011024424504684901,none,clarify,1406,214,assistant,0.04,GPT,GPT,GPT,Library
0.017391577180013443,0.9864908639138626,0.0,2.0231320623003413,0.0,0.0,0.0,none,clarify,1407,214,user,0.08,GPT,GPT,GPT,Library
0.3625935315351314,1.8248248197404175,0.0,2.3655527893645596,0.42980173074163014,0.1349753331303484,2.3229737781533015,none,none,1409,214,assistant,0.12,GPT,GPT,GPT,Library
0.49702801640165406,0.61333370572238,0.0,2.3364966029845626,0.1965095315213025,0.0,0.832164840866773,none,none,1429,214,user,0.16,GPT,GPT,GPT,Library
0.17397403214553916,1.7502957207021408,0.0,2.427457565058341,0.35989491313168714,0.01655569310330449,2.0177380925036834,none,none,1430,214,assistant,0.2,GPT,GPT,GPT,Library
0.1799863669179921,0.06459933342333583,0.10551453858644491,1.6679670032565064,0.24959075354003069,0.0033721086846087707,0.43620047107679316,none,clarify,1439,214,user,0.24,GPT,GPT,GPT,Library
0.4188724332872438,1.8257672760435828,0.0,2.4165618806176368,0.6027918213495576,0.0,2.0777252857636106,none,none,1440,214,assistant,0.28,GPT,GPT,GPT,Library
0.12373076442073429,0.6075701795607182,0.5878045772678235,1.6822281182017333,0.5974104142816204,0.01905408292264294,1.22443826117931,none,none,1457,214,user,0.32,GPT,GPT,GPT,Library
0.2635624097156502,1.8037117387982435,0.348079489435122,2.51032311242201,0.5515300484555129,0.3575322071041142,1.566841092514929,none,none,1458,214,assistant,0.36,GPT,GPT,GPT,Library
0.17798565661613513,0.42673953191548253,0.1689768680875728,1.9810816589519042,0.04906369728492934,0.2736971487534381,0.9353611272825696,none,none,1465,214,user,0.4,GPT,GPT,GPT,Library
0.5817567754842348,2.1031260717017832,0.007238944224289456,2.518491757585615,0.46335654048144365,0.3268212964386079,1.233986363240894,none,none,1467,214,assistant,0.44,GPT,GPT,GPT,Library
0.0803341768102968,0.2647826730875342,0.10427545668789637,1.4286307332150046,0.28709436554479134,0.0,0.35838994244872435,none,none,1477,214,user,0.48,GPT,GPT,GPT,Library
0.4498733459561388,1.6616875987988216,0.01846771342488543,2.157727879829421,0.8950026042172231,0.012827570427525734,1.8893943923416554,none,none,1478,214,assistant,0.52,GPT,GPT,GPT,Library
0.14113390689497837,0.9491081592271104,0.055053369992074955,1.5340590012845605,0.43097402626886083,0.0,0.26050064045441507,none,none,1485,214,user,0.56,GPT,GPT,GPT,Library
0.3781575884425071,1.8586417312159114,0.014629282350490642,2.4986285224077034,0.6475661459988581,0.0,2.277624437700092,none,none,1486,214,assistant,0.6,GPT,GPT,GPT,Library
0.10937663781208153,0.6988842544093669,0.47823087626407523,2.0277108223402514,0.07277697576817091,0.0,0.5398796645057272,none,clarify,1513,214,user,0.64,GPT,GPT,GPT,Library
0.2563996312009255,1.705849934705224,0.011370932005550635,2.238427069820889,0.4783897092730619,0.019164318409166547,1.4909238988605982,none,none,1514,214,assistant,0.68,GPT,GPT,GPT,Library
0.2955030150583444,0.42896357721594114,0.06158063137445663,1.4525921593328581,0.25358796633131564,0.0,0.5654513243085654,none,none,1524,214,user,0.72,GPT,GPT,GPT,Library
0.5659168957821318,1.6171427975337969,0.0,2.387069532659246,0.9258120940461468,0.02588666864364414,1.7609843751645649,none,none,1525,214,assistant,0.76,GPT,GPT,GPT,Library
0.22418832878910047,0.3858998908270807,0.0,1.918333315591793,0.021486536387719708,0.12262745024433304,0.029333915307296697,none,clarify,1549,214,user,0.8,GPT,GPT,GPT,Library
0.33715387253369106,1.7500299855285404,0.0,2.3641731250051268,0.43666112773421806,0.16666775396965813,1.7456635970678755,none,none,1550,214,assistant,0.84,GPT,GPT,GPT,Library
0.5696924478700781,0.08840210889631105,0.4861243027964821,1.5703496241318742,0.3209160191055579,0.03261603211229517,0.4284722614138922,none,none,1561,214,user,0.88,GPT,GPT,GPT,Library
0.6276673277298551,1.4933814560199379,0.0019393693707956548,2.3131011970725757,0.9463177634861217,0.0912268100538593,2.241200686024241,none,none,1562,214,assistant,0.92,GPT,GPT,GPT,Library
0.626876152708211,0.47171148049983397,0.4853698257571637,1.7319053734062781,0.14975648169103323,0.0,0.8783030285591661,none,none,1565,214,user,0.96,GPT,GPT,GPT,Library
0.0,0.010089302446681409,0.0,1.0033228817489568,0.01606953261471452,0.0,0.0024746292299324835,none,clarify,1567,214,assistant,1.0,GPT,GPT,GPT,Library
0.01264105741708566,0.00482232955218618,0.0010127110821249242,1.022429168313831,0.0005745043820882738,0.0,0.01304334431689544,none,none,1577,216,user,0.0,Rational,Persona,strictly rational,Library
0.0,0.010089302446681409,0.0,1.000250467143594,0.0,0.0,0.0,none,clarify,1579,216,assistant,0.06666666666666667,Rational,Persona,strictly rational,Library
0.017391577180013443,0.9864908639138626,0.0,1.9883534953283946,0.0,0.0,0.0,none,clarify,1597,216,user,0.13333333333333333,Rational,Persona,strictly rational,Library
0.6450715680004159,1.9628426669050236,0.009541201376348658,2.3401732131536686,0.0,0.09185300347052876,0.7845318941495523,none,clarify,1598,216,assistant,0.2,Rational,Persona,strictly rational,Library
0.6450715680004159,1.4742688811693743,0.009541201376348658,2.305269737590875,0.0,0.09185300347052876,0.7845318941495523,none,clarify,1619,216,user,0.26666666666666666,Rational,Persona,strictly rational,Library
1.5151431786219711,1.6016548354820654,0.0,2.187475696333961,0.07582198884203847,0.2674103616620359,1.265239491014666,none,open_what_if,1620,216,assistant,0.3333333333333333,Rational,Persona,strictly rational,Library
0.09663435202631918,1.926241468144158,0.0009172342759983568,2.03199069818221,0.1112344927258503,0.004352473066698087,1.055729865648829,none,criteria_setting,1631,216,user,0.4,Rational,Persona,strictly rational,Library
1.0406358090092678,2.811399873497358,0.014165926582744898,2.8807232747003657,0.0,0.04584875245669745,0.07249084000938535,none,criteria_setting,1632,216,assistant,0.4666666666666667,Rational,Persona,strictly rational,Library
0.3680620011973796,0.5582154535871207,0.0,2.1544901427605896,0.5052647456299613,0.0,1.363065004200347,none,none,1657,216,user,0.5333333333333333,Rational,Persona,strictly rational,Library
0.8409306934914579,1.6880371581628795,0.020249785539254894,1.9435492360987763,0.2633912569813316,0.1851956999121551,1.6613059159289871,none,open_what_if,1659,216,assistant,0.6,Rational,Persona,strictly rational,Library
0.11691674432506238,0.09079163141225975,0.0,1.115841366221688,0.02244999239567093,0.016762189081040373,1.9065907098919046,none,none,1681,216,user,0.6666666666666666,Rational,Persona,strictly rational,Library
1.0972650060847062,1.6022725200825487,0.014124632773334934,2.008854425135927,0.4516610215408857,0.39934135234699303,1.203389730944971,none,open_what_if,1683,216,assistant,0.7333333333333333,Rational,Persona,strictly rational,Library
0.8075629989444857,0.8898110800387411,0.0,2.07393722385304,0.09000959447424345,0.0,1.9455651302244523,none,none,1713,216,user,0.8,Rational,Persona,strictly rational,Library
1.007909683641835,1.1268841369448206,0.0,1.998803733138308,0.01065898330812221,0.0012736401555662376,0.11542620113553757,none,open_what_if,1714,216,assistant,0.8666666666666667,Rational,Persona,strictly rational,Library
0.12685169454805126,0.09053653170905175,0.0,1.7952194438601687,0.3033695425704231,0.40569273014865537,0.7161149685417509,none,none,1739,216,user,0.9333333333333333,Rational,Persona,strictly rational,Library
1.0005125858126538,1.9908590002621103,0.0,2.0261026823392276,0.8582913630698235,0.0346303763470977,1.0305383723138164,none,open_what_if,1742,216,assistant,1.0,Rational,Persona,strictly rational,Library
0.01264105741708566,0.00482232955218618,0.0010127110821249242,1.022429168313831,0.0005745043820882738,0.0,0.01304334431689544,none,none,1578,217,user,0.0,Rational,Persona,strictly rational,Library
0.0,0.010089302446681409,0.0,1.000250467143594,0.0,0.0,0.0,none,clarify,1580,217,assistant,0.07692307692307693,Rational,Persona,strictly rational,Library
0.017391577180013443,0.9864908639138626,0.0,1.9883534953283946,0.0,0.0,0.0,none,clarify,1614,217,user,0.15384615384615385,Rational,Persona,strictly rational,Library
0.17161870360176343,0.8686567334359717,0.7490785498085647,2.2274168583936778,0.019079781016218406,0.1198910883711249,0.09733217707242448,none,criteria_setting,1616,217,assistant,0.23076923076923078,Rational,Persona,strictly rational,Library
0.7071974458679101,0.33441175304118287,0.44779298012433144,1.9772404604846623,0.14622186731238662,0.01717747115484095,0.5101811806259462,none,none,1647,217,user,0.3076923076923077,Rational,Persona,strictly rational,Library
0.8368015784343025,1.6358940608849741,0.23222041501361027,2.1573984481275916,0.0,0.00850967482810284,1.0202377736929995,none,open_what_if,1648,217,assistant,0.38461538461538464,Rational,Persona,strictly rational,Library
0.2690445501602,0.969354919979386,0.032227924290117345,2.1554618437351225,0.19260989704893874,0.11838095086493809,1.0845716761272952,none,none,1687,217,user,0.46153846153846156,Rational,Persona,strictly rational,Library
0.19172880082902174,2.846832806287907,2.821201641813054,2.878340622148469,0.028186716779277952,0.04824217010683492,0.969715262198186,constructive,criteria_setting,1688,217,assistant,0.5384615384615384,Rational,Persona,strictly rational,Library
0.03446981489347186,0.1347610386892351,0.9099074345183686,1.9857703555223463,0.039635470876108886,0.0,0.14832478737603777,neutral,none,1709,217,user,0.6153846153846154,Rational,Persona,strictly rational,Library
1.0096125256326036,1.7138991810503754,0.3303110327813279,2.2005087507949956,0.37593698284329324,0.09035308567867131,0.9257922976919764,none,open_what_if,1711,217,assistant,0.6923076923076923,Rational,Persona,strictly rational,Library
0.4692969303272216,0.12701923795992015,0.38325963533258406,1.8833374161042027,0.30147572078847795,0.0,0.2505967041142841,none,none,1725,217,user,0.7692307692307693,Rational,Persona,strictly rational,Library
0.8016942927330193,1.6217670866624907,0.05565497493658618,1.9594176462798465,0.04982498760527943,0.1328848551532514,0.9009265349335308,none,open_what_if,1726,217,assistant,0.8461538461538461,Rational,Persona,strictly rational,Library
0.8680901788535089,0.552794293466911,0.0,1.6587137272739203,0.18350933620133117,0.011970941441795122,1.0377644884060702,none,none,1743,217,user,0.9230769230769231,Rational,Persona,strictly rational,Library
0.9938841160013309,1.7381183591247749,0.48051902922911566,1.9246914525960224,0.01816695631372124,0.5070238407675842,0.9971914320403235,none,open_what_if,1744,217,assistant,1.0,Rational,Persona,strictly rational,Library
0.01264105741708566,0.00482232955218618,0.0010127110821249242,1.022429168313831,0.0005745043820882738,0.0,0.01304334431689544,none,none,1582,218,user,0.0,Rational,Persona,strictly rational,Library
0.0,0.010089302446681409,0.0,1.000250467143594,0.0,0.0,0.0,none,clarify,1585,218,assistant,0.09090909090909091,Rational,Persona,strictly rational,Library
0.017391577180013443,0.9864908639138626,0.0,1.9883534953283946,0.0,0.0,0.0,none,clarify,1609,218,user,0.18181818181818182,Rational,Persona,strictly rational,Library
0.577440777310074,2.4035605144193677,0.7808902992377915,2.163022052908856,0.0,0.14595155203377702,0.4146409943262781,none,criteria_setting,1610,218,assistant,0.2727272727272727,Rational,Persona,strictly rational,Library
0.2030909696883929,1.4833536151165767,0.7157744593778018,2.1291586802480937,0.014930407896775374,0.07412721900571562,0.9356507632476558,none,none,1629,218,user,0.36363636363636365,Rational,Persona,strictly rational,Library
0.6515349166887819,2.267740607685061,0.018657905901834027,2.1382726708753097,0.08329150150993701,0.27698865243064824,0.6359926365620067,none,criteria_setting,1630,218,assistant,0.45454545454545453,Rational,Persona,strictly rational,Library
0.7370712423773628,0.9503776404897992,0.0,2.210835849803518,0.054883798390643536,0.04514252945336348,0.9078772505547674,none,none,1669,218,user,0.5454545454545454,Rational,Persona,strictly rational,Library
0.9709534703166616,1.9346414593823198,0.0029877261963241154,2.023527971890595,0.0,0.011967629875449986,1.8617828276659436,none,open_what_if,1670,218,assistant,0.6363636363636364,Rational,Persona,strictly rational,Library
0.14091910529134735,0.19999690531211606,0.6136398998060066,1.8932579425144849,0.2512185993603039,0.0,0.49445728720712795,none,none,1699,218,user,0.7272727272727273,Rational,Persona,strictly rational,Library
0.9646448118630888,1.8074825564615613,0.0080624662255843,2.141203622730717,0.10971710597497526,0.04656724057181771,0.9635219395369617,none,open_what_if,1700,218,assistant,0.8181818181818182,Rational,Persona,strictly rational,Library
0.02901520992662764,0.7374630012928954,0.020487636531035996,2.0201565212892567,0.24409000235202838,0.0,0.5708226211159203,none,none,1740,218,user,0.9090909090909091,Rational,Persona,strictly rational,Library
1.094345927293606,2.0097742404021415,0.007470709456022899,2.3523518509156287,0.0,0.3285041091389684,1.100140867657789,none,open_what_if,1741,218,assistant,1.0,Rational,Persona,strictly rational,Library
0.01264105741708566,0.00482232955218618,0.0010127110821249242,1.022429168313831,0.0005745043820882738,0.0,0.01304334431689544,none,none,1581,219,user,0.0,Rational,Persona,strictly rational,Library
0.0,0.010089302446681409,0.0,1.000250467143594,0.0,0.0,0.0,none,clarify,1583,219,assistant,0.043478260869565216,Rational,Persona,strictly rational,Library
0.017391577180013443,0.9864908639138626,0.0,1.9883534953283946,0.0,0.0,0.0,none,clarify,1603,219,user,0.08695652173913043,Rational,Persona,strictly rational,Library
0.8489826141289326,2.482480413106359,0.33897281484936853,2.394886251015326,0.0,0.17735079674409265,0.07129893948656238,none,criteria_setting,1604,219,assistant,0.13043478260869565,Rational,Persona,strictly rational,Library
0.4703043658956051,0.5155579709689384,0.06388503865973105,2.083416522251768,0.09244568364302118,0.3740322639095246,1.0302401512307877,none,none,1617,219,user,0.17391304347826086,Rational,Persona,strictly rational,Library
1.6570928389152249,1.375914303629653,0.018722502207356648,1.916678124035681,0.10137034616908855,0.25682155243184684,0.952856238142797,none,open_what_if,1618,219,assistant,0.21739130434782608,Rational,Persona,strictly rational,Library
0.9921094426333137,0.8897072421520721,0.3977949125107349,1.8339164395108614,0.25659239288296315,0.16064609317157258,1.411901088491408,none,none,1633,219,user,0.2608695652173913,Rational,Persona,strictly rational,Library
1.529648510308911,1.571617116819855,0.026790266837512972,1.9619531037609126,0.0,0.5639999776692353,0.9165835296242085,none,open_what_if,1635,219,assistant,0.30434782608695654,Rational,Persona,strictly rational,Library
1.8811080708051955,0.9814468273711097,0.01257323210286074,2.0269070914678196,0.014467853714720046,0.9511513916955499,1.8738192230164834,none,none,1644,219,user,0.34782608695652173,Rational,Persona,strictly rational,Library
1.053894951799318,1.3788622062075133,0.3690590015863152,2.0714876130006163,0.03704404653411536,0.6776016457536399,0.7716934890005734,none,open_what_if,1646,219,assistant,0.391304347826087,Rational,Persona,strictly rational,Library
0.02065184584771977,0.15649004052342558,0.020254701564797646,1.9832030439976907,0.026971309860249218,0.9393548454772809,1.816937363822223,none,none,1662,219,user,0.43478260869565216,Rational,Persona,strictly rational,Library
1.174050775210114,1.8083642949934342,0.24561547353631305,2.3589273001969677,0.01755505436979127,0.5155205213310133,1.353835365300149,none,open_what_if,1663,219,assistant,0.4782608695652174,Rational,Persona,strictly rational,Library
0.04900189889548651,0.0,0.0,1.02575996289044,0.015942993576951857,0.0,0.0,none,clarify,1671,219,user,0.5217391304347826,Rational,Persona,strictly rational,Library
1.8137969964938994,2.7970642435589625,0.003178197618647614,2.846157647223962,0.0,0.95273778892954,0.20691569025049444,none,criteria_setting,1672,219,assistant,0.5652173913043478,Rational,Persona,strictly rational,Library
0.03884253974801019,0.07212089146579469,0.03041206868491138,1.0727513772167103,0.016211575502766303,0.02319525940416453,0.021090566866373783,none,none,1677,219,user,0.6086956521739131,Rational,Persona,strictly rational,Library
0.956622518840047,1.9795953873740024,0.02941585547994502,1.9893604785885404,0.866895939329237,0.05846863403223429,1.8699493332455694,none,open_what_if,1679,219,assistant,0.6521739130434783,Rational,Persona,strictly rational,Library
0.8161169106692938,1.0252027773748837,0.005230243779096638,2.005347260223353,0.10876359350615908,0.004857319384840565,1.8383005702952482,none,none,1689,219,user,0.6956521739130435,Rational,Persona,strictly rational,Library
1.0362947470619988,1.739159439637877,0.0008759404665884264,1.9382898074200134,0.3394775044566151,0.238193659201632,0.787984809383584,none,open_what_if,1690,219,assistant,0.7391304347826086,Rational,Persona,strictly rational,Library
0.10967620823259171,0.7028917494262301,0.06269214562915462,1.7910325787251755,0.6911062563531601,0.000626494431513702,0.20434207404493018,none,none,1695,219,user,0.782608695652174,Rational,Persona,strictly rational,Library
1.1480874679385202,1.983874526316073,0.007470709456022899,2.0177654109509726,0.035661526356349595,0.9638663273444974,1.94104162549602,none,open_what_if,1696,219,assistant,0.8260869565217391,Rational,Persona,strictly rational,Library
0.04315597349130782,0.849526208162741,0.017540516290532396,1.9281089510967908,0.9325686735246671,0.0,0.0868374204931962,none,none,1703,219,user,0.8695652173913043,Rational,Persona,strictly rational,Library
1.004830846864464,1.9271255732811043,0.0,2.0171332753667968,0.0214481136421328,0.03521604923901069,1.955007456093154,none,open_what_if,1704,219,assistant,0.9130434782608695,Rational,Persona,strictly rational,Library
0.4815169723245937,1.3018668182026871,0.01274406257878555,2.0252118507979313,0.25447569614680293,0.02751075720304775,1.6149586225557369,none,none,1727,219,user,0.9565217391304348,Rational,Persona,strictly rational,Library
0.7024715802287127,1.7545370168221475,0.023460940891585586,2.0621730857725655,0.1614790572086819,0.08962274773392685,1.1620560230990225,none,open_what_if,1729,219,assistant,1.0,Rational,Persona,strictly rational,Library
0.01264105741708566,0.00482232955218618,0.0010127110821249242,1.022429168313831,0.0005745043820882738,0.0,0.01304334431689544,none,none,1584,220,user,0.0,Rational,Persona,strictly rational,Library
0.0,0.010089302446681409,0.0,1.000250467143594,0.0,0.0,0.0,none,clarify,1586,220,assistant,0.058823529411764705,Rational,Persona,strictly rational,Library
0.017391577180013443,0.9864908639138626,0.0,1.9883534953283946,0.0,0.0,0.0,none,clarify,1601,220,user,0.11764705882352941,Rational,Persona,strictly rational,Library
0.9155932454563473,2.074481526376544,0.0015089910455597635,2.0218812216509825,0.0,0.021462134000657784,0.07588617416501943,none,criteria_setting,1602,220,assistant,0.17647058823529413,Rational,Persona,strictly rational,Library
0.4236563087575491,0.43275593399952395,0.2633273161361749,2.0508594618148557,0.2185385015241971,0.07822359263619573,0.4574741303734937,neutral,none,1625,220,user,0.23529411764705882,Rational,Persona,strictly rational,Library
1.0361673812977858,1.9766825996578474,0.040958594161395086,2.0695967623123797,0.03667926783938037,0.9464842575556027,0.15576640288474075,none,criteria_setting,1626,220,assistant,0.29411764705882354,Rational,Persona,strictly rational,Library
0.0001273087503017341,0.11751487963994892,0.9186618399762623,2.04504051217241,0.05011951624184727,0.011415540212504047,0.1338343664974443,neutral,none,1649,220,user,0.35294117647058826,Rational,Persona,strictly rational,Library
0.9378803953697731,2.765871205870032,0.0,2.862982943602909,0.024703871253093906,0.04049426261842792,1.85774396703107,none,criteria_setting,1650,220,assistant,0.4117647058823529,Rational,Persona,strictly rational,Library
0.25576286962604955,0.4795553011318794,0.47087404375722436,1.883491864417933,0.17007945852684428,0.026626069720844085,0.8275204642679251,none,none,1658,220,user,0.47058823529411764,Rational,Persona,strictly rational,Library
0.9596587455020273,1.862299064654631,0.011962688775112034,2.205714776693746,0.04769238953036586,0.34786707305972225,1.5404088826773756,none,open_what_if,1660,220,assistant,0.5294117647058824,Rational,Persona,strictly rational,Library
0.8681263287810923,0.8367592004573317,0.3910666225963547,1.9985937752530007,0.0708524841658477,0.0,1.8625162931490138,none,none,1675,220,user,0.5882352941176471,Rational,Persona,strictly rational,Library
0.18144028718553232,2.8828881541505753,1.9394899603903661,2.874887832370889,0.01219198776973985,0.031259079607553995,0.1502231764783107,constructive,criteria_setting,1676,220,assistant,0.6470588235294118,Rational,Persona,strictly rational,Library
0.8664349478979031,1.0015967911584065,0.06404300579048189,2.052366501106113,0.9016120021226685,0.0,2.0220185859060504,none,none,1715,220,user,0.7058823529411765,Rational,Persona,strictly rational,Library
0.7345121868572598,1.9058483146759766,0.4225122775035598,2.065226320415649,0.32294482362122295,0.06614314899866658,1.2133718810556835,none,none,1716,220,assistant,0.7647058823529411,Rational,Persona,strictly rational,Library
0.16712816305226216,0.6039887309567891,0.4660519562435204,1.8862746024504518,0.4349295987548378,0.0,1.2742080522411343,none,none,1733,220,user,0.8235294117647058,Rational,Persona,strictly rational,Library
0.9771950590553198,2.1167162952554017,0.020487636531035996,2.0514931371298286,0.06102998312681534,0.0,1.8675709323515592,none,open_what_if,1734,220,assistant,0.8823529411764706,Rational,Persona,strictly rational,Library
0.23442813774696566,0.740603764582133,0.08064467091507778,1.937246145815943,0.32241250707948116,0.0,1.247528979637488,none,none,1745,220,user,0.9411764705882353,Rational,Persona,strictly rational,Library
1.0308282157473783,1.907389443439255,0.03685709459081193,2.0244623887008175,0.02611832573478101,0.015293804806645219,1.0219609293099081,none,open_what_if,1746,220,assistant,1.0,Rational,Persona,strictly rational,Library
0.01264105741708566,0.00482232955218618,0.0010127110821249242,1.022429168313831,0.0005745043820882738,0.0,0.01304334431689544,none,none,1587,221,user,0.0,Rational,Persona,strictly rational,Library
0.0,0.010089302446681409,0.0,1.000250467143594,0.0,0.0,0.0,none,clarify,1588,221,assistant,0.043478260869565216,Rational,Persona,strictly rational,Library
0.017391577180013443,0.9864908639138626,0.0,1.9883534953283946,0.0,0.0,0.0,none,clarify,1605,221,user,0.08695652173913043,Rational,Persona,strictly rational,Library
0.04231003843127768,2.9259382049917795,0.018657905901834027,2.947825348186989,0.0,0.015304473365496651,0.0,none,criteria_setting,1606,221,assistant,0.13043478260869565,Rational,Persona,strictly rational,Library
0.08685949044261855,1.0391039952764283,0.9008962596045654,2.8702177096432613,0.014480727167875915,0.003540066308200042,0.045944121598457476,neutral,none,1627,221,user,0.17391304347826086,Rational,Persona,strictly rational,Library
0.3797844929079294,2.078098546394769,0.09071986828428263,2.602955570591548,0.0,0.007715524892968651,0.5270095305703006,none,criteria_setting,1628,221,assistant,0.21739130434782608,Rational,Persona,strictly rational,Library
0.02082616563372011,0.005105881007314084,0.01002516567635595,1.9729805515221668,0.04511324810166252,0.0,0.034262988578793896,none,none,1639,221,user,0.2608695652173913,Rational,Persona,strictly rational,Library
1.2421373960754245,1.7248786169084083,0.0,2.203366742653722,0.10199343426488852,0.21538472462321898,1.041095100791664,none,open_what_if,1640,221,assistant,0.30434782608695654,Rational,Persona,strictly rational,Library
0.2777681030863658,1.22670693676309,0.6179771458421552,2.142102193550043,0.009520327939562681,0.048432904007153374,0.5553112615654819,none,none,1661,221,user,0.34782608695652173,Rational,Persona,strictly rational,Library
0.7540360220379339,2.0527594067145607,0.8471388512583393,2.520361424338208,0.0,0.032104698703410504,1.0256954677633032,constructive,open_what_if,1664,221,assistant,0.391304347826087,Rational,Persona,strictly rational,Library
0.20279855374858166,0.9583235851907907,1.3439287927673218,2.129115108715316,0.36900385638456634,0.4578353408030552,0.6032279659804357,neutral,none,1673,221,user,0.43478260869565216,Rational,Persona,strictly rational,Library
1.0024006543812147,1.7744368641760375,0.0,2.111050833583953,0.10371141529955062,0.2178614630796746,1.3009587640649463,none,open_what_if,1674,221,assistant,0.4782608695652174,Rational,Persona,strictly rational,Library
0.3726544731474941,0.49334215275428234,0.5294839978875213,1.9531026577257409,0.11482383397396183,0.0,1.197138427569392,constructive,none,1685,221,user,0.5217391304347826,Rational,Persona,strictly rational,Library
1.2978093320850699,1.8937114048650545,0.540565303735859,1.941290986308123,0.15631701390428826,0.2189810368824557,1.5755015696040973,none,open_what_if,1686,221,assistant,0.5652173913043478,Rational,Persona,strictly rational,Library
0.9397089972069492,0.3287838662878504,0.0,1.8131806539682322,0.4571920980498061,0.20096675513229445,1.4857755039920124,none,none,1697,221,user,0.6086956521739131,Rational,Persona,strictly rational,Library
1.008392351333162,1.962886605045104,0.0,1.9839261337580687,0.9201397253007306,0.00445277082439547,1.927259306833779,none,open_what_if,1698,221,assistant,0.6521739130434783,Rational,Persona,strictly rational,Library
0.6010801575712448,0.8408774515470198,0.07984950626874306,1.9046334649150263,0.147162746632477,0.027237323336836903,0.9263801725936547,none,clarify,1705,221,user,0.6956521739130435,Rational,Persona,strictly rational,Library
1.2556618413231284,2.0515533431553687,0.06016757294584835,2.179859247392179,0.2705745608605228,0.00983779841208022,1.485794279443602,none,open_what_if,1706,221,assistant,0.7391304347826086,Rational,Persona,strictly rational,Library
0.5529269621052505,0.16401135610143713,0.5603065761111287,1.703630484909046,0.27090596488806956,0.3559241564749214,0.8501713791268121,none,none,1710,221,user,0.782608695652174,Rational,Persona,strictly rational,Library
1.281589236458163,1.6456987941865764,0.5721118722608147,1.8856091317709525,0.383556622821185,0.0,1.2826697778247054,none,open_what_if,1712,221,assistant,0.8260869565217391,Rational,Persona,strictly rational,Library
0.020459482339831334,0.061753344559201666,0.015077735082359068,2.0032007625215726,0.925558066667872,0.0,0.07102513248930711,none,none,1720,221,user,0.8695652173913043,Rational,Persona,strictly rational,Library
1.2882015565718765,1.6631916885075912,0.0,1.9664519909886082,0.13475790619171907,0.2618865128377528,1.5774958716503016,none,open_what_if,1722,221,assistant,0.9130434782608695,Rational,Persona,strictly rational,Library
0.1654848534063857,0.13840187518972202,0.11303924027710888,1.3730058351233572,0.5117463897183225,0.13549908057527377,0.7355095812291621,none,none,1735,221,user,0.9565217391304348,Rational,Persona,strictly rational,Library
1.078233671580558,1.6054657389192792,0.0,1.9803321414504487,0.6140932369498592,0.5996775553347116,1.502994794793001,none,open_what_if,1736,221,assistant,1.0,Rational,Persona,strictly rational,Library
0.01264105741708566,0.00482232955218618,0.0010127110821249242,1.022429168313831,0.0005745043820882738,0.0,0.01304334431689544,none,none,1589,222,user,0.0,Rational,Persona,strictly rational,Library
0.0,0.010089302446681409,0.0,1.000250467143594,0.0,0.0,0.0,none,clarify,1590,222,assistant,0.14285714285714285,Rational,Persona,strictly rational,Library
0.017391577180013443,0.9864908639138626,0.0,1.9883534953283946,0.0,0.0,0.0,none,clarify,1611,222,user,0.2857142857142857,Rational,Persona,strictly rational,Library
0.5520465709225831,2.344645891475594,0.005409213595087487,2.3683423867776954,0.0,0.0556439429361899,0.7810504276400982,none,criteria_setting,1612,222,assistant,0.42857142857142855,Rational,Persona,strictly rational,Library
0.48911918647383695,1.2690759970978245,0.2176562073879074,2.653799769993555,0.03482643394321041,0.20357186793354223,1.6472390842168618,none,none,1655,222,user,0.5714285714285714,Rational,Persona,strictly rational,Library
1.0389095488761906,2.8901178016799176,0.011962688775112034,2.875086146339786,0.009279613754363807,0.06097757309097534,1.9037849562777909,none,criteria_setting,1656,222,assistant,0.7142857142857143,Rational,Persona,strictly rational,Library
0.15553061452054004,0.9879199817117577,0.9584291497876621,2.050734749803897,0.0441110816294277,0.004610326337217108,1.9683925595807155,constructive,none,1717,222,user,0.8571428571428571,Rational,Persona,strictly rational,Library
0.9396642787484351,2.8613290755771943,2.9021451831765446,2.9053063525911815,0.0,0.008851333281924039,1.0553454605360333,constructive,criteria_setting,1718,222,assistant,1.0,Rational,Persona,strictly rational,Library
0.01264105741708566,0.00482232955218618,0.0010127110821249242,1.022429168313831,0.0005745043820882738,0.0,0.01304334431689544,none,none,1591,223,user,0.0,Rational,Persona,strictly rational,Library
0.0,0.010089302446681409,0.0,1.000250467143594,0.0,0.0,0.0,none,clarify,1592,223,assistant,0.07692307692307693,Rational,Persona,strictly rational,Library
0.017391577180013443,0.9864908639138626,0.0,1.9883534953283946,0.0,0.0,0.0,none,clarify,1607,223,user,0.15384615384615385,Rational,Persona,strictly rational,Library
0.7024157288014927,1.6956632196507826,0.0,1.997820462227147,0.1247210605498687,0.07743391722695211,0.28727032465369035,none,open_what_if,1608,223,assistant,0.23076923076923078,Rational,Persona,strictly rational,Library
0.8769465411853201,1.0330443945628576,0.049213120023431,1.9883542072493001,0.0,0.009631195334882447,0.10232007472105276,none,open_what_if,1634,223,user,0.3076923076923077,Rational,Persona,strictly rational,Library
1.0744006080535626,1.588711776262,0.0,2.1272538030897103,0.0,0.36859134536861043,0.7559458319136266,none,open_what_if,1636,223,assistant,0.38461538461538464,Rational,Persona,strictly rational,Library
0.01657145314389176,0.8953041560012902,0.005233045243555499,1.9060216096842066,0.029025448949055767,0.0,0.18031665973852656,none,clarify,1643,223,user,0.46153846153846156,Rational,Persona,strictly rational,Library
0.8370562850880626,1.1987667318985402,0.014948154774629787,2.0671087261410968,0.0,0.0,0.13216557437860812,none,open_what_if,1645,223,assistant,0.5384615384615384,Rational,Persona,strictly rational,Library
0.46169786193271833,0.3436112129607807,0.30719241393023905,1.9686050086029827,0.259109430762523,0.23058850770154185,0.7952715865209603,neutral,none,1665,223,user,0.6153846153846154,Rational,Persona,strictly rational,Library
0.09525957153145609,2.0128620768705665,1.9574178941172977,2.0497321776241124,0.020313357259218522,0.0056651382775423295,0.10221161850396726,neutral,criteria_setting,1666,223,assistant,0.6923076923076923,Rational,Persona,strictly rational,Library
0.0,0.9759789134846711,0.03239641853617774,1.9636719821297877,0.04818303036839699,0.0,0.982755482816435,none,clarify,1682,223,user,0.7692307692307693,Rational,Persona,strictly rational,Library
0.6010941648664397,1.9898900740991194,0.2360271895856331,2.328314718951469,0.043056870439289505,0.05361185415515164,0.7657034054518056,none,open_what_if,1684,223,assistant,0.8461538461538461,Rational,Persona,strictly rational,Library
0.36731604597975914,0.511479677047218,0.5639373783438357,2.0574727794158125,0.16706792775971202,0.0,0.8247159293499103,none,none,1723,223,user,0.9230769230769231,Rational,Persona,strictly rational,Library
0.906570086928526,1.5377518573953952,0.0,2.170888125978326,0.15339852114233687,0.050264329635828435,0.7252067602623349,none,open_what_if,1724,223,assistant,1.0,Rational,Persona,strictly rational,Library
0.01264105741708566,0.00482232955218618,0.0010127110821249242,1.022429168313831,0.0005745043820882738,0.0,0.01304334431689544,none,none,1593,224,user,0.0,Rational,Persona,strictly rational,Library
0.0,0.010089302446681409,0.0,1.000250467143594,0.0,0.0,0.0,none,clarify,1594,224,assistant,0.034482758620689655,Rational,Persona,strictly rational,Library
0.017391577180013443,0.9864908639138626,0.0,1.9883534953283946,0.0,0.0,0.0,none,clarify,1599,224,user,0.06896551724137931,Rational,Persona,strictly rational,Library
0.26878818541011934,0.9557254705606314,0.011962688775112034,2.0887839085996376,0.03435172681761503,0.02017263963967975,0.0,none,clarify,1600,224,assistant,0.10344827586206896,Rational,Persona,strictly rational,Library
0.08272762363982451,0.9531772508311928,0.0019393693707956548,1.996904668972962,0.05567160023284042,0.9652660608372496,0.024095966859530082,none,none,1621,224,user,0.13793103448275862,Rational,Persona,strictly rational,Library
0.411744476680435,1.5458621228928349,0.019622509817190787,2.1053845817063803,0.05856491438689813,0.5630577658315236,0.2907361564440719,none,open_what_if,1622,224,assistant,0.1724137931034483,Rational,Persona,strictly rational,Library
0.2140368367083053,0.2575323269947428,0.06239020771800816,2.0829767011150904,0.18062774758205125,0.03291093420283602,1.3531470507170047,none,none,1623,224,user,0.20689655172413793,Rational,Persona,strictly rational,Library
1.394997055656737,1.987577760499867,0.0,2.1970515093518133,0.17609465827462795,0.13442447312448255,1.287664664268704,none,open_what_if,1624,224,assistant,0.2413793103448276,Rational,Persona,strictly rational,Library
0.07783451917134063,0.06436721599321321,1.9062195936920119,1.0888944622815737,0.8888109535198023,0.0,0.061191956948375134,neutral,none,1637,224,user,0.27586206896551724,Rational,Persona,strictly rational,Library
1.1487906503854586,1.9494578831717184,0.4605483040040843,2.1215982710204737,0.1195116265737403,0.0650293826086918,0.9662255040367415,none,open_what_if,1638,224,assistant,0.3103448275862069,Rational,Persona,strictly rational,Library
1.1467826727811996,0.6956740507974628,0.0009172342759983568,2.092559473272892,0.2709622314903777,0.0,1.7441955008664716,none,none,1641,224,user,0.3448275862068966,Rational,Persona,strictly rational,Library
0.9844800863257857,1.6177525538972004,0.1626593840021983,2.1258774711882644,0.10905550638465579,0.32231632044066955,1.8252966572677987,none,open_what_if,1642,224,assistant,0.3793103448275862,Rational,Persona,strictly rational,Library
0.5629568501610066,0.3507532138028742,0.01965544371237939,2.0722193340658537,0.47790943163054384,0.016324881674388596,0.6015760702650941,none,none,1651,224,user,0.41379310344827586,Rational,Persona,strictly rational,Library
0.7203687322287124,1.6975924016606814,1.140049748770049,2.2588288702197503,0.02836913247287831,0.46848296852745647,0.98361450830953,constructive,open_what_if,1652,224,assistant,0.4482758620689655,Rational,Persona,strictly rational,Library
1.0519122230187585,0.6831462686416593,0.44239083466802737,2.0269958029096626,0.22167417327634092,0.15383372241787863,0.5306567714206926,none,open_what_if,1667,224,user,0.4827586206896552,Rational,Persona,strictly rational,Library
1.384660195063153,1.795956542374999,0.7748590093669034,2.0413897853172855,0.1100894689267684,0.22147996965506206,1.839456182491316,none,open_what_if,1668,224,assistant,0.5172413793103449,Rational,Persona,strictly rational,Library
0.6629445531670158,0.724110019609023,0.0,2.0132571413964824,0.4726522763122304,0.028474301981428342,0.9017889448444063,none,none,1678,224,user,0.5517241379310345,Rational,Persona,strictly rational,Library
1.8645266357458588,1.0995005043677402,0.0,2.0320682878652465,0.04289565224830963,0.03454204702492381,1.9328600749633296,none,open_what_if,1680,224,assistant,0.5862068965517241,Rational,Persona,strictly rational,Library
0.12204065153326026,0.9054949487864505,1.8989371607543133,2.035145967558783,0.06123045382457436,0.0042046731470379625,0.12049229961365056,neutral,none,1693,224,user,0.6206896551724138,Rational,Persona,strictly rational,Library
1.1443381785274105,2.069090572487603,0.45939235414521357,2.0562750853320444,0.21137443246660131,0.03831419402108562,1.544091418450721,none,open_what_if,1694,224,assistant,0.6551724137931034,Rational,Persona,strictly rational,Library
0.4064699551361224,0.8465730110764489,0.0,1.9548318265947306,0.12151599367645033,0.0054621964380794225,0.40638371492191666,none,clarify,1701,224,user,0.6896551724137931,Rational,Persona,strictly rational,Library
0.806938222486146,1.9116079250094238,0.0,2.081352506043997,0.4299530964829191,0.0,1.6144533175698759,none,open_what_if,1702,224,assistant,0.7241379310344828,Rational,Persona,strictly rational,Library
0.16633623016361462,0.08565155343284153,0.0010127110821249242,1.9253444497566126,0.9305343523267081,0.0,0.0732272219836893,none,none,1707,224,user,0.7586206896551724,Rational,Persona,strictly rational,Library
0.9760768504368185,1.6190035321203866,0.0,2.167064995326764,0.14046453667122089,0.3362925684830165,1.75691558453263,none,open_what_if,1708,224,assistant,0.7931034482758621,Rational,Persona,strictly rational,Library
0.06621962681649901,0.03360388030996138,0.0,1.9607700066572955,0.9452947187047327,0.0,0.1340021885168916,none,none,1719,224,user,0.8275862068965517,Rational,Persona,strictly rational,Library
0.5230308982726801,1.4620057410868907,0.0019393693707956548,1.8896562180376166,0.7058723653693889,0.093925045043539,0.8798657098744147,none,open_what_if,1721,224,assistant,0.8620689655172413,Rational,Persona,strictly rational,Library
0.025672064146735438,0.0797852610379144,0.044018950601579655,1.931286434240507,0.07617450313150695,0.006442165035048621,0.010071065091450322,none,none,1728,224,user,0.896551724137931,Rational,Persona,strictly rational,Library
1.3524520326616478,2.2784204541406234,0.0,2.220077929975514,0.11724110053857327,0.3520251794295776,1.192114193042819,none,open_what_if,1730,224,assistant,0.9310344827586207,Rational,Persona,strictly rational,Library
0.7959574111743992,0.0,0.006642294799849609,1.6273625895288786,0.5577693416783073,0.008390996975966491,0.400749347650983,none,none,1737,224,user,0.9655172413793104,Rational,Persona,strictly rational,Library
0.927881017678752,1.832144608939245,0.0,2.119764739724825,1.8883210210682728,0.0,2.0461382584789085,none,none,1738,224,assistant,1.0,Rational,Persona,strictly rational,Library
0.01264105741708566,0.00482232955218618,0.0010127110821249242,1.022429168313831,0.001494180507970417,0.0,0.01304334431689544,none,none,1747,226,user,0.0,GPT,GPT,GPT,Bicycle
0.0,0.010089302446681409,0.0,1.0033228817489568,0.0,0.0,0.0,none,clarify,1750,226,assistant,0.09090909090909091,GPT,GPT,GPT,Bicycle
0.015808800612270347,0.9878818465632595,0.0,2.0131812692794533,0.0039453103672834125,0.001571199774892238,0.010197506841155037,none,clarify,1771,226,user,0.18181818181818182,GPT,GPT,GPT,Bicycle
0.001624066606152028,1.1080149754478537,0.0,2.997023450591619,0.9098357621792916,0.0,2.272901666604168,none,none,1773,226,assistant,0.2727272727272727,GPT,GPT,GPT,Bicycle
0.057468960260703625,0.11509849154903087,0.032527792242501546,1.694631786370261,0.34165682519502516,0.0,0.2538022646763453,none,none,1787,226,user,0.36363636363636365,GPT,GPT,GPT,Bicycle
0.7123115459732429,1.1223383856812343,0.009050218072362724,2.670423386205039,0.2672039727771974,0.012887347085612929,1.9503572195131904,none,none,1788,226,assistant,0.45454545454545453,GPT,GPT,GPT,Bicycle
0.5894774862620841,0.0,0.14699519468197825,2.0964298920786253,0.3811823229038207,0.09205400277676029,0.16802032656147445,none,none,1793,226,user,0.5454545454545454,GPT,GPT,GPT,Bicycle
0.8140419606067342,1.251602963086083,0.0,2.52702933461744,0.4190982119590144,0.002966763974404005,2.2428495236074717,none,none,1794,226,assistant,0.6363636363636364,GPT,GPT,GPT,Bicycle
0.5682885403764304,0.2828422158058898,0.003021411527317745,1.5781368558231246,0.14662682893275822,0.19540672794205224,0.5486828629743874,none,none,1802,226,user,0.7272727272727273,GPT,GPT,GPT,Bicycle
0.8229673760671534,1.6339404556114594,0.0,2.691407715237969,0.7784372576702854,0.0,2.38136156232591,none,none,1804,226,assistant,0.8181818181818182,GPT,GPT,GPT,Bicycle
0.44375417408555534,0.363764654642318,0.0007498081276178972,1.2555078555169947,0.39968409178510506,0.0020506526957013147,0.3960054412877486,none,none,1807,226,user,0.9090909090909091,GPT,GPT,GPT,Bicycle
0.6338690151188155,1.4989057142521616,0.0,2.5779694045614003,0.39137358761403207,0.0,2.180885199773345,none,none,1808,226,assistant,1.0,GPT,GPT,GPT,Bicycle
0.01264105741708566,0.00482232955218618,0.0010127110821249242,1.022429168313831,0.001494180507970417,0.0,0.01304334431689544,none,none,1748,227,user,0.0,GPT,GPT,GPT,Bicycle
0.0,0.010089302446681409,0.0,1.0033228817489568,0.0,0.0,0.0,none,clarify,1749,227,assistant,0.05263157894736842,GPT,GPT,GPT,Bicycle
0.015808800612270347,0.9878818465632595,0.0,2.0131812692794533,0.0039453103672834125,0.001571199774892238,0.010197506841155037,none,clarify,1769,227,user,0.10526315789473684,GPT,GPT,GPT,Bicycle
0.6515623175098126,1.7096124779814745,0.11470447125986222,2.5334628566244723,0.2950568477345244,0.03021883205672594,2.1511157183370235,none,none,1770,227,assistant,0.15789473684210525,GPT,GPT,GPT,Bicycle
0.5390018614728651,0.9275671917107944,0.07499600047560645,2.1882890930916328,0.06349401194504248,0.09264543211367225,1.1946310899566177,none,none,1797,227,user,0.21052631578947367,GPT,GPT,GPT,Bicycle
0.8810488318242452,0.5902817842258887,0.08274475489996695,2.457100903309559,0.8583902896655641,0.47630947369302556,1.0951112082423948,none,none,1798,227,assistant,0.2631578947368421,GPT,GPT,GPT,Bicycle
0.16566199628718992,0.23673148759019894,0.0011077056983218574,1.3654072697148718,0.24461910174444584,0.0022260904170000664,0.4359502302547948,none,clarify,1805,227,user,0.3157894736842105,GPT,GPT,GPT,Bicycle
0.7242954311571872,1.3113967612405126,0.005016395247316515,2.4454606365804397,0.6747816833267253,0.0,2.6214131915994523,none,none,1806,227,assistant,0.3684210526315789,GPT,GPT,GPT,Bicycle
0.3033126682913925,0.04544964815211441,0.0011077056983218574,1.393495296633672,0.2935725689881981,0.001951327234956889,0.17171397416629428,none,none,1820,227,user,0.42105263157894735,GPT,GPT,GPT,Bicycle
0.4927798200907527,0.9857643956367625,0.005016395247316515,2.3585605017393783,0.3887372283842791,0.0,1.7008462478950441,none,none,1821,227,assistant,0.47368421052631576,GPT,GPT,GPT,Bicycle
0.2556337531950121,0.0,0.6746767296468943,1.2958327672486682,0.07590710659048094,0.00014334890343829142,0.47176898049911237,neutral,none,1827,227,user,0.5263157894736842,GPT,GPT,GPT,Bicycle
0.18500769330108333,1.6528124914915705,0.11067064843481603,2.4941149593830807,0.6541908540784408,0.0,2.4019965919173467,none,none,1828,227,assistant,0.5789473684210527,GPT,GPT,GPT,Bicycle
0.42452755981865575,0.034829365232998545,0.0,1.3982882291854042,0.09683049750885342,0.03261778614760673,0.12733141719261917,none,none,1839,227,user,0.631578947368421,GPT,GPT,GPT,Bicycle
0.5683068479893888,0.7965744216382685,0.005016395247316515,2.3571982141931453,0.6191110775189318,0.048623135498209624,1.9562722748704162,none,none,1840,227,assistant,0.6842105263157895,GPT,GPT,GPT,Bicycle
0.2398413192939405,0.21710442167782232,7.409781296919311e-05,1.3978215791067627,0.20350283451126466,0.0,0.5259581081358187,none,none,1879,227,user,0.7368421052631579,GPT,GPT,GPT,Bicycle
0.41946401569261255,1.729334643091398,0.012841944243421834,2.3788831428692307,0.5036033491764986,0.0,2.649552355701742,none,none,1880,227,assistant,0.7894736842105263,GPT,GPT,GPT,Bicycle
0.29401789157407754,0.21488104455503074,0.05936565937849788,1.1893549481617949,0.08577717572956052,0.0,0.31364600528603914,none,none,1885,227,user,0.8421052631578947,GPT,GPT,GPT,Bicycle
0.16284195976200516,1.9281437845675722,0.007041517627169897,2.5136870307217745,0.5670136261302976,0.0,2.5524720800140925,none,none,1886,227,assistant,0.8947368421052632,GPT,GPT,GPT,Bicycle
0.8541284910909258,0.01920497289356888,0.0,1.9545705236125743,0.040578873913095156,0.0,0.07695997247011213,none,none,1891,227,user,0.9473684210526315,GPT,GPT,GPT,Bicycle
0.1555083441239078,1.8328212257728818,0.12673106585055335,2.626641122013534,1.1248122045188718,0.0,2.3975906139416705,none,none,1892,227,assistant,1.0,GPT,GPT,GPT,Bicycle
0.01264105741708566,0.00482232955218618,0.0010127110821249242,1.022429168313831,0.001494180507970417,0.0,0.01304334431689544,none,none,1752,229,user,0.0,GPT,GPT,GPT,Bicycle
0.0,0.010089302446681409,0.0,1.0033228817489568,0.0,0.0,0.0,none,clarify,1757,229,assistant,0.058823529411764705,GPT,GPT,GPT,Bicycle
0.015808800612270347,0.9878818465632595,0.0,2.0131812692794533,0.0039453103672834125,0.001571199774892238,0.010197506841155037,none,clarify,1775,229,user,0.11764705882352941,GPT,GPT,GPT,Bicycle
0.2896431390395196,1.8681128729217205,0.0,2.9934096526421508,0.6883278978318453,0.0,2.5370152648585895,none,none,1778,229,assistant,0.17647058823529413,GPT,GPT,GPT,Bicycle
0.05688957464231286,0.4841245950868464,0.013209129634219554,1.5747512808646562,0.0,0.007875463977067837,0.8158409652692535,none,clarify,1785,229,user,0.23529411764705882,GPT,GPT,GPT,Bicycle
0.787441493761621,1.7924284337113783,0.004578773821709373,2.5339847559227278,0.37863166932809184,0.011880006888626284,2.7097343775034743,none,none,1786,229,assistant,0.29411764705882354,GPT,GPT,GPT,Bicycle
1.4265662529827876,0.7291804670435763,0.0,1.8877922708747585,0.016339114547316486,0.2986859700543684,1.4080444320265602,none,none,1817,229,user,0.35294117647058826,GPT,GPT,GPT,Bicycle
0.3533175212658172,1.935679102874057,0.0,2.683579182394502,0.39588702492315747,0.06733875059575792,2.0709919573866893,none,none,1818,229,assistant,0.4117647058823529,GPT,GPT,GPT,Bicycle
0.45225789369375724,0.563228649081473,0.10262837715566377,2.0867292571994422,0.6969711943244736,0.0,0.6508928905802094,none,clarify,1835,229,user,0.47058823529411764,GPT,GPT,GPT,Bicycle
0.3289173719168278,1.728812490521887,0.0,2.587508729489025,0.6262176025360913,0.01392189357877467,1.751826618225308,none,none,1837,229,assistant,0.5294117647058824,GPT,GPT,GPT,Bicycle
0.07027649263286315,0.0,0.010406342323837957,1.0969244498633945,0.0,0.0,0.08088506697364779,none,clarify,1846,229,user,0.5882352941176471,GPT,GPT,GPT,Bicycle
0.6780937974686183,1.8120752699562974,0.0,2.389267598510784,0.5534511247034735,0.2376938547240326,1.8631887242220107,none,none,1848,229,assistant,0.6470588235294118,GPT,GPT,GPT,Bicycle
0.47479747228509006,0.12318519848824996,1.152588304657561,1.7590282288451535,0.3042182502473188,0.0,0.6006000523317223,neutral,none,1852,229,user,0.7058823529411765,GPT,GPT,GPT,Bicycle
0.31800032891537855,2.1812487533294744,0.0,2.7323635470467345,0.44164779978907137,0.011577354548084805,2.8272951516580065,none,none,1854,229,assistant,0.7647058823529411,GPT,GPT,GPT,Bicycle
1.2949553226956223,0.7266353616432217,0.0,1.4555419054380174,0.2915505247244414,0.0,0.6626555507941407,none,none,1857,229,user,0.8235294117647058,GPT,GPT,GPT,Bicycle
0.49246715785951733,1.9237355054211356,0.11165868304365216,2.320192130521675,0.5403564113306668,0.023329393264734533,1.9189535311318324,none,none,1858,229,assistant,0.8823529411764706,GPT,GPT,GPT,Bicycle
0.5080491988285216,0.12125326759426616,0.0020992201928225745,1.8172432355483676,0.2670205456370084,0.10172707681105664,0.9735053676883925,none,clarify,1861,229,user,0.9411764705882353,GPT,GPT,GPT,Bicycle
0.4427963603043794,1.955280662731495,0.00043168191414847984,2.7621425412840175,0.5368993829780614,0.013131571017895475,2.206765093610198,none,none,1863,229,assistant,1.0,GPT,GPT,GPT,Bicycle
0.01264105741708566,0.00482232955218618,0.0010127110821249242,1.022429168313831,0.001494180507970417,0.0,0.01304334431689544,none,none,1753,230,user,0.0,GPT,GPT,GPT,Bicycle
0.0,0.010089302446681409,0.0,1.0033228817489568,0.0,0.0,0.0,none,clarify,1756,230,assistant,0.14285714285714285,GPT,GPT,GPT,Bicycle
0.015808800612270347,0.9878818465632595,0.0,2.0131812692794533,0.0039453103672834125,0.001571199774892238,0.010197506841155037,none,clarify,1772,230,user,0.2857142857142857,GPT,GPT,GPT,Bicycle
0.32106571466818085,1.9409826027920891,0.07310016462721285,2.8445977888943212,0.46873794643030503,0.07837641242131867,2.802794612017526,none,none,1774,230,assistant,0.42857142857142855,GPT,GPT,GPT,Bicycle
0.6546154388250819,0.2212784562585425,1.2891815478250634,1.493519877738308,0.0476248893435884,0.0,0.0,neutral,clarify,1823,230,user,0.5714285714285714,GPT,GPT,GPT,Bicycle
0.6398389563119404,1.6379704582415044,0.04029903934229011,2.713224907763834,0.4701796339646709,0.0470853928449845,1.5449087652606195,none,none,1824,230,assistant,0.7142857142857143,GPT,GPT,GPT,Bicycle
0.9003812327508172,0.5542984088546387,0.0,1.7205690083387644,0.47496786260585744,0.43257636544290484,0.7272276142465346,none,clarify,1870,230,user,0.8571428571428571,GPT,GPT,GPT,Bicycle
0.6306744270342972,1.4602171205870733,0.0,2.457262455051033,0.5413185156937351,0.10544983603910293,1.983114730772181,none,none,1872,230,assistant,1.0,GPT,GPT,GPT,Bicycle
0.01264105741708566,0.00482232955218618,0.0010127110821249242,1.022429168313831,0.001494180507970417,0.0,0.01304334431689544,none,none,1755,231,user,0.0,GPT,GPT,GPT,Bicycle
0.0,0.010089302446681409,0.0,1.0033228817489568,0.0,0.0,0.0,none,clarify,1758,231,assistant,0.06666666666666667,GPT,GPT,GPT,Bicycle
0.015808800612270347,0.9878818465632595,0.0,2.0131812692794533,0.0039453103672834125,0.001571199774892238,0.010197506841155037,none,clarify,1779,231,user,0.13333333333333333,GPT,GPT,GPT,Bicycle
0.011979972701158586,1.9392866231890826,0.00043168191414847984,2.966340033736737,0.9306448444515606,0.0010885447036406062,2.906368249499017,none,none,1780,231,assistant,0.2,GPT,GPT,GPT,Bicycle
0.5107898128000948,0.7493696449410422,0.0,2.2084228365629737,0.33490267621627506,0.06389950506752824,1.9119945521734691,none,none,1800,231,user,0.26666666666666666,GPT,GPT,GPT,Bicycle
0.5969373510048577,1.9261085662671222,0.005016395247316515,2.3877205382114157,0.5710340437388461,0.01610763618622411,2.3575676695924455,none,none,1803,231,assistant,0.3333333333333333,GPT,GPT,GPT,Bicycle
0.057084425705618703,1.1451490556116624,0.3023801443343497,2.1329215050499823,0.2563661314138335,0.0022118843910969585,1.8036394456006848,none,clarify,1829,231,user,0.4,GPT,GPT,GPT,Bicycle
0.18902472942715048,1.8384152569736143,0.2660579373873904,2.4983005117953,0.5832280983448126,0.0,2.1309052696665534,none,none,1830,231,assistant,0.4666666666666667,GPT,GPT,GPT,Bicycle
0.14763297272959214,0.36325537963028715,0.5538559150201584,1.3998817142421556,0.6495654687318715,0.0,0.5471932154408516,none,clarify,1845,231,user,0.5333333333333333,GPT,GPT,GPT,Bicycle
0.18908859998248434,1.842134345269176,0.0,2.373710809743586,0.6954268091656933,0.006291285987551208,2.7491187774802146,none,none,1847,231,assistant,0.6,GPT,GPT,GPT,Bicycle
0.47176172866141425,0.40402290889740017,0.0,1.9013465351147378,0.6037789383945137,0.0053470085924811695,1.326422329996086,none,clarify,1851,231,user,0.6666666666666666,GPT,GPT,GPT,Bicycle
0.5074875244326922,1.757734320398058,0.2620241145623442,2.5924242868932525,0.6041589508431132,0.0,2.526810853747269,none,none,1853,231,assistant,0.7333333333333333,GPT,GPT,GPT,Bicycle
0.08856965273507686,0.48617850275356955,0.0,1.580856783333484,0.2027514113459917,0.0,0.22385881390690446,none,clarify,1875,231,user,0.8,GPT,GPT,GPT,Bicycle
0.08383528554263883,1.691679400707442,0.22213608948945476,2.6266658871780004,0.7194816428326483,0.035108161459143424,2.461965135230109,none,none,1876,231,assistant,0.8666666666666667,GPT,GPT,GPT,Bicycle
0.055570307848980906,0.3644249528260891,0.0,1.682355241916245,0.33046628587446003,0.0,0.7129330046355828,none,clarify,1882,231,user,0.9333333333333333,GPT,GPT,GPT,Bicycle
0.2507923653776826,1.7351286889891897,0.2620241145623442,2.450614522765941,0.5739862089692539,0.029431585732980887,2.489325205541648,none,none,1884,231,assistant,1.0,GPT,GPT,GPT,Bicycle
0.01264105741708566,0.00482232955218618,0.0010127110821249242,1.022429168313831,0.001494180507970417,0.0,0.01304334431689544,none,none,1759,232,user,0.0,GPT,GPT,GPT,Bicycle
0.0,0.010089302446681409,0.0,1.0033228817489568,0.0,0.0,0.0,none,clarify,1760,232,assistant,0.1111111111111111,GPT,GPT,GPT,Bicycle
0.015808800612270347,0.9878818465632595,0.0,2.0131812692794533,0.0039453103672834125,0.001571199774892238,0.010197506841155037,none,clarify,1776,232,user,0.2222222222222222,GPT,GPT,GPT,Bicycle
0.053877346606657085,1.8774285398650536,0.0,2.935491034611163,0.9737984918943616,0.0,2.999671964792138,none,none,1777,232,assistant,0.3333333333333333,GPT,GPT,GPT,Bicycle
1.1999532673331048,0.3690767540504607,0.009291566399741113,1.9112069649624142,0.16697970160457168,0.08694378982290747,1.5816033953963151,none,none,1819,232,user,0.4444444444444444,GPT,GPT,GPT,Bicycle
0.6579018117113699,1.7158188434648274,0.0036566078372083496,2.726002688673342,0.777251031238141,0.06996168182873559,2.452406202131253,none,none,1822,232,assistant,0.5555555555555556,GPT,GPT,GPT,Bicycle
0.6721403485776726,0.3014119693789405,0.032992676981128725,1.7285665566386994,0.35310731902560183,0.004691148358632872,0.8677665549097552,none,clarify,1843,232,user,0.6666666666666666,GPT,GPT,GPT,Bicycle
0.12655422227943933,1.5566932356714176,0.0,2.686057808673405,0.4262570915596304,0.01953497925445568,2.151657927559753,none,none,1844,232,assistant,0.7777777777777778,GPT,GPT,GPT,Bicycle
0.23844349902143328,0.5142921569310391,0.04226569070937731,1.0569634981982046,0.22196712415933914,6.762997989027432e-05,0.14644492933846906,none,clarify,1887,232,user,0.8888888888888888,GPT,GPT,GPT,Bicycle
0.1372524295081064,1.5966608122009252,0.16323201116794642,2.840492422570939,0.785699184051491,0.0,2.1764866627620245,none,none,1890,232,assistant,1.0,GPT,GPT,GPT,Bicycle
0.01264105741708566,0.00482232955218618,0.0010127110821249242,1.022429168313831,0.001494180507970417,0.0,0.01304334431689544,none,none,1761,233,user,0.0,GPT,GPT,GPT,Bicycle
0.0,0.010089302446681409,0.0,1.0033228817489568,0.0,0.0,0.0,none,clarify,1765,233,assistant,0.1111111111111111,GPT,GPT,GPT,Bicycle
0.5275511721003745,0.6642026016860398,0.08478725644416898,1.7182038113412046,0.3297258987103318,0.0,1.355704211819726,none,none,1791,233,user,0.2222222222222222,GPT,GPT,GPT,Bicycle
0.1442930926132694,1.4922987467035373,0.0024403823593413046,2.6033715511589466,0.4353985948156524,0.0,2.136781638049713,none,none,1792,233,assistant,0.3333333333333333,GPT,GPT,GPT,Bicycle
0.22605570595836044,0.33584359392418056,0.20795609940622384,1.985432452433227,0.1859275287943077,0.0,1.1390015391358228,none,none,1809,233,user,0.4444444444444444,GPT,GPT,GPT,Bicycle
0.5556081373172251,1.7211024635894556,0.016264208868679273,2.338891105292566,0.6037500607568448,0.03638255989654096,1.8151710934365024,none,none,1810,233,assistant,0.5555555555555556,GPT,GPT,GPT,Bicycle
0.49433509924362984,0.8980094584725782,0.0,2.0949135212407204,0.4008754154945288,0.0,1.2766018128707501,none,none,1833,233,user,0.6666666666666666,GPT,GPT,GPT,Bicycle
0.1732424290414119,1.7504006357443582,0.0024403823593413046,2.356136529314807,0.6918963164802602,0.04518369635196062,2.0277639240086973,none,none,1834,233,assistant,0.7777777777777778,GPT,GPT,GPT,Bicycle
0.5232634932387384,0.7291655897243321,0.24192015870141978,2.383150663822785,0.3093577927985996,0.03331234367398109,2.1066251768575652,none,none,1864,233,user,0.8888888888888888,GPT,GPT,GPT,Bicycle
0.7825156836086454,1.6554316143496022,0.0028330858359135068,2.252808660770478,0.6442964420588723,0.0598250316252617,2.2459861196585806,none,none,1866,233,assistant,1.0,GPT,GPT,GPT,Bicycle
0.01264105741708566,0.00482232955218618,0.0010127110821249242,1.022429168313831,0.001494180507970417,0.0,0.01304334431689544,none,none,1762,234,user,0.0,GPT,GPT,GPT,Bicycle
0.0,0.010089302446681409,0.0,1.0033228817489568,0.0,0.0,0.0,none,clarify,1768,234,assistant,0.06666666666666667,GPT,GPT,GPT,Bicycle
0.015808800612270347,0.9878818465632595,0.0,2.0131812692794533,0.0039453103672834125,0.001571199774892238,0.010197506841155037,none,clarify,1781,234,user,0.13333333333333333,GPT,GPT,GPT,Bicycle
0.053944220650814736,2.0082382182940495,0.0,2.8598210854243025,0.8233171883147139,0.007164830159351371,2.410392549739907,none,none,1783,234,assistant,0.2,GPT,GPT,GPT,Bicycle
0.1173770183861729,0.21806221021415104,0.002553651441855991,1.635891728360301,0.09955331829338313,0.009026950145275651,0.8665253181763473,none,clarify,1795,234,user,0.26666666666666666,GPT,GPT,GPT,Bicycle
0.46560467813004885,1.5554304982095508,0.2660579373873904,2.6458743091105,0.540756701115097,0.01921410523471371,1.5040295454484325,none,none,1796,234,assistant,0.3333333333333333,GPT,GPT,GPT,Bicycle
0.20568864863023775,0.4880626582314002,0.3825842508436648,1.8776658199506007,0.03807469125703521,0.13086439101446734,0.7630602049516301,neutral,none,1812,234,user,0.4,GPT,GPT,GPT,Bicycle
0.17576504344066537,0.3839212833571224,0.0,2.4183258824511515,0.3708654397937721,0.02234736041577919,1.6879517286293595,none,none,1814,234,assistant,0.4666666666666667,GPT,GPT,GPT,Bicycle
0.0,0.1260385343162543,0.0007498081276178972,1.546046755808624,0.38972636011278067,0.042323739689313446,0.0,none,clarify,1825,234,user,0.5333333333333333,GPT,GPT,GPT,Bicycle
0.5970404068430956,1.2401737495822767,0.0,2.5330184467572807,0.3629829476905502,0.46246016064111467,2.6501493561425193,none,none,1826,234,assistant,0.6,GPT,GPT,GPT,Bicycle
0.5317366092515156,0.4245686835002307,0.0,1.8125753867770844,0.12852415096610478,0.10583902755268289,0.8284539250776991,none,clarify,1841,234,user,0.6666666666666666,GPT,GPT,GPT,Bicycle
0.5670110440710326,1.272090661882272,0.0,2.639263470664379,0.6891639010082681,0.10655011093930825,2.377762559429175,none,none,1842,234,assistant,0.7333333333333333,GPT,GPT,GPT,Bicycle
0.24476883007877637,0.0636538163719611,0.11705458085286523,1.6110797576435696,0.24639080664940408,0.34967746437197506,0.762573856704599,none,clarify,1849,234,user,0.8,GPT,GPT,GPT,Bicycle
0.288565567817357,1.2180457943634484,0.011043912257312861,2.1622547466021578,0.5044506904216801,0.0,2.2234048038820853,none,none,1850,234,assistant,0.8666666666666667,GPT,GPT,GPT,Bicycle
0.18924161600932773,0.5771313631627738,0.14167672730813854,1.9283268218630478,0.21083300414787742,0.1296684489532302,0.9850980277204471,none,none,1867,234,user,0.9333333333333333,GPT,GPT,GPT,Bicycle
0.5863444297123942,0.43311647793934716,0.0,2.7581873172318896,0.3766712060706193,0.0,1.9444942340837592,none,none,1868,234,assistant,1.0,GPT,GPT,GPT,Bicycle
0.01264105741708566,0.00482232955218618,0.0010127110821249242,1.022429168313831,0.001494180507970417,0.0,0.01304334431689544,none,none,1764,236,user,0.0,GPT,GPT,GPT,Bicycle
0.0,0.010089302446681409,0.0,1.0033228817489568,0.0,0.0,0.0,none,clarify,1767,236,assistant,0.043478260869565216,GPT,GPT,GPT,Bicycle
0.015808800612270347,0.9878818465632595,0.0,2.0131812692794533,0.0039453103672834125,0.001571199774892238,0.010197506841155037,none,clarify,1782,236,user,0.08695652173913043,GPT,GPT,GPT,Bicycle
0.10424352264232224,0.9471406496128234,0.18168984052697268,2.8423752966116047,1.0427500633339093,0.0,2.3360002910464703,none,none,1784,236,assistant,0.13043478260869565,GPT,GPT,GPT,Bicycle
0.643181361892405,0.03066238994217728,0.3884254911982857,1.994185693413713,0.20549005422615121,0.04946890003824572,1.7725155963521908,none,none,1789,236,user,0.17391304347826086,GPT,GPT,GPT,Bicycle
0.660597895868742,0.7177905438414214,0.22594515717495206,2.372636928334627,0.436159772679683,0.0,1.963897153335187,none,none,1790,236,assistant,0.21739130434782608,GPT,GPT,GPT,Bicycle
0.7661610271075852,0.2588692935316498,0.001003355206711537,2.076607518121678,0.05468819834095757,0.02656988205471896,1.0806465710290647,none,clarify,1799,236,user,0.2608695652173913,GPT,GPT,GPT,Bicycle
0.6184981452415748,0.5462890519045027,0.19377705895589575,2.6463269939945113,0.6597171036264006,0.4174575827602476,1.534390038882502,none,none,1801,236,assistant,0.30434782608695654,GPT,GPT,GPT,Bicycle
0.46730183470370884,0.36911789196795985,0.13925952605355305,1.632696956988495,0.35473801279139017,0.11250351651552915,0.6616254757669746,none,clarify,1815,236,user,0.34782608695652173,GPT,GPT,GPT,Bicycle
0.3326977398088077,1.7756981968275358,0.11466736294231562,2.6842539949705433,0.42273665540054284,0.0,1.7595999320389384,none,none,1816,236,assistant,0.391304347826087,GPT,GPT,GPT,Bicycle
0.5722078999523569,0.2967683352283733,0.168487629067732,1.9636651490128108,0.1804853477958324,0.07332603491188376,1.2309396088344633,none,none,1831,236,user,0.43478260869565216,GPT,GPT,GPT,Bicycle
0.4008564027561949,1.3062631951643475,0.0,2.361985240938154,0.3711743630448112,0.05317577042658667,2.4014278599921695,none,none,1832,236,assistant,0.4782608695652174,GPT,GPT,GPT,Bicycle
0.5785825595886895,0.172190614980211,0.0,1.9568178412793082,0.14307275801361216,0.0356375856358029,0.835242874125757,none,clarify,1859,236,user,0.5217391304347826,GPT,GPT,GPT,Bicycle
0.6769232525566398,1.5790216213778703,0.040118728052051925,2.569886996673012,0.6148149632996073,0.0,1.5809709847469993,none,none,1860,236,assistant,0.5652173913043478,GPT,GPT,GPT,Bicycle
0.4279916762480776,0.06889350813293706,0.18333616524064772,1.717855799234206,0.13112904053794963,0.0003697845094956455,0.8026543275321965,none,none,1869,236,user,0.6086956521739131,GPT,GPT,GPT,Bicycle
0.8426796303744988,1.7877058943787634,0.11327401642574003,2.3602641414824266,0.45232456820049455,0.3717231115447945,1.7877324883730212,none,open_what_if,1871,236,assistant,0.6521739130434783,GPT,GPT,GPT,Bicycle
0.673847587722853,0.7316023288105268,0.02356357500326242,1.9636689235167781,0.26775805537220937,0.10722270611573853,0.8714392286233902,none,none,1877,236,user,0.6956521739130435,GPT,GPT,GPT,Bicycle
0.2544740165296415,1.6635165760979935,0.27632358887064895,2.588478946705846,0.48505939700841133,0.0,2.037915054975875,none,none,1878,236,assistant,0.7391304347826086,GPT,GPT,GPT,Bicycle
0.28704166377648405,0.6273868103099611,0.30259849408314243,2.0472205740614857,0.17107325635245002,0.0029871677732721752,0.8531381616499363,none,none,1893,236,user,0.782608695652174,GPT,GPT,GPT,Bicycle
0.6186865441749867,0.8808608066046413,0.011994072479059427,2.6852488277692563,0.9253057350873926,0.009944011878995627,2.1445316191965076,none,none,1894,236,assistant,0.8260869565217391,GPT,GPT,GPT,Bicycle
0.21485251609026312,0.6249531113182505,0.1980968501462064,1.6965481955995634,0.025718280464064963,0.24836665882818837,0.5951724253391564,none,clarify,1897,236,user,0.8695652173913043,GPT,GPT,GPT,Bicycle
0.7933910318210795,1.7870736098705566,0.012766291919593206,2.3606942450534665,0.37588013168262735,0.06260112347593476,2.292884563647655,none,none,1898,236,assistant,0.9130434782608695,GPT,GPT,GPT,Bicycle
0.5533594205628903,0.08482477086975712,0.0,2.001483670828617,0.5776663348918933,0.009279519942002185,0.10094812943311822,none,none,1899,236,user,0.9565217391304348,GPT,GPT,GPT,Bicycle
0.7777147564934244,0.971607471734785,0.020759794727558855,2.50988492946219,0.8930591655842767,0.4353052761623584,1.171812810377463,none,none,1900,236,assistant,1.0,GPT,GPT,GPT,Bicycle
0.01264105741708566,0.00482232955218618,0.0010127110821249242,1.022429168313831,0.001494180507970417,0.0,0.01304334431689544,none,none,1909,241,user,0.0,GPT,GPT,GPT,Bicycle
0.0,0.010089302446681409,0.0,1.0033228817489568,0.0,0.0,0.0,none,clarify,1910,241,assistant,0.058823529411764705,GPT,GPT,GPT,Bicycle
0.015808800612270347,0.9878818465632595,0.0,2.0131812692794533,0.0039453103672834125,0.001571199774892238,0.010197506841155037,none,clarify,1920,241,user,0.11764705882352941,GPT,GPT,GPT,Bicycle
0.12044490929405578,1.9716809238306978,0.0,2.941042807994696,0.9202121281694734,0.014587819006996022,2.9452353853733024,none,none,1921,241,assistant,0.17647058823529413,GPT,GPT,GPT,Bicycle
0.6491828587841505,0.9930787644554719,0.0,1.9816375399118618,0.1797798540074437,0.01741266909079821,0.6698012417490903,none,none,1945,241,user,0.23529411764705882,GPT,GPT,GPT,Bicycle
0.8360784275160147,1.6570035287852942,0.046223042797423876,2.104195561049407,0.04283126987826686,0.0,1.2683698824259901,none,open_what_if,1946,241,assistant,0.29411764705882354,GPT,GPT,GPT,Bicycle
0.15204955345339408,0.7255190264270824,1.1554962779530011,2.096355801416681,0.4770052485245947,0.0,0.51895109224471,neutral,none,1961,241,user,0.35294117647058826,GPT,GPT,GPT,Bicycle
0.6073558806081949,1.299824222649342,0.0,2.5610062482919664,0.9538994510138532,0.0,2.3315099797654306,none,none,1962,241,assistant,0.4117647058823529,GPT,GPT,GPT,Bicycle
0.33278991842597005,0.6899516880206563,0.011043912257312861,2.1564519558003696,0.11397465881560521,0.03235013264121096,0.9261752550354698,none,none,1982,241,user,0.47058823529411764,GPT,GPT,GPT,Bicycle
0.5834733189623819,1.604928390963904,0.00714368970778513,2.584047906614513,0.4519075752811826,0.03815951871963227,2.2040602012646473,none,none,1985,241,assistant,0.5294117647058824,GPT,GPT,GPT,Bicycle
0.36784067387769714,0.8326947901738211,0.17809239709794686,2.028967026912684,0.05458100669508198,0.0,1.0107379081907795,none,clarify,1999,241,user,0.5882352941176471,GPT,GPT,GPT,Bicycle
0.009601612262377981,1.2346466862685364,0.0,2.5642180815676254,0.39708817201284136,0.02214465645760318,2.1424695516133205,none,none,2000,241,assistant,0.6470588235294118,GPT,GPT,GPT,Bicycle
0.868866278978855,0.3228405706797814,0.0,2.002479024835976,0.22843500393361166,0.0009036714999619282,1.4920370629844995,none,none,2015,241,user,0.7058823529411765,GPT,GPT,GPT,Bicycle
0.39560101068777265,1.1860904504846685,0.0,2.2111817425077556,0.40388875378292016,0.007249061370423079,2.2369878511921666,none,none,2016,241,assistant,0.7647058823529411,GPT,GPT,GPT,Bicycle
0.4379762248980703,0.21632183552862444,0.2887528396238033,1.9948087925347198,0.15036917331247218,0.1136174427513941,0.4973394190759116,none,none,2028,241,user,0.8235294117647058,GPT,GPT,GPT,Bicycle
0.1792241508993845,1.4139925253160806,0.08119147885011925,2.4244157097447117,0.83915454627038,0.0040899667107001025,1.6143833116951007,none,none,2029,241,assistant,0.8823529411764706,GPT,GPT,GPT,Bicycle
0.4821713900932739,0.3782229443105894,0.05398356589680447,2.38642012485175,0.13584908682440633,0.003176152835233184,0.5779940306925192,none,none,2037,241,user,0.9411764705882353,GPT,GPT,GPT,Bicycle
0.77552894003631,0.5245249808057574,0.0,2.522673300258011,0.7133749327451944,0.050489930758320714,1.5129842872426666,none,none,2038,241,assistant,1.0,GPT,GPT,GPT,Bicycle
0.01264105741708566,0.00482232955218618,0.0010127110821249242,1.022429168313831,0.001494180507970417,0.0,0.01304334431689544,none,none,1915,244,user,0.0,GPT,GPT,GPT,Bicycle
0.0,0.010089302446681409,0.0,1.0033228817489568,0.0,0.0,0.0,none,clarify,1918,244,assistant,0.07692307692307693,GPT,GPT,GPT,Bicycle
0.07574129507376968,0.9509335347937117,0.0,2.0131812692794533,0.08020805701701582,0.001571199774892238,0.03174942971418893,none,clarify,1933,244,user,0.15384615384615385,GPT,GPT,GPT,Bicycle
0.13966259039538528,1.8787347048027423,0.06354647450749476,2.8309971342353664,0.759085733819852,0.014963561412531617,3.0,none,none,1934,244,assistant,0.23076923076923078,GPT,GPT,GPT,Bicycle
0.1327942266034179,0.5267874512569292,0.9651278810544959,1.7683891432983667,0.10199880275266986,0.0,0.3682352976025837,constructive,clarify,1953,244,user,0.3076923076923077,GPT,GPT,GPT,Bicycle
0.20722652872804057,0.42461646593474794,0.0,2.4924530827609024,0.5384213778247711,0.0,1.1575705881713936,none,none,1954,244,assistant,0.38461538461538464,GPT,GPT,GPT,Bicycle
0.30882960291600786,0.3595395439866285,0.09630838637898836,1.8068463800909964,0.02577449164422135,0.009108163020305789,1.0506858691163676,none,clarify,1975,244,user,0.46153846153846156,GPT,GPT,GPT,Bicycle
0.826375574321059,1.4583256420727977,0.10545962196023755,2.305450966859344,0.3458586182414549,0.1829086697310564,1.860316753505985,none,none,1976,244,assistant,0.5384615384615384,GPT,GPT,GPT,Bicycle
0.062447373488034356,0.12184029183966308,0.0,1.0247694790281026,0.0,0.010129039944561193,0.08772946242444679,none,clarify,1988,244,user,0.6153846153846154,GPT,GPT,GPT,Bicycle
1.2046427723111588,1.6596060296241395,0.25206819577814404,2.456236790073636,0.46272235316477833,0.014646279635494894,1.584919979058314,none,none,1989,244,assistant,0.6923076923076923,GPT,GPT,GPT,Bicycle
0.3115647329460308,0.711496580134948,0.003178197618647614,1.734607978094467,0.3059697967622925,0.01931616268519538,0.518356452603557,none,none,2024,244,user,0.7692307692307693,GPT,GPT,GPT,Bicycle
0.15371063528108775,2.025966956532322,0.0,2.7882528095896966,0.5326770869468755,0.0,2.221778622286013,none,none,2026,244,assistant,0.8461538461538461,GPT,GPT,GPT,Bicycle
0.46091562811686465,0.22329221056818616,0.2905135297502518,1.4925499421385788,0.1721251209134347,0.3127539705457671,0.27855449225648443,neutral,clarify,2041,244,user,0.9230769230769231,GPT,GPT,GPT,Bicycle
0.6215090298607941,1.5468445632568062,0.0,2.5174976928411903,0.556479865530977,0.08864123020782155,1.7543022719823143,none,none,2043,244,assistant,1.0,GPT,GPT,GPT,Bicycle
0.01264105741708566,0.00482232955218618,0.0010127110821249242,1.022429168313831,0.0005745043820882738,0.0025480940261159287,0.01304334431689544,none,none,2060,261,user,0.0,Divergent,Persona,Divergent,Library
0.0,0.010089302446681409,0.0,1.000250467143594,0.0,0.020284981117467665,0.0,none,clarify,2063,261,assistant,0.1111111111111111,Divergent,Persona,Divergent,Library
0.017391577180013443,0.9864908639138626,0.0,1.9883534953283946,0.0,0.0,0.0,none,clarify,2065,261,user,0.2222222222222222,Divergent,Persona,Divergent,Library
1.8400586632738094,1.3632453520436174,0.0,2.141205850906693,0.07365868769347474,0.6868309636264319,1.2626606867412835,none,open_what_if,2066,261,assistant,0.3333333333333333,Divergent,Persona,Divergent,Library
0.15643610248700845,0.7723755634593745,0.5723886911472418,1.6102997953915161,0.0022120300809177172,0.1272430410185806,0.40245716340929305,none,clarify,2099,261,user,0.4444444444444444,Divergent,Persona,Divergent,Library
1.9821849605957234,0.9293620322114672,0.0,2.0124606419692435,0.0,0.9571540846352431,0.9700826999097356,none,open_what_if,2100,261,assistant,0.5555555555555556,Divergent,Persona,Divergent,Library
0.04710692610211564,0.8862895725543499,0.01846771342488543,1.4068608487883216,0.6468904213362364,0.04155992416859379,0.8992410181843478,none,clarify,2131,261,user,0.6666666666666666,Divergent,Persona,Divergent,Library
1.7836352080208022,1.4769302886782314,0.09322425118766887,2.1606809339766353,0.46403789086769004,0.5930421235767678,1.097565795467606,none,open_what_if,2133,261,assistant,0.7777777777777778,Divergent,Persona,Divergent,Library
0.04617952009211633,0.9948940442729989,0.02641368117916868,1.916750377434029,0.04670111593216601,0.014822214168544179,0.030570766834899274,none,clarify,2153,261,user,0.8888888888888888,Divergent,Persona,Divergent,Library
1.3211543307431497,1.5603625058031303,0.3201817469769539,2.3530295921116053,0.43104060697034025,0.5392916221340831,1.2604686812665007,none,open_what_if,2154,261,assistant,1.0,Divergent,Persona,Divergent,Library
0.01264105741708566,0.00482232955218618,0.0010127110821249242,1.022429168313831,0.0005745043820882738,0.0025480940261159287,0.01304334431689544,none,none,2183,279,user,0.0,Divergent,Persona,Divergent,Library
0.0,0.010089302446681409,0.0,1.000250467143594,0.0,0.020284981117467665,0.0,none,clarify,2185,279,assistant,0.1111111111111111,Divergent,Persona,Divergent,Library
0.017391577180013443,0.9864908639138626,0.0,1.9883534953283946,0.0,0.0,0.0,none,clarify,2191,279,user,0.2222222222222222,Divergent,Persona,Divergent,Library
1.981115785247203,1.1776204611290977,0.0,2.0390282529152572,0.0,1.0958490426348462,1.0642806228144572,none,open_what_if,2193,279,assistant,0.3333333333333333,Divergent,Persona,Divergent,Library
0.07722200679482166,0.6492220161257045,0.08427857291639178,1.291054831602467,0.2731887202598078,0.020005799759054012,0.44808231300523776,none,none,2198,279,user,0.4444444444444444,Divergent,Persona,Divergent,Library
2.207307107404576,1.5636734001548196,0.6916688569303046,2.3567305184796132,0.26219559513185836,0.8724696260041009,1.0934462514007268,none,open_what_if,2202,279,assistant,0.5555555555555556,Divergent,Persona,Divergent,Library
0.09985094676764546,0.5123790327537303,0.0089734203369871,2.063679486038515,0.4938486943254634,0.5302945978863707,0.5384322861090791,none,none,2215,279,user,0.6666666666666666,Divergent,Persona,Divergent,Library
1.8769243698842186,1.0831991299228636,0.019622509817190787,2.169246995971348,0.0984818469547911,1.494216838822572,1.121532080268913,none,open_what_if,2217,279,assistant,0.7777777777777778,Divergent,Persona,Divergent,Library
0.9560906661317783,0.9435974893686684,0.06533836862827556,2.0182513110221447,0.02772688214993482,0.0,1.923161836663609,none,none,2251,279,user,0.8888888888888888,Divergent,Persona,Divergent,Library
1.4671578557217448,1.2384120958257783,0.0,2.022223413354505,0.44525471829133034,0.7645622126243172,1.3504368483876559,none,open_what_if,2253,279,assistant,1.0,Divergent,Persona,Divergent,Library
0.01264105741708566,0.00482232955218618,0.0010127110821249242,1.022429168313831,0.0005745043820882738,0.0025480940261159287,0.01304334431689544,none,none,2282,295,user,0.0,Divergent,Persona,Divergent,Library
0.0,0.010089302446681409,0.0,1.000250467143594,0.0,0.020284981117467665,0.0,none,clarify,2284,295,assistant,0.09090909090909091,Divergent,Persona,Divergent,Library
0.017391577180013443,0.9864908639138626,0.0,1.9883534953283946,0.0,0.0,0.0,none,clarify,2298,295,user,0.18181818181818182,Divergent,Persona,Divergent,Library
0.5313675178685549,1.0912506744245263,0.061633789434708215,2.167541337878563,0.0,0.14918341814136693,0.8037475502438269,none,clarify,2299,295,assistant,0.2727272727272727,Divergent,Persona,Divergent,Library
0.06785725876873548,0.09506935656209133,0.0009172342759983568,2.016531456053421,0.051225991958336756,0.000958132571196714,1.9072211822034488,none,none,2327,295,user,0.36363636363636365,Divergent,Persona,Divergent,Library
1.9254728369067495,1.2055313701470598,0.0,2.016649298773074,0.008163094860798518,1.1907839350693379,1.1363466457490707,none,open_what_if,2329,295,assistant,0.45454545454545453,Divergent,Persona,Divergent,Library
1.0869855807576045,1.0969825243524207,0.14359117125961693,2.1096676416840223,0.15825760723622218,0.7375789093496948,1.4205118858176433,none,none,2355,295,user,0.5454545454545454,Divergent,Persona,Divergent,Library
2.215256905136364,0.9650854892880948,0.1079621293333599,1.8248157362015922,0.44345939948857366,1.449761917475014,1.509274488842286,none,open_what_if,2356,295,assistant,0.6363636363636364,Divergent,Persona,Divergent,Library
0.8801985496936896,0.7194012568678331,0.06470084607434744,2.1670556812803023,0.3147678093836286,0.6467815533480618,1.4614602192009083,none,none,2385,295,user,0.7272727272727273,Divergent,Persona,Divergent,Library
1.9464407309730258,0.9360819884763987,0.0,1.8730809811175873,0.16795254664618975,1.0954271003970137,1.3603523374652489,none,open_what_if,2386,295,assistant,0.8181818181818182,Divergent,Persona,Divergent,Library
0.5810537689781663,0.8317668182969655,0.003012830093373972,2.3032552269551156,0.7477850544728715,0.4246978552084606,1.5648090891781876,none,none,2407,295,user,0.9090909090909091,Divergent,Persona,Divergent,Library
1.976699259745749,0.9771330935683639,0.0,1.8374711476687648,0.3789197651878958,0.7963020410729891,1.224197158399485,none,open_what_if,2408,295,assistant,1.0,Divergent,Persona,Divergent,Library
0.01264105741708566,0.00482232955218618,0.0010127110821249242,1.022429168313831,0.0005745043820882738,0.0025480940261159287,0.01304334431689544,none,none,2285,296,user,0.0,Divergent,Persona,Divergent,Library
0.0,0.010089302446681409,0.0,1.000250467143594,0.0,0.020284981117467665,0.0,none,clarify,2287,296,assistant,0.05263157894736842,Divergent,Persona,Divergent,Library
0.017391577180013443,0.9864908639138626,0.0,1.9883534953283946,0.0,0.0,0.0,none,clarify,2297,296,user,0.10526315789473684,Divergent,Persona,Divergent,Library
1.2052592086344676,1.2066823080236426,0.0,2.4101165240937443,0.022781255766785313,0.2936547134530408,0.6192089746992355,none,criteria_setting,2300,296,assistant,0.15789473684210525,Divergent,Persona,Divergent,Library
0.023284086798001254,0.9748616635645212,0.0,2.0554126507462427,0.0592296701413212,0.01106114661024932,1.1306455331085548,none,none,2335,296,user,0.21052631578947367,Divergent,Persona,Divergent,Library
1.329272401896877,1.0396503215222355,0.003178197618647614,2.179432039384252,0.1315704194301938,0.28172082646960467,1.2666741500169103,none,open_what_if,2336,296,assistant,0.2631578947368421,Divergent,Persona,Divergent,Library
0.1157134800161402,0.44504739796156895,0.31324320238456926,1.8688947446118351,0.26737883447215777,0.41069420115940036,0.902014700488237,none,none,2343,296,user,0.3157894736842105,Divergent,Persona,Divergent,Library
2.064666599036856,1.2726719797651904,0.008698064913319502,2.1152245660130857,0.019993094411860018,1.9266982054652608,1.4556907394539254,none,open_what_if,2344,296,assistant,0.3684210526315789,Divergent,Persona,Divergent,Library
0.0367566594015024,0.5949442048071378,0.0,1.9082265418406212,0.09718047191901039,0.10613383412333881,1.3674963822713926,none,none,2348,296,user,0.42105263157894735,Divergent,Persona,Divergent,Library
1.4805916580695975,1.3160733945419694,0.005007928247849578,2.1796897737207437,0.20525533565560292,0.7206406087788239,1.4095123912516927,none,open_what_if,2350,296,assistant,0.47368421052631576,Divergent,Persona,Divergent,Library
0.09227513070660168,0.5634657770628403,0.008283604620585685,1.9561553103970104,0.13051186278023938,0.12915877474051246,0.5605647222521501,none,clarify,2357,296,user,0.5263157894736842,Divergent,Persona,Divergent,Library
2.5565109322351396,1.1298715294979784,0.0029992278026567676,1.9293912524769143,0.027386104203067602,1.971761772536323,1.102121601496694,none,open_what_if,2358,296,assistant,0.5789473684210527,Divergent,Persona,Divergent,Library
0.24248449282566567,0.31921123244976785,0.5625087773719791,1.8065284430335695,0.17406790463478855,0.0,0.32014064106034623,none,clarify,2372,296,user,0.631578947368421,Divergent,Persona,Divergent,Library
2.858997143982414,1.0383834599034025,0.033105992145414924,2.020022087777301,0.0,1.976732314952866,1.030972553924531,none,open_what_if,2374,296,assistant,0.6842105263157895,Divergent,Persona,Divergent,Library
0.2495890943211499,0.1080705119944628,0.13453831017252768,1.6409798778054776,0.20380287569227803,0.14763134651685692,0.4725862272295026,none,none,2375,296,user,0.7368421052631579,Divergent,Persona,Divergent,Library
2.040571454416611,1.3325439381183426,0.013518181870367177,1.8832667002811392,0.22712784816982876,0.5314104733199594,1.328064805392059,none,open_what_if,2377,296,assistant,0.7894736842105263,Divergent,Persona,Divergent,Library
0.06010067658668407,0.20495007095878134,0.14728490188145021,1.8667854330981561,0.4672406473557281,0.0,0.677332703288886,none,clarify,2391,296,user,0.8421052631578947,Divergent,Persona,Divergent,Library
1.6739848218740647,1.5041581758067741,0.2910706925167345,2.082810451267853,0.2568776786415568,0.9458189718966019,0.7828665860116274,none,open_what_if,2392,296,assistant,0.8947368421052632,Divergent,Persona,Divergent,Library
0.16203773876475863,0.5329987249138531,0.43064215965632574,2.0634204302674393,0.3140637130683907,0.23324369165920444,1.1123655600111133,none,clarify,2405,296,user,0.9473684210526315,Divergent,Persona,Divergent,Library
1.558983375519948,1.1944329304843821,0.330881631200719,1.9004510311401626,0.13428590165036186,0.7518594438701165,1.1944674707913134,none,open_what_if,2406,296,assistant,1.0,Divergent,Persona,Divergent,Library
0.01264105741708566,0.00482232955218618,0.0010127110821249242,1.022429168313831,0.0005745043820882738,0.0025480940261159287,0.01304334431689544,none,none,2286,297,user,0.0,Divergent,Persona,Divergent,Library
0.0,0.010089302446681409,0.0,1.000250467143594,0.0,0.020284981117467665,0.0,none,clarify,2289,297,assistant,0.058823529411764705,Divergent,Persona,Divergent,Library
0.017391577180013443,0.9864908639138626,0.0,1.9883534953283946,0.0,0.0,0.0,none,clarify,2303,297,user,0.11764705882352941,Divergent,Persona,Divergent,Library
1.5993339002949978,1.4974356771134185,0.006734082826910847,2.2053172174809785,0.04822975269055033,0.7062293543451538,0.7893398564956581,none,open_what_if,2306,297,assistant,0.17647058823529413,Divergent,Persona,Divergent,Library
0.21516595142966313,0.2632806212995911,0.0,1.9831642947259218,0.2910862057516118,0.03401729286731802,0.8292332582050447,none,clarify,2315,297,user,0.23529411764705882,Divergent,Persona,Divergent,Library
2.3387231834167674,1.305626243141634,0.0,2.1973438150235474,0.0010858285799527875,0.5977872764774801,0.8736957010085201,none,open_what_if,2316,297,assistant,0.29411764705882354,Divergent,Persona,Divergent,Library
0.7673737863445796,0.358184657148224,0.007264048121339312,1.8314072816234348,0.4997713923022728,0.18072284420079068,0.6839994895673406,none,none,2323,297,user,0.35294117647058826,Divergent,Persona,Divergent,Library
2.1741317738020407,1.3093212863052144,0.1376501573073129,2.0994562076044003,0.00630420880188994,1.3344303883587456,1.3896562817226534,none,open_what_if,2325,297,assistant,0.4117647058823529,Divergent,Persona,Divergent,Library
0.48876886220734345,0.8360795662241499,0.2451687202775082,1.9513501293080595,0.14045335527816472,0.18057283040399577,1.0086735797005892,none,clarify,2341,297,user,0.47058823529411764,Divergent,Persona,Divergent,Library
2.9067389874524023,1.0924101125031949,0.019652079476169093,1.9744887424002167,0.0,1.9578032756906816,1.0091196266855902,none,open_what_if,2342,297,assistant,0.5294117647058824,Divergent,Persona,Divergent,Library
1.1279139319111595,0.7037509893176981,0.0,1.8482281132710907,0.7821569868922301,0.3001658660607321,2.061827792662232,none,none,2361,297,user,0.5882352941176471,Divergent,Persona,Divergent,Library
1.8648615951898613,1.1502506899113,0.0,1.9061284295099967,0.3268822030991903,1.2669972742716102,1.7745317068722444,none,open_what_if,2362,297,assistant,0.6470588235294118,Divergent,Persona,Divergent,Library
0.6913094386247025,0.7078608752823048,0.15930864726611021,2.227247324397543,0.5560148661604047,0.1473986780896184,1.3666545171490094,none,none,2382,297,user,0.7058823529411765,Divergent,Persona,Divergent,Library
1.4816031184078142,1.2602817584343533,0.0,1.9995320115106434,0.02367053559287246,0.6024590581713191,1.2613642127633833,none,open_what_if,2383,297,assistant,0.7647058823529411,Divergent,Persona,Divergent,Library
0.29101135105144227,0.45939398425204186,0.23449178960885558,1.9493386440447429,0.04756265284264434,0.01705866412314984,1.147092810578968,none,none,2400,297,user,0.8235294117647058,Divergent,Persona,Divergent,Library
1.1175625591475995,1.601523379966724,0.006453873991383714,2.1734211251192206,0.3469297129216632,0.7443736549956207,1.5956200242564058,none,open_what_if,2402,297,assistant,0.8823529411764706,Divergent,Persona,Divergent,Library
0.8674164920993238,0.41482114004219506,0.016082552584129665,2.0497509742881466,0.4750342634825961,0.3140823655562229,1.2394251125236346,none,none,2417,297,user,0.9411764705882353,Divergent,Persona,Divergent,Library
2.450198785025075,1.1029657581490577,0.007694426446575213,1.853534888189202,0.5540121968862991,0.9152979170301868,1.6632799978879333,none,open_what_if,2420,297,assistant,1.0,Divergent,Persona,Divergent,Library
0.01264105741708566,0.00482232955218618,0.0010127110821249242,1.022429168313831,0.0005745043820882738,0.0025480940261159287,0.01304334431689544,none,none,2288,298,user,0.0,Divergent,Persona,Divergent,Library
0.0,0.010089302446681409,0.0,1.000250467143594,0.0,0.020284981117467665,0.0,none,clarify,2291,298,assistant,0.058823529411764705,Divergent,Persona,Divergent,Library
0.017391577180013443,0.9864908639138626,0.0,1.9883534953283946,0.0,0.0,0.0,none,clarify,2301,298,user,0.11764705882352941,Divergent,Persona,Divergent,Library
2.371425051118785,1.2330774431590565,0.005640978826820925,2.0666579747743516,0.01708771598654294,1.8670167936979452,1.1235370460560228,none,open_what_if,2307,298,assistant,0.17647058823529413,Divergent,Persona,Divergent,Library
1.0848492684247268,0.4204745243319331,0.011428143840985715,1.9804868117479755,0.11292600979117189,0.28782359258681484,1.0063035388238168,none,none,2317,298,user,0.23529411764705882,Divergent,Persona,Divergent,Library
2.110270686397565,0.9966161496267053,0.0,1.9381491100487591,0.01897408910573527,1.0082192599946078,1.1704499917510798,none,open_what_if,2318,298,assistant,0.29411764705882354,Divergent,Persona,Divergent,Library
1.3172338422709273,0.6078889689430722,0.0,2.006688797527923,0.25643322952269915,0.19642301738793913,1.327763944437669,none,none,2331,298,user,0.35294117647058826,Divergent,Persona,Divergent,Library
1.9893817721886784,1.1806799666752044,0.05095364235332749,1.953681232359197,0.10999575277221145,1.5463277561428286,1.1344121111876246,none,open_what_if,2332,298,assistant,0.4117647058823529,Divergent,Persona,Divergent,Library
0.9803884857918207,0.8764298773935153,0.051422640484985925,1.961365863837895,0.6199942336299733,0.6458112315506942,1.3580166618246448,none,none,2347,298,user,0.47058823529411764,Divergent,Persona,Divergent,Library
2.164648752205607,1.1263941487658973,0.0,2.081570224855131,0.1300571258348802,1.8701075283750141,1.4160062936659545,none,open_what_if,2349,298,assistant,0.5294117647058824,Divergent,Persona,Divergent,Library
1.0644741878558854,0.7250085098679061,0.010132103757698695,1.9271333178065686,0.13610785313534698,0.8395243392208026,0.9270046065761586,none,none,2368,298,user,0.5882352941176471,Divergent,Persona,Divergent,Library
2.60217550028055,1.2443218545165242,0.0,1.879475118171125,0.046820937030309595,1.1909790558851792,1.8641571016444132,none,open_what_if,2369,298,assistant,0.6470588235294118,Divergent,Persona,Divergent,Library
1.2791299001071157,0.9790432086731826,0.0,2.0028008498250025,0.18208910591899713,0.6725196996952062,1.2603221340263606,none,none,2389,298,user,0.7058823529411765,Divergent,Persona,Divergent,Library
2.015339928965287,0.9327519824288691,0.0,1.9380500999945132,0.28669928530744565,1.4839299722391452,1.4516220170380867,none,open_what_if,2390,298,assistant,0.7647058823529411,Divergent,Persona,Divergent,Library
0.5582100410250334,0.22564889470819555,0.1286265984228043,1.2841822509512442,0.5226695238016698,0.18707931906356526,0.5537606743363512,none,clarify,2403,298,user,0.8235294117647058,Divergent,Persona,Divergent,Library
1.5455962093035858,1.4604302017039323,0.0,2.0754679154079225,0.2228129415268423,0.766478872366814,1.8827145762242532,none,open_what_if,2404,298,assistant,0.8823529411764706,Divergent,Persona,Divergent,Library
0.06317458673914447,0.8399690611818644,0.019571659691034277,2.8617626777886263,0.9268893188519142,0.01149022836121899,1.0061724389760538,none,none,2413,298,user,0.9411764705882353,Divergent,Persona,Divergent,Library
1.728486003503602,1.0281052266121158,0.0,1.9655979330951805,0.5006718791623522,0.7596262918134439,1.0962945586259452,none,open_what_if,2414,298,assistant,1.0,Divergent,Persona,Divergent,Library
0.01264105741708566,0.00482232955218618,0.0010127110821249242,1.022429168313831,0.0005745043820882738,0.0025480940261159287,0.01304334431689544,none,none,2290,299,user,0.0,Divergent,Persona,Divergent,Library
0.0,0.010089302446681409,0.0,1.000250467143594,0.0,0.020284981117467665,0.0,none,clarify,2292,299,assistant,0.058823529411764705,Divergent,Persona,Divergent,Library
0.017391577180013443,0.9864908639138626,0.0,1.9883534953283946,0.0,0.0,0.0,none,clarify,2304,299,user,0.11764705882352941,Divergent,Persona,Divergent,Library
1.96656206730521,1.1021205997231343,0.003178197618647614,2.040268156613196,0.0,1.0233439475938841,1.0274709032468126,none,open_what_if,2309,299,assistant,0.17647058823529413,Divergent,Persona,Divergent,Library
0.5394610300717002,0.6159051549370166,0.7881061099994385,2.111783356925575,0.10183597208981233,0.2929966676461039,1.4405572051864222,none,none,2313,299,user,0.23529411764705882,Divergent,Persona,Divergent,Library
1.0796344137932554,1.134708502298478,0.007470709456022899,2.0484355921804362,0.13040589064996852,1.2352604400156764,1.2799735902322984,none,open_what_if,2314,299,assistant,0.29411764705882354,Divergent,Persona,Divergent,Library
0.7144737832237014,0.7358222365630458,0.3403410129709618,1.871910199350693,0.20438890742138935,0.2081024910189692,0.7576574900967653,none,criteria_setting,2324,299,user,0.35294117647058826,Divergent,Persona,Divergent,Library
1.8981171365522813,1.4909604937343817,0.09547028838107117,2.0962125975642283,0.0,1.5744335595699812,1.3323541618327293,none,open_what_if,2326,299,assistant,0.4117647058823529,Divergent,Persona,Divergent,Library
0.8997187262592679,0.8152573390635185,0.0,2.0244067979373996,0.9159380469705679,0.0177062077516065,1.8745826590167964,none,none,2337,299,user,0.47058823529411764,Divergent,Persona,Divergent,Library
2.38568859608168,1.3309450014706425,0.0,2.0338213934504976,0.014569460618905109,0.6361049455750257,1.6108984812443197,none,open_what_if,2338,299,assistant,0.5294117647058824,Divergent,Persona,Divergent,Library
1.5553183926142224,0.7508883005252022,0.007550346912406804,1.8447657052290556,0.14200237169149058,0.8142805501559072,1.036301792652511,none,open_what_if,2353,299,user,0.5882352941176471,Divergent,Persona,Divergent,Library
2.1946340107171483,1.0916515451660591,0.0,2.052717725328729,0.0,0.43545951798883564,1.3141810531284626,none,open_what_if,2354,299,assistant,0.6470588235294118,Divergent,Persona,Divergent,Library
0.7765494513670752,1.2003242997883092,0.0,1.9812017255085899,0.20678913090996995,0.7225980223851066,0.8951128420109061,none,none,2363,299,user,0.7058823529411765,Divergent,Persona,Divergent,Library
1.634740110787244,1.5214812447779744,0.02701042203782955,1.992524698363314,0.19927600301128517,1.016112095610949,0.7698064801477971,none,open_what_if,2364,299,assistant,0.7647058823529411,Divergent,Persona,Divergent,Library
1.773153283528884,0.7856782959073219,0.010548718979520966,1.9489809989812992,0.08106252125943741,0.9454781289472436,0.8386095505291519,none,open_what_if,2393,299,user,0.8235294117647058,Divergent,Persona,Divergent,Library
1.7575987423341513,1.3490535591205592,0.006385979149412406,2.010550270296367,0.3830074871462257,0.8226062703265152,0.8987808438601735,none,open_what_if,2394,299,assistant,0.8823529411764706,Divergent,Persona,Divergent,Library
1.5252501550169464,0.6591861148337068,0.0,2.0018550456855833,0.2609076046871418,0.6481888409102137,1.1755517603709218,none,none,2415,299,user,0.9411764705882353,Divergent,Persona,Divergent,Library
2.0519562730121006,1.116793474489667,0.2650745980166104,2.02079069341918,0.040070814091868606,0.6798313689346689,1.263754035783432,none,open_what_if,2419,299,assistant,1.0,Divergent,Persona,Divergent,Library
0.01264105741708566,0.00482232955218618,0.0010127110821249242,1.022429168313831,0.0005745043820882738,0.0025480940261159287,0.01304334431689544,none,none,2293,300,user,0.0,Divergent,Persona,Divergent,Library
0.0,0.010089302446681409,0.0,1.000250467143594,0.0,0.020284981117467665,0.0,none,clarify,2294,300,assistant,0.05263157894736842,Divergent,Persona,Divergent,Library
0.017391577180013443,0.9864908639138626,0.0,1.9883534953283946,0.0,0.0,0.0,none,clarify,2311,300,user,0.10526315789473684,Divergent,Persona,Divergent,Library
1.3228905187821043,0.8387789585546247,0.0,2.05322314463712,0.02048191507334518,0.34553152559398964,1.1414186201786087,none,open_what_if,2312,300,assistant,0.15789473684210525,Divergent,Persona,Divergent,Library
0.3601693835569676,0.602138160503913,0.3687370050646981,2.1153265779043804,0.24201853305675566,0.0858126545174095,2.0977152049557843,none,none,2319,300,user,0.21052631578947367,Divergent,Persona,Divergent,Library
1.6535968690761778,1.0169125526535667,0.0,2.1700691954876277,0.38351539289502085,1.2064782330178883,1.3365398234603014,none,open_what_if,2320,300,assistant,0.2631578947368421,Divergent,Persona,Divergent,Library
0.17078768297219388,0.6942569049148566,0.01801048379844895,1.9917055874576874,0.7282726097896227,0.06006745532777727,1.1336262811691489,none,none,2333,300,user,0.3157894736842105,Divergent,Persona,Divergent,Library
2.0200397379400497,1.2003758144924344,0.003178197618647614,2.0465782034427917,0.04754237559694606,0.8553843363945007,1.3925930610529593,none,open_what_if,2334,300,assistant,0.3684210526315789,Divergent,Persona,Divergent,Library
0.5505803159644348,1.1181573352718195,0.028430465253164543,1.8954070063904307,0.1845041635423424,0.26145588318356844,1.5550323685638292,none,open_what_if,2351,300,user,0.42105263157894735,Divergent,Persona,Divergent,Library
2.1367793779920268,1.2252345986241633,0.0,2.032723690978574,0.006233041018073976,0.5964485392577966,1.6883138006537133,none,open_what_if,2352,300,assistant,0.47368421052631576,Divergent,Persona,Divergent,Library
0.7769303691453252,0.25680374388876676,0.0,2.0207071012812587,0.2667041802425306,0.1753353978464887,0.9746522784214445,none,none,2365,300,user,0.5263157894736842,Divergent,Persona,Divergent,Library
2.1480983583474376,1.1871626767794725,0.0,2.014175191818745,0.2006309692096618,1.112226602662629,1.6152427926048647,none,open_what_if,2366,300,assistant,0.5789473684210527,Divergent,Persona,Divergent,Library
0.9684494052845147,0.9798013527219339,0.007866233128338746,2.0168429700616675,0.40730831876640305,0.379369514746897,1.9096927082533028,none,none,2381,300,user,0.631578947368421,Divergent,Persona,Divergent,Library
2.95802017569401,1.1107393501891352,0.0,2.020349436749524,0.04756722305961695,1.9817049042770398,1.8806902144865802,none,open_what_if,2384,300,assistant,0.6842105263157895,Divergent,Persona,Divergent,Library
0.09539943680514265,0.1381828712858298,0.0,1.7441464495199017,0.44001051529348273,0.1181520620471544,1.1675098097514824,none,none,2395,300,user,0.7368421052631579,Divergent,Persona,Divergent,Library
2.2783522251227697,1.2472540633883429,0.19067752670657964,2.2163412155876094,0.21732841508551506,1.2653718894536012,2.010454789109,none,open_what_if,2396,300,assistant,0.7894736842105263,Divergent,Persona,Divergent,Library
0.04255720299141012,0.6426988669605603,0.0,2.0368204474514235,0.2865119126363408,0.09650829902421786,1.0213867396593832,none,none,2409,300,user,0.8421052631578947,Divergent,Persona,Divergent,Library
2.0099638959585815,1.0287385293577824,0.00714368970778513,2.0924573455854203,0.24148666200100433,1.567363905259765,1.1017019348539316,none,open_what_if,2410,300,assistant,0.8947368421052632,Divergent,Persona,Divergent,Library
0.37918786574618374,0.1435069217560686,0.3839751957474788,1.806911219255688,0.32065223526913794,0.18532071024337557,0.6769634554006012,none,none,2423,300,user,0.9473684210526315,Divergent,Persona,Divergent,Library
2.1255913042319445,1.4576109204142644,0.0,2.2720604744362087,0.04386684129706383,0.7298113765875606,1.4280543933251164,none,open_what_if,2424,300,assistant,1.0,Divergent,Persona,Divergent,Library
0.01264105741708566,0.00482232955218618,0.0010127110821249242,1.022429168313831,0.0005745043820882738,0.0025480940261159287,0.01304334431689544,none,none,2295,301,user,0.0,Divergent,Persona,Divergent,Library
0.0,0.010089302446681409,0.0,1.000250467143594,0.0,0.020284981117467665,0.0,none,clarify,2296,301,assistant,0.09090909090909091,Divergent,Persona,Divergent,Library
0.017391577180013443,0.9864908639138626,0.0,1.9883534953283946,0.0,0.0,0.0,none,clarify,2302,301,user,0.18181818181818182,Divergent,Persona,Divergent,Library
1.7016622341791166,1.1414812998931305,0.01306903463716624,2.0439752152982975,0.05489109760427602,0.7634473187385764,1.1252322418455072,none,open_what_if,2305,301,assistant,0.2727272727272727,Divergent,Persona,Divergent,Library
0.7456138715702831,0.3289412967395455,0.0,1.8652613824871478,0.1579918500445553,0.04066448941106218,1.2655758865817797,none,none,2328,301,user,0.36363636363636365,Divergent,Persona,Divergent,Library
1.0327637482951675,1.5190496780751808,0.39692775000056324,2.3071238519657644,0.09678546082707645,0.7444303903715342,1.1690692892687014,none,open_what_if,2330,301,assistant,0.45454545454545453,Divergent,Persona,Divergent,Library
0.7191711026191698,0.7347702387911517,0.0,2.0676043429280773,0.36379952674234395,0.5890775312481764,2.112673722782882,none,none,2367,301,user,0.5454545454545454,Divergent,Persona,Divergent,Library
2.587748542359628,0.9263454287871398,0.0,2.042203113049504,0.0,1.5753120979773745,1.9691738043230764,none,open_what_if,2370,301,assistant,0.6363636363636364,Divergent,Persona,Divergent,Library
1.184472274581561,0.7340191346858546,0.0,1.9419927383444568,0.14605383716818338,0.15896770539622423,1.0745501621235707,none,none,2399,301,user,0.7272727272727273,Divergent,Persona,Divergent,Library
2.3180205502883253,1.237364698411397,0.0,1.9208781221796734,0.11054539931896835,1.351756873836773,1.6179998736859138,none,open_what_if,2401,301,assistant,0.8181818181818182,Divergent,Persona,Divergent,Library
0.31935387856030323,0.633671961859169,0.0587506292702169,2.091108141268588,0.26785656963949783,0.0774106155751836,0.9090758162118318,none,none,2421,301,user,0.9090909090909091,Divergent,Persona,Divergent,Library
2.069361160683999,0.9493981994151365,0.0,2.0074966155913985,0.4657287862767953,1.6966083606902254,1.510957604663085,none,open_what_if,2422,301,assistant,1.0,Divergent,Persona,Divergent,Library
0.01264105741708566,0.00482232955218618,0.0010127110821249242,1.022429168313831,0.001494180507970417,0.0,0.01304334431689544,none,none,2427,303,user,0.0,GPT,GPT,GPT,Bicycle
0.0,0.010089302446681409,0.0,1.0033228817489568,0.0,0.0,0.0,none,clarify,2429,303,assistant,0.05263157894736842,GPT,GPT,GPT,Bicycle
0.015808800612270347,0.9878818465632595,0.0,2.0131812692794533,0.0039453103672834125,0.001571199774892238,0.010197506841155037,none,clarify,2447,303,user,0.10526315789473684,GPT,GPT,GPT,Bicycle
0.44758037690611296,1.1452526530370084,0.0,2.8458324382881552,0.7686260637357467,0.06802210059234445,2.4780594261427904,none,none,2448,303,assistant,0.15789473684210525,GPT,GPT,GPT,Bicycle
0.08520210428337534,0.219956522725209,0.19040628766548334,1.8324967984249143,0.27763180047043057,0.01272427973600271,0.6178113287043796,none,none,2455,303,user,0.21052631578947367,GPT,GPT,GPT,Bicycle
0.03746286095336518,1.7587095112017075,0.0,2.661483538397205,0.6558969639501769,0.0,2.3825045979674604,none,none,2456,303,assistant,0.2631578947368421,GPT,GPT,GPT,Bicycle
0.8679616885644298,0.6961169757575651,0.023939375398969103,2.0222771175573393,0.2678640274560855,0.5070595841985854,1.7492063382831455,none,none,2476,303,user,0.3157894736842105,GPT,GPT,GPT,Bicycle
0.3700880602051524,0.26672222146241,0.0,2.4608696517584687,0.6864589746546224,0.06126606283521266,1.6545652569282767,none,none,2478,303,assistant,0.3684210526315789,GPT,GPT,GPT,Bicycle
0.04111942273027308,0.45384472115605456,0.03125974062640234,1.416820190703295,0.018409187771772525,0.0,0.6011533187708181,none,clarify,2491,303,user,0.42105263157894735,GPT,GPT,GPT,Bicycle
0.39390074803328606,1.3871777681073925,0.0,2.4566768567317325,0.3911802543966694,0.0603413993641147,2.409049752138619,none,none,2492,303,assistant,0.47368421052631576,GPT,GPT,GPT,Bicycle
0.5151456882251549,0.483758663862751,0.017329073389978914,1.4090133125705422,0.18369061745259088,0.0,1.1554996124056942,none,clarify,2513,303,user,0.5263157894736842,GPT,GPT,GPT,Bicycle
0.3926684014584498,1.8515874715482,0.007041517627169897,2.797940587289872,0.542018710486122,0.0,1.943650102122923,none,none,2515,303,assistant,0.5789473684210527,GPT,GPT,GPT,Bicycle
0.4419434827800349,0.24187381435073857,0.006802658439726919,2.297708773133327,0.2924946003007365,0.026050077215544063,1.7535602136162618,none,none,2539,303,user,0.631578947368421,GPT,GPT,GPT,Bicycle
0.45189037260955844,0.3542525371281555,0.21113141857750667,2.479038057552767,0.4526716686542904,0.02350378087165437,1.855952599762476,none,none,2540,303,assistant,0.6842105263157895,GPT,GPT,GPT,Bicycle
0.0,0.0009490448388276044,0.0,1.0359169923018838,0.005575826278770731,0.0,0.03696271563265862,none,clarify,2558,303,user,0.7368421052631579,GPT,GPT,GPT,Bicycle
0.7750906415180235,0.5932114171138879,0.11067064843481603,2.359669419559292,0.4712971492354706,0.0,1.6815023920397596,none,none,2560,303,assistant,0.7894736842105263,GPT,GPT,GPT,Bicycle
0.6107376252124948,0.6935277706641141,0.0,2.0985293095047433,0.5976555600535676,0.025903205544103452,1.7774047420088093,none,none,2573,303,user,0.8421052631578947,GPT,GPT,GPT,Bicycle
0.10146867858136875,0.3516615432996625,0.2273401733828385,2.501733618435373,0.6700586202161003,0.052752730975276864,0.8444998554942527,none,none,2574,303,assistant,0.8947368421052632,GPT,GPT,GPT,Bicycle
0.1775188554370696,0.1289412326668299,0.0,1.9685480963579394,0.646767070952912,0.0,1.2589238836994927,none,none,2598,303,user,0.9473684210526315,GPT,GPT,GPT,Bicycle
0.7958570516800004,1.5132448278471973,0.009168812087638511,2.4418633430404872,0.6601559527736268,0.4130310027553109,1.892023210482424,none,none,2601,303,assistant,1.0,GPT,GPT,GPT,Bicycle
0.01264105741708566,0.00482232955218618,0.0010127110821249242,1.022429168313831,0.001494180507970417,0.0,0.01304334431689544,none,none,2428,304,user,0.0,GPT,GPT,GPT,Bicycle
0.0,0.010089302446681409,0.0,1.0033228817489568,0.0,0.0,0.0,none,clarify,2430,304,assistant,0.03225806451612903,GPT,GPT,GPT,Bicycle
0.015808800612270347,0.9878818465632595,0.0,2.0131812692794533,0.0039453103672834125,0.001571199774892238,0.010197506841155037,none,clarify,2443,304,user,0.06451612903225806,GPT,GPT,GPT,Bicycle
0.4151222563775067,1.6693725439499627,0.10572947947008761,2.8103261742607026,0.6083329524632779,0.0,2.813604419772114,none,none,2444,304,assistant,0.0967741935483871,GPT,GPT,GPT,Bicycle
0.21674042266280108,0.5425848146717943,0.23394965371808754,1.972610318823459,0.44255387526771,0.0,1.1781471618989423,none,none,2453,304,user,0.12903225806451613,GPT,GPT,GPT,Bicycle
0.10243670834895331,1.9160891418416106,0.0,2.6411875253590598,0.7465687674451235,0.01716715485033258,1.397441130154397,none,none,2454,304,assistant,0.16129032258064516,GPT,GPT,GPT,Bicycle
0.5567514380300552,0.4109750068075222,0.0,1.4827806648365398,0.0018592226730059346,0.033312516403035425,0.6502498281701695,none,none,2459,304,user,0.1935483870967742,GPT,GPT,GPT,Bicycle
0.6177352566761791,1.911197895527839,0.010879948701564697,2.4206084303639375,0.4195969710771184,0.030773763121210156,2.3606594481583194,none,none,2461,304,assistant,0.22580645161290322,GPT,GPT,GPT,Bicycle
0.672974315321743,0.26742449607321356,0.014787017934318348,1.786356461050439,0.1767595347261653,0.0,0.5869007190527689,none,clarify,2471,304,user,0.25806451612903225,GPT,GPT,GPT,Bicycle
0.9277269950370215,0.5736112701328314,0.02401298149561527,2.2191205062800945,0.4728750775805111,0.0,1.2185365611568106,none,none,2472,304,assistant,0.2903225806451613,GPT,GPT,GPT,Bicycle
0.2092129427750293,0.4916790262982627,0.02015812848655992,1.6225195045333989,0.0,0.0019639406115595916,0.4037509146023014,none,clarify,2481,304,user,0.3225806451612903,GPT,GPT,GPT,Bicycle
0.7729622000987166,1.7808958414650824,0.02474292307937155,2.4744112631264277,0.4436494311998298,0.05382234779829388,2.018736178198816,none,none,2483,304,assistant,0.3548387096774194,GPT,GPT,GPT,Bicycle
0.05276102766361265,0.6938988404316689,0.0,1.5610130551767083,0.27286944727316614,0.08384304737296625,1.0803957981216732,none,clarify,2487,304,user,0.3870967741935484,GPT,GPT,GPT,Bicycle
0.06658284065747291,1.7616122622537653,0.13349605057225641,2.2663983963467547,0.42170025232932473,0.03140725781569168,1.9663844711398952,none,none,2488,304,assistant,0.41935483870967744,GPT,GPT,GPT,Bicycle
0.48563272560295423,0.19808752889043635,0.00714368970778513,1.7853183806621893,0.3313773975055772,0.013092491838175884,0.3792128616120827,none,none,2502,304,user,0.45161290322580644,GPT,GPT,GPT,Bicycle
0.8443415388999178,1.6460242762694481,0.00714368970778513,2.532059612907379,0.671632989425442,0.0,2.1237968404570826,none,none,2504,304,assistant,0.4838709677419355,GPT,GPT,GPT,Bicycle
0.24440527819722266,0.10447993311380221,0.37952893083232386,1.8663652655726775,0.023041495460156214,0.009303823346803913,0.11553918175332989,none,clarify,2507,304,user,0.5161290322580645,GPT,GPT,GPT,Bicycle
0.5631283162091467,1.8113165968892295,0.6845080758873435,2.4370166832801563,0.3892686791647119,0.027178770189028083,2.277205498898207,none,none,2508,304,assistant,0.5483870967741935,GPT,GPT,GPT,Bicycle
0.2999544591398067,0.31889709513070685,0.025242764785805973,1.4277072588397537,0.11050115156214288,0.14966658152830387,0.7447835009928614,none,none,2519,304,user,0.5806451612903226,GPT,GPT,GPT,Bicycle
0.5088618630626057,1.9111314754324809,0.010879948701564697,2.3457786095591566,0.38552068567657477,0.03367718597423633,1.968428780105287,none,none,2520,304,assistant,0.6129032258064516,GPT,GPT,GPT,Bicycle
0.39534514568189005,0.5852788340800951,0.0,1.6746553248242708,0.1421735376063011,0.0473913181803554,0.9257420962518595,none,criteria_setting,2530,304,user,0.6451612903225806,GPT,GPT,GPT,Bicycle
0.42087583521255406,1.747083693246792,0.0009741054228033872,2.3649115534975844,0.5354397751518618,0.3078334509635402,2.1818064125071546,none,none,2532,304,assistant,0.6774193548387096,GPT,GPT,GPT,Bicycle
0.7777361026172956,0.0,0.0,1.3310347275518692,0.06324807766040354,0.0,0.7400941600738478,none,clarify,2547,304,user,0.7096774193548387,GPT,GPT,GPT,Bicycle
0.9998252213889046,1.4999217149625836,0.0,2.381348299065154,0.5891472014536293,0.0,2.1079756149254814,none,none,2549,304,assistant,0.7419354838709677,GPT,GPT,GPT,Bicycle
0.8522759860680037,0.0,0.018337110079696167,1.8837283235865159,0.13512843998090573,0.07262403799741354,1.3585568300278918,none,none,2553,304,user,0.7741935483870968,GPT,GPT,GPT,Bicycle
0.35677732743669616,1.8953050409687553,0.032104877969063694,2.7055574255544537,0.6981833783092224,0.0,2.0161207533528698,none,none,2555,304,assistant,0.8064516129032258,GPT,GPT,GPT,Bicycle
0.7873697091799383,0.3494148539028123,0.013129997474135902,1.8407405450046144,0.25367328241427645,0.02222860919960692,1.147632579250957,none,none,2569,304,user,0.8387096774193549,GPT,GPT,GPT,Bicycle
0.6460089904656393,1.4949299194152879,0.23252141476360505,2.23788793641591,0.5182494614946075,0.0,1.5922767173607035,none,none,2570,304,assistant,0.8709677419354839,GPT,GPT,GPT,Bicycle
0.11365035030395318,0.5100648327773711,0.6137131676097084,1.68264700182939,0.42866629973868425,0.4679210593074341,0.22583568126747697,none,clarify,2575,304,user,0.9032258064516129,GPT,GPT,GPT,Bicycle
0.5163789434924896,1.8069712804909221,0.001699462467883266,2.7069203018499226,0.6091728598223616,0.0,2.445627892620992,none,none,2576,304,assistant,0.9354838709677419,GPT,GPT,GPT,Bicycle
0.08310700759586259,0.4715573340161465,0.3846761176875298,1.633764493324812,0.09652868644967437,0.017281641268213428,0.39135194747504604,none,clarify,2585,304,user,0.967741935483871,GPT,GPT,GPT,Bicycle
0.3571494014476622,0.712252761553675,0.009050218072362724,2.396315622176165,0.4787846828844598,0.0,1.8379816495709531,none,none,2586,304,assistant,1.0,GPT,GPT,GPT,Bicycle
0.01264105741708566,0.00482232955218618,0.0010127110821249242,1.022429168313831,0.001494180507970417,0.0,0.01304334431689544,none,none,2431,305,user,0.0,GPT,GPT,GPT,Bicycle
0.0,0.010089302446681409,0.0,1.0033228817489568,0.0,0.0,0.0,none,clarify,2433,305,assistant,0.05263157894736842,GPT,GPT,GPT,Bicycle
0.015808800612270347,0.9878818465632595,0.0,2.0131812692794533,0.0039453103672834125,0.001571199774892238,0.010197506841155037,none,clarify,2449,305,user,0.10526315789473684,GPT,GPT,GPT,Bicycle
0.2809508534498047,1.7486094520883917,0.0886851802897613,3.0,0.9813144134265925,0.03342615595518678,2.459053950970353,none,none,2450,305,assistant,0.15789473684210525,GPT,GPT,GPT,Bicycle
0.9220676748775276,1.3096653963399827,0.0,2.4155135129804117,0.01712311874235488,0.0445013840086725,1.8009718373759167,none,clarify,2473,305,user,0.21052631578947367,GPT,GPT,GPT,Bicycle
0.7606137889112004,1.5037935178702548,0.09101774003629128,2.5853130953437233,0.6345305813792308,0.10928782117254969,2.377767059311771,none,none,2474,305,assistant,0.2631578947368421,GPT,GPT,GPT,Bicycle
0.53595299753609,0.4748164626956172,0.0,1.9764877555365445,0.07463932665762711,0.03972201877217958,0.6683721412781433,none,clarify,2505,305,user,0.3157894736842105,GPT,GPT,GPT,Bicycle
0.6196594850201259,1.3683808711501093,0.00043168191414847984,2.3866410608643425,0.45980011771753454,0.0,1.2263215450033078,none,none,2506,305,assistant,0.3684210526315789,GPT,GPT,GPT,Bicycle
0.05092105545434186,0.015279982806422988,0.0200425910669915,1.1188717991106691,0.0,0.020694364478663,0.15321884330754446,none,clarify,2522,305,user,0.42105263157894735,GPT,GPT,GPT,Bicycle
0.5855768056769252,1.3765234259866723,0.0,2.3511762641143,0.540308250408545,0.21857127444633834,1.8613000773047992,none,none,2523,305,assistant,0.47368421052631576,GPT,GPT,GPT,Bicycle
0.8010152699521179,0.7114797781665628,0.0,1.5745311230562589,0.30839894558936887,0.0,1.5007669950709739,none,clarify,2541,305,user,0.5263157894736842,GPT,GPT,GPT,Bicycle
0.3793561077917101,1.518540016909964,0.0,2.268624102512596,0.49898869091920584,0.003359972277713878,1.2157130051085578,none,none,2542,305,assistant,0.5789473684210527,GPT,GPT,GPT,Bicycle
0.6852369644626282,0.4450801645909162,0.00662757299299374,1.5858229258989627,0.10857548117039124,0.5167787061406758,0.835625799566321,none,clarify,2563,305,user,0.631578947368421,GPT,GPT,GPT,Bicycle
0.8942963792127381,1.3330836511698936,0.20443079968422206,2.1698060257341463,0.5707810382357086,0.17645264574639216,1.8667092290875082,none,none,2564,305,assistant,0.6842105263157895,GPT,GPT,GPT,Bicycle
0.3540350648579965,0.3134111199795725,0.23363283364347145,1.720120646840501,0.0996190301490384,0.46839204754586333,0.46337601931427325,none,clarify,2577,305,user,0.7368421052631579,GPT,GPT,GPT,Bicycle
0.7026416799973964,1.4621102480084642,0.0,2.436439630043174,0.5523665695963368,0.03956172559240044,1.421758374098435,none,none,2579,305,assistant,0.7894736842105263,GPT,GPT,GPT,Bicycle
0.5171013937799788,0.6423323888273329,0.05848776320642699,2.1955103297964613,0.17510021624688582,0.0041891449715431165,1.4432577081397755,none,none,2589,305,user,0.8421052631578947,GPT,GPT,GPT,Bicycle
0.4014520044913496,1.4196652097705322,0.0,2.5903041988271975,0.5441600661791629,0.005626267349229991,1.6475114855385047,none,none,2592,305,assistant,0.8947368421052632,GPT,GPT,GPT,Bicycle
0.0,0.48036979115368045,0.012710900047206587,2.178981816566751,0.3850340992460393,0.0,0.892942063108795,none,none,2599,305,user,0.9473684210526315,GPT,GPT,GPT,Bicycle
0.7199335245264363,1.5208262961454477,0.0,2.347594695390746,0.5117863147000025,0.0,1.2762848433401772,none,none,2602,305,assistant,1.0,GPT,GPT,GPT,Bicycle
0.01264105741708566,0.00482232955218618,0.0010127110821249242,1.022429168313831,0.001494180507970417,0.0,0.01304334431689544,none,none,2432,306,user,0.0,GPT,GPT,GPT,Bicycle
0.0,0.010089302446681409,0.0,1.0033228817489568,0.0,0.0,0.0,none,clarify,2434,306,assistant,0.05263157894736842,GPT,GPT,GPT,Bicycle
0.015808800612270347,0.9878818465632595,0.0,2.0131812692794533,0.0039453103672834125,0.001571199774892238,0.010197506841155037,none,clarify,2440,306,user,0.10526315789473684,GPT,GPT,GPT,Bicycle
0.10475270815480126,1.928362861673605,0.0024403823593413046,2.8420142259983017,0.7805238460298203,0.0,2.9938173100808836,none,none,2442,306,assistant,0.15789473684210525,GPT,GPT,GPT,Bicycle
0.27589132748948225,0.29073474411525646,0.013595607403212202,1.9088303133811955,0.050326737651279506,0.0,0.857826521371567,none,clarify,2460,306,user,0.21052631578947367,GPT,GPT,GPT,Bicycle
0.5089080055296274,1.1253247692898816,0.0,2.5543905602886436,0.8949987270700457,0.0006124174106217819,1.9580000012424048,none,none,2462,306,assistant,0.2631578947368421,GPT,GPT,GPT,Bicycle
0.6042830507407966,0.6509217377133246,0.18859962789129536,2.3664755931559283,0.8713937539731547,0.12138545584605111,0.6167245037444123,none,open_what_if,2479,306,user,0.3157894736842105,GPT,GPT,GPT,Bicycle
0.6189621367555583,1.0951437735391856,0.0,2.704190691365429,0.5209831664410519,0.017685742046508537,2.4311150791204854,none,none,2480,306,assistant,0.3684210526315789,GPT,GPT,GPT,Bicycle
0.40748887050632376,0.040052931136577465,0.0,1.8495250083076216,0.019869149569507326,0.015170513153060396,0.6653283589881841,none,clarify,2499,306,user,0.42105263157894735,GPT,GPT,GPT,Bicycle
0.4041627123628142,0.15840909623924007,0.2658789675713996,2.2243726077034998,0.6508067763612998,0.10801002308969256,1.2579701084366164,none,none,2501,306,assistant,0.47368421052631576,GPT,GPT,GPT,Bicycle
0.11478065565261812,0.1361057152979948,0.0,1.9670121575120987,0.061232769272139,0.0,1.0325434976807515,none,none,2509,306,user,0.5263157894736842,GPT,GPT,GPT,Bicycle
0.38903051703577135,1.4113346844641486,0.017185649029537533,2.366121853187099,0.7356026507568745,0.3794607135834858,1.8610114875800552,none,none,2511,306,assistant,0.5789473684210527,GPT,GPT,GPT,Bicycle
0.7411517495269544,0.40169898133016996,0.0,1.9440312779908648,0.10316661645377945,0.0,1.2139156184274074,none,clarify,2534,306,user,0.631578947368421,GPT,GPT,GPT,Bicycle
0.7663962221302586,1.714738720920638,0.007439432076294158,2.7386859295367945,1.0615251681606845,0.0006733724562434516,2.3594673161691286,none,none,2536,306,assistant,0.6842105263157895,GPT,GPT,GPT,Bicycle
0.5755861561778792,0.3541695994918526,0.4167375134670214,2.0383003304027714,0.29828341941647646,0.07838600564979409,0.7058686298367308,none,clarify,2545,306,user,0.7368421052631579,GPT,GPT,GPT,Bicycle
0.6286446796770612,1.437448426212864,0.12241165328491531,2.564938497453127,0.7036475626523482,0.0036221795989014502,2.4963154314483953,none,none,2546,306,assistant,0.7894736842105263,GPT,GPT,GPT,Bicycle
0.3752354958840502,0.7170453109203015,0.0,1.8493363226458646,0.24524618796601244,0.0,0.79511420505628,none,clarify,2551,306,user,0.8421052631578947,GPT,GPT,GPT,Bicycle
0.1293353157482659,1.7463901706129206,0.0,2.4838238843559672,0.5252608129258233,0.0,2.4452198092595503,none,none,2552,306,assistant,0.8947368421052632,GPT,GPT,GPT,Bicycle
0.0,0.9302027906939371,0.10971889740887561,2.213063190500487,0.42085327480640544,0.0,0.6473538796539118,none,clarify,2593,306,user,0.9473684210526315,GPT,GPT,GPT,Bicycle
0.2948814186831993,1.647571727247181,0.0,2.611088290349256,0.7382645377853018,0.0,2.3078841146658857,none,none,2594,306,assistant,1.0,GPT,GPT,GPT,Bicycle
0.01264105741708566,0.00482232955218618,0.0010127110821249242,1.022429168313831,0.001494180507970417,0.0,0.01304334431689544,none,none,2435,307,user,0.0,GPT,GPT,GPT,Bicycle
0.0,0.010089302446681409,0.0,1.0033228817489568,0.0,0.0,0.0,none,clarify,2436,307,assistant,0.047619047619047616,GPT,GPT,GPT,Bicycle
0.015808800612270347,0.9878818465632595,0.0,2.0131812692794533,0.0039453103672834125,0.001571199774892238,0.010197506841155037,none,clarify,2451,307,user,0.09523809523809523,GPT,GPT,GPT,Bicycle
0.5410158040448071,1.8701395250062425,0.0,2.650197456467766,0.8162664657502767,0.058987149696992563,2.749965431184993,none,none,2452,307,assistant,0.14285714285714285,GPT,GPT,GPT,Bicycle
0.03155706486292842,0.12280214977793016,0.0,1.1451474269372064,0.04163391956478247,0.0,1.1171331973790195,none,none,2465,307,user,0.19047619047619047,GPT,GPT,GPT,Bicycle
0.0,1.5897335225345242,0.0,2.6020327419655276,0.6328936346774379,0.019055143636549348,1.8710395787195064,none,none,2466,307,assistant,0.23809523809523808,GPT,GPT,GPT,Bicycle
0.5737252461822131,1.1908829533199774,0.7424156565028471,2.3060120218854703,0.5043940012405292,0.0,1.3656338197909665,none,none,2485,307,user,0.2857142857142857,GPT,GPT,GPT,Bicycle
0.6221932826911539,1.5163668332360998,0.0,2.294026284430708,0.8284681815111152,0.06894663003766784,1.3341920082799894,none,none,2486,307,assistant,0.3333333333333333,GPT,GPT,GPT,Bicycle
0.42882908856093616,0.8282791702587629,0.0034341984808882965,2.1022780994724557,0.44798496837400803,0.0,1.7326563148227903,none,none,2500,307,user,0.38095238095238093,GPT,GPT,GPT,Bicycle
0.5456123427197099,1.4716601730442735,0.0,2.4918767296563433,0.4712186127559066,0.0,2.191112833590608,none,none,2503,307,assistant,0.42857142857142855,GPT,GPT,GPT,Bicycle
0.9225916029826788,0.632433795885653,0.0,1.9823203509458014,0.48096751610038174,0.45061137303327464,0.37818099284211815,none,clarify,2517,307,user,0.47619047619047616,GPT,GPT,GPT,Bicycle
0.4465428028304038,2.0087477738719826,0.0022054315587125865,2.6736996843008884,0.9962374881457388,0.010683769769118966,2.4331954254258936,none,none,2518,307,assistant,0.5238095238095238,GPT,GPT,GPT,Bicycle
0.6738473807445304,0.7056245454653906,0.15924761214694486,2.238481905177732,0.24912935687437793,0.0,0.95337455276488,none,open_what_if,2548,307,user,0.5714285714285714,GPT,GPT,GPT,Bicycle
0.16816557919553007,1.0829576213284535,0.25460321198180175,2.569501748767635,0.5599509036915289,0.0,2.0163800034524058,none,none,2550,307,assistant,0.6190476190476191,GPT,GPT,GPT,Bicycle
0.33736760831246154,0.3526093660461262,0.16111667393538215,1.1613540577921617,0.12720551134929806,0.12630813644702274,0.2574334357511998,none,clarify,2565,307,user,0.6666666666666666,GPT,GPT,GPT,Bicycle
0.6748114817970885,0.4462321218640267,0.0,2.2132807043886373,0.5362612060993013,0.034261502222323055,1.309614075828453,none,none,2566,307,assistant,0.7142857142857143,GPT,GPT,GPT,Bicycle
0.07331132477805392,0.14889456878288285,0.0,1.0521969376777538,0.03178629425543605,0.0013453143291453956,0.14403114164988004,none,clarify,2578,307,user,0.7619047619047619,GPT,GPT,GPT,Bicycle
0.323339534759289,1.528488284456463,0.0,2.445778975233327,0.872659663286187,0.029732276443347732,2.2830794670851984,none,none,2580,307,assistant,0.8095238095238095,GPT,GPT,GPT,Bicycle
0.397084155124822,0.3278573734128064,0.07419697496369594,1.7403322080258625,0.20934087452823194,0.0,0.26360660946266323,none,none,2595,307,user,0.8571428571428571,GPT,GPT,GPT,Bicycle
0.09167927895070813,1.7091103877282532,0.0,2.6499372923938807,0.7622030646375558,0.02256947842298958,2.675345129485808,none,none,2596,307,assistant,0.9047619047619048,GPT,GPT,GPT,Bicycle
0.10725704926766358,0.28570354807755693,0.11323083332986135,2.010854485328944,0.4160410899108277,0.13014818949228607,0.6317335049498893,none,none,2603,307,user,0.9523809523809523,GPT,GPT,GPT,Bicycle
0.6297093138295585,1.6085120921797764,0.005016395247316515,2.348445275181874,0.7115256081177068,0.0,1.876024013155162,none,none,2604,307,assistant,1.0,GPT,GPT,GPT,Bicycle
0.01264105741708566,0.00482232955218618,0.0010127110821249242,1.022429168313831,0.001494180507970417,0.0,0.01304334431689544,none,none,2437,308,user,0.0,GPT,GPT,GPT,Bicycle
0.0,0.010089302446681409,0.0,1.0033228817489568,0.0,0.0,0.0,none,clarify,2438,308,assistant,0.04,GPT,GPT,GPT,Bicycle
0.015808800612270347,0.9878818465632595,0.0,2.0131812692794533,0.0039453103672834125,0.001571199774892238,0.010197506841155037,none,clarify,2445,308,user,0.08,GPT,GPT,GPT,Bicycle
0.8911028247624813,1.4192406634364068,0.00416971211314834,2.462373524970467,0.6131954588053137,0.0661113750875337,2.6492482040402536,none,none,2446,308,assistant,0.12,GPT,GPT,GPT,Bicycle
1.1390073199151198,0.5462940990289568,0.0,1.7886260221700065,0.09488553233838268,0.1232682118569418,0.8227386617027308,none,none,2463,308,user,0.16,GPT,GPT,GPT,Bicycle
0.7707922920426555,1.8248525718357995,0.008871248256371875,2.5907856232452766,0.3571945331805217,0.11535809141524364,2.5733770733167187,none,none,2464,308,assistant,0.2,GPT,GPT,GPT,Bicycle
0.4229419224890346,0.18860117648985344,0.22795872954556906,1.2593389426794694,0.349485697488149,0.047435979317568884,0.2954441164024096,none,clarify,2468,308,user,0.24,GPT,GPT,GPT,Bicycle
1.3023411435448662,1.271143805055085,0.005016395247316515,2.6729901689958324,0.9744786228121876,0.44838249986894363,2.02240946272602,none,none,2470,308,assistant,0.28,GPT,GPT,GPT,Bicycle
0.18151571759090185,0.08626225347015572,0.0,1.1184792374405288,0.06280204662211504,0.1312690650740181,1.1231750939603151,none,clarify,2482,308,user,0.32,GPT,GPT,GPT,Bicycle
0.5070123841744322,1.4793978577558282,0.0,2.6621165614969975,0.6601247284098181,0.0,1.943558621697044,none,none,2484,308,assistant,0.36,GPT,GPT,GPT,Bicycle
0.5811919140597213,0.7842727675399452,0.09447248691536075,2.09046367795316,0.34128705985658236,0.3352625351214975,1.2694148877610205,none,open_what_if,2497,308,user,0.4,GPT,GPT,GPT,Bicycle
0.15641829821495998,1.8734386549913955,1.7829712670093871,2.9020371299698833,0.9050726690066032,0.006287935455747967,2.01197742848021,constructive,none,2498,308,assistant,0.44,GPT,GPT,GPT,Bicycle
0.66849389439324,0.21625117939748775,0.0901341844449286,1.8859498975325317,0.10881423267247839,0.03272757541704984,1.7097101233963625,none,none,2514,308,user,0.48,GPT,GPT,GPT,Bicycle
0.0,0.010089302446681409,0.0,1.0033228817489568,0.0,0.0,0.0024746292299324835,none,clarify,2516,308,assistant,0.52,GPT,GPT,GPT,Bicycle
0.8128435231159906,0.1557123856303821,0.009050218072362724,1.8635216759061213,0.09937367829727294,0.03140348742661393,1.1627439626764418,none,none,2521,308,user,0.56,GPT,GPT,GPT,Bicycle
0.6843118241043902,1.7527838867427616,0.03246688256988769,2.3845874817892567,0.5184162792950474,0.10875591024690125,2.1177761435538396,none,none,2524,308,assistant,0.6,GPT,GPT,GPT,Bicycle
0.26702646329471186,0.3374890718850931,0.011788815060474472,1.1169853204030398,0.35418678853668023,0.0,0.5315063902586827,none,clarify,2529,308,user,0.64,GPT,GPT,GPT,Bicycle
0.32286306408759136,1.7188607475343423,0.0,2.6554438988355975,0.5198049367042467,0.0,2.3448502956826367,none,none,2531,308,assistant,0.68,GPT,GPT,GPT,Bicycle
0.08911332002369807,0.07176049807370907,0.0,1.3582308621287813,0.26735156868255977,0.19848329872531925,0.5574955073929618,none,none,2543,308,user,0.72,GPT,GPT,GPT,Bicycle
0.09701116288687282,1.8775358852707713,0.0,2.8904499547118254,0.86668665910005,0.0024693848905320837,2.7795075908407867,none,none,2544,308,assistant,0.76,GPT,GPT,GPT,Bicycle
0.9957097468310574,0.3085410235251922,0.0,1.1893159989805708,0.15063625249392365,0.04242692130183335,0.7202971306205812,none,clarify,2554,308,user,0.8,GPT,GPT,GPT,Bicycle
0.47092870732074,1.8531437553409522,0.0,2.630472125092015,0.577983085267689,0.11570158782682803,2.5418325314370347,none,none,2557,308,assistant,0.84,GPT,GPT,GPT,Bicycle
0.7851817530205797,1.178641173135637,0.06524260486117824,1.9274493439077949,0.14000301536053036,0.43559138806084663,1.4053840321627822,none,open_what_if,2581,308,user,0.88,GPT,GPT,GPT,Bicycle
1.0661773275193953,1.3196192938588236,0.10850189383825587,2.353406218914005,0.621461627117171,0.016647827048819158,2.0139152735363393,none,none,2582,308,assistant,0.92,GPT,GPT,GPT,Bicycle
0.0,0.08197566665397057,0.0,1.9532645289779627,0.973257320315035,0.0,0.08377175493487433,none,none,2590,308,user,0.96,GPT,GPT,GPT,Bicycle
0.9778053194042822,1.3792133778605327,0.0,2.605452682819552,0.638418390284974,0.008393469125641062,2.5408584001944834,none,none,2591,308,assistant,1.0,GPT,GPT,GPT,Bicycle
0.01264105741708566,0.00482232955218618,0.0010127110821249242,1.022429168313831,0.001494180507970417,0.0,0.01304334431689544,none,none,2439,309,user,0.0,GPT,GPT,GPT,Bicycle
0.0,0.010089302446681409,0.0,1.0033228817489568,0.0,0.0,0.0,none,clarify,2441,309,assistant,0.058823529411764705,GPT,GPT,GPT,Bicycle
0.015808800612270347,0.9878818465632595,0.0,2.0131812692794533,0.0039453103672834125,0.001571199774892238,0.010197506841155037,none,clarify,2457,309,user,0.11764705882352941,GPT,GPT,GPT,Bicycle
0.21105994329523675,1.8407708071214306,0.0,2.609523982437253,0.7509605721634068,0.050201151110530945,2.3858056032587336,none,none,2458,309,assistant,0.17647058823529413,GPT,GPT,GPT,Bicycle
0.42201324642738974,0.5741010107294441,0.0,2.0024525560357804,0.43279032334606965,0.0,1.4114317426251293,none,none,2467,309,user,0.23529411764705882,GPT,GPT,GPT,Bicycle
0.3947300517477215,1.6042688117027228,0.12673106585055335,2.6788988296169265,0.8261929273594824,0.0,2.023253414606546,none,none,2469,309,assistant,0.29411764705882354,GPT,GPT,GPT,Bicycle
0.4517349559833567,0.7014123543550113,0.011300266844933928,2.220890462396236,0.31229266128215366,0.0,1.205251994994642,none,none,2495,309,user,0.35294117647058826,GPT,GPT,GPT,Bicycle
1.351799042517563,1.4400962672778492,0.2190654639520806,2.435276366657978,0.5986080471092936,0.04381626801941916,1.9287442125155876,none,none,2496,309,assistant,0.4117647058823529,GPT,GPT,GPT,Bicycle
0.8142094716897742,0.5809506412601785,0.20959784095696785,1.905056758392826,0.2814504393271943,0.22301135598429092,1.061479265733216,none,open_what_if,2533,309,user,0.47058823529411764,GPT,GPT,GPT,Bicycle
0.6869210026952325,1.5253355159369721,0.0,2.4843714952300457,0.4753439691206264,0.05654941215054651,2.348415589222369,none,none,2535,309,assistant,0.5294117647058824,GPT,GPT,GPT,Bicycle
0.13175030085405012,0.38431791810145954,0.0,1.9303720516811231,0.6699622118267063,0.0,0.996986094551423,none,none,2556,309,user,0.5882352941176471,GPT,GPT,GPT,Bicycle
0.471024786927736,0.6133954692531759,0.005007928247849578,2.541826363240423,0.3639577873093908,0.46758609622121217,1.8145576888808088,none,none,2559,309,assistant,0.6470588235294118,GPT,GPT,GPT,Bicycle
0.11894381115655615,0.13308622679520138,0.0,1.3823726422305838,0.8212608238422221,0.00025478046018376644,0.5444355359243214,none,none,2567,309,user,0.7058823529411765,GPT,GPT,GPT,Bicycle
0.8002909736550309,0.19008556869292437,0.0,2.2994658570530637,0.8843844440640994,0.12003984019299369,1.3142899198066123,none,none,2568,309,assistant,0.7647058823529411,GPT,GPT,GPT,Bicycle
0.13022299568050677,0.15483742521347083,0.0638689428687725,2.2427535945871293,0.35934067289934796,0.0,1.235330339783917,none,none,2583,309,user,0.8235294117647058,GPT,GPT,GPT,Bicycle
0.36294629243788457,0.8013957763688166,0.0,2.712568078736547,0.5729177469919838,0.0,1.771420409648657,none,none,2584,309,assistant,0.8823529411764706,GPT,GPT,GPT,Bicycle
0.2577563193090885,0.47133227886413065,0.0,2.160686251887485,0.29109436997049926,0.002172405260483853,1.387153099728818,none,none,2597,309,user,0.9411764705882353,GPT,GPT,GPT,Bicycle
0.08175325442023072,1.1045123818927656,0.0,2.8842056378431256,0.954695441646683,0.00839579862416135,1.0427929962933244,none,none,2600,309,assistant,1.0,GPT,GPT,GPT,Bicycle
0.01264105741708566,0.004634286728304182,0.0010127110821249242,1.022429168313831,0.0005745043820882738,0.0,0.01304334431689544,none,none,2605,311,user,0.0,Convergent,Persona,Convergent,Bicycle
0.0,0.009901259622799415,0.0,1.000250467143594,0.0,0.0,0.0,none,clarify,2607,311,assistant,0.09090909090909091,Convergent,Persona,Convergent,Bicycle
0.5794693887531631,0.924297746893969,0.0,1.9615003396193127,0.0233251793630628,0.0,0.0,none,clarify,2619,311,user,0.18181818181818182,Convergent,Persona,Convergent,Bicycle
0.6381100690723223,1.469231653830777,0.0,1.736300041894682,0.48176166384000746,0.0013814778556192617,0.8577874030086969,none,open_what_if,2620,311,assistant,0.2727272727272727,Convergent,Persona,Convergent,Bicycle
0.7762572646313132,0.8867331187373293,0.0,2.093142352238051,0.012757305771734461,0.014557163138554251,1.847424912800836,none,none,2641,311,user,0.36363636363636365,Convergent,Persona,Convergent,Bicycle
0.8108808376053044,1.757424224070644,0.0,2.009450721901659,0.016352077975478402,0.30719474998197627,1.5020385384312234,none,open_what_if,2642,311,assistant,0.45454545454545453,Convergent,Persona,Convergent,Bicycle
1.2367425362318574,0.7067679679567039,0.06421173571517406,1.8593730343902504,0.0739233596635124,0.21999840324299272,1.791237712999653,none,none,2659,311,user,0.5454545454545454,Convergent,Persona,Convergent,Bicycle
1.457208555786929,1.6602701210693243,0.010936857251082507,2.178114960269189,0.017167863099843046,0.12591784800427913,1.6018961358343886,none,open_what_if,2660,311,assistant,0.6363636363636364,Convergent,Persona,Convergent,Bicycle
0.4421328961099709,1.1949973745043418,0.24999141972135913,2.0315601377286723,0.40017119086199177,0.09191310324380231,1.1189061630586263,none,none,2687,311,user,0.7272727272727273,Convergent,Persona,Convergent,Bicycle
1.3486277618007796,1.8203136667799091,0.0353483657803589,2.015403189250258,0.1467079152782191,0.27858845933382276,1.5151978429427848,none,open_what_if,2688,311,assistant,0.8181818181818182,Convergent,Persona,Convergent,Bicycle
0.5914342713785044,0.6931521679923286,0.0,2.188333690975861,0.27173180012502574,0.0,1.8026015835410443,none,none,2708,311,user,0.9090909090909091,Convergent,Persona,Convergent,Bicycle
1.216581399922086,1.4953184965339175,0.18284055430672622,2.1598763920145068,0.006135536465831952,0.21066908779046223,1.4557289712786223,none,open_what_if,2710,311,assistant,1.0,Convergent,Persona,Convergent,Bicycle
0.01264105741708566,0.004634286728304182,0.0010127110821249242,1.022429168313831,0.0005745043820882738,0.0,0.01304334431689544,none,none,2609,313,user,0.0,Convergent,Persona,Convergent,Bicycle
0.0,0.009901259622799415,0.0,1.000250467143594,0.0,0.0,0.0,none,clarify,2610,313,assistant,0.07692307692307693,Convergent,Persona,Convergent,Bicycle
0.015808800612270347,0.9941145514815137,0.0,1.9784027023075073,0.0039453103672834125,0.001571199774892238,0.010197506841155037,none,clarify,2628,313,user,0.15384615384615385,Convergent,Persona,Convergent,Bicycle
1.3010336227841903,0.25334089258855574,0.024766335617814064,2.3956645896152544,0.3028048525937754,0.4712797853074489,0.3038175162337033,none,open_what_if,2630,313,assistant,0.23076923076923078,Convergent,Persona,Convergent,Bicycle
0.6895764914509138,0.17181060058196113,0.09513192485685658,2.107683357209744,0.12960700360894906,0.0021619960112185042,0.3649524355749666,none,none,2643,313,user,0.3076923076923077,Convergent,Persona,Convergent,Bicycle
0.9522077367523077,2.951798369893792,0.0,2.921021566461984,0.0,0.017384773683867927,1.0910910255414945,none,criteria_setting,2644,313,assistant,0.38461538461538464,Convergent,Persona,Convergent,Bicycle
0.07567931650437658,0.21821562698840147,0.10304077902471305,1.6552491472610216,0.050731339005030435,0.016784859625258264,0.45955156226257665,none,none,2673,313,user,0.46153846153846156,Convergent,Persona,Convergent,Bicycle
0.9076838871318542,2.82467487558044,0.0,2.9055242934507985,0.06968626600891654,0.0,1.8819753060133018,none,criteria_setting,2674,313,assistant,0.5384615384615384,Convergent,Persona,Convergent,Bicycle
0.6295121979294255,0.26940846832082116,0.035410551719619876,1.5470146281998396,0.34614426957889954,0.016649020025818983,0.3792704749570992,none,none,2679,313,user,0.6153846153846154,Convergent,Persona,Convergent,Bicycle
0.5672890035231216,2.736715334161968,0.0,2.7330612220374713,0.3811622770917121,0.022660339106609362,1.4827570693725474,none,criteria_setting,2681,313,assistant,0.6923076923076923,Convergent,Persona,Convergent,Bicycle
0.6706592049580166,0.23537998061691254,0.0,1.7896989391941291,0.06634255518014189,0.022051313347565858,0.8432231401747451,none,none,2695,313,user,0.7692307692307693,Convergent,Persona,Convergent,Bicycle
1.2603800350754004,1.6582004649963835,0.0,2.416778383917432,0.5120807808440798,0.04542905232661416,1.7140029913670276,none,open_what_if,2696,313,assistant,0.8461538461538461,Convergent,Persona,Convergent,Bicycle
0.4178632311484478,0.6429209393112422,0.19391817129279512,1.8809236814422634,0.13812242723149204,0.0806824178707585,0.6568996756797615,none,none,2711,313,user,0.9230769230769231,Convergent,Persona,Convergent,Bicycle
0.7468741026415047,2.5773852661135814,0.0,2.4135956124545292,0.24047196621037514,0.049800303691599115,1.570442484213712,none,open_what_if,2712,313,assistant,1.0,Convergent,Persona,Convergent,Bicycle
0.01264105741708566,0.004634286728304182,0.0010127110821249242,1.022429168313831,0.0005745043820882738,0.0,0.01304334431689544,none,none,2611,314,user,0.0,Convergent,Persona,Convergent,Bicycle
0.0,0.009901259622799415,0.0,1.000250467143594,0.0,0.0,0.0,none,clarify,2612,314,assistant,0.058823529411764705,Convergent,Persona,Convergent,Bicycle
0.0,0.009901259622799415,0.0,1.000250467143594,0.0,0.0,0.0,none,clarify,2625,314,user,0.11764705882352941,Convergent,Persona,Convergent,Bicycle
0.3838172185111442,0.0952762631989942,0.048858485804782276,1.2283454522900203,0.22787796163362356,0.016166553056326145,0.0,none,clarify,2626,314,assistant,0.17647058823529413,Convergent,Persona,Convergent,Bicycle
0.3838172185111442,0.0952762631989942,0.048858485804782276,1.2283454522900203,0.22787796163362356,0.016166553056326145,0.0,none,clarify,2632,314,user,0.23529411764705882,Convergent,Persona,Convergent,Bicycle
0.4285950382001775,0.10959080842292991,0.048858485804782276,1.4182183602229712,0.2900543481856367,0.0072341060545699325,0.0,none,clarify,2634,314,assistant,0.29411764705882354,Convergent,Persona,Convergent,Bicycle
0.07574129507376968,0.9571662397119659,0.0,1.9784027023075073,0.08020805701701582,0.001571199774892238,0.046887292329644385,none,clarify,2637,314,user,0.35294117647058826,Convergent,Persona,Convergent,Bicycle
0.6547522392996432,0.8232358310555526,0.0,1.9115612520953869,0.28161841355799117,0.0,0.586106831152625,none,clarify,2638,314,assistant,0.4117647058823529,Convergent,Persona,Convergent,Bicycle
0.44381056465639834,1.22904493000068,0.17317078164127045,2.0056244486105888,0.4615287586917456,0.0,1.144884962571902,none,none,2655,314,user,0.47058823529411764,Convergent,Persona,Convergent,Bicycle
0.11039734326034253,1.908627417931975,0.0,2.9001219749912948,0.042781907167902346,0.03528957009297602,0.9760412381832378,none,criteria_setting,2656,314,assistant,0.5294117647058824,Convergent,Persona,Convergent,Bicycle
1.2257930427375454,0.8384370771585301,0.010744341574007341,2.0136900838127683,0.050008855038591045,0.04726146923895523,1.5557809591497587,none,none,2663,314,user,0.5882352941176471,Convergent,Persona,Convergent,Bicycle
0.15041177921692062,2.810178042280166,0.0,2.8445913465345702,9.893313654690079e-06,0.0,0.9991462086955937,none,criteria_setting,2664,314,assistant,0.6470588235294118,Convergent,Persona,Convergent,Bicycle
0.5485401541717673,0.8334888279325517,0.5548954929449191,2.0726445093272403,0.28275452132969947,0.016677972109243752,1.590323456443471,none,none,2675,314,user,0.7058823529411765,Convergent,Persona,Convergent,Bicycle
0.9288318301240203,1.9491658299357153,0.4707267293830182,2.011156119673179,0.3749074646306889,0.11463145483312105,1.176726388242969,none,open_what_if,2676,314,assistant,0.7647058823529411,Convergent,Persona,Convergent,Bicycle
0.14046768394655462,0.9340252323436615,0.15177120457361798,2.2152857260881467,0.05756319736890921,0.0,1.7204781916108507,none,none,2689,314,user,0.8235294117647058,Convergent,Persona,Convergent,Bicycle
0.3192582143217647,1.8264696276589585,0.019647613714240644,2.1412533834997634,0.2393266706266438,0.08493101781119634,1.528654718813192,none,open_what_if,2691,314,assistant,0.8823529411764706,Convergent,Persona,Convergent,Bicycle
0.004727777288129614,0.2034956197644687,0.00714368970778513,1.8654383334819507,0.19682269680828654,0.0,1.1365563608408331,none,none,2703,314,user,0.9411764705882353,Convergent,Persona,Convergent,Bicycle
0.7006483633036333,1.2910748918236805,0.011043912257312861,2.1185508116370073,0.07269411874430023,0.0,1.594638217443451,none,open_what_if,2704,314,assistant,1.0,Convergent,Persona,Convergent,Bicycle
0.01264105741708566,0.004634286728304182,0.0010127110821249242,1.022429168313831,0.0005745043820882738,0.0,0.01304334431689544,none,none,2613,315,user,0.0,Convergent,Persona,Convergent,Bicycle
0.0,0.009901259622799415,0.0,1.000250467143594,0.0,0.0,0.0,none,clarify,2614,315,assistant,0.047619047619047616,Convergent,Persona,Convergent,Bicycle
0.015808800612270347,0.9941145514815137,0.0,1.9784027023075073,0.0039453103672834125,0.001571199774892238,0.010197506841155037,none,clarify,2623,315,user,0.09523809523809523,Convergent,Persona,Convergent,Bicycle
0.12685829145802546,1.9025857352715345,0.0,2.003643479770087,0.03342777113316108,0.07549256013489686,0.20763185315291552,none,criteria_setting,2624,315,assistant,0.14285714285714285,Convergent,Persona,Convergent,Bicycle
0.36909868275004365,0.9784276805129754,0.10555341677178158,1.9607559801243704,0.04722791630974366,0.015542047953407856,1.2488943518072297,none,none,2649,315,user,0.19047619047619047,Convergent,Persona,Convergent,Bicycle
0.9199498280557639,1.7132391688329403,0.12214445061475886,1.8433404666655144,0.04721445147415071,0.14845365970124258,0.7933583893067675,none,open_what_if,2650,315,assistant,0.23809523809523808,Convergent,Persona,Convergent,Bicycle
0.5044021830897032,0.26726194772072115,0.1433220497894811,1.502975522357947,0.2686519116110624,0.04042467806295972,0.3132024146669177,none,none,2652,315,user,0.2857142857142857,Convergent,Persona,Convergent,Bicycle
1.044472989710444,1.9898114230369683,0.026117656028455304,2.021680664440632,0.0,0.026820457944739307,1.8782432007189989,none,open_what_if,2654,315,assistant,0.3333333333333333,Convergent,Persona,Convergent,Bicycle
0.08640224999380262,0.8744637949366284,0.9592525798242402,1.976540140353742,0.0,0.0012768460470663318,0.05099870104143539,neutral,none,2661,315,user,0.38095238095238093,Convergent,Persona,Convergent,Bicycle
0.962383680069502,0.9427844092118246,0.0,1.9439549132191059,0.0,0.28617793855009405,1.0532685037778406,none,open_what_if,2662,315,assistant,0.42857142857142855,Convergent,Persona,Convergent,Bicycle
0.6238947040831055,0.1584914320137868,0.5106967645485697,1.5681020529349412,0.18988066626325784,0.1047233125720546,0.49701744542829385,none,none,2665,315,user,0.47619047619047616,Convergent,Persona,Convergent,Bicycle
0.980274525119582,2.00054026634562,0.009050218072362724,2.0432137220839306,0.0,0.0026568646824034854,1.914104498714695,none,open_what_if,2668,315,assistant,0.5238095238095238,Convergent,Persona,Convergent,Bicycle
0.5729719444181574,0.038479345475611965,0.0,1.8656594820241963,0.17387097689380598,0.04773135939253757,0.30042174289000984,none,clarify,2677,315,user,0.5714285714285714,Convergent,Persona,Convergent,Bicycle
1.0063756729292475,1.5513216632275706,0.021994107350198702,2.078423709614837,0.04424465299555103,0.03697469546149443,1.4431351392492757,none,open_what_if,2678,315,assistant,0.6190476190476191,Convergent,Persona,Convergent,Bicycle
0.10517058316406658,0.008745573197144241,0.0,1.0775597328566366,0.0,0.048416535663998346,0.9742740040889758,none,none,2685,315,user,0.6666666666666666,Convergent,Persona,Convergent,Bicycle
0.5225754811692781,2.1433203738080517,0.09344878297248484,1.8109831587186676,0.10040300116892262,0.026619412678707734,1.3891092047684297,none,open_what_if,2686,315,assistant,0.7142857142857143,Convergent,Persona,Convergent,Bicycle
0.1296526195121686,0.08455527747546662,0.0,1.699209538520753,0.2906597292207633,0.0,0.5280377197258731,none,clarify,2697,315,user,0.7619047619047619,Convergent,Persona,Convergent,Bicycle
1.1532122622164613,1.7449795024444907,0.006475919051722145,2.393106533595466,0.13734176625833933,0.01143164271880213,2.0733162813065604,none,open_what_if,2698,315,assistant,0.8095238095238095,Convergent,Persona,Convergent,Bicycle
0.02030028801592339,0.2911934071304689,0.35483227900200864,1.842231336246552,0.2703025695303434,0.0,0.2580482140734878,neutral,none,2705,315,user,0.8571428571428571,Convergent,Persona,Convergent,Bicycle
0.9197444960859509,1.6499219966433358,0.06576236154109558,2.1501475033110156,0.025134097244564904,0.29601926995793115,1.6119582734278581,none,open_what_if,2706,315,assistant,0.9047619047619048,Convergent,Persona,Convergent,Bicycle
0.048361078739304564,0.18740814519112758,0.2861307688453908,1.125346173107672,0.5860375732216917,0.045866627440648254,0.3388414853910271,none,none,2715,315,user,0.9523809523809523,Convergent,Persona,Convergent,Bicycle
1.9520873162449595,1.9458514806462046,0.005016395247316515,2.050498262990656,0.017258888027300284,0.9428280788552247,1.9483953707286898,none,open_what_if,2716,315,assistant,1.0,Convergent,Persona,Convergent,Bicycle
0.01264105741708566,0.004634286728304182,0.0010127110821249242,1.022429168313831,0.0005745043820882738,0.0,0.01304334431689544,none,none,2615,316,user,0.0,Convergent,Persona,Convergent,Bicycle
0.0,0.009901259622799415,0.0,1.000250467143594,0.0,0.0,0.0,none,clarify,2616,316,assistant,0.06666666666666667,Convergent,Persona,Convergent,Bicycle
0.015808800612270347,0.9941145514815137,0.0,1.9784027023075073,0.0039453103672834125,0.001571199774892238,0.010197506841155037,none,clarify,2621,316,user,0.13333333333333333,Convergent,Persona,Convergent,Bicycle
1.4216053295811928,0.6253699021686231,0.01117412000444883,2.2697247388609534,0.4462279751691023,0.47293049793508607,0.23759293296391085,none,criteria_setting,2622,316,assistant,0.2,Convergent,Persona,Convergent,Bicycle
0.15626240369478067,0.23341542122800216,0.07375768060407092,2.037580175645804,0.41505793184570977,0.09170703869157021,0.8498942706336464,none,none,2645,316,user,0.26666666666666666,Convergent,Persona,Convergent,Bicycle
0.8391781687207784,1.7874765154549257,0.0,2.348434783109354,0.25527918676149863,0.5904857132362641,1.8584606117308422,none,open_what_if,2646,316,assistant,0.3333333333333333,Convergent,Persona,Convergent,Bicycle
0.874592938064381,0.4115037358791191,0.0007498081276178972,2.2126388953285336,0.45568634009992154,0.0,1.4795693263407395,none,none,2657,316,user,0.4,Convergent,Persona,Convergent,Bicycle
0.3501129932328131,2.0295646155599125,0.00950766240739268,2.4089291382444693,0.44545921712931735,0.002578023593461549,1.3482027523699778,none,open_what_if,2658,316,assistant,0.4666666666666667,Convergent,Persona,Convergent,Bicycle
0.4486031498248729,0.6625506077438084,0.00509482362003238,2.4319462268234635,0.5090141639421236,0.531810924493042,1.2429720781676052,none,none,2671,316,user,0.5333333333333333,Convergent,Persona,Convergent,Bicycle
1.2920336545039999,1.8904342327515649,0.0,2.217846645647176,0.047795657517632095,0.7251622086041539,1.6775823542875388,none,open_what_if,2672,316,assistant,0.6,Convergent,Persona,Convergent,Bicycle
0.2941191062309271,0.2650154430992877,0.010509741876768341,2.0171380002516033,0.09117461671149195,0.0,1.4884503770549422,none,none,2690,316,user,0.6666666666666666,Convergent,Persona,Convergent,Bicycle
1.1659359491968533,1.9861703457750786,0.010966107034990647,2.209899837091912,0.04829544377214394,0.37646158521781764,1.8082778532027584,none,open_what_if,2692,316,assistant,0.7333333333333333,Convergent,Persona,Convergent,Bicycle
0.38621455402592003,0.3729239876002332,0.0035818415045690694,1.9847732098378772,0.17724361033198266,0.0,1.3127735621943242,none,none,2701,316,user,0.8,Convergent,Persona,Convergent,Bicycle
0.614742379659881,0.3649689664038243,0.0,2.031198826000111,0.0,0.044184596312965334,1.0871051198698278,none,open_what_if,2702,316,assistant,0.8666666666666667,Convergent,Persona,Convergent,Bicycle
0.08374118775766229,1.8240752443645252,0.013655257853710225,2.952906102246266,0.9406907934091123,0.020734055366803457,1.9144030606622853,none,none,2713,316,user,0.9333333333333333,Convergent,Persona,Convergent,Bicycle
1.1169033403697455,2.213427132092704,0.0064085044509113375,2.4767754473470998,0.42942598177023333,0.27239838762893204,1.536483204047862,none,open_what_if,2714,316,assistant,1.0,Convergent,Persona,Convergent,Bicycle
0.01264105741708566,0.004634286728304182,0.0010127110821249242,1.022429168313831,0.0005745043820882738,0.0,0.01304334431689544,none,none,2631,318,user,0.0,Convergent,Persona,Convergent,Bicycle
0.0,0.009901259622799415,0.0,1.000250467143594,0.0,0.0,0.0,none,clarify,2633,318,assistant,0.14285714285714285,Convergent,Persona,Convergent,Bicycle
0.015808800612270347,0.9941145514815137,0.0,1.9784027023075073,0.0039453103672834125,0.001571199774892238,0.010197506841155037,none,clarify,2635,318,user,0.2857142857142857,Convergent,Persona,Convergent,Bicycle
0.6984636888598963,2.1912876532739807,0.01116084612149284,2.4755136084819274,0.3304974509477925,0.15076408264385519,1.1807737739180306,none,open_what_if,2636,318,assistant,0.42857142857142855,Convergent,Persona,Convergent,Bicycle
0.8425470041473623,0.6498792579773275,0.0,1.910181073790217,0.17308708408657336,0.008559884823708288,0.56877811835234,none,clarify,2651,318,user,0.5714285714285714,Convergent,Persona,Convergent,Bicycle
0.8845635222141255,1.7437366777335752,0.002561610227638387,2.4450827156390718,0.3056256615320547,0.6580032382196086,1.6259819661441006,none,open_what_if,2653,318,assistant,0.7142857142857143,Convergent,Persona,Convergent,Bicycle
0.8919892455155021,0.9605411948064679,0.0,2.0932810597633726,0.07702889053151554,0.0025505429445059416,1.8772845078954636,none,none,2699,318,user,0.8571428571428571,Convergent,Persona,Convergent,Bicycle
1.339644414653976,1.6855237539892503,0.0,2.0651688554517458,0.11887791981035788,0.36074573111002456,1.1365427717829326,none,open_what_if,2700,318,assistant,1.0,Convergent,Persona,Convergent,Bicycle
0.01264105741708566,0.004634286728304182,0.0010127110821249242,1.022429168313831,0.0005745043820882738,0.0,0.01304334431689544,none,none,2666,319,user,0.0,Convergent,Persona,Convergent,Bicycle
0.0,0.009901259622799415,0.0,1.000250467143594,0.0,0.0,0.0,none,clarify,2667,319,assistant,0.09090909090909091,Convergent,Persona,Convergent,Bicycle
0.015808800612270347,0.9941145514815137,0.0,1.9784027023075073,0.0039453103672834125,0.001571199774892238,0.010197506841155037,none,clarify,2669,319,user,0.18181818181818182,Convergent,Persona,Convergent,Bicycle
0.4813725888612317,0.5690884273377576,0.01635388002467942,2.129274245768158,0.05002179567802787,0.31251434635686554,0.0,none,clarify,2670,319,assistant,0.2727272727272727,Convergent,Persona,Convergent,Bicycle
0.4448258612406109,0.2545269048404165,0.1657995525511638,1.5779525424696017,0.32818517658716867,0.0,0.3924611328998908,none,none,2680,319,user,0.36363636363636365,Convergent,Persona,Convergent,Bicycle
0.6371957667089917,1.76099998987174,0.0,2.0516118405990245,0.0,0.030192985422677607,1.2362820430878185,none,open_what_if,2682,319,assistant,0.45454545454545453,Convergent,Persona,Convergent,Bicycle
0.22876359707781568,0.29845794059917824,0.03791719770471845,1.7607895369317255,0.28475925934644214,0.03244111714353977,0.07184953464069595,none,none,2683,319,user,0.5454545454545454,Convergent,Persona,Convergent,Bicycle
0.3990268890584455,1.5719875989774537,0.0,2.100136221461893,0.0,0.0,1.114560544686794,none,clarify,2684,319,assistant,0.6363636363636364,Convergent,Persona,Convergent,Bicycle
0.0,0.0,0.0,2.906952552514013,0.8867195747294055,0.03210300850669573,0.01837095446707664,none,none,2693,319,user,0.7272727272727273,Convergent,Persona,Convergent,Bicycle
0.8320062960334261,0.9124512376939629,0.0,2.1874650505622424,0.134351374119118,0.015993400359778517,1.15355895654812,none,open_what_if,2694,319,assistant,0.8181818181818182,Convergent,Persona,Convergent,Bicycle
0.34721088059678495,0.41898869912358505,0.25795030002761254,1.9623408229150328,0.5313617541527281,0.0,1.028939146902756,none,none,2707,319,user,0.9090909090909091,Convergent,Persona,Convergent,Bicycle
0.31716163823213683,1.5078938930857675,0.23383646020560175,2.368410042685751,0.21911650538649252,0.006377610975330253,0.5642103947274822,none,open_what_if,2709,319,assistant,1.0,Convergent,Persona,Convergent,Bicycle
0.01264105741708566,0.00482232955218618,0.0010127110821249242,1.022429168313831,0.001494180507970417,0.0,0.01304334431689544,none,none,2717,320,user,0.0,GPT,GPT,GPT,Library
0.0,0.010089302446681409,0.0,1.0033228817489568,0.0,0.0,0.0,none,clarify,2719,320,assistant,0.1111111111111111,GPT,GPT,GPT,Library
0.218821361924876,0.6133049893820918,0.0,1.745649251030692,0.15097925908898313,0.0766432850351456,0.39381760385096315,none,clarify,2741,320,user,0.2222222222222222,GPT,GPT,GPT,Library
0.2806084117495482,2.2099872677126626,0.017749853789276834,2.1858845957300153,0.3652105305572564,0.19924200815971332,1.4830628236660177,none,none,2742,320,assistant,0.3333333333333333,GPT,GPT,GPT,Library
0.017391577180013443,0.9864908639138626,0.0,2.0231320623003413,0.0,0.0,0.08564678798584992,none,clarify,2748,320,user,0.4444444444444444,GPT,GPT,GPT,Library
0.45054096473875077,1.9118034852576047,0.0,2.458338434887594,0.48291822493960135,0.208539623967996,2.0838725086329193,none,none,2750,320,assistant,0.5555555555555556,GPT,GPT,GPT,Library
0.20137436005369796,0.9225151203423069,0.0,2.1019169531910378,0.13522769342344323,0.0,1.0999745599565258,none,none,2779,320,user,0.6666666666666666,GPT,GPT,GPT,Library
0.4559286928380523,1.8025756440624645,0.20538463405346455,2.269200453576041,0.6184670607472281,0.03603689219159311,2.231729420408875,none,none,2780,320,assistant,0.7777777777777778,GPT,GPT,GPT,Library
0.10167370194003866,0.42915562958282144,0.047480241410127015,1.903837579120426,0.0,0.0,0.09613857712461989,none,clarify,2795,320,user,0.8888888888888888,GPT,GPT,GPT,Library
0.7814818518455497,2.749800663934631,0.004326756283597873,2.4754010007561584,0.694337918604079,0.03081055594782293,1.6476815523133868,none,none,2796,320,assistant,1.0,GPT,GPT,GPT,Library
0.01264105741708566,0.00482232955218618,0.0010127110821249242,1.022429168313831,0.001494180507970417,0.0,0.01304334431689544,none,none,2718,321,user,0.0,GPT,GPT,GPT,Library
0.0,0.010089302446681409,0.0,1.0033228817489568,0.0,0.0,0.0,none,clarify,2721,321,assistant,0.09090909090909091,GPT,GPT,GPT,Library
0.017391577180013443,0.9864908639138626,0.0,2.0231320623003413,0.0,0.0,0.0,none,clarify,2733,321,user,0.18181818181818182,GPT,GPT,GPT,Library
0.13256275688081007,0.8697622024959393,0.0,2.488271238597068,0.6285467605164361,0.00566204941045488,1.051032062294401,none,none,2734,321,assistant,0.2727272727272727,GPT,GPT,GPT,Library
0.26917791445555406,0.6997501385523271,0.4706084151394992,2.0647453639784366,0.04316805117938253,0.024248531721377198,0.9264348361258506,none,none,2745,321,user,0.36363636363636365,GPT,GPT,GPT,Library
0.6178920072417001,1.332474122926808,0.4454113175118884,2.2527347842247245,0.3874099663545339,0.08825855730305747,0.7962994815627804,none,none,2746,321,assistant,0.45454545454545453,GPT,GPT,GPT,Library
0.0761811614183992,1.1854105169907725,0.1978539956782555,2.187544635205475,0.07374672759444337,0.03675517802682637,1.4957319556055888,none,none,2765,321,user,0.5454545454545454,GPT,GPT,GPT,Library
0.538153786223582,2.046972664374578,0.5098089399212589,2.319682743106389,0.6915036024348338,0.005468087256564738,1.8064222916906059,none,none,2766,321,assistant,0.6363636363636364,GPT,GPT,GPT,Library
0.34861820989799386,0.8025599110523032,0.0,2.325512081330125,0.0010561061932588029,0.006861826065579087,0.9767218572409908,none,none,2785,321,user,0.7272727272727273,GPT,GPT,GPT,Library
0.5573828000377314,1.6406267715612215,0.0,2.2726091646419504,0.5814495022518369,0.02230912860324459,1.8852465213800078,none,none,2786,321,assistant,0.8181818181818182,GPT,GPT,GPT,Library
0.0,0.3023813744435275,0.4338512100827376,2.0111800706646497,0.09136578601604377,0.1811130566021457,0.9430407053352782,none,none,2803,321,user,0.9090909090909091,GPT,GPT,GPT,Library
0.20667529698899706,2.011448263548111,0.22549478104479434,2.553399343691496,0.38941287337504066,0.055831876615668054,1.0384873556774972,none,none,2804,321,assistant,1.0,GPT,GPT,GPT,Library
0.01264105741708566,0.00482232955218618,0.0010127110821249242,1.022429168313831,0.001494180507970417,0.0,0.01304334431689544,none,none,2723,323,user,0.0,GPT,GPT,GPT,Library
0.0,0.010089302446681409,0.0,1.0033228817489568,0.0,0.0,0.0,none,clarify,2725,323,assistant,0.058823529411764705,GPT,GPT,GPT,Library
0.017391577180013443,0.9864908639138626,0.0,2.0231320623003413,0.0,0.0,0.0,none,clarify,2729,323,user,0.11764705882352941,GPT,GPT,GPT,Library
0.4623326370360645,1.5870443415599296,0.0,2.421381027961135,0.48512966930026996,0.12260707812245678,2.1569002930402617,none,none,2730,323,assistant,0.17647058823529413,GPT,GPT,GPT,Library
0.40431275491177354,1.1633204360460627,0.29422174731613004,2.1156879794682557,0.11779864070401196,0.05700339960005237,1.3101521285787403,none,none,2753,323,user,0.23529411764705882,GPT,GPT,GPT,Library
0.3281152504387238,1.6917600775313992,0.013697164887809678,2.4312400099691978,0.5705675111960204,0.07551155461539359,1.6823211065692387,none,none,2755,323,assistant,0.29411764705882354,GPT,GPT,GPT,Library
0.26200217347768806,0.14906657268366272,0.04595445891952026,1.8209199128133435,0.2301024303223827,0.0,0.49655042954311507,none,none,2767,323,user,0.35294117647058826,GPT,GPT,GPT,Library
0.69870380056403,1.7677208891650797,0.0626096401801899,2.3522198649432795,0.5814134638001757,0.40670476060231225,1.8839539066619937,none,none,2768,323,assistant,0.4117647058823529,GPT,GPT,GPT,Library
0.5249201236609411,0.7630697075058662,0.528938302418904,1.9623970330634575,0.2904804467999511,0.08495369649198657,1.6958073991692564,none,none,2783,323,user,0.47058823529411764,GPT,GPT,GPT,Library
0.5804225373701172,1.7782197200785919,0.0,2.430946373720806,0.39876180341714185,0.27508072431375574,2.368091818024321,none,none,2784,323,assistant,0.5294117647058824,GPT,GPT,GPT,Library
0.44732478008744025,0.7989551269395229,0.0,2.0185371776080947,0.17056821370804354,0.0,1.6781761139476872,none,none,2801,323,user,0.5882352941176471,GPT,GPT,GPT,Library
0.5241691624090845,1.6601434033801112,0.03573554762472344,2.345334564156713,0.7509581908597756,0.07403848701641484,2.3390899747656557,none,none,2802,323,assistant,0.6470588235294118,GPT,GPT,GPT,Library
0.05074004757469651,0.11268417102567038,0.022900425283918304,1.592580111674272,0.3447150077108437,0.0,0.8322771389018834,none,none,2805,323,user,0.7058823529411765,GPT,GPT,GPT,Library
0.2433045682026399,1.9251096146386848,0.0,2.3519111106217196,0.4624048478920788,0.1555412391323194,2.3204666580791606,none,none,2806,323,assistant,0.7647058823529411,GPT,GPT,GPT,Library
0.18260678847247575,0.1753200670039429,0.0911156641295239,1.3748196203334666,0.20423843652805562,0.023248480541414384,0.872477293432493,none,clarify,2811,323,user,0.8235294117647058,GPT,GPT,GPT,Library
0.6442164173358801,1.8140715826108549,0.12269082329136956,2.357262603591907,0.5953274251898764,0.33254438700968003,1.7567575390867474,none,none,2812,323,assistant,0.8823529411764706,GPT,GPT,GPT,Library
0.35760066973858784,1.3041448727992435,0.8847563672220614,2.0115999351501936,0.33659268018365013,0.029226518303393158,1.1791916432869882,none,none,2815,323,user,0.9411764705882353,GPT,GPT,GPT,Library
0.14451764734360734,1.4736331412111254,0.11840221796656963,2.325591079803656,0.6959117554995923,0.11758659822741671,1.1745863951851814,none,none,2816,323,assistant,1.0,GPT,GPT,GPT,Library
0.01264105741708566,0.00482232955218618,0.0010127110821249242,1.022429168313831,0.001494180507970417,0.0,0.01304334431689544,none,none,2724,324,user,0.0,GPT,GPT,GPT,Library
0.0,0.010089302446681409,0.0,1.0033228817489568,0.0,0.0,0.0,none,clarify,2728,324,assistant,0.06666666666666667,GPT,GPT,GPT,Library
0.017391577180013443,0.9864908639138626,0.0,2.0231320623003413,0.0,0.0,0.0,none,clarify,2739,324,user,0.13333333333333333,GPT,GPT,GPT,Library
0.31950133481542137,1.514022507954321,0.007866233128338746,2.48435853958374,0.4235316556068712,0.09528505585296212,2.1896083602450718,none,none,2740,324,assistant,0.2,GPT,GPT,GPT,Library
0.31009710625927206,0.21835122793768752,0.23791729451528235,2.0214291193395333,0.008317213502544529,0.004794404227054859,0.24858943631181385,none,clarify,2751,324,user,0.26666666666666666,GPT,GPT,GPT,Library
0.7403563948557226,1.2701962281612704,0.0,2.1403495989617536,0.3477266834301477,0.02844901627046397,1.4460205924322989,none,none,2752,324,assistant,0.3333333333333333,GPT,GPT,GPT,Library
0.2708085975674285,0.12474460481336372,0.00592491534604422,1.6135024325024423,0.0,0.006419726368995826,1.1186317338851546,none,clarify,2761,324,user,0.4,GPT,GPT,GPT,Library
0.35346294323409805,1.7655897731442622,0.01273776024615573,2.480349095146102,0.690212177337654,0.0,1.7583282743389377,none,none,2762,324,assistant,0.4666666666666667,GPT,GPT,GPT,Library
0.13047662215313602,0.43951359280563024,0.007169683032123952,1.4937274350591416,0.11534800859642552,0.0,0.7656174110539791,none,clarify,2769,324,user,0.5333333333333333,GPT,GPT,GPT,Library
0.10194911827301853,1.8992237023716172,0.0,2.5551035326396327,0.49818432800584744,0.0029724764869601267,1.7164227286583065,none,none,2770,324,assistant,0.6,GPT,GPT,GPT,Library
0.1127665484383614,0.26906353247680087,0.19695067880254857,1.3605977617265876,0.0,0.11959763009348916,0.5602622323783502,none,clarify,2775,324,user,0.6666666666666666,GPT,GPT,GPT,Library
0.37342016354904595,1.4711570297387058,0.0,2.2937881558073374,0.9065441098019535,0.12364930829769437,2.0008495479363666,none,none,2776,324,assistant,0.7333333333333333,GPT,GPT,GPT,Library
0.1724560950760277,0.20833477023420555,0.011811711653564943,1.5110529294491977,0.21063408672344397,0.04485819771373036,0.21641164709556407,none,clarify,2781,324,user,0.8,GPT,GPT,GPT,Library
0.336449056992882,0.9292923682172546,0.004793957994534099,2.278645246147876,0.6644851382130645,0.009643178042322917,1.2820172783603963,none,none,2782,324,assistant,0.8666666666666667,GPT,GPT,GPT,Library
0.5175682515349811,0.42235266458059684,0.0009672033305370433,1.5017592848230494,0.4674571875753261,0.4559287858694312,0.5784625517772741,none,none,2789,324,user,0.9333333333333333,GPT,GPT,GPT,Library
0.6621853849985504,1.2937696369371883,0.38716764445371293,2.280894399685827,0.692506171946883,0.09940163552034516,1.8483113676968101,none,none,2790,324,assistant,1.0,GPT,GPT,GPT,Library
0.01264105741708566,0.00482232955218618,0.0010127110821249242,1.022429168313831,0.001494180507970417,0.0,0.01304334431689544,none,none,2726,325,user,0.0,GPT,GPT,GPT,Library
0.0,0.010089302446681409,0.0,1.0033228817489568,0.0,0.0,0.0,none,clarify,2727,325,assistant,0.06666666666666667,GPT,GPT,GPT,Library
0.05832166079204524,1.0324530332410713,0.0,1.9358242261698708,0.0,0.03382756184304106,0.0,none,clarify,2735,325,user,0.13333333333333333,GPT,GPT,GPT,Library
0.4157820177007033,1.901903796907537,0.0,2.258367263996014,0.32821327321396204,0.09146245387864828,1.7680662789396562,none,none,2736,325,assistant,0.2,GPT,GPT,GPT,Library
0.5702353939843462,1.116133702596722,0.0,2.129940110744573,0.4215372810236639,0.05517517575025576,1.6687265084353158,none,clarify,2743,325,user,0.26666666666666666,GPT,GPT,GPT,Library
0.5274716515592974,1.5929958423385138,0.0,2.4470785721786186,0.7673920908771895,0.1253920786793642,2.2128566569541896,none,none,2744,325,assistant,0.3333333333333333,GPT,GPT,GPT,Library
0.324290580254119,0.4950893025388386,0.0038324103032925413,1.5292201214627266,0.7156145912092752,0.0,0.8276409247781369,none,none,2747,325,user,0.4,GPT,GPT,GPT,Library
0.37301060878729586,0.8883397037300453,0.5960380966565227,2.226717704756196,0.3757175504702356,0.0,0.7923310138306666,none,none,2749,325,assistant,0.4666666666666667,GPT,GPT,GPT,Library
0.42433234557534605,0.9016087213068448,0.0,1.8188073030128968,0.3468600427576578,0.09425618771039114,1.2477675064478588,none,clarify,2763,325,user,0.5333333333333333,GPT,GPT,GPT,Library
0.5487438339773283,2.032203677273857,0.007238944224289456,2.32049057508591,0.656662684612967,0.22709783802787084,1.8560313116808893,none,none,2764,325,assistant,0.6,GPT,GPT,GPT,Library
0.3696252612375863,0.5674123536707026,0.018660807900679637,1.1898379922561844,0.0949343003367322,0.003238260537229074,0.5912165034107452,none,clarify,2773,325,user,0.6666666666666666,GPT,GPT,GPT,Library
0.413748667163888,1.742554784410631,0.0,2.5018870078808746,0.49019393250896,0.0,1.6162379217337102,none,none,2774,325,assistant,0.7333333333333333,GPT,GPT,GPT,Library
0.4806299478075418,0.797443158131011,0.0,2.0874135298075465,0.28510308985130806,0.11702973064827867,1.6454384315752923,none,none,2791,325,user,0.8,GPT,GPT,GPT,Library
0.629222754811307,1.6265703464414751,0.0,2.6083014651681933,0.4107398535956586,0.05764969467222147,1.662366439643392,none,none,2794,325,assistant,0.8666666666666667,GPT,GPT,GPT,Library
0.14626684055014316,0.17684781611025172,0.6805576552693855,2.03998802144916,0.12015543532997398,0.4311214765251633,0.42635433594023975,none,none,2799,325,user,0.9333333333333333,GPT,GPT,GPT,Library
0.3404612560934036,1.1519835820845805,0.600128790628374,2.1420141298978645,0.7514324519831551,0.025821105987055722,1.093304129626722,none,none,2800,325,assistant,1.0,GPT,GPT,GPT,Library
0.01264105741708566,0.00482232955218618,0.0010127110821249242,1.022429168313831,0.001494180507970417,0.0,0.01304334431689544,none,none,2731,326,user,0.0,GPT,GPT,GPT,Library
0.0,0.010089302446681409,0.0,1.0033228817489568,0.0,0.0,0.0,none,clarify,2732,326,assistant,0.07692307692307693,GPT,GPT,GPT,Library
0.017391577180013443,0.9864908639138626,0.0,2.0231320623003413,0.0,0.0,0.0,none,clarify,2737,326,user,0.15384615384615385,GPT,GPT,GPT,Library
0.3751028818116938,1.7251057983766434,0.0,2.336454611813456,0.5871413129722175,0.108687385383875,2.1887895475695305,none,none,2738,326,assistant,0.23076923076923078,GPT,GPT,GPT,Library
0.8023716383644672,0.459527611702284,0.0,1.9098900240835879,0.07779572633171382,0.0,1.2256162624315654,none,clarify,2754,326,user,0.3076923076923077,GPT,GPT,GPT,Library
0.41810608000780736,1.7169315342307867,0.0,2.4109595888225956,1.0526805913250015,0.09493300244280303,1.9531809148712256,none,none,2756,326,assistant,0.38461538461538464,GPT,GPT,GPT,Library
0.5447350468443825,0.5526586001354651,0.06617145463041733,2.3622656664662873,0.13771071805592613,0.016477599032098073,0.7342562662501999,none,none,2777,326,user,0.46153846153846156,GPT,GPT,GPT,Library
0.1627527492584056,1.9081719379895197,0.5195163642182377,2.515072771567408,0.5805027772703221,0.006886874917012653,1.7363247129577948,none,none,2778,326,assistant,0.5384615384615384,GPT,GPT,GPT,Library
0.34763665368753754,0.6356215373356727,0.2638538451915462,2.0365108904932967,0.4013524976898632,0.028862186015140234,1.2736787959874134,none,none,2792,326,user,0.6153846153846154,GPT,GPT,GPT,Library
0.34515069437111146,1.759777884919509,0.016478917603039663,2.3259019481657175,0.7914391023620168,0.03779584462440623,1.1404628099551997,none,none,2793,326,assistant,0.6923076923076923,GPT,GPT,GPT,Library
0.02614040696176725,0.6012523028955593,0.8833094558639727,1.9577589209737525,0.08692656802714994,0.031821527604328124,1.2950767370845233,neutral,none,2809,326,user,0.7692307692307693,GPT,GPT,GPT,Library
0.07627493088809716,1.9786390547422241,0.06712233347311082,2.364237810998313,0.47896968460832207,0.0,1.2624160286805417,none,none,2810,326,assistant,0.8461538461538461,GPT,GPT,GPT,Library
0.6555504862315961,0.898522076643374,0.1334142595469047,2.2284845394454798,0.3042290997544178,0.05460409511642533,1.2672590454790724,none,criteria_setting,2817,326,user,0.9230769230769231,GPT,GPT,GPT,Library
0.20779670632651415,1.8089911271140307,0.06066702324930124,2.485813151971172,0.7871155963212412,0.07461321682811903,1.4546977981415283,none,none,2818,326,assistant,1.0,GPT,GPT,GPT,Library
0.01264105741708566,0.00482232955218618,0.0010127110821249242,1.022429168313831,0.001494180507970417,0.0,0.01304334431689544,none,none,2757,327,user,0.0,GPT,GPT,GPT,Library
0.0,0.010089302446681409,0.0,1.0033228817489568,0.0,0.0,0.0,none,clarify,2758,327,assistant,0.06666666666666667,GPT,GPT,GPT,Library
0.017391577180013443,0.9864908639138626,0.0,2.0231320623003413,0.0,0.0,0.0,none,clarify,2759,327,user,0.13333333333333333,GPT,GPT,GPT,Library
0.5000278931709862,1.7836688667780356,0.00714368970778513,2.303310861952651,0.47978779349423034,0.2876791554723784,2.110427840921149,none,none,2760,327,assistant,0.2,GPT,GPT,GPT,Library
0.17564732901611346,0.3055928886472525,0.0,2.1868548085061956,0.7644665633047435,0.027225459287131156,0.09099236956629245,none,none,2771,327,user,0.26666666666666666,GPT,GPT,GPT,Library
0.6289368814806551,2.109409069615189,0.6287327495939643,2.0443024847077194,0.03971807167458141,0.0,1.5142789970707036,none,open_what_if,2772,327,assistant,0.3333333333333333,GPT,GPT,GPT,Library
0.6385684566633019,0.5078943224275536,0.0,1.8624560430199064,0.1580276039272572,0.0,0.7746135917134319,none,clarify,2787,327,user,0.4,GPT,GPT,GPT,Library
0.49554430438465275,1.762264173333628,0.0,2.3161479337850266,0.4795086181397513,0.18044115012805936,2.2150626080223073,none,none,2788,327,assistant,0.4666666666666667,GPT,GPT,GPT,Library
0.4136540912089033,0.09073720409678754,0.12603495669354825,1.625369356944739,0.2210575771850312,0.0,0.8797253945771832,none,clarify,2797,327,user,0.5333333333333333,GPT,GPT,GPT,Library
0.19170939094136166,0.8133219774574963,0.0,2.3532908402457684,0.4277051230457667,0.19990533424199955,1.6515533841382988,none,none,2798,327,assistant,0.6,GPT,GPT,GPT,Library
0.48259061077482124,0.6248726304418106,0.0,1.4665915541022054,0.29266367376842506,0.0,1.1854533856583083,none,none,2807,327,user,0.6666666666666666,GPT,GPT,GPT,Library
0.5671472754372971,1.5509300314238073,0.01690746571156104,2.3493254554529877,0.5035785013136052,0.0,2.1284033785171097,none,none,2808,327,assistant,0.7333333333333333,GPT,GPT,GPT,Library
0.2798866636313922,0.8676275652193304,0.5436880156204322,2.531561487162861,0.30617893443342487,0.0,1.285592136363547,none,none,2813,327,user,0.8,GPT,GPT,GPT,Library
0.08681083940793172,2.0668863299603077,0.052424120565933874,2.966368201893763,0.9247242385291039,0.0,2.869953005062375,none,none,2814,327,assistant,0.8666666666666667,GPT,GPT,GPT,Library
0.10885082147342764,0.18906242396069342,0.0,1.6098650551110432,0.1104256233927189,0.0,0.6912170689235577,none,clarify,2819,327,user,0.9333333333333333,GPT,GPT,GPT,Library
0.24515392803902228,2.0719063356835505,0.0015089910455597635,2.441986011041657,0.40666067909582193,0.0,1.8602281352174006,none,none,2820,327,assistant,1.0,GPT,GPT,GPT,Library
0.01264105741708566,0.00482232955218618,0.0010127110821249242,1.022429168313831,0.001494180507970417,0.0,0.01304334431689544,none,none,2821,328,user,0.0,GPT,GPT,GPT,Bicycle
0.0,0.08336117221917082,0.0,1.02388464950815,0.06880326256823865,0.0,0.011024424504684901,none,clarify,2823,328,assistant,0.07692307692307693,GPT,GPT,GPT,Bicycle
0.015808800612270347,0.9878818465632595,0.0,2.0131812692794533,0.0039453103672834125,0.001571199774892238,0.010197506841155037,none,clarify,2855,328,user,0.15384615384615385,GPT,GPT,GPT,Bicycle
0.1613656035761048,1.8463572990468478,0.0,2.828333860185423,0.6640335888496803,0.046214087447746924,2.650126385377135,none,none,2859,328,assistant,0.23076923076923078,GPT,GPT,GPT,Bicycle
0.22286928036666115,0.3141125911824865,0.041581455237549685,1.6104410210853457,0.18393433142966334,0.0828667302516783,0.4140271297434172,none,clarify,2881,328,user,0.3076923076923077,GPT,GPT,GPT,Bicycle
0.10207030460340746,0.6835603263711051,0.0,2.4944587543328,0.5946936553277833,0.05490816891007233,1.6117530917773695,none,none,2884,328,assistant,0.38461538461538464,GPT,GPT,GPT,Bicycle
0.047296516967783794,0.6318569763120797,0.0,1.6082459367991724,0.19994405369543813,0.036576979670384514,1.2459689674021968,none,clarify,2935,328,user,0.46153846153846156,GPT,GPT,GPT,Bicycle
0.35505627252595334,1.8176789328456973,0.0,2.6848360930612976,0.8497759855725461,0.03575572619020683,2.275323642198427,none,none,2936,328,assistant,0.5384615384615384,GPT,GPT,GPT,Bicycle
0.8216571117904741,0.46347729373056173,0.0,2.1468652255293894,0.13187295547445968,0.0,1.2902234670719974,none,clarify,2967,328,user,0.6153846153846154,GPT,GPT,GPT,Bicycle
0.587980403501883,1.666374614524895,0.0,2.4573424522274254,0.6833435530970324,0.0,2.014804809639901,none,none,2970,328,assistant,0.6923076923076923,GPT,GPT,GPT,Bicycle
0.5250003599973242,0.18380144261500644,0.0,1.5699697510937598,0.21322066802242098,0.07217993607308215,0.49557008391386437,none,clarify,2997,328,user,0.7692307692307693,GPT,GPT,GPT,Bicycle
0.16122124264934262,0.4644254612359927,0.16787157924729518,2.528133117689489,0.40494097833974513,0.004154746905169825,1.530176413887585,none,none,2998,328,assistant,0.8461538461538461,GPT,GPT,GPT,Bicycle
0.1767815229749863,0.3932596627872727,0.11637230696663656,2.0357311674749257,0.03441630246792476,0.0,0.3823081410342296,none,clarify,3022,328,user,0.9230769230769231,GPT,GPT,GPT,Bicycle
0.17836300115150813,1.4873484998759652,0.5850580431244363,2.5851804320480074,0.8875898249583117,0.026679613585608164,1.461540150816885,none,none,3024,328,assistant,1.0,GPT,GPT,GPT,Bicycle
0.01264105741708566,0.00482232955218618,0.0010127110821249242,1.022429168313831,0.001494180507970417,0.0,0.01304334431689544,none,none,2822,329,user,0.0,GPT,GPT,GPT,Bicycle
0.0,0.010089302446681409,0.0,1.0033228817489568,0.0,0.0,0.0,none,clarify,2824,329,assistant,0.04,GPT,GPT,GPT,Bicycle
0.015808800612270347,0.9878818465632595,0.0,2.0131812692794533,0.0039453103672834125,0.001571199774892238,0.010197506841155037,none,clarify,2844,329,user,0.08,GPT,GPT,GPT,Bicycle
0.08754825196973415,1.792712248289989,0.0,2.8228974786190286,0.4953100345202529,0.0,2.7790399713148846,none,none,2846,329,assistant,0.12,GPT,GPT,GPT,Bicycle
0.16760703601254762,0.38255909724696713,0.0,1.8836219269926595,0.6454919534730048,0.0,0.8894959351465093,none,clarify,2869,329,user,0.16,GPT,GPT,GPT,Bicycle
0.08974710213816141,1.4962887991734855,0.0,2.678142688906907,0.789812741469174,0.0,2.2222768983579373,none,none,2870,329,assistant,0.2,GPT,GPT,GPT,Bicycle
0.23911689430143426,0.2634104222034711,0.3419976444505249,1.3631197753811675,0.24187805967343096,0.0,0.7453116028833492,neutral,clarify,2895,329,user,0.24,GPT,GPT,GPT,Bicycle
0.5477792593827907,1.387194589193102,0.00714368970778513,2.341238061012792,0.6402599721474703,0.0,2.3958713136771914,none,none,2897,329,assistant,0.28,GPT,GPT,GPT,Bicycle
0.0,0.16784259612916247,0.20398242292488475,1.3718219627976556,0.0974767721572299,0.0,0.31344826267150055,none,none,2908,329,user,0.32,GPT,GPT,GPT,Bicycle
0.3208152288625934,1.568973263810581,0.00714368970778513,2.574481348427592,0.5512330916239461,0.0004904704500584113,2.431172652096014,none,none,2910,329,assistant,0.36,GPT,GPT,GPT,Bicycle
0.029939141463136424,0.06670318321734216,0.0,0.987597948287948,0.07074580375995265,0.0,0.5446721985843563,none,clarify,2918,329,user,0.4,GPT,GPT,GPT,Bicycle
0.061684366622318146,0.7796466904056847,0.00714368970778513,2.312542917168992,0.46531222260303257,0.008624620704303894,1.9565733263388698,none,none,2920,329,assistant,0.44,GPT,GPT,GPT,Bicycle
0.5668472954168775,0.39789756512454405,0.0,1.550798797601337,0.2887562436493295,0.45634338482549713,1.3381771063360628,none,clarify,2933,329,user,0.48,GPT,GPT,GPT,Bicycle
0.18405086193684136,1.4659501136269442,0.0,2.4789228539260693,0.3553802766964163,0.05149939752403079,2.3331427544171333,none,none,2934,329,assistant,0.52,GPT,GPT,GPT,Bicycle
0.1505059630965824,0.5720432933194796,0.0,2.261485526744825,0.34149765632545726,0.0,1.842765626176791,none,none,2947,329,user,0.56,GPT,GPT,GPT,Bicycle
0.32374741164268805,1.2154458416832843,0.0,2.632877834399885,0.419663730356941,0.0,2.498251609879402,none,none,2949,329,assistant,0.6,GPT,GPT,GPT,Bicycle
0.03897291133559358,0.08189019383237786,0.011569870427341065,1.2667287004625514,0.03173897845601731,0.0,0.3885943429160915,none,clarify,2952,329,user,0.64,GPT,GPT,GPT,Bicycle
0.2307641427802259,1.4062996442695723,0.00714368970778513,2.4430207461635662,0.4374865546707306,0.0,2.5061985672637315,none,none,2954,329,assistant,0.68,GPT,GPT,GPT,Bicycle
0.5473998428684516,0.3603444098741756,0.0,1.625229199186028,0.12303990738684491,0.0,0.6127603238855217,none,clarify,2977,329,user,0.72,GPT,GPT,GPT,Bicycle
0.25418511668754185,1.559471502200273,0.11067064843481603,2.523876875073789,0.715666991222048,2.9806081250020986e-05,2.5573058011602803,none,none,2979,329,assistant,0.76,GPT,GPT,GPT,Bicycle
0.7355495037801951,0.22081784346851285,0.0,1.8599273326761783,0.06636376293858355,0.0,1.234816530097885,none,none,2995,329,user,0.8,GPT,GPT,GPT,Bicycle
0.13111615384406788,1.4268414810086647,0.0,2.3787387159281,0.48416933060234635,0.0,2.526509150248863,none,none,2996,329,assistant,0.84,GPT,GPT,GPT,Bicycle
0.237530298922096,0.6608812125598776,0.18847098714100033,2.2529459358288753,0.4476515944864192,0.0041977525596914225,1.2910116096831061,none,none,3016,329,user,0.88,GPT,GPT,GPT,Bicycle
0.18621502750106786,1.428480442535144,0.0,2.505612594386785,0.4156326648265226,0.016796000141792288,2.244067662690328,none,none,3020,329,assistant,0.92,GPT,GPT,GPT,Bicycle
0.5376883237520734,0.0,0.012898746783564691,1.8395930090291377,0.2976571728098645,0.2601006828350758,1.0231307011691138,none,clarify,3038,329,user,0.96,GPT,GPT,GPT,Bicycle
0.4043756015841927,1.4278105329481396,0.00714368970778513,2.2907161823754865,0.38177810589211575,0.0,2.4636803916751027,none,none,3040,329,assistant,1.0,GPT,GPT,GPT,Bicycle
0.01264105741708566,0.00482232955218618,0.0010127110821249242,1.022429168313831,0.001494180507970417,0.0,0.01304334431689544,none,none,2825,330,user,0.0,GPT,GPT,GPT,Bicycle
0.0,0.010089302446681409,0.0,1.0033228817489568,0.0,0.0,0.0,none,clarify,2827,330,assistant,0.09090909090909091,GPT,GPT,GPT,Bicycle
0.015808800612270347,0.9878818465632595,0.0,2.0131812692794533,0.0039453103672834125,0.001571199774892238,0.010197506841155037,none,clarify,2861,330,user,0.18181818181818182,GPT,GPT,GPT,Bicycle
0.08486250594391666,1.087741259632857,0.00043168191414847984,2.8185861418565215,0.6987915834516745,0.051047975695788235,2.480968747349218,none,none,2862,330,assistant,0.2727272727272727,GPT,GPT,GPT,Bicycle
0.3718873977688452,0.28963620814545665,0.0,1.3910098657130545,0.23003254305557944,0.39102228938472394,0.6907081653310891,none,none,2880,330,user,0.36363636363636365,GPT,GPT,GPT,Bicycle
0.3539808655309641,0.47606515302943986,0.0,2.2205405589547906,0.350732284846339,0.0,2.0986257258256016,none,none,2882,330,assistant,0.45454545454545453,GPT,GPT,GPT,Bicycle
0.344577491597831,0.5301161891902937,0.0,1.7686620194840035,0.2219331932028568,0.0,0.191881482630385,none,none,2901,330,user,0.5454545454545454,GPT,GPT,GPT,Bicycle
0.5830269945018172,0.9222476363011732,0.0,2.356216668333026,0.7373723892581181,0.0,2.1631367078134938,none,none,2902,330,assistant,0.6363636363636364,GPT,GPT,GPT,Bicycle
0.507983498050053,0.26050541013590134,0.012898746783564691,1.774253010697989,0.23348099385905077,0.006396677940727874,1.1370106559455528,none,clarify,2969,330,user,0.7272727272727273,GPT,GPT,GPT,Bicycle
1.0518210920385773,1.7717337518801162,0.0,2.3043220323812674,0.7427434255494759,0.3901358193714045,1.9386185870039905,none,none,2972,330,assistant,0.8181818181818182,GPT,GPT,GPT,Bicycle
0.686202976334288,0.1893354606816924,0.011069016154362711,1.5454215404866536,0.28266192720197164,0.016657725304519484,0.7396796354519379,none,clarify,3041,330,user,0.9090909090909091,GPT,GPT,GPT,Bicycle
0.7193002911808224,0.4793667648950438,0.011069016154362711,2.252699473242858,0.5512767005563363,0.0,1.514108198739165,none,none,3042,330,assistant,1.0,GPT,GPT,GPT,Bicycle
0.01264105741708566,0.00482232955218618,0.0010127110821249242,1.022429168313831,0.001494180507970417,0.0,0.01304334431689544,none,none,2829,332,user,0.0,GPT,GPT,GPT,Bicycle
0.0,0.08336117221917082,0.0,1.02388464950815,0.06880326256823865,0.0,0.011024424504684901,none,clarify,2831,332,assistant,0.047619047619047616,GPT,GPT,GPT,Bicycle
0.015808800612270347,0.9878818465632595,0.0,2.0131812692794533,0.0039453103672834125,0.001571199774892238,0.010197506841155037,none,clarify,2853,332,user,0.09523809523809523,GPT,GPT,GPT,Bicycle
0.08066906984997073,1.903275352476727,0.00026948956362060384,2.8920475770573613,0.9320506848965305,0.0,2.890409432752269,none,none,2857,332,assistant,0.14285714285714285,GPT,GPT,GPT,Bicycle
0.17456988980200616,0.7497123944080557,0.029676231519889493,1.6888826082981743,0.0,0.030689922596655133,1.0446660453026835,none,clarify,2885,332,user,0.19047619047619047,GPT,GPT,GPT,Bicycle
0.3981548923675695,1.633819507764155,0.13438557680296964,2.2537019479486164,0.326635771123749,0.0,2.0160312871576744,none,none,2886,332,assistant,0.23809523809523808,GPT,GPT,GPT,Bicycle
0.9229560761482812,0.9466173396023824,0.03666248055314301,2.077410866597064,0.014259538260197735,0.0331034244026006,1.1556765533839028,none,clarify,2921,332,user,0.2857142857142857,GPT,GPT,GPT,Bicycle
0.8105567097839036,1.6318997457981688,0.18794209461485767,2.231975808950112,0.6122346945666006,0.0,1.6914555006472303,none,none,2922,332,assistant,0.3333333333333333,GPT,GPT,GPT,Bicycle
0.19397604252371245,0.2664010981042264,0.042306812282629565,2.059817721313363,0.08807957831614795,0.0,0.5792098370184409,none,clarify,2945,332,user,0.38095238095238093,GPT,GPT,GPT,Bicycle
1.3541759124916455,1.6338336054388896,0.0,2.7705146834734347,0.5885569083470946,0.0,2.356095042675004,none,none,2946,332,assistant,0.42857142857142855,GPT,GPT,GPT,Bicycle
0.5468984790409316,1.1141927798124245,0.05419816282997312,1.917713564016583,0.1667365712884781,0.06306989188432414,1.2479055918213937,none,open_what_if,2973,332,user,0.47619047619047616,GPT,GPT,GPT,Bicycle
0.7752646847808704,1.598778863536906,0.177242349934807,2.637198238859264,0.5766790135174663,0.14155725161293536,2.3770756052218474,none,none,2976,332,assistant,0.5238095238095238,GPT,GPT,GPT,Bicycle
0.7517919372779329,0.3041723267370511,0.041330813478854984,1.8860958475996359,0.33191637965140347,0.13539458389843095,0.3472007920303726,none,none,2988,332,user,0.5714285714285714,GPT,GPT,GPT,Bicycle
0.8925383705380654,1.6977104905382088,0.0,2.3073523976993062,0.31180999674032717,0.09771932941084661,2.036438215190651,none,open_what_if,2990,332,assistant,0.6190476190476191,GPT,GPT,GPT,Bicycle
0.34570461387901574,0.5109217536115351,0.0,1.802823338485342,0.2212090901590735,0.004518631374266771,0.4141495979227891,none,clarify,3001,332,user,0.6666666666666666,GPT,GPT,GPT,Bicycle
1.0440925132067929,1.635224174706003,0.18481909449195974,2.255343564703486,0.5722744018872512,0.09502649701643055,1.587856854900159,none,none,3002,332,assistant,0.7142857142857143,GPT,GPT,GPT,Bicycle
0.5343815848249389,0.3794905464655408,0.0,1.6548055356806637,0.044992100754264644,0.005124816909802094,0.9797626703003038,none,none,3011,332,user,0.7619047619047619,GPT,GPT,GPT,Bicycle
1.2802859582717971,1.7003584244863168,0.05475359992492858,2.345022160652355,0.5469938763869772,0.05112128995314345,2.064418041685457,none,none,3014,332,assistant,0.8095238095238095,GPT,GPT,GPT,Bicycle
0.03853441002085867,0.21840366981228346,0.10304077902471305,1.6552491472610216,0.1705462149302187,0.016784859625258264,0.45955156226257665,none,none,3029,332,user,0.8571428571428571,GPT,GPT,GPT,Bicycle
1.2152481391366792,1.426138792483053,0.0036566078372083496,2.9075597146617627,0.6703654238532233,0.11330164528911772,2.2456343488359543,none,none,3030,332,assistant,0.9047619047619048,GPT,GPT,GPT,Bicycle
0.0,0.15078145784420116,0.057284686857905324,1.2060784452865598,0.1811706846561254,0.04079594643752394,0.3333570136220732,none,clarify,3031,332,user,0.9523809523809523,GPT,GPT,GPT,Bicycle
0.6775331167843918,1.5573280805678429,0.009211978543510515,2.356509693748235,0.7553081017216556,0.0017556958688091815,1.542020192532066,none,none,3032,332,assistant,1.0,GPT,GPT,GPT,Bicycle
0.01264105741708566,0.00482232955218618,0.0010127110821249242,1.022429168313831,0.001494180507970417,0.0,0.01304334431689544,none,none,2830,333,user,0.0,GPT,GPT,GPT,Bicycle
0.0,0.19747036452888375,0.08217711021178072,1.0164778599563637,0.10884573962335539,0.0,0.0,none,clarify,2832,333,assistant,0.058823529411764705,GPT,GPT,GPT,Bicycle
0.015808800612270347,0.9878818465632595,0.0,2.0131812692794533,0.0039453103672834125,0.001571199774892238,0.010197506841155037,none,clarify,2843,333,user,0.11764705882352941,GPT,GPT,GPT,Bicycle
0.5500108172009621,1.822725422954633,0.00043168191414847984,2.835824732314922,0.6793966862478233,0.07118930746033772,2.453088169450149,none,none,2845,333,assistant,0.17647058823529413,GPT,GPT,GPT,Bicycle
0.4606267991545041,0.2441133635325629,0.01366356896996674,1.690313613156912,0.0,0.44328853494179427,0.6458537255944152,none,clarify,2867,333,user,0.23529411764705882,GPT,GPT,GPT,Bicycle
1.1218258986971488,1.3425856646451455,0.0023797795144026327,2.3341793674580176,0.4869108222185541,0.04028327494349772,1.4814450342630792,none,none,2868,333,assistant,0.29411764705882354,GPT,GPT,GPT,Bicycle
0.9151749624078871,1.0554888171229824,0.011040519728930354,1.9379660754853398,0.4189206795794779,0.0039249932860880654,1.5482338627954455,none,none,2887,333,user,0.35294117647058826,GPT,GPT,GPT,Bicycle
0.5664877889717171,1.5787343645558758,0.013209129634219554,2.4994947919710344,0.6682416830267248,0.11510874095128538,1.6159083211424945,none,none,2888,333,assistant,0.4117647058823529,GPT,GPT,GPT,Bicycle
0.6021935222249575,0.039394391801556794,0.011300266844933928,1.5139399619523926,0.0,0.47783070719630977,0.45331541180591567,none,clarify,2903,333,user,0.47058823529411764,GPT,GPT,GPT,Bicycle
0.21696733913644556,0.6967570454947066,0.11977663969831207,2.563358512940399,0.5523340360188259,0.00725189148092287,2.315264048967151,none,none,2904,333,assistant,0.5294117647058824,GPT,GPT,GPT,Bicycle
0.0076247074477711575,0.030803321175291727,0.0,2.001530975827108,0.0,0.0,1.8003266016545763,none,none,2917,333,user,0.5882352941176471,GPT,GPT,GPT,Bicycle
0.4912232461279367,1.4584112974913344,0.00926916270549613,2.3290482626833904,0.47066507083907033,0.02269187560924472,2.3700345792305595,none,none,2919,333,assistant,0.6470588235294118,GPT,GPT,GPT,Bicycle
0.23466253937578405,0.27482366174428163,0.1592126937419068,1.7994652118192733,0.08290316754354794,0.0309701015576132,1.1042110173077435,none,clarify,2931,333,user,0.7058823529411765,GPT,GPT,GPT,Bicycle
0.9393340816842873,1.0375953262979238,0.24156689576497006,2.4473952173103313,0.5768920235243049,0.0,1.7615052992401075,none,none,2932,333,assistant,0.7647058823529411,GPT,GPT,GPT,Bicycle
0.6476959005904077,0.3766338095605072,0.01663751654709142,2.034082646174336,0.021567192327775306,0.013914868655858564,1.1904686936855797,none,clarify,2957,333,user,0.8235294117647058,GPT,GPT,GPT,Bicycle
0.5481231577946558,1.241229012577489,0.08478725644416898,2.433092674025106,0.38822361419266643,0.0006128262348706463,1.9202423075624793,none,none,2958,333,assistant,0.8823529411764706,GPT,GPT,GPT,Bicycle
0.35102332160500566,0.11821337410518738,0.018278711132945744,2.1054531887908268,0.5096520842876551,0.4985630666495577,1.5242644066433044,none,none,2968,333,user,0.9411764705882353,GPT,GPT,GPT,Bicycle
0.013985421054085824,1.9266849116135465,0.0,2.9521443925581052,0.9554538322975685,0.007408076993051317,2.929893888405631,none,none,2971,333,assistant,1.0,GPT,GPT,GPT,Bicycle
0.01264105741708566,0.00482232955218618,0.0010127110821249242,1.022429168313831,0.001494180507970417,0.0,0.01304334431689544,none,none,2833,334,user,0.0,GPT,GPT,GPT,Bicycle
0.0,0.010089302446681409,0.0,1.0033228817489568,0.0,0.0,0.0,none,clarify,2835,334,assistant,0.05263157894736842,GPT,GPT,GPT,Bicycle
0.015808800612270347,0.9878818465632595,0.0,2.0131812692794533,0.0039453103672834125,0.001571199774892238,0.010197506841155037,none,clarify,2847,334,user,0.10526315789473684,GPT,GPT,GPT,Bicycle
0.46404495605146306,1.2502427431201508,0.00026948956362060384,2.7139030563248867,0.781468284107472,0.06843041106892643,2.5555392025956123,none,none,2849,334,assistant,0.15789473684210525,GPT,GPT,GPT,Bicycle
0.43494336292366365,0.41469764105690604,0.2238557600142545,2.1402171173463262,0.20232340658117462,0.37750092244755346,0.614821474658867,none,none,2893,334,user,0.21052631578947367,GPT,GPT,GPT,Bicycle
0.8451175877160142,1.1187980269232363,0.0,2.557725355559222,0.38614078875079194,0.40089365470239097,1.6125586334465443,none,none,2894,334,assistant,0.2631578947368421,GPT,GPT,GPT,Bicycle
0.3538991452138394,0.5884383395656069,0.0,1.8409890459261473,0.5452188836948129,0.026986611172338595,1.4192171920564123,none,none,2913,334,user,0.3157894736842105,GPT,GPT,GPT,Bicycle
1.2550113202414868,1.2779232124593414,0.0,2.4132681599513788,0.6564293284854528,0.3924939242040411,2.3152059403456486,none,none,2914,334,assistant,0.3684210526315789,GPT,GPT,GPT,Bicycle
0.9341146861546538,0.4222198935777546,0.0,2.0342489070340855,0.3511952599341588,0.0,0.967741580083242,none,none,2927,334,user,0.42105263157894735,GPT,GPT,GPT,Bicycle
0.6869806046892635,1.3075020021936488,0.0,2.4978056715088495,0.36172937929369164,0.0,2.057919175844375,none,none,2928,334,assistant,0.47368421052631576,GPT,GPT,GPT,Bicycle
0.6391986970821462,0.2474845063318887,0.11688660781695433,2.0217454198790326,0.599114818423406,0.23014310622043502,0.9142572002900952,none,none,2948,334,user,0.5263157894736842,GPT,GPT,GPT,Bicycle
0.5003391274344323,1.1011625437152834,0.009050218072362724,2.6244762784373195,0.8881359773776385,0.0031903755241639038,2.2587056154488923,none,none,2950,334,assistant,0.5789473684210527,GPT,GPT,GPT,Bicycle
0.7341665255146043,0.36850595138585407,0.014780171251092426,1.831819365928304,0.13640241978418854,0.0,1.5804479762970634,none,none,2963,334,user,0.631578947368421,GPT,GPT,GPT,Bicycle
0.31216998022290904,1.3912741992528677,0.010879948701564697,2.632163622963651,0.9514674464060339,0.0,2.167287571150693,none,none,2964,334,assistant,0.6842105263157895,GPT,GPT,GPT,Bicycle
0.5090617607209923,0.8492808773035186,0.0,2.2399540263066613,0.7564510334047686,0.0756771290509027,2.3393371315152054,none,none,3007,334,user,0.7368421052631579,GPT,GPT,GPT,Bicycle
0.5117223451249301,1.2143147215589893,0.0,2.484057601615766,0.5042944074010469,0.0007134468888687663,1.9984969422461716,none,none,3008,334,assistant,0.7894736842105263,GPT,GPT,GPT,Bicycle
0.26205048753410676,0.4889163014608516,0.181130708631718,1.9621379542977249,0.5569265929897664,0.0,0.789032357910768,none,none,3026,334,user,0.8421052631578947,GPT,GPT,GPT,Bicycle
0.48408975810806204,1.5310965323337498,0.0,2.243000925728869,0.46006207993819564,0.4373737995167285,2.5682818264960887,none,none,3028,334,assistant,0.8947368421052632,GPT,GPT,GPT,Bicycle
0.4248589181538793,0.4017749115499939,1.07030173972473,1.4255009862516588,0.15364364121726548,0.026954602051911615,0.4932012228678698,neutral,none,3033,334,user,0.9473684210526315,GPT,GPT,GPT,Bicycle
0.7170328701142087,1.3186118140777079,0.0,2.298875681878472,0.587062798575073,0.0,1.8340063767089319,none,none,3034,334,assistant,1.0,GPT,GPT,GPT,Bicycle
0.01264105741708566,0.00482232955218618,0.0010127110821249242,1.022429168313831,0.001494180507970417,0.0,0.01304334431689544,none,none,2834,335,user,0.0,GPT,GPT,GPT,Bicycle
0.0,0.010089302446681409,0.0,1.0033228817489568,0.0,0.0,0.0,none,clarify,2836,335,assistant,0.09090909090909091,GPT,GPT,GPT,Bicycle
0.015808800612270347,0.9878818465632595,0.0,2.0131812692794533,0.0039453103672834125,0.001571199774892238,0.010197506841155037,none,clarify,2851,335,user,0.18181818181818182,GPT,GPT,GPT,Bicycle
0.10085839742325216,1.283043392372546,0.0,2.926975348431347,0.7204481772881344,0.009249430175434333,2.410003839774002,none,none,2852,335,assistant,0.2727272727272727,GPT,GPT,GPT,Bicycle
0.013762194538511628,0.528927277234654,0.3357139411381967,1.687136511117986,0.4143861405340842,4.442139586003082e-05,0.4416009008524611,none,none,2873,335,user,0.36363636363636365,GPT,GPT,GPT,Bicycle
0.49598463680303917,1.4890987404682383,0.0,2.3001999734350176,0.4471523220054231,0.08234819269750975,1.2787644015314805,none,none,2874,335,assistant,0.45454545454545453,GPT,GPT,GPT,Bicycle
0.44637314134277406,0.3547926218393171,0.2541781803577534,1.4535983842595281,0.18503330524396794,0.03196977516032022,0.9252321026430113,none,none,2889,335,user,0.5454545454545454,GPT,GPT,GPT,Bicycle
0.3166955608829879,1.4416476355358434,0.25666688038394875,2.36241910430725,0.7750618794410263,0.02418509661728088,2.0338712702614776,none,none,2890,335,assistant,0.6363636363636364,GPT,GPT,GPT,Bicycle
0.3605839828911239,0.7644374123322399,0.012888373534289729,2.0144730530129906,0.30019375729299896,0.010264891733415013,1.3664816931128616,none,none,2915,335,user,0.7272727272727273,GPT,GPT,GPT,Bicycle
0.8630913796449966,1.4165173807611369,0.0,2.339785504157778,0.5729654371055053,0.7254834725683371,2.0009561715398,none,none,2916,335,assistant,0.8181818181818182,GPT,GPT,GPT,Bicycle
0.2317285447573448,0.2692483423857713,0.013693772359427167,1.8864590816687463,0.014484058951847843,0.0,1.1849725974702814,none,none,2991,335,user,0.9090909090909091,GPT,GPT,GPT,Bicycle
0.41265543087930195,1.9769088426506907,0.005016395247316515,2.530195143901711,0.6575520188886084,0.02003185651025409,2.308670691917376,none,none,2993,335,assistant,1.0,GPT,GPT,GPT,Bicycle
0.01264105741708566,0.00482232955218618,0.0010127110821249242,1.022429168313831,0.001494180507970417,0.0,0.01304334431689544,none,none,2837,336,user,0.0,GPT,GPT,GPT,Bicycle
0.0,0.010089302446681409,0.0,1.0033228817489568,0.0,0.0,0.0,none,clarify,2838,336,assistant,0.037037037037037035,GPT,GPT,GPT,Bicycle
0.015808800612270347,0.9878818465632595,0.0,2.0131812692794533,0.0039453103672834125,0.001571199774892238,0.010197506841155037,none,clarify,2854,336,user,0.07407407407407407,GPT,GPT,GPT,Bicycle
0.18737469477386448,1.885456890178676,0.00416971211314834,2.967225296476441,0.7295792988712303,0.0,2.8294022131814525,none,none,2856,336,assistant,0.1111111111111111,GPT,GPT,GPT,Bicycle
0.8245995604076826,0.009389952984250289,0.16952856865940694,1.4126831324371938,0.03930236108466769,0.08302465138522303,0.5234353901829427,none,clarify,2875,336,user,0.14814814814814814,GPT,GPT,GPT,Bicycle
0.6682232209261962,1.4534553272781054,0.19776449383124547,2.3212547161840917,0.6018991123606183,0.0,1.697294708062675,none,none,2876,336,assistant,0.18518518518518517,GPT,GPT,GPT,Bicycle
1.0262248467178094,0.3739916851044408,0.11436393701571147,1.919413019567313,0.19428342940725932,0.5565366756667441,1.315901922433747,none,none,2879,336,user,0.2222222222222222,GPT,GPT,GPT,Bicycle
0.528998455053776,1.5802064734327146,0.039363236593553716,2.84635741649164,0.9376633949026272,0.5804058625303038,2.2422924403686086,none,none,2883,336,assistant,0.25925925925925924,GPT,GPT,GPT,Bicycle
0.15702929426180276,0.9049601886071694,0.29449123705469105,1.4642106686491352,0.06980884550458902,0.011988573376747795,0.898307669641918,none,clarify,2899,336,user,0.2962962962962963,GPT,GPT,GPT,Bicycle
0.21431086420500206,1.6232320225150063,0.2660579373873904,2.6867735671795647,0.6675500309565061,0.004841814308318058,1.7881711141439054,none,none,2900,336,assistant,0.3333333333333333,GPT,GPT,GPT,Bicycle
0.3974082305282681,0.19464890818267347,0.02402970898870202,1.7903854278450975,0.0185346844554089,0.01018369919653012,0.3622198470493764,none,criteria_setting,2924,336,user,0.37037037037037035,GPT,GPT,GPT,Bicycle
0.8252944758923317,1.4916689350581123,0.0,2.4380621794075754,0.6227864602035383,0.0016285908017563346,1.4923703931893528,none,none,2926,336,assistant,0.4074074074074074,GPT,GPT,GPT,Bicycle
0.5680175097039076,0.6886606006447664,0.0,1.8292159271892006,0.0976520739728478,0.0,0.6305962032149458,none,clarify,2941,336,user,0.4444444444444444,GPT,GPT,GPT,Bicycle
0.27087217487801374,0.7255758504992084,0.005430731631101331,2.3521087429928196,0.6964599702948289,0.0,1.7061906588227107,none,none,2942,336,assistant,0.48148148148148145,GPT,GPT,GPT,Bicycle
0.2536531801514175,0.6164633280919922,0.0073309356978255346,1.9787941224081638,0.07578096255558592,0.0,0.5344619423858022,none,clarify,2959,336,user,0.5185185185185185,GPT,GPT,GPT,Bicycle
0.03731447650138754,1.9543639842019374,0.0,2.875974473912615,0.9086672262731414,0.004442221111161009,2.8251006107129126,none,none,2960,336,assistant,0.5555555555555556,GPT,GPT,GPT,Bicycle
0.0,0.5306389456984452,0.18171210333839813,2.1684036372463424,0.2660536024127565,0.0,0.3641971600499245,none,none,2974,336,user,0.5925925925925926,GPT,GPT,GPT,Bicycle
0.0,1.326991609926647,0.1753490995806971,2.4306608980721993,0.5293228738040058,0.005992633644805038,1.2717698229990644,none,none,2975,336,assistant,0.6296296296296297,GPT,GPT,GPT,Bicycle
0.15056294988425759,0.2330413296959212,0.00714368970778513,1.7320836730087448,0.18893313419804308,0.2620157501196295,0.7323313617484342,none,clarify,2992,336,user,0.6666666666666666,GPT,GPT,GPT,Bicycle
0.7765395476393058,1.4045949220833132,0.22213608948945476,2.6821276543078034,0.6311465465329404,0.020544594880049456,1.5808746525358723,none,none,2994,336,assistant,0.7037037037037037,GPT,GPT,GPT,Bicycle
0.5792410323065107,0.9458595365846827,0.0,2.196958080769591,0.2950451271762786,0.4377584336670964,0.9699591598218033,none,clarify,3003,336,user,0.7407407407407407,GPT,GPT,GPT,Bicycle
0.8014526262814974,1.4361587014034647,0.0010127110821249242,2.768767769192936,0.8763842751876992,0.005382113849339504,2.101553121967857,none,none,3004,336,assistant,0.7777777777777778,GPT,GPT,GPT,Bicycle
0.2929364362981801,0.06240669625830631,0.10462499073699229,2.1788037289679596,0.5658228097898323,0.002755467351550658,0.7207785264068642,none,none,3009,336,user,0.8148148148148148,GPT,GPT,GPT,Bicycle
0.576321186760605,1.5921699302220682,0.0,2.5834684654789224,0.9066822941783031,0.0,2.105256931651173,none,none,3012,336,assistant,0.8518518518518519,GPT,GPT,GPT,Bicycle
0.10320979516558643,0.36263140767841096,0.0,1.6802671101351232,0.35034604751726645,0.0,0.23831847701565162,none,none,3021,336,user,0.8888888888888888,GPT,GPT,GPT,Bicycle
0.5515186807459429,1.0090879176704597,0.0,2.4192175910010065,1.1683238699729086,0.004553666795669229,2.241743174939829,none,none,3023,336,assistant,0.9259259259259259,GPT,GPT,GPT,Bicycle
0.19977909118388495,0.6830646613540131,0.0,1.834960376213149,0.14373137224438487,0.0,1.5813801219470651,none,clarify,3037,336,user,0.9629629629629629,GPT,GPT,GPT,Bicycle
0.5898109143499553,1.4604869272019483,0.0,2.5196475193197783,0.6820332385771584,0.010923006759024806,2.545039962997948,none,none,3039,336,assistant,1.0,GPT,GPT,GPT,Bicycle
0.01264105741708566,0.00482232955218618,0.0010127110821249242,1.022429168313831,0.001494180507970417,0.0,0.01304334431689544,none,none,2839,337,user,0.0,GPT,GPT,GPT,Bicycle
0.0,0.010089302446681409,0.0,1.0033228817489568,0.0,0.0,0.0,none,clarify,2840,337,assistant,0.05263157894736842,GPT,GPT,GPT,Bicycle
0.015808800612270347,0.9878818465632595,0.0,2.0131812692794533,0.0039453103672834125,0.001571199774892238,0.010197506841155037,none,clarify,2864,337,user,0.10526315789473684,GPT,GPT,GPT,Bicycle
0.0,1.611497762365566,0.0,2.7479779745891677,0.4554451690661406,0.0,2.0012981281195077,none,none,2866,337,assistant,0.15789473684210525,GPT,GPT,GPT,Bicycle
0.6890930772461743,0.07463332605779913,0.00895740658979783,1.5341123754222454,0.10622253077690365,0.10435099091343389,0.0606369160853759,none,clarify,2877,337,user,0.21052631578947367,GPT,GPT,GPT,Bicycle
0.7463985418949336,0.8744364034174833,0.0,2.659261009023688,0.36178994439181705,0.4427464889186364,1.0743510746731824,none,none,2878,337,assistant,0.2631578947368421,GPT,GPT,GPT,Bicycle
0.03677019092725396,0.2405843245559168,0.0,2.00616034166231,0.05590429372764275,0.0,0.9620748190433897,none,none,2891,337,user,0.3157894736842105,GPT,GPT,GPT,Bicycle
0.0786912369488337,1.9665385015347439,0.0,2.8150737688805445,0.4202118057648322,0.019592891699354485,2.4996791257449784,none,none,2892,337,assistant,0.3684210526315789,GPT,GPT,GPT,Bicycle
0.23261190195491965,0.0465593490116401,0.06729821702615782,1.7004705501824495,0.06012146046142302,0.036624514357786304,0.82407288594723,none,none,2905,337,user,0.42105263157894735,GPT,GPT,GPT,Bicycle
0.32635967289286966,1.9714035698647003,0.0,2.690621686415559,0.6228910831376453,0.023679666505865483,2.299162274070794,none,none,2906,337,assistant,0.47368421052631576,GPT,GPT,GPT,Bicycle
0.1890347545726429,0.7410996887496515,0.001003355206711537,1.638864382817509,0.047268595401443264,0.00023015622717999562,1.119455125821912,none,clarify,2939,337,user,0.5263157894736842,GPT,GPT,GPT,Bicycle
0.35768731020419214,1.6910688819415256,0.011177512532831337,2.6710770237774417,0.9343770096283662,0.014804674269045063,2.3618596120279927,none,none,2940,337,assistant,0.5789473684210527,GPT,GPT,GPT,Bicycle
0.006334346137097661,1.891139964911966,0.0175465373111809,1.9322735623046994,0.10567125021425763,0.0,0.09877380111933073,none,criteria_setting,2961,337,user,0.631578947368421,GPT,GPT,GPT,Bicycle
0.2339095049278034,2.0366125826271277,0.0,2.6770062715031715,0.4654887796300626,0.023352758419097543,2.6849039465169473,none,none,2962,337,assistant,0.6842105263157895,GPT,GPT,GPT,Bicycle
0.1322630855904015,0.7934002658992886,0.027667531074696678,2.166213070041211,0.19040955865744552,0.0,1.3069405591913854,none,none,2987,337,user,0.7368421052631579,GPT,GPT,GPT,Bicycle
0.16522408227692284,2.1023180492280757,0.0,2.586126193675152,0.41446670736306523,0.022831195652832384,2.277836270222269,none,none,2989,337,assistant,0.7894736842105263,GPT,GPT,GPT,Bicycle
0.44316461019002673,0.7873304662238177,0.039603886945566075,2.050967335140196,0.14122225465285465,0.0,1.7400161726952246,none,none,3010,337,user,0.8421052631578947,GPT,GPT,GPT,Bicycle
0.12464302468453486,1.9368873018293964,0.0063406049088690275,2.7414835510539994,0.8280681030628239,0.03498508834353484,2.592083308509576,none,none,3013,337,assistant,0.8947368421052632,GPT,GPT,GPT,Bicycle
0.42212172124379627,1.0653179056138808,1.0463015986527715,1.6391943829655602,0.39444957876102577,0.0,0.7983678063143691,neutral,none,3035,337,user,0.9473684210526315,GPT,GPT,GPT,Bicycle
0.2800628907560235,2.116286792535004,0.0,2.8302235547194905,1.0263254594516351,0.07799603718949401,2.379192065642374,none,none,3036,337,assistant,1.0,GPT,GPT,GPT,Bicycle
0.01264105741708566,0.00482232955218618,0.0010127110821249242,1.022429168313831,0.001494180507970417,0.0,0.01304334431689544,none,none,2841,338,user,0.0,GPT,GPT,GPT,Bicycle
0.0,0.010089302446681409,0.0,1.0033228817489568,0.0,0.0,0.0,none,clarify,2842,338,assistant,0.05263157894736842,GPT,GPT,GPT,Bicycle
0.015808800612270347,0.9878818465632595,0.0,2.0131812692794533,0.0039453103672834125,0.001571199774892238,0.010197506841155037,none,clarify,2858,338,user,0.10526315789473684,GPT,GPT,GPT,Bicycle
0.18549964436306238,1.7398490345245572,0.01653884721389115,2.9393548206518183,0.7726448381648363,0.0536340019569791,2.3597643226229628,none,none,2860,338,assistant,0.15789473684210525,GPT,GPT,GPT,Bicycle
0.0010096585843797812,0.07315461031514947,0.013209129634219554,1.0146881252408242,0.002535598041649868,0.0001074684504870867,0.06342648857146742,none,clarify,2871,338,user,0.21052631578947367,GPT,GPT,GPT,Bicycle
0.34160020508920613,1.2340347415049515,0.11269577081466942,2.655840977061884,0.4413068672464106,0.05161499140003205,1.821131508404013,none,none,2872,338,assistant,0.2631578947368421,GPT,GPT,GPT,Bicycle
0.15863989267821432,0.7079912826493558,0.00714368970778513,1.5100341624346998,0.4577421704231986,0.10950779996975726,0.7607714832009793,none,clarify,2896,338,user,0.3157894736842105,GPT,GPT,GPT,Bicycle
0.23497144915589713,1.632245926763891,0.0,2.5288048296553103,0.4033313785205857,0.017636631935081838,2.1510061989723437,none,none,2898,338,assistant,0.3684210526315789,GPT,GPT,GPT,Bicycle
0.33332182817025563,0.095271862117394,1.1191372895158946,1.056322911777549,0.0,0.0,0.35514172203479333,neutral,clarify,2911,338,user,0.42105263157894735,GPT,GPT,GPT,Bicycle
0.4992392380398269,1.6481185495408477,0.0,2.6152626847947165,0.4609630745964075,0.02238226749233144,2.4616535394006065,none,none,2912,338,assistant,0.47368421052631576,GPT,GPT,GPT,Bicycle
0.31249984761243504,0.5951904110278484,0.025669528781764886,1.5553745750703942,0.32732030301910636,0.0,0.6066868931827899,none,clarify,2929,338,user,0.5263157894736842,GPT,GPT,GPT,Bicycle
0.49183723488854936,1.6286044370896087,0.223179659575989,2.5662637792048018,0.37382886589741987,0.10697223984330648,2.3596388441804463,none,none,2930,338,assistant,0.5789473684210527,GPT,GPT,GPT,Bicycle
0.38991550352353277,0.6279436538337275,0.27092893016506897,1.4801679163134218,0.2028702019009586,0.0,0.9007592061066017,none,clarify,2951,338,user,0.631578947368421,GPT,GPT,GPT,Bicycle
0.1973338248086496,1.4157038279752925,0.007041517627169897,2.5664154990724777,0.6716932849267955,0.08894383703012335,2.3731522004310897,none,none,2953,338,assistant,0.6842105263157895,GPT,GPT,GPT,Bicycle
0.24840529640201894,0.42108111467680454,0.0,2.2074969328037684,0.11815275590400999,0.0,0.6362419113983765,none,clarify,2983,338,user,0.7368421052631579,GPT,GPT,GPT,Bicycle
0.1371547102700181,2.0880401056494984,0.0,3.0,1.078929493552554,0.024218135743561194,2.3363381597120285,none,none,2984,338,assistant,0.7894736842105263,GPT,GPT,GPT,Bicycle
0.11574853001056533,0.9886769416754645,0.00883023950116412,1.83749983249699,0.45220778753412033,0.0,1.2840174102301705,none,clarify,2999,338,user,0.8421052631578947,GPT,GPT,GPT,Bicycle
0.12771176900938538,1.8305352370060015,0.00714368970778513,2.8237535890134606,0.9323652568193875,0.007645037969479667,2.0680689040886246,none,none,3000,338,assistant,0.8947368421052632,GPT,GPT,GPT,Bicycle
0.11900827583360335,0.46679113158463253,0.011379399005017577,1.1489875801440217,0.012929928967438968,0.0,0.19556019251530543,none,clarify,3017,338,user,0.9473684210526315,GPT,GPT,GPT,Bicycle
0.33501824416707054,1.6965198071675576,0.005016395247316515,2.513913618326847,0.674805788041385,0.12822397606089966,2.2930904867102524,none,none,3019,338,assistant,1.0,GPT,GPT,GPT,Bicycle
0.01264105741708566,0.00482232955218618,0.0010127110821249242,1.022429168313831,0.001494180507970417,0.0,0.01304334431689544,none,none,2848,339,user,0.0,GPT,GPT,GPT,Bicycle
0.0,0.010089302446681409,0.0,1.0033228817489568,0.0,0.0,0.0,none,clarify,2850,339,assistant,0.037037037037037035,GPT,GPT,GPT,Bicycle
0.015808800612270347,0.9878818465632595,0.0,2.0131812692794533,0.0039453103672834125,0.001571199774892238,0.010197506841155037,none,clarify,2863,339,user,0.07407407407407407,GPT,GPT,GPT,Bicycle
0.08822687169161501,1.8239963494991525,0.14563392647763743,2.8343744399726214,0.6941228682218396,0.0098955617969285,2.431066491536887,none,none,2865,339,assistant,0.1111111111111111,GPT,GPT,GPT,Bicycle
0.13464430278221484,0.5361332534404016,0.0,1.5239133318650167,0.34254188560025933,0.09977416370657399,0.4667643985052802,none,none,2907,339,user,0.14814814814814814,GPT,GPT,GPT,Bicycle
0.44772154924290986,1.723897701455059,0.007260462260303303,2.439190959032793,0.6079753308655061,0.0,1.3939392751073136,none,none,2909,339,assistant,0.18518518518518517,GPT,GPT,GPT,Bicycle
0.12275132889055249,0.3657217761270336,0.1357799128426662,1.2340516044633834,0.04064762623865594,0.01914693162492674,0.7061366444311531,none,clarify,2923,339,user,0.2222222222222222,GPT,GPT,GPT,Bicycle
0.804411453376542,1.6120821307537645,0.0,2.4994858433460414,0.5578258103124095,0.05487997117859642,1.5195071900707082,none,none,2925,339,assistant,0.25925925925925924,GPT,GPT,GPT,Bicycle
0.12388083771233097,0.48649026949423063,0.11738834005987361,1.453455874803734,0.0,0.13603658073307068,0.5452604241274404,none,clarify,2937,339,user,0.2962962962962963,GPT,GPT,GPT,Bicycle
0.4939215343517352,1.7774763424089606,0.011818064844382617,2.379258452879242,0.5243375767024618,0.0,1.9559954491222202,none,none,2938,339,assistant,0.3333333333333333,GPT,GPT,GPT,Bicycle
0.06294453622442055,0.7814020082757246,0.09611993269265025,1.8428389171878163,0.03436191278836021,0.011217025040737506,0.4546736689054685,none,none,2943,339,user,0.37037037037037035,GPT,GPT,GPT,Bicycle
0.365188108837809,0.8303035276719066,0.34275840489141496,2.2503874091964455,0.521783452257737,0.12849923377761885,1.5074235678035126,constructive,none,2944,339,assistant,0.4074074074074074,GPT,GPT,GPT,Bicycle
0.5566118756811551,0.2192750173253149,0.3653419234174289,1.2652245873166266,0.047035004476433724,0.0,0.9115071595940425,constructive,clarify,2955,339,user,0.4444444444444444,GPT,GPT,GPT,Bicycle
0.22603124478962477,1.7318625086614097,0.1162689011215342,2.3130700214487256,0.47581524743069364,0.0,1.9148638277656302,none,none,2956,339,assistant,0.48148148148148145,GPT,GPT,GPT,Bicycle
0.0,0.7580610365086456,0.08110867488514754,1.5543505571698217,0.07926081922751765,0.0,0.3200717485139869,none,clarify,2965,339,user,0.5185185185185185,GPT,GPT,GPT,Bicycle
0.9688744897874989,1.4021793233624968,0.0,2.0590320765289594,0.35241175688040577,0.022833406074966874,1.75287117333813,none,none,2966,339,assistant,0.5555555555555556,GPT,GPT,GPT,Bicycle
0.6659112377361938,0.373134992416003,0.00853940927781454,1.1107703941951392,0.5490424213950207,0.0364708684281414,0.32220556746368906,none,clarify,2978,339,user,0.5925925925925926,GPT,GPT,GPT,Bicycle
0.41879404360166067,1.7007475401811245,0.013050409617905314,2.2651690832344613,0.6609644243906339,0.0,1.6161079700275018,none,none,2980,339,assistant,0.6296296296296297,GPT,GPT,GPT,Bicycle
0.0,0.42412136963382074,0.1964082979806603,1.5805925303745256,0.03785016816381554,0.0,0.5378302871898173,none,none,2981,339,user,0.6666666666666666,GPT,GPT,GPT,Bicycle
0.6329828706206293,1.3656206309335839,0.0,2.13272217859303,0.421440723692541,0.04491908906201816,2.14891179005028,none,none,2982,339,assistant,0.7037037037037037,GPT,GPT,GPT,Bicycle
0.1990980620801439,0.3635655009071697,0.008705115144616228,1.387087646182824,0.2987535157755533,0.0,0.31933262925571665,none,clarify,2985,339,user,0.7407407407407407,GPT,GPT,GPT,Bicycle
0.38335136251965896,1.6774999106856445,0.010117415635849836,2.1551438417157724,0.652782923355007,0.0,1.5387430114449616,none,none,2986,339,assistant,0.7777777777777778,GPT,GPT,GPT,Bicycle
0.1946058363395185,0.12701773247017212,0.24981323787581217,1.1669067092095613,0.2841523532552294,0.5565345027431515,0.30247639413151706,none,clarify,3005,339,user,0.8148148148148148,GPT,GPT,GPT,Bicycle
0.9368972345532586,1.1280449246728057,0.0,2.515470444730338,0.7039186366415211,0.017010214710370043,1.9206488711813732,none,none,3006,339,assistant,0.8518518518518519,GPT,GPT,GPT,Bicycle
0.0,0.09285248365672272,0.0688837400019253,1.4269371927894918,0.15598224940961544,0.0,0.4286042489429309,none,none,3015,339,user,0.8888888888888888,GPT,GPT,GPT,Bicycle
1.011311007971389,1.3160591206544572,0.0,2.358104531349579,0.3738151707754223,0.024715640329679923,1.2158378562045202,none,none,3018,339,assistant,0.9259259259259259,GPT,GPT,GPT,Bicycle
0.06380604761190176,0.7351653266061352,0.5744030597729146,2.0675379574972386,0.49629883049760526,0.0,0.3642013850583665,none,none,3025,339,user,0.9629629629629629,GPT,GPT,GPT,Bicycle
0.5332046320981343,0.27147008103985315,0.0,2.0819845443978906,0.12136595056712715,0.0028348609606023284,0.2815468809381621,none,open_what_if,3027,339,assistant,1.0,GPT,GPT,GPT,Bicycle
0.01264105741708566,0.00482232955218618,0.0010127110821249242,1.022429168313831,0.0005745043820882738,0.0025480940261159287,0.01304334431689544,none,none,3043,340,user,0.0,Divergent,Persona,Divergent,Library
0.0,0.010089302446681409,0.0,1.000250467143594,0.0,0.020284981117467665,0.0,none,clarify,3044,340,assistant,0.07692307692307693,Divergent,Persona,Divergent,Library
0.017391577180013443,0.9864908639138626,0.0,1.9883534953283946,0.0,0.0,0.0,none,clarify,3067,340,user,0.15384615384615385,Divergent,Persona,Divergent,Library
1.5110742663088574,0.7481386208388602,0.0011694971734547963,2.118282762515476,0.040640007190428644,0.5539911556382527,0.9306908067008578,none,open_what_if,3068,340,assistant,0.23076923076923078,Divergent,Persona,Divergent,Library
0.14328345329059766,0.08916864155779061,0.13378655789887553,1.6221096738000862,0.07315161387416194,0.130390092651744,0.05408702702238924,none,none,3098,340,user,0.3076923076923077,Divergent,Persona,Divergent,Library
1.6680582783416102,1.353875928321509,0.0,2.1566221801588448,0.24071571420113583,0.4923861883450678,1.1420194912636443,none,open_what_if,3100,340,assistant,0.38461538461538464,Divergent,Persona,Divergent,Library
0.38651273493776517,0.35494358296739503,0.40393203915080467,1.8697952673058305,0.534979077638378,0.09172947604101184,0.7418894161014833,none,none,3121,340,user,0.46153846153846156,Divergent,Persona,Divergent,Library
2.3796029922960242,0.9928034423142961,0.0,1.9819085035723627,0.30477579863324167,1.7111379441224892,1.247485288043513,none,open_what_if,3122,340,assistant,0.5384615384615384,Divergent,Persona,Divergent,Library
0.12170749976814367,0.1852539564379503,0.9583871527500093,2.0563447014420264,0.014958416838125066,0.016567238047064115,0.10680793733050883,neutral,clarify,3145,340,user,0.6153846153846154,Divergent,Persona,Divergent,Library
1.7478221489637034,1.331932169602129,0.004817456825526082,1.9553924082983776,0.23903930066232099,1.0214960336457681,1.1400095447753407,none,open_what_if,3146,340,assistant,0.6923076923076923,Divergent,Persona,Divergent,Library
0.653781288077017,0.6121595270873584,0.23515364087530122,1.706377488472555,0.3721980248130123,0.13724228198212238,1.3211099000141264,none,criteria_setting,3205,340,user,0.7692307692307693,Divergent,Persona,Divergent,Library
1.3921375658308428,1.1027752920889742,0.0626872253008267,2.4109109146210037,0.29138015609803386,0.6895197203468214,1.5312281053535057,none,open_what_if,3206,340,assistant,0.8461538461538461,Divergent,Persona,Divergent,Library
0.07086977179038516,0.845044550952812,0.11012927824420506,1.4983561662195766,0.3503422151313887,0.17292102494770278,0.439440282644559,none,clarify,3219,340,user,0.9230769230769231,Divergent,Persona,Divergent,Library
1.5790425127736945,1.0240604862722644,0.0,1.9321464076437413,0.43495408751799586,1.1395350191109916,1.0225316448552602,none,open_what_if,3220,340,assistant,1.0,Divergent,Persona,Divergent,Library
0.01264105741708566,0.00482232955218618,0.0010127110821249242,1.022429168313831,0.0005745043820882738,0.0025480940261159287,0.01304334431689544,none,none,3045,341,user,0.0,Divergent,Persona,Divergent,Library
0.0,0.010089302446681409,0.0,1.000250467143594,0.0,0.020284981117467665,0.0,none,clarify,3046,341,assistant,0.07692307692307693,Divergent,Persona,Divergent,Library
0.017391577180013443,0.9864908639138626,0.0,1.9883534953283946,0.0,0.0,0.0,none,clarify,3063,341,user,0.15384615384615385,Divergent,Persona,Divergent,Library
1.934199804370615,1.5277982606967686,0.0015089910455597635,2.133928256150002,0.11766275064617976,0.6763701929791801,1.0378458050406154,none,open_what_if,3064,341,assistant,0.23076923076923078,Divergent,Persona,Divergent,Library
0.5499701133017253,0.6583607016578721,0.4271044417725013,1.5302984951292438,0.039124636106681175,0.17787081315076347,0.2816908112744418,none,none,3089,341,user,0.3076923076923077,Divergent,Persona,Divergent,Library
2.2138676602987384,1.5664421999000795,0.021002416709073244,2.0875406721904652,0.0,1.7902343110313836,0.6846109952789141,none,open_what_if,3090,341,assistant,0.38461538461538464,Divergent,Persona,Divergent,Library
1.0492929563583064,0.7907002056014861,0.1557540391774175,2.353684041252315,0.03925371251061826,1.28852073672374,0.6582122585123864,none,open_what_if,3119,341,user,0.46153846153846156,Divergent,Persona,Divergent,Library
2.3525288371569277,1.2908503239080582,0.10820078313447394,2.0674779298838692,0.06345710281753657,1.8810450068395017,1.0265889328631952,none,open_what_if,3120,341,assistant,0.5384615384615384,Divergent,Persona,Divergent,Library
0.805429875868424,0.4480482709928446,0.10494917047673039,1.6786056456010263,0.184748130886452,0.6008467116321747,0.8543951942068283,none,clarify,3137,341,user,0.6153846153846154,Divergent,Persona,Divergent,Library
2.306020440942913,1.1597244828592808,0.18848572063702368,2.0075222393509136,0.11023288189596234,1.0614987463168466,1.627891672753965,none,open_what_if,3138,341,assistant,0.6923076923076923,Divergent,Persona,Divergent,Library
0.5993530451713169,0.838791891331449,0.1519588768346507,2.010189108340537,0.15360681241171856,0.2997274071865505,1.4637682010765753,none,none,3173,341,user,0.7692307692307693,Divergent,Persona,Divergent,Library
1.8628823026302745,1.0115209517318449,0.2962136602190282,1.877300169265938,0.07376119890131638,1.7524828611808578,0.8004090990267908,none,open_what_if,3174,341,assistant,0.8461538461538461,Divergent,Persona,Divergent,Library
0.36171447271298607,0.8223858227027583,0.4404523296348872,2.1678611310492357,0.3781028597649783,0.24275577224900724,0.7335231441492812,none,none,3195,341,user,0.9230769230769231,Divergent,Persona,Divergent,Library
2.3924676175472777,0.9258240487787661,0.0001518923967737299,2.0423375944018614,0.05326919460540876,1.6624973466659294,1.1026047737146858,none,open_what_if,3196,341,assistant,1.0,Divergent,Persona,Divergent,Library
0.01264105741708566,0.00482232955218618,0.0010127110821249242,1.022429168313831,0.0005745043820882738,0.0025480940261159287,0.01304334431689544,none,none,3047,342,user,0.0,Divergent,Persona,Divergent,Library
0.0,0.010089302446681409,0.0,1.000250467143594,0.0,0.020284981117467665,0.0,none,clarify,3048,342,assistant,0.06666666666666667,Divergent,Persona,Divergent,Library
0.017391577180013443,0.9864908639138626,0.0,1.9883534953283946,0.0,0.0,0.0,none,clarify,3065,342,user,0.13333333333333333,Divergent,Persona,Divergent,Library
2.4532451321306525,1.2018442446276019,0.0,2.3097568641343447,0.0,1.019460685310251,1.286337964891536,none,open_what_if,3066,342,assistant,0.2,Divergent,Persona,Divergent,Library
0.1727312726735284,1.061154421660688,0.10035965189734586,2.208522662916801,0.18219865475546448,0.2445814373428813,0.87113957732932,none,none,3105,342,user,0.26666666666666666,Divergent,Persona,Divergent,Library
1.523976748279926,1.0442981047388311,0.21480077426857996,2.062046671301874,0.08264041119568437,1.1910329279929697,0.999379758118729,none,open_what_if,3106,342,assistant,0.3333333333333333,Divergent,Persona,Divergent,Library
0.9069222447795934,0.9088706396181414,0.30645596639127637,2.107076013330142,0.20956029168810383,0.5061539327684659,1.3510465788945103,none,none,3142,342,user,0.4,Divergent,Persona,Divergent,Library
1.5655504880945916,1.650344073439384,0.005434317492137347,2.1667156408069164,0.12457417659079892,1.7132748226442989,1.1968718702505416,none,open_what_if,3144,342,assistant,0.4666666666666667,Divergent,Persona,Divergent,Library
0.06507352651261131,0.39422124729098035,0.00766932254952536,1.9475906064043245,0.5947224509125368,0.011536412026814321,1.2399624079946987,none,none,3175,342,user,0.5333333333333333,Divergent,Persona,Divergent,Library
1.7581881431118418,1.0085153996031215,0.006385979149412406,2.139848094675819,0.19027533457188975,0.8167499186023695,1.3668206399612208,none,open_what_if,3176,342,assistant,0.6,Divergent,Persona,Divergent,Library
0.0,0.6677486263696616,0.0065874742669021855,1.8221882549120378,0.4110802436395014,0.026582249795205428,0.8819023360201901,none,none,3187,342,user,0.6666666666666666,Divergent,Persona,Divergent,Library
2.0588059124821267,1.1781821772923975,0.008492844550820205,2.1075402352908834,0.05050841646036395,1.1181582049401204,1.1108659529715814,none,open_what_if,3188,342,assistant,0.7333333333333333,Divergent,Persona,Divergent,Library
0.3521962286066169,0.6768467094142191,0.11807115761853522,1.897987487845486,0.11572981276623848,0.04386061159786904,0.5029270027378268,none,none,3209,342,user,0.8,Divergent,Persona,Divergent,Library
2.115370922180866,1.6479492659305754,0.11283763231311368,2.3152452622912767,0.1564872333197915,1.755010619751684,1.3006709954366005,none,open_what_if,3210,342,assistant,0.8666666666666667,Divergent,Persona,Divergent,Library
0.19876001462035695,0.5925855274462144,0.28460008490396266,1.5525139655307139,0.3926358278232481,0.0,0.6622695716779213,none,none,3221,342,user,0.9333333333333333,Divergent,Persona,Divergent,Library
0.8242465862364006,1.5981368186945526,0.0,2.1555451281547002,0.17683028927951558,0.7514691924042408,1.1419579667022215,none,open_what_if,3222,342,assistant,1.0,Divergent,Persona,Divergent,Library
0.01264105741708566,0.00482232955218618,0.0010127110821249242,1.022429168313831,0.0005745043820882738,0.0025480940261159287,0.01304334431689544,none,none,3049,343,user,0.0,Divergent,Persona,Divergent,Library
0.0,0.010089302446681409,0.0,1.000250467143594,0.0,0.020284981117467665,0.0,none,clarify,3050,343,assistant,0.05263157894736842,Divergent,Persona,Divergent,Library
0.017391577180013443,0.9864908639138626,0.0,1.9883534953283946,0.0,0.0,0.0,none,clarify,3081,343,user,0.10526315789473684,Divergent,Persona,Divergent,Library
0.907360313192839,1.4066116598952654,0.39679214509222743,1.9506436037963402,0.04533497508432516,1.503315380501189,1.2883133488489205,none,none,3082,343,assistant,0.15789473684210525,Divergent,Persona,Divergent,Library
0.4811728434621145,0.6180839987221715,0.0,1.5602442965709309,0.11880007272784975,0.1843216174342523,0.7887893591157865,none,clarify,3091,343,user,0.21052631578947367,Divergent,Persona,Divergent,Library
2.0241579884245375,0.9299865678094393,0.013257874470187692,1.9595196075834314,0.012446308871911893,0.7855144118053814,1.7062237094990902,none,open_what_if,3092,343,assistant,0.2631578947368421,Divergent,Persona,Divergent,Library
0.26612589394663194,0.7078383888820277,0.22588621762400526,2.0840176760792617,0.28998879451172666,0.13911346090134974,0.7855885391221576,none,none,3109,343,user,0.3157894736842105,Divergent,Persona,Divergent,Library
2.392089369271729,1.055261623970404,0.5864134856111026,2.114732994855194,0.07726377416405797,1.7561594415110695,1.2272997200760818,constructive,open_what_if,3110,343,assistant,0.3684210526315789,Divergent,Persona,Divergent,Library
0.41056002310937445,0.9699920157201579,0.0,2.0239177476619403,0.1517798314549673,0.1532096985299399,1.4719797202189826,none,none,3123,343,user,0.42105263157894735,Divergent,Persona,Divergent,Library
2.495932515707462,0.9871289922126363,0.0,2.066401648329698,0.10299046346949045,1.7937959660153462,1.0932282643779507,none,open_what_if,3124,343,assistant,0.47368421052631576,Divergent,Persona,Divergent,Library
0.6431679621621161,1.109441596498932,0.4520689193873886,1.9295085978148139,0.4001160454867558,0.3247272423565803,0.9396137231128303,constructive,open_what_if,3153,343,user,0.5263157894736842,Divergent,Persona,Divergent,Library
2.0412202251187916,1.1915256835687715,0.0,2.033098262034941,0.41930322719122787,0.8999996674245118,1.2298018111954663,none,open_what_if,3154,343,assistant,0.5789473684210527,Divergent,Persona,Divergent,Library
0.07511692976928089,0.927578625092602,0.2875249239406236,1.9548473308571541,0.12432380556282781,0.1840481918767231,1.5574885757884505,neutral,none,3165,343,user,0.631578947368421,Divergent,Persona,Divergent,Library
2.0205546041525584,1.281124581481951,0.0,1.9516946231083714,0.015739756644717835,1.6503377554890262,1.7817444623034244,none,open_what_if,3166,343,assistant,0.6842105263157895,Divergent,Persona,Divergent,Library
1.0507254487481994,1.3325158553555818,0.15702825899686487,2.7581829067152213,0.35708510315789843,0.607352737859883,2.077559879751645,none,none,3189,343,user,0.7368421052631579,Divergent,Persona,Divergent,Library
1.631964919992893,1.7808433765315903,0.0,2.038304023686304,0.0939684258471318,0.8315778574850684,1.2141493484397683,none,open_what_if,3190,343,assistant,0.7894736842105263,Divergent,Persona,Divergent,Library
0.7257098051229673,0.8274514871434988,0.0,1.8401471439589836,0.45562308014968944,0.22740224413835405,0.8973742021266415,none,none,3213,343,user,0.8421052631578947,Divergent,Persona,Divergent,Library
2.0952057962798576,1.2416970385460502,0.0,2.1687360125427717,0.2486648185096393,0.9959375554713255,1.2516585763615948,none,open_what_if,3214,343,assistant,0.8947368421052632,Divergent,Persona,Divergent,Library
0.0,0.4872645520173477,0.06983570628232598,1.887717548582549,0.4353890044054215,0.020992353690679675,0.5409305742966095,none,none,3227,343,user,0.9473684210526315,Divergent,Persona,Divergent,Library
1.606524282945923,1.3873724107911543,0.5925970483101685,2.248517525662569,0.4282443194966725,0.9813549087247989,1.3572760535348622,none,open_what_if,3228,343,assistant,1.0,Divergent,Persona,Divergent,Library
0.01264105741708566,0.00482232955218618,0.0010127110821249242,1.022429168313831,0.0005745043820882738,0.0025480940261159287,0.01304334431689544,none,none,3051,344,user,0.0,Divergent,Persona,Divergent,Library
0.0,0.010089302446681409,0.0,1.000250467143594,0.0,0.020284981117467665,0.0,none,clarify,3052,344,assistant,0.05263157894736842,Divergent,Persona,Divergent,Library
0.017391577180013443,0.9864908639138626,0.0,1.9883534953283946,0.0,0.0,0.0,none,clarify,3073,344,user,0.10526315789473684,Divergent,Persona,Divergent,Library
1.5812651610129564,1.34992524528666,0.0,2.069731606734054,0.13773852224717442,0.9316910791302679,1.066479719995757,none,open_what_if,3074,344,assistant,0.15789473684210525,Divergent,Persona,Divergent,Library
0.6751567126389956,0.8225525573053585,0.47431010108689636,2.1603458148941157,0.08492470562453229,0.054532464007325504,0.920906767471603,none,clarify,3101,344,user,0.21052631578947367,Divergent,Persona,Divergent,Library
2.215747805009152,1.5274102551507787,0.0,2.235527605206883,0.020867067872790628,1.6710035795333762,0.8362642695067863,none,open_what_if,3102,344,assistant,0.2631578947368421,Divergent,Persona,Divergent,Library
0.31852409233606327,0.5137039429814921,0.5644493502862249,2.044917418479475,0.29989934355375775,0.0,1.272024975191949,none,none,3114,344,user,0.3157894736842105,Divergent,Persona,Divergent,Library
2.3538074009913657,1.255411319120446,0.6127390179192985,2.3436749301527007,0.016119675281990112,1.119512645648263,1.7102126265541167,constructive,open_what_if,3116,344,assistant,0.3684210526315789,Divergent,Persona,Divergent,Library
1.0649524409160076,0.7203075721100751,0.0,2.0782474677783633,0.40305865350695885,0.10004823588338771,1.871689216114252,none,none,3127,344,user,0.42105263157894735,Divergent,Persona,Divergent,Library
2.3213324747398154,1.1546614954471908,0.0,2.1763802896783315,0.19943280125595805,1.506876647745336,1.8425958758350505,none,open_what_if,3128,344,assistant,0.47368421052631576,Divergent,Persona,Divergent,Library
0.4639154334780863,1.1380740866841557,0.5243858216488944,2.296551935593067,0.23723103929643355,0.1378822970657427,1.5173374048923336,constructive,none,3141,344,user,0.5263157894736842,Divergent,Persona,Divergent,Library
2.7590950901317646,1.1466657156502964,0.05280485377397829,2.061392836998422,0.2644663690723603,1.564427271090146,1.8954625717100353,none,open_what_if,3143,344,assistant,0.5789473684210527,Divergent,Persona,Divergent,Library
0.5639543957293982,0.0,0.3632158531217433,2.027395157908282,0.28508895515187205,0.1969898151425867,0.265169513206118,neutral,none,3155,344,user,0.631578947368421,Divergent,Persona,Divergent,Library
2.35950434442728,0.8724233771236661,0.004028643400538096,2.1618409137871595,0.16734117687501607,1.415911208650158,1.7820062711537463,none,open_what_if,3156,344,assistant,0.6842105263157895,Divergent,Persona,Divergent,Library
0.46182119168773045,0.9724627047164393,0.46309679606574883,1.9113025707533344,0.5541625659479231,0.44858515873458854,0.934499345760301,none,none,3161,344,user,0.7368421052631579,Divergent,Persona,Divergent,Library
1.7044234478403073,1.2551594942356792,0.14937659690181704,2.0453322385630317,0.19613740062158416,0.5837936614693978,1.883414166694132,none,open_what_if,3163,344,assistant,0.7894736842105263,Divergent,Persona,Divergent,Library
0.3224405563395979,0.4978615156621942,0.002553651441855991,2.1573970775856552,0.18692483817807293,0.09907295583702941,0.906850859626086,none,none,3167,344,user,0.8421052631578947,Divergent,Persona,Divergent,Library
1.8276687125357172,1.4020688443005251,0.015526895517011655,2.3515876824708095,0.23475735597265882,0.41913157281647484,1.701006043079151,none,open_what_if,3168,344,assistant,0.8947368421052632,Divergent,Persona,Divergent,Library
0.7661203751465844,0.6504802149617196,0.0,2.1851634250341947,0.17954936432576996,0.0,1.2655373159633954,none,none,3185,344,user,0.9473684210526315,Divergent,Persona,Divergent,Library
1.9660412493209294,0.9730174950728396,0.0,1.9453370765461644,0.940485970504211,0.03680438707518028,1.9395659349019552,none,open_what_if,3186,344,assistant,1.0,Divergent,Persona,Divergent,Library
0.01264105741708566,0.00482232955218618,0.0010127110821249242,1.022429168313831,0.0005745043820882738,0.0025480940261159287,0.01304334431689544,none,none,3054,346,user,0.0,Divergent,Persona,Divergent,Library
0.0,0.010089302446681409,0.0,1.000250467143594,0.0,0.020284981117467665,0.0,none,clarify,3056,346,assistant,0.058823529411764705,Divergent,Persona,Divergent,Library
0.017391577180013443,0.9864908639138626,0.0,1.9883534953283946,0.0,0.0,0.0,none,clarify,3077,346,user,0.11764705882352941,Divergent,Persona,Divergent,Library
1.356677322928535,1.21580818395907,0.0,2.320041737491704,0.19886594862095486,0.36079223966089663,0.9681070853607705,none,open_what_if,3078,346,assistant,0.17647058823529413,Divergent,Persona,Divergent,Library
0.7902881703893796,0.7171360333360227,0.0,2.0657862960008035,0.15675483956800979,0.0,0.8789611876495153,none,clarify,3107,346,user,0.23529411764705882,Divergent,Persona,Divergent,Library
1.4602182635035479,1.3839558166780392,0.5559150594512636,2.282511223308328,0.0,0.5899818118875253,1.0362991030985789,none,open_what_if,3108,346,assistant,0.29411764705882354,Divergent,Persona,Divergent,Library
0.9938642530597902,0.6514177075778458,0.0,1.843718624063679,0.26245325481363163,0.0343457351699263,1.2139268547787883,none,clarify,3129,346,user,0.35294117647058826,Divergent,Persona,Divergent,Library
2.1814564033756865,1.166205320956658,0.0009741054228033872,2.1727142164013693,0.2130767543409091,1.7662185778534565,1.6793134862952874,none,open_what_if,3130,346,assistant,0.4117647058823529,Divergent,Persona,Divergent,Library
0.9232494270167829,0.9073497913707773,0.0,1.976479084974485,0.0,0.0069799012275379305,1.9466596708403099,none,none,3147,346,user,0.47058823529411764,Divergent,Persona,Divergent,Library
1.44557931161633,1.4876572671933936,0.0029992278026567676,2.148285998598817,0.16166008001005713,0.996892452931376,1.7406330920424025,none,open_what_if,3148,346,assistant,0.5294117647058824,Divergent,Persona,Divergent,Library
0.39028033887466096,0.8784070431076922,0.05159625544346359,2.01994234166037,0.12795428018268573,0.14661445771774273,1.069060236543255,none,none,3169,346,user,0.5882352941176471,Divergent,Persona,Divergent,Library
2.1761195834450153,1.3543156548112991,0.0,2.018207829134209,0.36210571829608634,0.45636057608055275,1.398197928316839,none,open_what_if,3171,346,assistant,0.6470588235294118,Divergent,Persona,Divergent,Library
0.24086218793245165,0.31123078762163425,0.002411887452787871,1.890675191235511,0.21098687853781156,0.18909499626299284,0.7930149019240043,none,clarify,3197,346,user,0.7058823529411765,Divergent,Persona,Divergent,Library
2.9236821904809807,1.074568458981716,0.004833374851551246,2.0202664101041714,0.02560090688376039,1.9819938399648804,0.9883332493986485,none,open_what_if,3198,346,assistant,0.7647058823529411,Divergent,Persona,Divergent,Library
0.0,0.21241611046013964,0.42335296577387255,1.8167084237677178,0.16504091366737245,0.06913723869761725,0.9788140248752338,none,none,3211,346,user,0.8235294117647058,Divergent,Persona,Divergent,Library
1.78759044570496,1.4101752885637584,0.0,2.45165854235254,0.12001049400320762,0.6830353612923532,1.4925361367238448,none,open_what_if,3212,346,assistant,0.8823529411764706,Divergent,Persona,Divergent,Library
0.6703820270647571,0.2754243364505264,0.006894870712486646,1.6589055953008212,0.05404927238643859,0.38863107515984807,0.537668527961874,none,clarify,3225,346,user,0.9411764705882353,Divergent,Persona,Divergent,Library
2.9172404232968288,1.0679596055263025,0.0011694971734547963,1.9897483387741313,0.024442082652730526,0.9482551400226841,1.946949066608057,none,open_what_if,3226,346,assistant,1.0,Divergent,Persona,Divergent,Library
0.01264105741708566,0.00482232955218618,0.0010127110821249242,1.022429168313831,0.0005745043820882738,0.0025480940261159287,0.01304334431689544,none,none,3057,347,user,0.0,Divergent,Persona,Divergent,Library
0.0,0.010089302446681409,0.0,1.000250467143594,0.0,0.020284981117467665,0.0,none,clarify,3058,347,assistant,0.06666666666666667,Divergent,Persona,Divergent,Library
0.017391577180013443,0.9864908639138626,0.0,1.9883534953283946,0.0,0.0,0.0,none,clarify,3075,347,user,0.13333333333333333,Divergent,Persona,Divergent,Library
1.515199443201295,1.1793658227111004,0.0,2.1316246335699205,0.08165567119159692,0.22035675741683783,0.8593178354255074,none,open_what_if,3076,347,assistant,0.2,Divergent,Persona,Divergent,Library
0.42779033375469644,0.5842438287361506,0.014506838478758728,1.897826410416724,0.04002086385975358,0.11552914048326178,1.33465779724416,none,none,3093,347,user,0.26666666666666666,Divergent,Persona,Divergent,Library
2.9195827751022785,1.0861895912513289,0.0,2.0390631815097993,0.03486231183152628,1.965946891087205,1.9450286249086244,none,open_what_if,3094,347,assistant,0.3333333333333333,Divergent,Persona,Divergent,Library
0.04906072504386095,0.38621202430179863,0.0,2.1089967840692094,0.4109554207882711,0.0972376068055611,0.8059349986077415,none,none,3111,347,user,0.4,Divergent,Persona,Divergent,Library
1.9687832711436162,1.111173225925191,0.020555111814019988,2.2022698043926416,0.16426099923884066,1.0606803598598906,1.8351523689878668,none,open_what_if,3113,347,assistant,0.4666666666666667,Divergent,Persona,Divergent,Library
0.40521183635072305,0.3203128511335426,0.0,1.9871505956633615,0.09637006515427493,0.14187096219523448,1.0516816318230289,none,none,3133,347,user,0.5333333333333333,Divergent,Persona,Divergent,Library
2.5487273860397885,0.955416949041308,0.0,1.984437883842031,0.1855737948078574,1.5977160137885946,1.6358802431142034,none,open_what_if,3134,347,assistant,0.6,Divergent,Persona,Divergent,Library
0.5355591912945321,0.2981370253931563,0.45837564834148875,1.9026905366697695,0.13746265783490288,0.020724240725351416,1.217233084246487,none,none,3151,347,user,0.6666666666666666,Divergent,Persona,Divergent,Library
1.8226432802347532,0.9006759841873095,0.0,2.075384959528037,0.4423981997725866,0.848049209133031,1.2063350794722862,none,open_what_if,3152,347,assistant,0.7333333333333333,Divergent,Persona,Divergent,Library
0.3630303706395604,0.33844903099397416,0.03395692873575152,1.9748402888112853,0.22429882613461033,0.0,1.5174008703485233,none,none,3170,347,user,0.8,Divergent,Persona,Divergent,Library
2.7450965553971045,1.3471455545640967,0.00588184557550343,1.9976633322367756,0.053360592732718905,1.8895212045516634,1.7070590997683857,none,open_what_if,3172,347,assistant,0.8666666666666667,Divergent,Persona,Divergent,Library
0.2240517838125628,0.9183437091215825,0.0,2.1523404269124753,0.2168791771990791,0.00880933736355061,1.0243764644289348,none,none,3181,347,user,0.9333333333333333,Divergent,Persona,Divergent,Library
0.8202358344404502,1.3915835582950764,0.0,2.0911015497731604,0.4775553146099762,0.8870755167074671,1.9780857388319129,none,open_what_if,3183,347,assistant,1.0,Divergent,Persona,Divergent,Library
0.01264105741708566,0.00482232955218618,0.0010127110821249242,1.022429168313831,0.0005745043820882738,0.0025480940261159287,0.01304334431689544,none,none,3059,348,user,0.0,Divergent,Persona,Divergent,Library
0.0,0.010089302446681409,0.0,1.000250467143594,0.0,0.020284981117467665,0.0,none,clarify,3060,348,assistant,0.037037037037037035,Divergent,Persona,Divergent,Library
0.017391577180013443,0.9864908639138626,0.0,1.9883534953283946,0.0,0.0,0.0,none,clarify,3070,348,user,0.07407407407407407,Divergent,Persona,Divergent,Library
2.2455993183779523,1.0683234547884564,0.0,1.9490151983058506,0.035284908211822355,0.7515597126513875,1.117829554157265,none,none,3072,348,assistant,0.1111111111111111,Divergent,Persona,Divergent,Library
0.8179289217426923,0.21695364159244368,0.40713562911978224,1.8669182544652734,0.0,0.04762872923033687,0.601347344302396,none,clarify,3097,348,user,0.14814814814814814,Divergent,Persona,Divergent,Library
2.2813911742043382,1.0905359869313456,0.005794222379851008,1.9605110732922997,0.02028234614340527,1.0843696770798468,1.4381305281254197,none,open_what_if,3099,348,assistant,0.18518518518518517,Divergent,Persona,Divergent,Library
0.336028937689013,0.3009815359408922,1.041679219189329,1.489261835233895,0.29011122961459496,0.08076728546800645,0.2750980322951895,neutral,none,3103,348,user,0.2222222222222222,Divergent,Persona,Divergent,Library
1.9142519353126108,1.1534390353831712,0.8109685448005646,1.779759839311192,0.2916284110891361,0.729849006331165,1.2662983142728308,constructive,open_what_if,3104,348,assistant,0.25925925925925924,Divergent,Persona,Divergent,Library
0.47008948954278207,0.6132964922016751,0.13402226799612915,1.9890292098424196,0.14109672635775275,0.1821766299056701,1.1610057632726158,none,none,3117,348,user,0.2962962962962963,Divergent,Persona,Divergent,Library
1.2712384921881235,1.4084004999211044,0.013697164887809678,2.079216606031829,0.03585112598895843,1.2661447784653852,0.7246306327331509,none,open_what_if,3118,348,assistant,0.3333333333333333,Divergent,Persona,Divergent,Library
0.6465132537947781,0.4537357604785148,0.3438073569266726,2.0106087292858064,0.16151285211946717,0.4074101729423419,0.9394648270430961,none,none,3139,348,user,0.37037037037037035,Divergent,Persona,Divergent,Library
1.9276940725831595,1.1550491881181413,0.278010360310362,1.8421611849340418,0.05821578179921215,1.3115269094267468,1.037289310846667,none,open_what_if,3140,348,assistant,0.4074074074074074,Divergent,Persona,Divergent,Library
0.388741660915646,0.4870337406132772,0.15106588052134037,2.011780569279745,0.5421983664122513,0.25025059224583884,0.5965875823914745,none,none,3159,348,user,0.4444444444444444,Divergent,Persona,Divergent,Library
2.005339256361456,1.2333146082888518,0.05665667175146155,2.139296761810376,0.296451838262085,0.8775665131771873,0.8467383554862278,none,open_what_if,3160,348,assistant,0.48148148148148145,Divergent,Persona,Divergent,Library
0.11156978428890552,0.5471312991005253,0.0,1.8373532438030524,0.5836862352546355,0.055346923454983384,1.0283441769857136,none,none,3177,348,user,0.5185185185185185,Divergent,Persona,Divergent,Library
1.9667217285378547,1.6716003595216775,0.01642688992539414,2.096549776752241,0.19311117153593624,0.9089018624326233,1.2637665730196144,none,open_what_if,3178,348,assistant,0.5555555555555556,Divergent,Persona,Divergent,Library
0.5420282300029374,0.16549464192568436,0.33718603476898557,1.943243099139587,0.4835414362056552,0.1554349861630178,1.0430528829421026,none,none,3182,348,user,0.5925925925925926,Divergent,Persona,Divergent,Library
1.99868055474355,1.2574835251335343,0.0,2.0780314630041112,0.018399845440345824,0.942592166508227,1.418238945021361,none,open_what_if,3184,348,assistant,0.6296296296296297,Divergent,Persona,Divergent,Library
0.12944715312371796,0.24962476466030964,0.0,2.0169887671764104,0.07779579445538205,0.005863905248176927,0.24254041536317658,none,none,3191,348,user,0.6666666666666666,Divergent,Persona,Divergent,Library
1.7610983821178596,1.099944585878033,0.5863796722787744,2.215718363959434,0.13784507100314364,0.5510995419590082,1.4686219600367332,constructive,open_what_if,3192,348,assistant,0.7037037037037037,Divergent,Persona,Divergent,Library
0.0259264166277902,0.18156626021904063,0.0,1.3975944180655155,0.13571266763490308,0.01341161151428455,0.4380180636765722,none,none,3193,348,user,0.7407407407407407,Divergent,Persona,Divergent,Library
1.2560834987395049,1.2809057746730197,0.0,2.3937729638430985,0.24619442108107473,0.6850957745486822,1.2792175708300435,none,open_what_if,3194,348,assistant,0.7777777777777778,Divergent,Persona,Divergent,Library
0.8886410276494547,0.05687785167204913,0.06809430027144381,1.9429184235596246,0.00877649016659796,0.9360756354089328,1.7854359563052826,none,none,3207,348,user,0.8148148148148148,Divergent,Persona,Divergent,Library
1.8239016376715496,1.2740477547235374,0.003178197618647614,2.0072574681161544,0.010663598892483202,0.6379457386991619,1.2466131164307022,none,open_what_if,3208,348,assistant,0.8518518518518519,Divergent,Persona,Divergent,Library
0.26739316509159333,0.16906766540095128,0.010533668050311501,1.8457941095525225,0.43016201886359967,0.03472920306749708,1.1051038388937209,none,none,3215,348,user,0.8888888888888888,Divergent,Persona,Divergent,Library
0.9128455016512265,1.2014858019935333,0.0,2.2227480380868294,0.39888939068932644,0.945825903687736,1.3627598689605331,none,open_what_if,3216,348,assistant,0.9259259259259259,Divergent,Persona,Divergent,Library
0.14061043814214833,0.40849509698705666,0.01182552722450825,1.3854013408507122,0.39776524650421496,0.04219973509313615,0.6979557962461771,none,none,3229,348,user,0.9629629629629629,Divergent,Persona,Divergent,Library
2.1993259709284985,1.0985696744817501,0.0,2.1347966493226,0.319522372190377,0.8509099789153903,1.4121144836956498,none,open_what_if,3230,348,assistant,1.0,Divergent,Persona,Divergent,Library
0.01264105741708566,0.00482232955218618,0.0010127110821249242,1.022429168313831,0.0005745043820882738,0.0025480940261159287,0.01304334431689544,none,none,3061,349,user,0.0,Divergent,Persona,Divergent,Library
0.0,0.010089302446681409,0.0,1.000250467143594,0.0,0.020284981117467665,0.0,none,clarify,3062,349,assistant,0.06666666666666667,Divergent,Persona,Divergent,Library
0.017391577180013443,0.9864908639138626,0.0,1.9883534953283946,0.0,0.0,0.0,none,clarify,3079,349,user,0.13333333333333333,Divergent,Persona,Divergent,Library
2.2979875086614827,1.360631760447011,0.00607723732615484,2.105366179876672,0.0,1.0837771285213718,1.220203183235021,none,open_what_if,3080,349,assistant,0.2,Divergent,Persona,Divergent,Library
1.0814526178591477,0.6762813035629008,0.009774335271376059,2.0119668241754196,0.5708092743156387,0.037063049334467385,1.437488925267243,none,none,3112,349,user,0.26666666666666666,Divergent,Persona,Divergent,Library
2.331710190717732,1.3198086991771247,0.0008759404665884264,2.209160047833258,0.404184216530612,0.6710794905035102,1.4649068299907755,none,open_what_if,3115,349,assistant,0.3333333333333333,Divergent,Persona,Divergent,Library
1.0743743414158502,0.22504360544108998,0.045389026120118574,2.1914230269608126,0.2273737378834065,0.5031920053590586,1.2155721684888892,none,none,3131,349,user,0.4,Divergent,Persona,Divergent,Library
2.1622332366100867,1.1644334284678748,0.0016071560017747234,2.2336585954775576,0.14837139277701106,1.6242879626929538,1.5637098649670733,none,open_what_if,3132,349,assistant,0.4666666666666667,Divergent,Persona,Divergent,Library
0.2964705640526581,0.5123126626032718,0.0,1.914602846785375,0.39912990038703855,0.044605540974794654,1.2492882151707452,none,none,3149,349,user,0.5333333333333333,Divergent,Persona,Divergent,Library
2.4520548973372738,1.2206815591470752,0.0,2.109841173595819,0.508358402301819,1.4688992336928939,1.8463427123106597,none,open_what_if,3150,349,assistant,0.6,Divergent,Persona,Divergent,Library
1.0209288873993418,0.6654719191539173,0.0,1.8634074824386309,0.5656540089655254,0.05737860813418239,1.4956728222920428,none,none,3179,349,user,0.6666666666666666,Divergent,Persona,Divergent,Library
1.9609224359204658,1.109875369320177,0.0,2.0609367695574936,0.34601491875968443,1.291339785390161,1.3740950286731575,none,open_what_if,3180,349,assistant,0.7333333333333333,Divergent,Persona,Divergent,Library
0.5890572804681183,0.5565548893784833,0.014165926582744898,1.8846162494413279,0.0857801986510176,0.09106769674160542,1.367540149639859,none,none,3199,349,user,0.8,Divergent,Persona,Divergent,Library
2.171045688618745,1.0128737627693323,0.003178197618647614,2.0600117202972226,0.30997583113118565,1.7897758698640838,1.2316803387382473,none,open_what_if,3200,349,assistant,0.8666666666666667,Divergent,Persona,Divergent,Library
0.8782446696725308,0.22676712611145627,0.0,1.990406889821531,0.45343683189174105,0.1194286781422215,1.3239922311807981,none,none,3231,349,user,0.9333333333333333,Divergent,Persona,Divergent,Library
1.106798749976806,1.408528091865108,0.003178197618647614,2.0260311063062852,0.6113729698483245,0.7612399452778689,1.6009996566053524,none,none,3232,349,assistant,1.0,Divergent,Persona,Divergent,Library
0.01264105741708566,0.00482232955218618,0.0010127110821249242,1.022429168313831,0.0005745043820882738,0.0025480940261159287,0.01304334431689544,none,none,3069,350,user,0.0,Divergent,Persona,Divergent,Library
0.0,0.010089302446681409,0.0,1.000250467143594,0.0,0.020284981117467665,0.0,none,clarify,3071,350,assistant,0.09090909090909091,Divergent,Persona,Divergent,Library
0.017391577180013443,0.9864908639138626,0.0,1.9883534953283946,0.0,0.0,0.0,none,clarify,3083,350,user,0.18181818181818182,Divergent,Persona,Divergent,Library
1.0342342180672064,1.197599041842984,0.011370932005550635,2.070092712961761,0.010589846906801913,0.6105175138895346,0.8225571635565397,none,open_what_if,3085,350,assistant,0.2727272727272727,Divergent,Persona,Divergent,Library
0.929204679205006,0.8340500638683486,0.16328261324762725,1.9757338699664104,0.10294914314483129,0.6885922598649036,1.8104218703412933,none,none,3125,350,user,0.36363636363636365,Divergent,Persona,Divergent,Library
1.9907445471668719,0.7880512577358433,0.31521198495883973,2.0123768333255976,0.043943958592460634,0.9764303098141855,1.0782218496272733,none,open_what_if,3126,350,assistant,0.45454545454545453,Divergent,Persona,Divergent,Library
1.968212373208734,0.14348406328122376,0.01647345465238846,2.0138124358419316,0.0,1.0253726105131575,2.0339328961952647,none,none,3162,350,user,0.5454545454545454,Divergent,Persona,Divergent,Library
2.8766110119771215,1.0895767394369198,0.007470709456022899,2.0511638455160908,0.005744484220290691,1.9481160811614593,1.0865282879655196,none,open_what_if,3164,350,assistant,0.6363636363636364,Divergent,Persona,Divergent,Library
1.6558354810484635,0.841640672798002,0.5160725407254483,2.0135959957864857,0.20198267656490193,0.5330280610429077,2.196844810495688,none,none,3201,350,user,0.7272727272727273,Divergent,Persona,Divergent,Library
2.337525180624707,1.0064864538527851,0.010998542716840485,2.049608275074265,0.28373990957266687,1.663970849831669,1.6607210421728749,none,open_what_if,3204,350,assistant,0.8181818181818182,Divergent,Persona,Divergent,Library
0.525048944096435,0.6873464805738653,0.0,1.6628413024686712,0.1693882522724822,0.12452973497448007,1.4594433656137582,none,none,3217,350,user,0.9090909090909091,Divergent,Persona,Divergent,Library
2.213280795086105,1.4547321501940766,0.007470709456022899,2.117376291481473,0.2815740461309239,0.8616237913214115,1.8516805430252612,none,open_what_if,3218,350,assistant,1.0,Divergent,Persona,Divergent,Library
0.01264105741708566,0.00482232955218618,0.0010127110821249242,1.022429168313831,0.0005745043820882738,0.0025480940261159287,0.01304334431689544,none,none,3084,351,user,0.0,Divergent,Persona,Divergent,Library
0.0,0.010089302446681409,0.0,1.000250467143594,0.0,0.020284981117467665,0.0,none,clarify,3086,351,assistant,0.07692307692307693,Divergent,Persona,Divergent,Library
0.017391577180013443,0.9864908639138626,0.0,1.9883534953283946,0.0,0.0,0.0,none,clarify,3087,351,user,0.15384615384615385,Divergent,Persona,Divergent,Library
1.9050393275445456,1.0794979506417868,0.009953988329919205,2.0746904943349938,0.0,0.9601050081221786,1.0348392650678293,none,open_what_if,3088,351,assistant,0.23076923076923078,Divergent,Persona,Divergent,Library
0.3587099679158818,0.4359093363416149,0.21333172296506622,1.1381469890319371,0.10786928608649843,0.12734734589147648,0.5245364619331699,none,clarify,3095,351,user,0.3076923076923077,Divergent,Persona,Divergent,Library
2.115905469178144,1.1259752190896994,0.0009741054228033872,2.2516201485637266,0.302962079653283,1.0726146002216808,1.3578382378393725,none,open_what_if,3096,351,assistant,0.38461538461538464,Divergent,Persona,Divergent,Library
0.5237982124543643,0.3236227489296345,0.21568796208346344,2.045062899657947,0.3016446071982212,0.08920487468866903,1.3373338189798756,neutral,none,3135,351,user,0.46153846153846156,Divergent,Persona,Divergent,Library
2.577674722326224,1.320481564746739,0.5844519957487839,2.307625310000987,0.3472602284124828,1.7005790527885531,1.4873637863252305,none,open_what_if,3136,351,assistant,0.5384615384615384,Divergent,Persona,Divergent,Library
0.18906655678814616,0.9874235133238817,0.11725669952558722,2.0777297555095395,0.26975799641853526,0.15704134179934215,1.3632851896273324,none,none,3157,351,user,0.6153846153846154,Divergent,Persona,Divergent,Library
1.8880033859941225,1.3537982475007138,0.5668091159372376,1.9690311429304057,0.3428301287341204,1.7565577754648138,1.3573703595558426,none,open_what_if,3158,351,assistant,0.6923076923076923,Divergent,Persona,Divergent,Library
1.3680434114880586,0.9789921751194656,0.14535884983935407,2.1116978256947814,0.15480191475607388,0.8803289466367548,1.1120919505073852,none,none,3202,351,user,0.7692307692307693,Divergent,Persona,Divergent,Library
1.5852675118306627,1.3735446435580645,0.27874003949847537,1.929454124368322,0.24313268026047322,0.9726435407826056,1.2083288760411488,none,open_what_if,3203,351,assistant,0.8461538461538461,Divergent,Persona,Divergent,Library
0.2918799094376116,0.842568832397806,0.5830657288805361,2.1300884973265,0.026549821506181785,0.1406312756219156,1.1335479416542285,none,none,3223,351,user,0.9230769230769231,Divergent,Persona,Divergent,Library
2.130177906295804,1.2702480463403394,0.27329870614088336,2.0474670834228217,0.04346295956858421,1.0173810839415158,1.0611096125674937,none,open_what_if,3224,351,assistant,1.0,Divergent,Persona,Divergent,Library
0.01264105741708566,0.00482232955218618,0.0010127110821249242,1.022429168313831,0.001494180507970417,0.0,0.01304334431689544,none,none,3233,352,user,0.0,GPT,GPT,GPT,Library
0.0,0.010089302446681409,0.0,1.0033228817489568,0.0,0.0,0.0,none,clarify,3234,352,assistant,0.047619047619047616,GPT,GPT,GPT,Library
0.017391577180013443,0.9864908639138626,0.0,2.0231320623003413,0.0,0.0,0.0,none,clarify,3241,352,user,0.09523809523809523,GPT,GPT,GPT,Library
0.5091312954067599,1.6845004853387398,0.0,2.369918194042535,0.5468726455089122,0.11734511700419091,1.8168556064900232,none,none,3242,352,assistant,0.14285714285714285,GPT,GPT,GPT,Library
0.14593965392136687,0.5230556323445194,0.00714368970778513,1.1936420508404941,0.0,0.0,0.7324795340341934,none,clarify,3255,352,user,0.19047619047619047,GPT,GPT,GPT,Library
0.33455830148755517,1.7807252374242128,0.01273776024615573,2.6183845123154548,0.5903547782849169,0.0,2.113608278972978,none,none,3256,352,assistant,0.23809523809523808,GPT,GPT,GPT,Library
0.7764737206970674,0.07080271019038988,0.20776767164210666,1.8544347550589388,0.02196698099563669,0.01474824203519831,1.134196869121679,none,none,3259,352,user,0.2857142857142857,GPT,GPT,GPT,Library
0.5306572024075386,1.2486066533451048,0.0,2.2272828841940737,0.7376694680322855,0.06584776139142078,1.967895734235836,none,none,3260,352,assistant,0.3333333333333333,GPT,GPT,GPT,Library
0.06967710533388301,0.0,0.00458998480993891,1.0715634589810639,0.0,0.0,0.04095090976259851,none,clarify,3267,352,user,0.38095238095238093,GPT,GPT,GPT,Library
0.6285592442843586,1.4877323748825002,0.1087536337111123,2.5250459370164084,0.322799767814493,0.0,1.9004243104374454,none,none,3269,352,assistant,0.42857142857142855,GPT,GPT,GPT,Library
0.0,0.422816467970202,0.6503940174144367,1.4848216217485608,0.0,0.0,0.6541027417068944,neutral,clarify,3271,352,user,0.47619047619047616,GPT,GPT,GPT,Library
0.3323310910232975,1.8663683641551236,0.2281927397496403,2.327918678776206,0.4682465978439427,0.033520541754961254,1.6327906850176865,none,none,3272,352,assistant,0.5238095238095238,GPT,GPT,GPT,Library
0.0,0.422816467970202,0.6503940174144367,1.4848216217485608,0.0,0.0,0.6541027417068944,neutral,clarify,3273,352,user,0.5714285714285714,GPT,GPT,GPT,Library
0.19945475996968284,1.7039374155229532,0.24291648847536015,2.2086270906939647,0.6627558013446299,0.0,1.7763367312410716,none,none,3274,352,assistant,0.6190476190476191,GPT,GPT,GPT,Library
0.0888923196264399,0.6764827467862564,0.04858106433207487,2.0050083263132,0.31994998781311684,0.0,0.9380501590850584,none,none,3275,352,user,0.6666666666666666,GPT,GPT,GPT,Library
0.470166932590837,1.5133988289377729,0.0,2.440923306453054,0.7045090152256591,0.0,2.3050478281082896,none,none,3276,352,assistant,0.7142857142857143,GPT,GPT,GPT,Library
0.16094933027195304,0.3965303636575677,0.0019393693707956548,1.263391171118471,0.2146485611301034,0.004835274597456076,0.3998926185823281,none,clarify,3287,352,user,0.7619047619047619,GPT,GPT,GPT,Library
0.4080131023400655,1.6491943888347127,0.0,2.6230178978094827,0.6902013634677101,0.09236065923763706,2.1155767317614917,none,none,3288,352,assistant,0.8095238095238095,GPT,GPT,GPT,Library
0.1348619094851448,0.3297167419653989,0.03747801411576238,1.864387859510222,0.3886076011216606,0.02069452174838257,0.8993454025433709,none,none,3297,352,user,0.8571428571428571,GPT,GPT,GPT,Library
0.45674166022448504,1.6149911041133351,0.0,2.2900869264125006,0.7902624784197791,0.2608284824891732,2.60235133997543,none,none,3298,352,assistant,0.9047619047619048,GPT,GPT,GPT,Library
0.06607285795441831,0.14862167307923657,0.009168812087638511,2.003056953419934,0.5417814917421592,0.1469342652656965,0.510223823076326,none,none,3311,352,user,0.9523809523809523,GPT,GPT,GPT,Library
0.4505405857705707,1.3034380135595176,0.12234900331240839,2.3083583167859945,0.7488772472377933,0.022377242500237083,1.7339584768826002,none,none,3312,352,assistant,1.0,GPT,GPT,GPT,Library
0.01264105741708566,0.00482232955218618,0.0010127110821249242,1.022429168313831,0.001494180507970417,0.0,0.01304334431689544,none,none,3236,354,user,0.0,GPT,GPT,GPT,Library
0.0,0.010089302446681409,0.0,1.0033228817489568,0.0,0.0,0.0,none,clarify,3238,354,assistant,0.05263157894736842,GPT,GPT,GPT,Library
0.017391577180013443,0.9864908639138626,0.0,2.0231320623003413,0.0,0.0,0.0,none,clarify,3243,354,user,0.10526315789473684,GPT,GPT,GPT,Library
0.20182316568997039,0.7479125436923891,0.0028878112517992725,2.448206881904244,0.5581990507658866,0.19527952861935874,1.6837945901749818,none,none,3244,354,assistant,0.15789473684210525,GPT,GPT,GPT,Library
0.05701472912746089,0.6026303742536248,0.39040607086625956,2.124033823759574,0.0,0.06896035120926032,1.6119192561037679,none,open_what_if,3263,354,user,0.21052631578947367,GPT,GPT,GPT,Library
0.4414692767605357,1.6253962225990517,0.3969595460462841,2.5193075312818825,0.5642971315888653,0.028670175522341166,1.9556289448543835,none,none,3264,354,assistant,0.2631578947368421,GPT,GPT,GPT,Library
0.4633146010327706,0.8848265060283281,0.0,2.0849059295085457,0.3312315203119005,0.0,1.82163869415777,none,none,3281,354,user,0.3157894736842105,GPT,GPT,GPT,Library
0.3767749759069107,1.8554688280944311,0.5023385840285828,2.30500782246095,0.7324847341791986,0.13726118959322,2.546273970938039,constructive,none,3282,354,assistant,0.3684210526315789,GPT,GPT,GPT,Library
0.18600919779251468,0.6089393799019451,0.6742314416432793,2.015858787654668,0.15324592501399234,0.004209968214383769,0.9997172161780667,none,none,3285,354,user,0.42105263157894735,GPT,GPT,GPT,Library
0.2382551660763365,1.4666373704896258,0.0,2.312869208775179,0.8639816544025092,0.11742420184894754,1.5318595137551374,none,none,3286,354,assistant,0.47368421052631576,GPT,GPT,GPT,Library
0.2784189103070354,0.45904848819621097,0.0,1.942021178826285,0.19380500518721444,0.066423701117144,1.2354081186908643,none,none,3295,354,user,0.5263157894736842,GPT,GPT,GPT,Library
0.4740405557341378,1.5813712265522601,0.0,2.3984127793400685,0.4819978501440015,0.10021975593704249,2.0159589419188113,none,none,3296,354,assistant,0.5789473684210527,GPT,GPT,GPT,Library
0.2571762228634835,1.2217430007334382,0.0280509174544367,2.008372066599203,0.2172509237222709,0.038855936821445586,1.0949087613175996,none,none,3305,354,user,0.631578947368421,GPT,GPT,GPT,Library
0.18613602038950836,1.6108706242695152,0.0,2.2853314799358517,0.4913854936422939,0.05051021799738737,2.149654776850902,none,none,3306,354,assistant,0.6842105263157895,GPT,GPT,GPT,Library
0.07270443724549272,0.8139563492637304,0.9033116973372791,1.9226565681105405,0.019371975037376723,0.0,0.10506080033919415,neutral,none,3313,354,user,0.7368421052631579,GPT,GPT,GPT,Library
0.5491856089122826,1.5160540847945305,0.0,2.375122709335715,0.7568645941500604,0.10808265998488495,2.2976781581951484,none,none,3314,354,assistant,0.7894736842105263,GPT,GPT,GPT,Library
0.17971525710048508,0.31034254402038863,0.029056217636672026,1.819389473951343,0.14259145772833712,0.005493021751981644,0.19956454212007751,none,none,3321,354,user,0.8421052631578947,GPT,GPT,GPT,Library
0.41543749626716364,1.4587782424912081,0.0,2.6294925431495124,0.5360880568582299,0.015349577749627316,2.160097689899261,none,none,3322,354,assistant,0.8947368421052632,GPT,GPT,GPT,Library
0.14858266155776648,0.30572821152376245,0.00043364517113123405,1.8420483619054506,0.1496277583807733,0.0,0.2644704434614762,none,none,3325,354,user,0.9473684210526315,GPT,GPT,GPT,Library
0.5397147801587086,1.4366003982265616,0.0,2.334282890388503,0.8256302644916522,0.10394678912261586,1.848506398319748,none,none,3326,354,assistant,1.0,GPT,GPT,GPT,Library
0.01264105741708566,0.00482232955218618,0.0010127110821249242,1.022429168313831,0.001494180507970417,0.0,0.01304334431689544,none,none,3239,355,user,0.0,GPT,GPT,GPT,Library
0.0,0.010089302446681409,0.0,1.0033228817489568,0.0,0.0,0.0,none,clarify,3240,355,assistant,0.1111111111111111,GPT,GPT,GPT,Library
0.4128819331364092,0.9970506688465388,0.005409213595087487,2.087748112886951,0.0,0.03321197918230044,0.6422255996728661,none,open_what_if,3277,355,user,0.2222222222222222,GPT,GPT,GPT,Library
0.2062083718826082,1.5714756575736657,0.0,2.34737395085341,0.5715855415907274,0.06540293632386257,2.164142025621376,none,none,3278,355,assistant,0.3333333333333333,GPT,GPT,GPT,Library
0.0,0.9883325939029564,0.5721118722608147,1.9895066834402468,0.0006143354727778207,0.0024863332508638755,1.1569391796899042,none,none,3309,355,user,0.4444444444444444,GPT,GPT,GPT,Library
0.491683562420523,2.039904777369198,0.3926101630621038,2.459722568144618,0.4951769283852942,0.022427924881272043,2.0671724628455923,none,none,3310,355,assistant,0.5555555555555556,GPT,GPT,GPT,Library
0.17568208855485265,0.8913843379225281,0.29111749383988667,2.054048023504889,0.110787699104556,0.0,0.5666706777926017,none,clarify,3319,355,user,0.6666666666666666,GPT,GPT,GPT,Library
0.4873840914466698,1.5185155134757335,0.11206189806961987,2.3957320971861846,0.5409016214511276,0.0,1.904364992567317,none,none,3320,355,assistant,0.7777777777777778,GPT,GPT,GPT,Library
0.267222057298496,0.7184936271264245,0.48932534960145335,1.7403550246724169,0.3818620019050554,0.0,0.6412935984482533,none,clarify,3327,355,user,0.8888888888888888,GPT,GPT,GPT,Library
0.5098556030877096,1.732761566483091,0.3846761176875298,2.3975576045395393,0.6399314310526114,0.0,2.009792160212788,none,none,3328,355,assistant,1.0,GPT,GPT,GPT,Library
0.01264105741708566,0.00482232955218618,0.0010127110821249242,1.022429168313831,0.001494180507970417,0.0,0.01304334431689544,none,none,3245,356,user,0.0,GPT,GPT,GPT,Library
0.0,0.010089302446681409,0.0,1.0033228817489568,0.0,0.0,0.0,none,clarify,3246,356,assistant,0.07692307692307693,GPT,GPT,GPT,Library
0.017391577180013443,0.9864908639138626,0.0,2.0231320623003413,0.0,0.0,0.0,none,clarify,3247,356,user,0.15384615384615385,GPT,GPT,GPT,Library
0.4167947659699297,1.792690624415623,0.0015089910455597635,2.1625202692517576,0.3711826413500578,0.023313290529761017,1.5549613712963564,none,none,3248,356,assistant,0.23076923076923078,GPT,GPT,GPT,Library
0.046294331306631,0.04456195007703156,0.017545214074761315,1.0616684141424082,0.056614398163964554,0.007381370530306938,0.11362939295679035,none,clarify,3257,356,user,0.3076923076923077,GPT,GPT,GPT,Library
0.35018125074993917,1.7469321117781902,0.0,2.2266882025817027,0.6525042575931663,0.1927716649552101,2.250990708038132,none,none,3258,356,assistant,0.38461538461538464,GPT,GPT,GPT,Library
0.17324992785844354,1.1440106129284835,0.35397570605166206,1.9534296607223238,0.02740281292287604,0.02469706214889931,0.8908140364921728,none,clarify,3279,356,user,0.46153846153846156,GPT,GPT,GPT,Library
0.5292106568600652,1.8075186051175134,0.0009741054228033872,2.238860418162997,0.32002865935433944,0.10899399027325844,1.6959836796139172,none,none,3280,356,assistant,0.5384615384615384,GPT,GPT,GPT,Library
0.02662551428487215,0.4913483839149708,0.2737228121449847,1.1717348726256869,0.0,0.22487150173003495,0.6162838778661343,none,clarify,3291,356,user,0.6153846153846154,GPT,GPT,GPT,Library
0.7413808634853183,1.5775620367475438,0.0029992278026567676,2.3779540507547714,0.42377250456707666,0.08022331284541101,1.587565416100401,none,none,3292,356,assistant,0.6923076923076923,GPT,GPT,GPT,Library
0.36228134717057664,0.7962030206598061,0.06663851782132191,1.9316442682485886,0.4086929839130487,0.0,1.29638809303898,none,none,3303,356,user,0.7692307692307693,GPT,GPT,GPT,Library
0.4370860849226275,1.8440002243385811,0.003205121399243256,2.3046809174313627,0.48053662735232766,0.00440190426262052,1.111842283711103,none,none,3304,356,assistant,0.8461538461538461,GPT,GPT,GPT,Library
0.06960340249285599,0.9305345852865907,0.01801048379844895,1.9872780144015159,0.19196834604507318,0.15865526440259922,1.2192993236603646,none,none,3323,356,user,0.9230769230769231,GPT,GPT,GPT,Library
0.43850700217326116,1.4834056478278268,0.0,2.343172198696937,0.4455721872819619,0.0,1.667785200457304,none,none,3324,356,assistant,1.0,GPT,GPT,GPT,Library
0.01264105741708566,0.00482232955218618,0.0010127110821249242,1.022429168313831,0.001494180507970417,0.0,0.01304334431689544,none,none,3249,357,user,0.0,GPT,GPT,GPT,Library
0.0,0.010089302446681409,0.0,1.0033228817489568,0.0,0.0,0.0,none,clarify,3250,357,assistant,0.09090909090909091,GPT,GPT,GPT,Library
0.017391577180013443,0.9864908639138626,0.0,2.0231320623003413,0.0,0.0,0.0,none,clarify,3251,357,user,0.18181818181818182,GPT,GPT,GPT,Library
0.47358594856481645,1.6892094346738644,0.0,2.301616055894097,0.3824755417845526,0.08643143745681611,1.9930257756958796,none,none,3252,357,assistant,0.2727272727272727,GPT,GPT,GPT,Library
0.627214026485057,0.9225492055881698,0.005640978826820925,1.7413270553110087,0.018807099539300657,0.046095664573767035,0.4901941243475701,none,clarify,3261,357,user,0.36363636363636365,GPT,GPT,GPT,Library
0.23315048927938106,1.8553539895367523,0.0,2.634371147332073,0.44894126193412337,0.05264809128038105,1.7831346593345296,none,none,3262,357,assistant,0.45454545454545453,GPT,GPT,GPT,Library
0.14134366273927207,0.08830931139524903,0.0,1.440467487463315,0.0,0.007390811321805857,0.4880087208679579,none,clarify,3293,357,user,0.5454545454545454,GPT,GPT,GPT,Library
0.03679668702858004,1.7812459208148306,0.008302373128496725,2.4933298013623846,0.3155443630432307,0.0034295788295625822,1.4550636262043677,none,none,3294,357,assistant,0.6363636363636364,GPT,GPT,GPT,Library
0.0,0.10869051740062483,0.10237871754034271,1.9804875735022132,0.017315647124474327,0.0,0.7337079972037758,none,none,3301,357,user,0.7272727272727273,GPT,GPT,GPT,Library
0.09074098766257785,1.6481398989561955,0.04958015405581822,2.4362299796520945,0.4717712155074441,0.020298899870024343,1.5328986600919687,none,none,3302,357,assistant,0.8181818181818182,GPT,GPT,GPT,Library
0.12859891847168742,0.30477074609828664,0.562612149407878,1.7576319883161167,0.05088549456964662,0.5436281043515309,0.40270787527885293,none,clarify,3315,357,user,0.9090909090909091,GPT,GPT,GPT,Library
0.1342977002291728,1.763293031788427,0.0,2.4007190827839135,0.48346689464624526,0.0,1.1629845626551787,none,none,3316,357,assistant,1.0,GPT,GPT,GPT,Library
0.01264105741708566,0.00482232955218618,0.0010127110821249242,1.022429168313831,0.001494180507970417,0.0,0.01304334431689544,none,none,3253,358,user,0.0,GPT,GPT,GPT,Library
0.0,0.010089302446681409,0.0,1.0033228817489568,0.0,0.0,0.0,none,clarify,3254,358,assistant,0.06666666666666667,GPT,GPT,GPT,Library
0.2860265121721939,1.0623930510750517,0.005409213595087487,1.9627957115366876,0.0,0.042327795991244976,0.8656860837976097,none,open_what_if,3265,358,user,0.13333333333333333,GPT,GPT,GPT,Library
0.6636575109623652,1.3511890614422097,0.0,2.282440858354572,0.5338096684517166,0.09334552776885727,1.9466565014692172,none,none,3266,358,assistant,0.2,GPT,GPT,GPT,Library
0.017391577180013443,0.9864908639138626,0.0,2.0231320623003413,0.0,0.0,0.0,none,clarify,3268,358,user,0.26666666666666666,GPT,GPT,GPT,Library
0.5579403460276341,1.4397778488909105,0.005409213595087487,2.3631178443256977,0.4505332704878294,0.15028506999356178,2.0399121398504416,none,none,3270,358,assistant,0.3333333333333333,GPT,GPT,GPT,Library
0.13086433924547508,0.07949074955834204,0.0,1.3312384786566898,0.0,0.0636389527989065,0.5334125953492074,none,clarify,3283,358,user,0.4,GPT,GPT,GPT,Library
0.9623354108118622,1.358430483009375,0.0,2.492854588924675,0.572631442438149,0.28943666888744934,2.086548964381924,none,none,3284,358,assistant,0.4666666666666667,GPT,GPT,GPT,Library
0.3560242917293481,0.6597714679350116,0.0,1.6867600008627415,0.2443766129914967,0.185900591540096,1.7873836401200578,none,clarify,3289,358,user,0.5333333333333333,GPT,GPT,GPT,Library
0.8030065274031054,1.6306065443405842,0.0,2.2906437554775394,0.6468173073821089,0.2179246577535119,2.2758893868880086,none,none,3290,358,assistant,0.6,GPT,GPT,GPT,Library
0.040354424296316846,0.0,0.0,1.3877910959215678,0.24860484276682646,0.0,0.5435962830429953,none,clarify,3299,358,user,0.6666666666666666,GPT,GPT,GPT,Library
0.5730721277741344,1.8919842688351414,0.0686618570860423,2.417425142709895,0.7774721055277043,0.37484718317963367,1.8944193034310421,none,none,3300,358,assistant,0.7333333333333333,GPT,GPT,GPT,Library
0.15127663186416027,0.659319383746605,0.0,1.6391530402676737,0.2971961035907711,0.004445493946971767,0.621292470732863,none,none,3307,358,user,0.8,GPT,GPT,GPT,Library
1.100995821092514,1.1096523057713534,0.0,2.0527173105254755,0.8938428463853977,0.0020652386702813964,2.0135910572507014,none,none,3308,358,assistant,0.8666666666666667,GPT,GPT,GPT,Library
0.5694868496060727,0.39300065949803653,0.0,1.78416593093667,0.5438401952771299,0.05772385955072638,1.2695485052019422,none,none,3317,358,user,0.9333333333333333,GPT,GPT,GPT,Library
0.6798429424904682,1.7906385598810073,0.0,2.426297487228629,0.6758619275523886,0.034557515257571114,2.2941791274139387,none,none,3318,358,assistant,1.0,GPT,GPT,GPT,Library
0.01264105741708566,0.004634286728304182,0.0010127110821249242,1.022429168313831,0.0005745043820882738,0.0,0.01304334431689544,none,none,3333,361,user,0.0,Convergent,Persona,Convergent,Bicycle
0.0,0.009901259622799415,0.0,1.000250467143594,0.0,0.0,0.0,none,clarify,3334,361,assistant,0.047619047619047616,Convergent,Persona,Convergent,Bicycle
0.015808800612270347,0.9941145514815137,0.0,1.9784027023075073,0.0039453103672834125,0.001571199774892238,0.010197506841155037,none,clarify,3339,361,user,0.09523809523809523,Convergent,Persona,Convergent,Bicycle
1.138182385181734,0.5463594866187627,0.0087217431226955,2.0839351744846164,0.35243270898238466,0.11899676687973572,0.42242321896593105,none,clarify,3340,361,assistant,0.14285714285714285,Convergent,Persona,Convergent,Bicycle
0.37110921730571145,0.33881884383702965,0.0,2.151836133157056,0.34961862998676557,0.0,1.5036577953233856,none,none,3361,361,user,0.19047619047619047,Convergent,Persona,Convergent,Bicycle
1.3814431399713947,2.0015842230991576,0.022515669750653985,2.49852805965609,0.4160232706036587,0.1275980928357755,1.3760022587746226,none,open_what_if,3362,361,assistant,0.23809523809523808,Convergent,Persona,Convergent,Bicycle
0.0,0.13924973355125086,0.019432038394867308,1.88209910374084,0.2750330116141339,0.18178726618172109,0.07509593205640262,none,none,3367,361,user,0.2857142857142857,Convergent,Persona,Convergent,Bicycle
1.0419082321945259,0.6094889435531741,0.020597602377030982,1.992649436314618,0.19415185417025482,0.09361822874710117,0.8038471693982036,none,open_what_if,3368,361,assistant,0.3333333333333333,Convergent,Persona,Convergent,Bicycle
0.7038722019578819,0.38957038646725034,0.0,2.1329241106650456,0.18380350939166404,0.0,1.0313599361619379,none,none,3379,361,user,0.38095238095238093,Convergent,Persona,Convergent,Bicycle
1.1757844403882025,1.79039951364776,0.00910712662188053,1.9806971672314508,0.0,0.3009363614666988,1.469008132681776,none,open_what_if,3380,361,assistant,0.42857142857142855,Convergent,Persona,Convergent,Bicycle
0.12944715312371796,0.24943672183642762,0.0,2.0169887671764104,0.05590116688488031,0.005015802229733914,0.24254041536317658,none,none,3385,361,user,0.47619047619047616,Convergent,Persona,Convergent,Bicycle
1.2591704190189579,1.8014159670387333,0.0,2.0965931769212514,0.16403525613581454,0.2243268914718468,1.7059293166947822,none,open_what_if,3386,361,assistant,0.5238095238095238,Convergent,Persona,Convergent,Bicycle
0.40560752751402424,0.22404408690451402,0.0,1.8605371878366497,0.29799799236854674,0.0008781728394858245,1.0741908438207677,none,none,3403,361,user,0.5714285714285714,Convergent,Persona,Convergent,Bicycle
0.8058041401474475,1.6789264167219038,0.024606076321925262,2.187169695132395,0.06976626569075844,0.08674360483857695,1.2302718351700195,none,open_what_if,3404,361,assistant,0.6190476190476191,Convergent,Persona,Convergent,Bicycle
0.12944715312371796,0.24943672183642762,0.0,2.0169887671764104,0.07779579445538205,0.005015802229733914,0.24254041536317658,none,none,3415,361,user,0.6666666666666666,Convergent,Persona,Convergent,Bicycle
0.3695071444823355,2.3138700634390776,0.0,2.463648013959405,0.297123386528477,0.064609870742524,1.7833450587418478,none,open_what_if,3416,361,assistant,0.7142857142857143,Convergent,Persona,Convergent,Bicycle
0.13815944381502288,0.42953365974761454,0.09489065933330545,1.8034594261110686,0.17995980674465448,0.0,0.5027845206035177,none,none,3425,361,user,0.7619047619047619,Convergent,Persona,Convergent,Bicycle
0.22174352977770356,2.0434239646162595,0.0,2.544019321143519,0.5254279968738105,0.06763690102841753,2.181584159815161,none,none,3426,361,assistant,0.8095238095238095,Convergent,Persona,Convergent,Bicycle
0.183191245204369,0.18575663659589128,0.00026948956362060384,2.126121623158994,0.19914921101740465,0.13220283051138768,0.3041876786970741,none,none,3431,361,user,0.8571428571428571,Convergent,Persona,Convergent,Bicycle
0.3807284648089567,1.899710281449498,0.0,2.2602337020843577,0.16412451427473007,0.07836527413869329,1.7687014698592423,none,open_what_if,3432,361,assistant,0.9047619047619048,Convergent,Persona,Convergent,Bicycle
0.07549846007878194,0.730573388696276,0.0,1.2145277724350731,0.2860627940728674,0.0,1.2294989840607242,none,none,3435,361,user,0.9523809523809523,Convergent,Persona,Convergent,Bicycle
0.547623071115643,2.248542846546378,0.0,2.2225091175113736,0.22908172190793485,0.0,1.529697799564538,none,open_what_if,3436,361,assistant,1.0,Convergent,Persona,Convergent,Bicycle
0.01264105741708566,0.004634286728304182,0.0010127110821249242,1.022429168313831,0.0005745043820882738,0.0,0.01304334431689544,none,none,3335,362,user,0.0,Convergent,Persona,Convergent,Bicycle
0.0,0.009901259622799415,0.0,1.000250467143594,0.0,0.0,0.0,none,clarify,3336,362,assistant,0.058823529411764705,Convergent,Persona,Convergent,Bicycle
0.015808800612270347,0.9941145514815137,0.0,1.9784027023075073,0.0039453103672834125,0.001571199774892238,0.010197506841155037,none,clarify,3341,362,user,0.11764705882352941,Convergent,Persona,Convergent,Bicycle
0.7900291874752082,1.637878393013064,0.044842472602874474,2.430917711942228,0.38603259518344063,0.48744656151443666,1.2886540783804166,none,open_what_if,3342,362,assistant,0.17647058823529413,Convergent,Persona,Convergent,Bicycle
0.6165258055021955,0.09056734507957986,0.00865691216962358,1.985292016412088,0.11287589683830643,0.06245029291095493,1.0246039184643412,none,none,3357,362,user,0.23529411764705882,Convergent,Persona,Convergent,Bicycle
0.8413128748343904,1.943692207992182,0.0,2.285847348504469,0.721055465149075,0.5186849987726674,1.5084879490513075,none,open_what_if,3358,362,assistant,0.29411764705882354,Convergent,Persona,Convergent,Bicycle
0.32258242650699254,0.40290123750570916,0.24067971784455564,2.0438848789055237,0.27045884233367135,0.15638838950005787,0.35919531402757826,none,none,3363,362,user,0.35294117647058826,Convergent,Persona,Convergent,Bicycle
0.9862593387908518,1.9722294660652497,0.0,2.1605630332056207,0.27372017755909245,0.15802266031659665,1.0094203370283195,none,open_what_if,3366,362,assistant,0.4117647058823529,Convergent,Persona,Convergent,Bicycle
0.12944715312371796,0.24943672183642762,0.0,2.0169887671764104,0.05590116688488031,0.005015802229733914,0.24254041536317658,none,none,3371,362,user,0.47058823529411764,Convergent,Persona,Convergent,Bicycle
0.6375240431214618,1.7386155038154316,0.1655294021386027,2.3173855344611054,0.6232181246560522,0.0,0.7036059335964222,none,open_what_if,3372,362,assistant,0.5294117647058824,Convergent,Persona,Convergent,Bicycle
0.12944715312371796,0.24943672183642762,0.0,2.0169887671764104,0.06043774405277173,0.005015802229733914,0.24254041536317658,none,none,3377,362,user,0.5882352941176471,Convergent,Persona,Convergent,Bicycle
1.2023334314185476,2.1022555308671094,0.48023367795553396,2.3740809505531684,0.11489638105606219,0.4535025098163091,0.9301552267780013,none,open_what_if,3378,362,assistant,0.6470588235294118,Convergent,Persona,Convergent,Bicycle
0.0,0.6695985159771631,0.2493282563645986,1.9762412093838266,0.30858526525077334,0.0,0.722174852530793,none,none,3383,362,user,0.7058823529411765,Convergent,Persona,Convergent,Bicycle
1.4950677790553304,1.9278205324603692,0.0,2.5850628541908613,0.44061772760613566,0.32996230541407123,1.587211497850384,none,open_what_if,3384,362,assistant,0.7647058823529411,Convergent,Persona,Convergent,Bicycle
0.3602924108955881,0.663764394126006,0.5168414292688652,2.138985411333822,0.4226945484890518,0.0,1.3174914698531366,none,none,3393,362,user,0.8235294117647058,Convergent,Persona,Convergent,Bicycle
0.6386939460214531,2.297039296980419,0.0,2.2112786676583185,0.06979391986853474,0.0445315225818071,1.4843845253631185,none,open_what_if,3394,362,assistant,0.8823529411764706,Convergent,Persona,Convergent,Bicycle
0.1490083905821891,0.13691873151513262,0.0,1.5038079919384875,0.7319598771345784,0.0,0.3520944999693271,none,none,3400,362,user,0.9411764705882353,Convergent,Persona,Convergent,Bicycle
0.3681797720195812,1.8252930635147522,0.06252580867113808,2.8388562253560363,0.7587393272850964,0.046504580609875036,2.489410987677204,none,none,3402,362,assistant,1.0,Convergent,Persona,Convergent,Bicycle
0.01264105741708566,0.004634286728304182,0.0010127110821249242,1.022429168313831,0.0005745043820882738,0.0,0.01304334431689544,none,none,3337,363,user,0.0,Convergent,Persona,Convergent,Bicycle
0.0,0.009901259622799415,0.0,1.000250467143594,0.0,0.0,0.0,none,clarify,3338,363,assistant,0.047619047619047616,Convergent,Persona,Convergent,Bicycle
0.015808800612270347,0.9941145514815137,0.0,1.9784027023075073,0.0039453103672834125,0.001571199774892238,0.010197506841155037,none,clarify,3349,363,user,0.09523809523809523,Convergent,Persona,Convergent,Bicycle
0.8149123698291633,1.3647450028809107,0.0,2.118519305812458,0.342242458641382,0.033909967363793425,0.9965489804564126,none,clarify,3350,363,assistant,0.14285714285714285,Convergent,Persona,Convergent,Bicycle
0.27432560806419143,0.07845069546492854,0.037221221194414726,1.658256236720474,0.2631459285999155,0.014571315642663053,0.23041308008022252,none,none,3364,363,user,0.19047619047619047,Convergent,Persona,Convergent,Bicycle
0.4492707393158626,0.9391677219140718,0.25100094458500005,2.2174920210193845,0.6737451127128316,0.07497449664620968,0.3167947170759889,none,clarify,3365,363,assistant,0.23809523809523808,Convergent,Persona,Convergent,Bicycle
0.12944715312371796,0.24943672183642762,0.0,2.0169887671764104,0.05590116688488031,0.005015802229733914,0.203911371158641,none,none,3375,363,user,0.2857142857142857,Convergent,Persona,Convergent,Bicycle
0.5411655909775028,0.6781858437522988,0.0,2.4359420030230234,0.7696055025287408,0.060508352258244934,0.6064684406802751,none,open_what_if,3376,363,assistant,0.3333333333333333,Convergent,Persona,Convergent,Bicycle
0.08888795664591861,0.8643546366055241,0.00738152211308302,1.605338516586811,0.3215063614703177,0.0,0.7053267228867504,none,none,3387,363,user,0.38095238095238093,Convergent,Persona,Convergent,Bicycle
1.1084469994507165,1.0395962944990702,0.18469940534176765,2.620302420561435,0.7014710651323276,0.05083335196368518,0.9072922299564068,none,clarify,3388,363,assistant,0.42857142857142855,Convergent,Persona,Convergent,Bicycle
0.0,0.5634730832188299,0.0,2.01327819411083,0.26953829729013473,0.0,0.6385294545617136,none,none,3395,363,user,0.47619047619047616,Convergent,Persona,Convergent,Bicycle
1.525111931812958,1.485440466819659,0.002553651441855991,2.208898588781069,0.009489274476318855,0.29485847634153356,1.1698666825003352,none,open_what_if,3396,363,assistant,0.5238095238095238,Convergent,Persona,Convergent,Bicycle
0.0,0.3322069544893326,0.051889094477357026,1.8533154196029764,0.13278349454952715,0.0,0.643219810235836,none,none,3405,363,user,0.5714285714285714,Convergent,Persona,Convergent,Bicycle
0.31834035011823875,1.8627850612788652,0.013140949446926748,2.1092048844632236,0.2134384537278458,0.009417462048086824,0.8579008215499466,none,clarify,3407,363,assistant,0.6190476190476191,Convergent,Persona,Convergent,Bicycle
0.1641178364574339,0.1938931433018473,0.0,1.450422535508578,0.2363774096827514,0.0069473201110486224,0.2462032821981186,none,none,3413,363,user,0.6666666666666666,Convergent,Persona,Convergent,Bicycle
0.6519196806574665,2.0622400163329093,0.20294106642484494,1.926927391335894,0.5391601598923235,0.04599768646916808,1.3746200239839355,none,open_what_if,3414,363,assistant,0.7142857142857143,Convergent,Persona,Convergent,Bicycle
0.5177596959540894,0.292450213229486,0.027846500890687523,1.7962887607017672,0.37660662592183797,0.0,0.626158666444274,none,none,3421,363,user,0.7619047619047619,Convergent,Persona,Convergent,Bicycle
1.3951051019223732,1.3601511469630214,0.0,1.9741269771337855,0.017521577191158117,0.06702800832115077,1.318038792818684,none,open_what_if,3422,363,assistant,0.8095238095238095,Convergent,Persona,Convergent,Bicycle
0.1991202009093487,0.6178242926465598,0.03988532488386619,1.2762479419348565,0.24394667829071073,0.0,0.4277571980561548,none,none,3433,363,user,0.8571428571428571,Convergent,Persona,Convergent,Bicycle
0.10899664174379659,2.0449427347736626,0.0,2.922230541056522,0.945846686349367,0.0,1.923444633332012,none,none,3434,363,assistant,0.9047619047619048,Convergent,Persona,Convergent,Bicycle
0.047039385098580216,0.029648609555567963,0.0,1.095218561321223,0.028560000884577882,0.0,0.05905981243947021,none,none,3437,363,user,0.9523809523809523,Convergent,Persona,Convergent,Bicycle
0.4119187152691046,0.8748190304657142,0.0,2.3599855523358335,0.19362046038603717,0.0,1.1350518316344662,none,none,3438,363,assistant,1.0,Convergent,Persona,Convergent,Bicycle
0.01264105741708566,0.004634286728304182,0.0010127110821249242,1.022429168313831,0.0005745043820882738,0.0,0.01304334431689544,none,none,3343,364,user,0.0,Convergent,Persona,Convergent,Bicycle
0.0,0.009901259622799415,0.0,1.000250467143594,0.0,0.0,0.0,none,clarify,3344,364,assistant,0.047619047619047616,Convergent,Persona,Convergent,Bicycle
0.015808800612270347,0.9941145514815137,0.0,1.9784027023075073,0.0039453103672834125,0.001571199774892238,0.010197506841155037,none,clarify,3345,364,user,0.09523809523809523,Convergent,Persona,Convergent,Bicycle
1.179336564334052,0.5622453951662352,0.0,1.654483029005546,0.35938368908150475,0.2504451067660855,0.2695141198234705,none,open_what_if,3346,364,assistant,0.14285714285714285,Convergent,Persona,Convergent,Bicycle
0.12944715312371796,0.24943672183642762,0.0,2.0169887671764104,0.05590116688488031,0.005015802229733914,0.203911371158641,none,none,3355,364,user,0.19047619047619047,Convergent,Persona,Convergent,Bicycle
0.9123354427721989,0.6928299378144905,0.0,2.6297244935790425,0.5438256503110507,0.07084970974756996,0.6189822758467424,none,open_what_if,3356,364,assistant,0.23809523809523808,Convergent,Persona,Convergent,Bicycle
0.48330884120497647,0.37103271913749747,0.0,2.2499793602957956,0.28231211223418295,0.05761720244103364,1.4558277709863137,none,none,3381,364,user,0.2857142857142857,Convergent,Persona,Convergent,Bicycle
0.7637133198017103,1.6687652640764394,0.0,2.137946721134492,0.23658715444209033,0.44787582787087,0.731603499071167,none,open_what_if,3382,364,assistant,0.3333333333333333,Convergent,Persona,Convergent,Bicycle
0.13073690870626403,0.6349136371178763,0.20208491811633836,1.7190964642087319,0.0,0.032614993066261574,0.5756751964468368,none,none,3389,364,user,0.38095238095238093,Convergent,Persona,Convergent,Bicycle
1.235945292582056,1.5584975800091345,0.16933601068875803,2.1763522984720645,0.056696867956071074,0.6387049163744283,1.305482643555581,none,open_what_if,3390,364,assistant,0.42857142857142855,Convergent,Persona,Convergent,Bicycle
0.12944715312371796,0.24943672183642762,0.0,2.0169887671764104,0.05590116688488031,0.005015802229733914,0.24254041536317658,none,none,3399,364,user,0.47619047619047616,Convergent,Persona,Convergent,Bicycle
0.6661887136575645,1.9653230483689679,0.2223256521349342,2.143203069390812,0.3334560072522788,0.013463895282221543,1.4945024607561566,none,open_what_if,3401,364,assistant,0.5238095238095238,Convergent,Persona,Convergent,Bicycle
0.20805949797410453,0.43578456822707395,0.0,1.5367846511778689,0.32476574399206587,0.1798920155313725,0.4705371214762217,none,none,3406,364,user,0.5714285714285714,Convergent,Persona,Convergent,Bicycle
0.9936841181684981,1.7751186211392462,0.0,2.06517418711358,0.39461279411525624,0.23794299846402256,1.4697080161600624,none,open_what_if,3408,364,assistant,0.6190476190476191,Convergent,Persona,Convergent,Bicycle
0.12944715312371796,0.24943672183642762,0.0,2.0169887671764104,0.07779579445538205,0.005015802229733914,0.24254041536317658,none,none,3409,364,user,0.6666666666666666,Convergent,Persona,Convergent,Bicycle
0.8148411266132445,1.945225924382261,0.0,2.239425412327076,0.09662964259050412,0.04872143745121024,1.6908622102597564,none,open_what_if,3410,364,assistant,0.7142857142857143,Convergent,Persona,Convergent,Bicycle
0.3654170562673729,0.4479766162943916,0.012771470805899602,1.913707298053828,0.4652841083159499,0.0,1.1687430665956697,none,none,3423,364,user,0.7619047619047619,Convergent,Persona,Convergent,Bicycle
0.3767143880525801,1.7110248772835428,0.17594524550161147,2.1798171413751826,0.1785325125532394,0.0,1.9527109422619893,none,open_what_if,3424,364,assistant,0.8095238095238095,Convergent,Persona,Convergent,Bicycle
0.12944715312371796,0.24943672183642762,0.0,2.0169887671764104,0.18924642850593393,0.005015802229733914,0.24254041536317658,none,none,3427,364,user,0.8571428571428571,Convergent,Persona,Convergent,Bicycle
1.3331949405209031,1.4330433803087557,0.2064758553599087,1.9696248047881444,0.28646246305743145,0.10053039806638482,1.5031792781356978,none,open_what_if,3429,364,assistant,0.9047619047619048,Convergent,Persona,Convergent,Bicycle
0.12944715312371796,0.24943672183642762,0.0,2.0169887671764104,0.18924642850593393,0.005015802229733914,0.24254041536317658,none,none,3439,364,user,0.9523809523809523,Convergent,Persona,Convergent,Bicycle
1.0468945472176554,1.8922801890802239,0.04031411980270333,2.0346284071971232,0.012086884913759118,0.010074931770555772,1.9381611898272724,none,open_what_if,3440,364,assistant,1.0,Convergent,Persona,Convergent,Bicycle
0.01264105741708566,0.004634286728304182,0.0010127110821249242,1.022429168313831,0.0005745043820882738,0.0,0.01304334431689544,none,none,3347,365,user,0.0,Convergent,Persona,Convergent,Bicycle
0.0,0.009901259622799415,0.0,1.000250467143594,0.0,0.0,0.0,none,clarify,3348,365,assistant,0.09090909090909091,Convergent,Persona,Convergent,Bicycle
0.015808800612270347,0.9941145514815137,0.0,1.9784027023075073,0.0039453103672834125,0.001571199774892238,0.010197506841155037,none,clarify,3353,365,user,0.18181818181818182,Convergent,Persona,Convergent,Bicycle
0.6832830444112877,0.6872986953860672,0.0,1.7965717572100637,0.0652220675924223,0.4917471374107399,0.253039020847592,none,clarify,3354,365,assistant,0.2727272727272727,Convergent,Persona,Convergent,Bicycle
0.3413489720032272,0.36494972871161524,0.0009172342759983568,1.6712345565131594,0.3986371623457804,0.0072104741720965355,0.1248364140250901,none,none,3369,365,user,0.36363636363636365,Convergent,Persona,Convergent,Bicycle
1.4477537509145877,1.391253720903807,0.06369108125713124,1.9421915257082552,0.0,0.1713305015764612,0.7350294040429785,none,open_what_if,3370,365,assistant,0.45454545454545453,Convergent,Persona,Convergent,Bicycle
0.5485354404962127,0.347054518292241,0.022047604865362877,1.748534658096991,0.0,0.015213515005239278,0.8089479190546224,none,none,3391,365,user,0.5454545454545454,Convergent,Persona,Convergent,Bicycle
1.142820532346313,1.7293116486991054,0.0,2.3045258721711446,0.14017163757976445,0.09098455314296507,1.1136393419265143,none,none,3392,365,assistant,0.6363636363636364,Convergent,Persona,Convergent,Bicycle
0.2911010099154152,1.1780106261078505,0.07861374539964115,2.1804777458568076,0.5474621959503714,0.029160129410897274,1.2495092334585032,none,clarify,3417,365,user,0.7272727272727273,Convergent,Persona,Convergent,Bicycle
0.7687470258235339,1.9431644473072944,0.0,2.607590451723489,0.2906865670920562,0.1094198333958975,1.311308844463904,none,criteria_setting,3418,365,assistant,0.8181818181818182,Convergent,Persona,Convergent,Bicycle
0.15822520519558134,0.21555077812161275,0.01678295558590314,1.7928024069930293,0.14043278259450478,0.0,0.49860851243506976,none,clarify,3428,365,user,0.9090909090909091,Convergent,Persona,Convergent,Bicycle
1.24338281298941,2.0202407453464986,0.0,2.4634693610034537,0.6078157618298587,0.08747423768497395,1.6043021361265453,none,open_what_if,3430,365,assistant,1.0,Convergent,Persona,Convergent,Bicycle
0.01264105741708566,0.004634286728304182,0.0010127110821249242,1.022429168313831,0.0005745043820882738,0.0,0.01304334431689544,none,none,3351,366,user,0.0,Convergent,Persona,Convergent,Bicycle
0.0,0.009901259622799415,0.0,1.000250467143594,0.0,0.0,0.0,none,clarify,3352,366,assistant,0.07692307692307693,Convergent,Persona,Convergent,Bicycle
0.5391758426449129,0.8073229528321827,0.21503164112703438,1.944075871163701,0.08748729369162199,0.13664738259695694,0.6647406283093722,none,clarify,3359,366,user,0.15384615384615385,Convergent,Persona,Convergent,Bicycle
1.2340151728850566,1.3995573417537368,0.01117412000444883,1.958222954652114,0.015287333438195261,0.06067639072164885,0.3680683301806357,none,open_what_if,3360,366,assistant,0.23076923076923078,Convergent,Persona,Convergent,Bicycle
0.42464818143471383,0.4263888720555119,0.01555275277253729,2.254574317443034,0.06080070819613229,0.4340289220524245,0.7800626776783749,none,none,3373,366,user,0.3076923076923077,Convergent,Persona,Convergent,Bicycle
1.3129452757492872,1.4567436561796123,0.024869180138889065,1.9422911355993677,0.3116443822300792,0.4331587922991908,1.5677847960378604,none,open_what_if,3374,366,assistant,0.38461538461538464,Convergent,Persona,Convergent,Bicycle
0.17190655505229382,0.26010885391047445,0.20224555938160554,1.759420308184499,0.22920015570076976,0.0,0.37237530385069223,neutral,none,3397,366,user,0.46153846153846156,Convergent,Persona,Convergent,Bicycle
0.705456706674866,1.3987734558555431,0.15974952431674386,2.135341563769439,0.3671220553674264,0.0528361499131418,1.3982805768508135,none,open_what_if,3398,366,assistant,0.5384615384615384,Convergent,Persona,Convergent,Bicycle
0.1500500564628409,0.9283208391167069,0.2723280922598138,1.9069739437488065,0.16286577468859015,0.0,0.83583577750783,none,clarify,3411,366,user,0.6153846153846154,Convergent,Persona,Convergent,Bicycle
0.4792476656132041,1.780427952348788,0.2679494594917254,2.328221056421532,0.25997894471285204,0.07125282801918054,1.4793244059290203,none,open_what_if,3412,366,assistant,0.6923076923076923,Convergent,Persona,Convergent,Bicycle
0.5037434690280596,0.3962471316706526,0.5777939319060146,1.8920487292762747,0.20038083599987788,0.012074287182724732,0.7324709467143242,none,none,3419,366,user,0.7692307692307693,Convergent,Persona,Convergent,Bicycle
0.6201036480489507,1.5682468487638104,0.6251946591223227,2.211296363503449,0.5362880956888684,0.0,1.5633129450917418,neutral,open_what_if,3420,366,assistant,0.8461538461538461,Convergent,Persona,Convergent,Bicycle
0.8562830795042433,1.10355447500428,0.9000391995649533,2.0195190149167805,0.06219246591775606,0.0,1.9086494737647022,constructive,open_what_if,3441,366,user,0.9230769230769231,Convergent,Persona,Convergent,Bicycle
0.9406959445622319,1.924783063325937,0.3518552051835466,2.3206381173625825,0.14849382634651226,0.008230191603719112,1.6859741291832588,none,open_what_if,3442,366,assistant,1.0,Convergent,Persona,Convergent,Bicycle
0.01264105741708566,0.004634286728304182,0.0010127110821249242,1.022429168313831,0.0005745043820882738,0.0,0.01304334431689544,none,none,3445,368,user,0.0,Convergent,Persona,Convergent,Library
0.0,0.009901259622799415,0.0,1.000250467143594,0.0,0.0,0.0,none,clarify,3446,368,assistant,0.07692307692307693,Convergent,Persona,Convergent,Library
0.017391577180013443,0.9863028210899807,0.0,1.9883534953283946,0.0,0.0,0.0,none,clarify,3501,368,user,0.15384615384615385,Convergent,Persona,Convergent,Library
1.1604737961624472,1.5696117414895434,0.005640978826820925,2.1766290704343527,0.0,0.6232399841021816,1.1858849537670582,none,open_what_if,3502,368,assistant,0.23076923076923078,Convergent,Persona,Convergent,Library
0.20274522432587272,0.6216300580403291,0.0015089910455597635,1.8885794427227858,0.4255759342019179,0.0,0.5478849065645055,none,none,3558,368,user,0.3076923076923077,Convergent,Persona,Convergent,Library
1.3848829014608837,1.8192353446301772,0.06678283960100583,2.045777523785552,0.18938175138535243,0.018089982395345466,1.295623140471869,none,open_what_if,3560,368,assistant,0.38461538461538464,Convergent,Persona,Convergent,Library
0.29775405183775533,0.3739360899987419,0.1023298117611296,1.9413266229510788,0.08697836967355255,0.10216496722469674,0.9009717672335501,none,none,3621,368,user,0.46153846153846156,Convergent,Persona,Convergent,Library
0.9062821068890003,1.7090712487496178,0.274693682848092,1.9582264401231653,0.13794419351792114,0.11161978043434667,0.9554450594629773,none,open_what_if,3622,368,assistant,0.5384615384615384,Convergent,Persona,Convergent,Library
0.8853401887169708,0.5385507425895304,0.05430401949160013,1.9051910100900529,0.18082518069348072,0.0,1.0461227549614673,none,none,3683,368,user,0.6153846153846154,Convergent,Persona,Convergent,Library
1.0807190962028521,1.8656479468782703,0.014222797729549907,2.011311317787672,0.015030812700329977,0.012416536632536786,1.8261540847188638,none,open_what_if,3684,368,assistant,0.6923076923076923,Convergent,Persona,Convergent,Library
0.841009957722814,0.05458307752659315,0.02073120265254945,1.975487897739727,0.9162834676011827,0.01453372099995958,1.8458145617008126,none,none,3719,368,user,0.7692307692307693,Convergent,Persona,Convergent,Library
1.2663675343178742,1.9979949591939279,0.0,2.0411835648008703,0.24284377120304376,0.0,1.560316267393586,none,open_what_if,3720,368,assistant,0.8461538461538461,Convergent,Persona,Convergent,Library
0.0,0.34653516115273303,0.0,1.996228889392826,0.1636514477518176,0.07579904850421663,0.5425674235964858,none,none,3811,368,user,0.9230769230769231,Convergent,Persona,Convergent,Library
1.01039555419185,1.5410787982837264,0.12434532642837408,2.104663648210516,0.14880121519991923,0.0037119384999655413,1.4256357047864507,none,open_what_if,3815,368,assistant,1.0,Convergent,Persona,Convergent,Library
0.01264105741708566,0.004634286728304182,0.0010127110821249242,1.022429168313831,0.0005745043820882738,0.0,0.01304334431689544,none,none,3448,370,user,0.0,Convergent,Persona,Convergent,Library
0.0,0.009901259622799415,0.0,1.000250467143594,0.0,0.0,0.0,none,clarify,3450,370,assistant,0.02857142857142857,Convergent,Persona,Convergent,Library
0.07597427832608657,0.26332835528084925,0.0,1.284490733682846,0.03139955848978259,0.12059208440619196,0.1530441288768195,none,none,3455,370,user,0.05714285714285714,Convergent,Persona,Convergent,Library
0.0,0.009901259622799415,0.0,1.000250467143594,0.0,0.0,0.0,none,clarify,3456,370,assistant,0.08571428571428572,Convergent,Persona,Convergent,Library
0.0,0.2610047360626423,0.01729986100878357,1.2877502908766194,0.11776793642653621,0.0,0.05418303852252865,none,clarify,3463,370,user,0.11428571428571428,Convergent,Persona,Convergent,Library
0.908012750473261,0.6616172917492938,0.0,1.9217904778217572,0.395006796517833,0.2384499839971268,0.19081218472151168,none,open_what_if,3464,370,assistant,0.14285714285714285,Convergent,Persona,Convergent,Library
0.017391577180013443,0.9863028210899807,0.0,1.9883534953283946,0.0,0.0,0.0,none,clarify,3481,370,user,0.17142857142857143,Convergent,Persona,Convergent,Library
0.6305306495414996,0.9321497759089199,0.0,1.920891267410607,0.17912194789468908,0.06722769008206424,0.5253714765371513,none,open_what_if,3487,370,assistant,0.2,Convergent,Persona,Convergent,Library
0.44705437552571003,0.04530687722747142,0.17563994952622247,1.3911222508117693,0.06696905662098601,0.030430080034622563,0.3817208502396005,none,none,3513,370,user,0.22857142857142856,Convergent,Persona,Convergent,Library
0.44389135889467773,1.8895701693631402,0.6233206967112909,2.2748532399906143,0.0,0.06649245336561235,0.6487838330535314,none,open_what_if,3515,370,assistant,0.2571428571428571,Convergent,Persona,Convergent,Library
0.5925100931901832,1.241421960619361,0.724031432161975,2.2724807848152895,0.13929588347606434,0.17210443274457668,1.2640186731110912,none,none,3583,370,user,0.2857142857142857,Convergent,Persona,Convergent,Library
0.9625800342921742,1.470790408122754,0.0,2.331362153087835,0.3310376973609392,0.19226094217313414,0.47794035519951905,none,open_what_if,3585,370,assistant,0.3142857142857143,Convergent,Persona,Convergent,Library
0.6227464828989545,0.40960622705663635,0.014578713536315454,1.823065786429789,0.7076170231494362,0.04780447577751883,1.0960967173818745,none,none,3599,370,user,0.34285714285714286,Convergent,Persona,Convergent,Library
0.611358930826569,1.412185850920602,0.0,1.9289780906669487,0.3857986737520298,0.0,1.5349033788759883,none,open_what_if,3600,370,assistant,0.37142857142857144,Convergent,Persona,Convergent,Library
0.026084873880989096,0.10051668588137914,0.007264048121339312,1.9780272420728167,0.01692779485084777,0.0,1.049123964938801,none,none,3643,370,user,0.4,Convergent,Persona,Convergent,Library
1.2214523508728898,1.8106126329082375,0.0,1.8993939382878324,0.697861486741086,0.11186460927395969,1.4344890337528222,none,open_what_if,3644,370,assistant,0.42857142857142855,Convergent,Persona,Convergent,Library
0.11957320858611563,0.5200079083673658,0.12780979618986932,1.7561206412335253,0.43066584320706197,0.0,0.9567317086327556,none,none,3671,370,user,0.45714285714285713,Convergent,Persona,Convergent,Library
1.085430625206453,1.190941292071521,0.5207124234272253,1.9918756234476003,0.020342887542595035,0.13866790706466386,1.2031904954977632,none,open_what_if,3672,370,assistant,0.4857142857142857,Convergent,Persona,Convergent,Library
0.28395262040783975,0.3493771278125157,0.6056539414867382,1.9248980600491623,0.3838326840562636,0.13970222668971066,1.1068320382001562,none,none,3696,370,user,0.5142857142857142,Convergent,Persona,Convergent,Library
1.0918228714894394,1.7627834172871113,0.015526895517011655,2.2110947034481665,0.08451768963085239,0.2960566853390395,0.7955947472939735,none,open_what_if,3698,370,assistant,0.5428571428571428,Convergent,Persona,Convergent,Library
0.18188745176373314,0.0,0.0009741054228033872,1.8594591121498456,0.3372354255967785,0.09246047490292698,1.434011982699513,none,none,3713,370,user,0.5714285714285714,Convergent,Persona,Convergent,Library
1.8032467990792296,1.1636567347969884,0.0009741054228033872,2.0140183503507565,0.034409240313192445,0.9787255089631167,1.7968631550594123,none,open_what_if,3714,370,assistant,0.6,Convergent,Persona,Convergent,Library
0.4334594246670021,0.23184106579880417,0.01822072229951613,1.3725785044668315,0.20081727553310352,0.04416538708008848,0.17717875808054737,none,none,3731,370,user,0.6285714285714286,Convergent,Persona,Convergent,Library
0.41766941756870374,0.6214332903303614,0.0,1.987774494152878,0.2737631892565596,0.15004506199762843,1.5148203018030988,none,open_what_if,3734,370,assistant,0.6571428571428571,Convergent,Persona,Convergent,Library
0.7039087560714299,1.0602830491378743,0.016884385905124588,1.5955541014055956,0.2755900971114038,0.08054705416215803,1.4737191680281494,none,none,3753,370,user,0.6857142857142857,Convergent,Persona,Convergent,Library
0.8362045668466506,1.8841844423828005,0.0,2.1661887812764364,0.20072629610302842,0.26395297331942164,1.6365865296383357,none,open_what_if,3755,370,assistant,0.7142857142857143,Convergent,Persona,Convergent,Library
0.20107111937168762,0.40446301310562505,0.004607370941468282,1.4050635481297031,0.22255263354180416,0.1570631647634606,0.0694360535942307,none,none,3770,370,user,0.7428571428571429,Convergent,Persona,Convergent,Library
0.23219766499485534,1.0016754516493587,0.0,2.0100044030378554,0.3018095490907205,0.2551020914296636,1.541543602804266,none,open_what_if,3772,370,assistant,0.7714285714285715,Convergent,Persona,Convergent,Library
0.0038147170796793617,0.34695774568325893,0.009050218072362724,1.920419030377771,0.44095798815613607,0.010395476602673124,0.07283684908268852,none,none,3783,370,user,0.8,Convergent,Persona,Convergent,Library
0.925658187647049,1.8473082452416918,0.0,2.274469319987505,0.0383165417692454,0.2537200941785852,1.227894250784074,none,open_what_if,3784,370,assistant,0.8285714285714286,Convergent,Persona,Convergent,Library
0.105543183516659,0.4063194317140866,0.1651856367699244,1.3685307861073739,0.6271557653894348,0.0,0.5677985059357762,none,none,3789,370,user,0.8571428571428571,Convergent,Persona,Convergent,Library
0.7496887821468284,1.9066834758693927,0.0,2.1557955428003064,0.01269645983281983,0.20856686233570626,1.0554187023505177,none,criteria_setting,3790,370,assistant,0.8857142857142857,Convergent,Persona,Convergent,Library
0.5120166511524502,0.6279688105184303,0.0,1.2969541541051408,0.3614183040498125,0.10313387464802178,0.17384845784092423,none,none,3797,370,user,0.9142857142857143,Convergent,Persona,Convergent,Library
0.9052577249323275,1.894162875632886,0.0,1.9673890706381718,0.04112192999869371,0.007905639983756504,1.7909091167163085,none,open_what_if,3801,370,assistant,0.9428571428571428,Convergent,Persona,Convergent,Library
0.1565737673045385,0.4159613464452066,0.012603693722045216,1.4354105052435235,0.3207595869368185,0.0,0.11890076621544156,none,none,3808,370,user,0.9714285714285714,Convergent,Persona,Convergent,Library
0.721820342267898,2.16475289684538,0.008965362632812399,2.022568660105614,0.031561406457690046,0.03154275330736077,1.2497505633045976,none,open_what_if,3810,370,assistant,1.0,Convergent,Persona,Convergent,Library
0.01264105741708566,0.004634286728304182,0.0010127110821249242,1.022429168313831,0.0005745043820882738,0.0,0.01304334431689544,none,none,3453,372,user,0.0,Convergent,Persona,Convergent,Library
0.0,0.009901259622799415,0.0,1.000250467143594,0.0,0.0,0.0,none,clarify,3454,372,assistant,0.023255813953488372,Convergent,Persona,Convergent,Library
0.08660436652911371,0.18707336476239558,0.07969204242876765,1.4935492914566175,0.23221687451940212,0.015319689655866735,0.36206467320070823,none,none,3457,372,user,0.046511627906976744,Convergent,Persona,Convergent,Library
0.0,0.009901259622799415,0.0,1.000250467143594,0.0,0.0,0.0,none,clarify,3458,372,assistant,0.06976744186046512,Convergent,Persona,Convergent,Library
0.017391577180013443,0.9863028210899807,0.0,1.9883534953283946,0.0,0.0,0.0,none,clarify,3492,372,user,0.09302325581395349,Convergent,Persona,Convergent,Library
0.6726456546772025,0.7180712635237447,0.282177591507045,2.0630665886052273,0.0,0.1884558615341339,0.7182506299259507,neutral,open_what_if,3493,372,assistant,0.11627906976744186,Convergent,Persona,Convergent,Library
0.19744613831168517,0.49931924083250256,0.5658864674018976,1.7832007707728372,0.20734063747501646,0.0639307331560182,1.3433505141793776,none,none,3511,372,user,0.13953488372093023,Convergent,Persona,Convergent,Library
0.2946674564560852,0.9026523138294766,0.012393067100347932,2.1109642242944298,0.4124382945503068,0.014645642147593516,1.0444843045534435,none,open_what_if,3512,372,assistant,0.16279069767441862,Convergent,Persona,Convergent,Library
0.5910512091889738,0.7089381117883827,0.0,1.9368732787424718,0.006190262010722224,0.0,1.1336629091651613,none,none,3531,372,user,0.18604651162790697,Convergent,Persona,Convergent,Library
1.0687480804976484,1.277985085828733,0.0,1.9213307345995383,0.4536730693400807,0.0028730230908881383,1.487712824262556,none,open_what_if,3532,372,assistant,0.20930232558139536,Convergent,Persona,Convergent,Library
0.30926715928189835,0.19738626508049784,0.0175465373111809,2.1549318841164875,0.38781940969279854,0.0,0.7132938089679147,none,none,3547,372,user,0.23255813953488372,Convergent,Persona,Convergent,Library
0.8474700137552955,1.543166858520141,0.008698064913319502,2.1762415538615856,0.10775056336372947,0.5899468130916451,1.5935995887142982,none,open_what_if,3548,372,assistant,0.2558139534883721,Convergent,Persona,Convergent,Library
0.5002780624898095,0.12935557828842267,0.013817523301363861,1.9164968731979295,0.33463815185519025,0.015932862090587665,1.1994558874819576,none,none,3571,372,user,0.27906976744186046,Convergent,Persona,Convergent,Library
1.0732898375596283,1.625858342069338,0.013140949446926748,2.1787930728570006,0.0,0.07034969667768086,0.9752469286590987,none,open_what_if,3572,372,assistant,0.3023255813953488,Convergent,Persona,Convergent,Library
0.08369347691745285,0.017542764922644706,0.00714368970778513,1.9921930237297296,0.1054298659649181,0.0,1.8964964071323116,none,none,3601,372,user,0.32558139534883723,Convergent,Persona,Convergent,Library
1.0452303914749272,2.0119160490378984,0.0,2.0816068749143577,0.3091002246413527,0.14102025019047393,1.761573762277913,none,open_what_if,3604,372,assistant,0.3488372093023256,Convergent,Persona,Convergent,Library
0.3209231491363638,0.21471392389608526,0.00662757299299374,1.6348891207567648,0.2691009232210495,0.05739050174648329,0.755960089815231,none,clarify,3615,372,user,0.37209302325581395,Convergent,Persona,Convergent,Library
0.19402832000519699,0.8299404454925752,0.0,2.102442869842635,0.007652265404905684,0.0,0.947250770752001,none,open_what_if,3617,372,assistant,0.3953488372093023,Convergent,Persona,Convergent,Library
0.276881641589339,0.3039744730796259,0.0,1.4945779570055662,0.35945248424849235,0.10378780006782735,0.883990936651717,none,none,3625,372,user,0.4186046511627907,Convergent,Persona,Convergent,Library
0.5699915567345747,0.324172155107408,0.11766082312379572,2.2021253294020267,0.07807512715455792,0.21116098550285856,1.1820253037965223,none,open_what_if,3626,372,assistant,0.4418604651162791,Convergent,Persona,Convergent,Library
0.2983981218702212,0.5115114363010882,0.0,2.103080495028809,0.2991946225995418,0.04341802935439559,1.4111392903335571,none,none,3641,372,user,0.46511627906976744,Convergent,Persona,Convergent,Library
0.8053452556953411,0.8037930570961341,0.0,2.0427475208000705,0.07344961443184486,0.062169242310494435,1.6684039530799022,none,open_what_if,3642,372,assistant,0.4883720930232558,Convergent,Persona,Convergent,Library
0.3919398808186799,1.0913741312509158,0.0,1.872435272807529,0.6093620601357949,0.16564627422224334,1.5281393382470332,none,none,3651,372,user,0.5116279069767442,Convergent,Persona,Convergent,Library
0.9158073072634628,1.7646666707761407,0.0,2.3246633854671312,0.18766717084366974,0.15248634564830554,1.8192243091563016,none,open_what_if,3652,372,assistant,0.5348837209302325,Convergent,Persona,Convergent,Library
0.7118928634585212,0.29827228892970065,0.0,1.8524402026211884,0.16340135737492106,0.0,1.1663769998236635,none,none,3662,372,user,0.5581395348837209,Convergent,Persona,Convergent,Library
0.5117918508677166,0.6552265387841475,0.0,1.990910881785974,0.15045373025916095,0.16139453885101065,1.418495422465177,none,open_what_if,3664,372,assistant,0.5813953488372093,Convergent,Persona,Convergent,Library
0.21128564595011895,0.12405853162560829,0.08090404862398083,1.4425841991760842,0.42932676268807657,0.007849030666088695,0.15123690247944818,none,none,3675,372,user,0.6046511627906976,Convergent,Persona,Convergent,Library
0.9353025472399346,0.8772283391594952,0.0,2.049755083595722,0.16880366216407752,0.1633950614135949,1.411427982432214,none,open_what_if,3676,372,assistant,0.627906976744186,Convergent,Persona,Convergent,Library
0.6710960482751903,0.7718014687396186,0.2525437840980466,1.8555577065240787,0.2078217717166897,0.0,0.7144860001095387,none,none,3688,372,user,0.6511627906976745,Convergent,Persona,Convergent,Library
0.5428432190325194,0.9600359111289903,0.0,1.993667827966108,0.4123821290008049,0.0,1.5203108808603005,none,open_what_if,3690,372,assistant,0.6744186046511628,Convergent,Persona,Convergent,Library
0.34252080151761294,0.4531705349389761,0.0,1.81590686984154,0.06504471682637727,0.010612562739220725,0.9124302532984162,none,none,3732,372,user,0.6976744186046512,Convergent,Persona,Convergent,Library
0.3242772354312477,0.9197204140547824,0.6507867243575779,2.0461344478722574,0.4099613206067151,0.011772279366662678,1.4142051400189848,constructive,open_what_if,3733,372,assistant,0.7209302325581395,Convergent,Persona,Convergent,Library
0.00999248896654176,0.22142422655824498,0.4409595855114775,1.8123458041133362,0.43169214937741557,0.0031841452258891765,0.3776690330595414,none,none,3745,372,user,0.7441860465116279,Convergent,Persona,Convergent,Library
0.570932765301693,0.7095873969783418,0.0,2.3387478133764175,0.09379508529998976,0.10070237762160925,1.4242716097875332,none,open_what_if,3746,372,assistant,0.7674418604651163,Convergent,Persona,Convergent,Library
0.0,0.5107886017428191,0.7088917540905142,1.5064081510434062,0.44597978085005935,0.027950799873365934,0.5529852299657764,none,none,3764,372,user,0.7906976744186046,Convergent,Persona,Convergent,Library
0.4299269630930057,1.097601286809023,0.014418189480201314,2.1953716494953497,0.8476401080808417,1.4755977252315397e-05,1.6095268012796848,none,open_what_if,3766,372,assistant,0.813953488372093,Convergent,Persona,Convergent,Library
0.027041245355041172,0.0,0.46741216936131214,1.402482782629948,0.18744016959775617,0.0,0.4100572270620028,none,none,3775,372,user,0.8372093023255814,Convergent,Persona,Convergent,Library
0.7485324390762631,0.8447546407721187,0.0,2.0313546391924855,0.25709999675215767,0.011509992307511372,1.452458086755454,none,open_what_if,3777,372,assistant,0.8604651162790697,Convergent,Persona,Convergent,Library
0.11017818646070339,0.0,0.0,1.589210169754306,0.4980126207137108,0.14825415064068875,0.9013834107733207,none,none,3785,372,user,0.8837209302325582,Convergent,Persona,Convergent,Library
0.7301408766079497,1.7497233094264983,0.0,2.1128469903252487,0.33593633621920316,0.08169814063799874,1.515207827095587,none,open_what_if,3786,372,assistant,0.9069767441860465,Convergent,Persona,Convergent,Library
0.5449501583208817,0.16940191251969172,0.010394535955633073,1.2419632796024345,0.11720180510777305,0.0023180829268229985,0.5529553320793811,none,none,3818,372,user,0.9302325581395349,Convergent,Persona,Convergent,Library
0.6023509768356292,1.6370187951782837,0.42378228735003803,2.0309583702981335,0.23561426714205116,0.06609775213357545,1.6417212157441028,none,open_what_if,3820,372,assistant,0.9534883720930233,Convergent,Persona,Convergent,Library
0.19988412421837673,0.11107274730204912,0.0,1.3889713071172973,0.5101260158968435,0.052887248394438,0.9034654762589694,none,none,3825,372,user,0.9767441860465116,Convergent,Persona,Convergent,Library
0.7034176730773127,1.0181420895832696,0.0,2.1929310375114235,0.28594205289724794,0.07398644946422936,1.479419151889033,none,open_what_if,3826,372,assistant,1.0,Convergent,Persona,Convergent,Library
0.01264105741708566,0.004634286728304182,0.0010127110821249242,1.022429168313831,0.0005745043820882738,0.0,0.01304334431689544,none,none,3459,373,user,0.0,Convergent,Persona,Convergent,Library
0.0,0.009901259622799415,0.0,1.000250467143594,0.0,0.0,0.0,none,clarify,3460,373,assistant,0.047619047619047616,Convergent,Persona,Convergent,Library
0.017391577180013443,0.9863028210899807,0.0,1.9883534953283946,0.0,0.0,0.0,none,clarify,3484,373,user,0.09523809523809523,Convergent,Persona,Convergent,Library
0.3090178844149592,1.0150471545043418,0.0,2.0805012600474893,0.0,0.0,0.35885386709566475,none,open_what_if,3489,373,assistant,0.14285714285714285,Convergent,Persona,Convergent,Library
0.6576387146309334,0.9530566623317184,0.18615724931892041,2.3471161990369223,0.22197978341234023,0.025511877297323425,1.0474670730146802,none,none,3543,373,user,0.19047619047619047,Convergent,Persona,Convergent,Library
1.1520974319373156,1.6484138572900022,0.0,2.0635886216382566,0.10670760636950655,0.03201317205879567,1.2128997050833346,none,open_what_if,3545,373,assistant,0.23809523809523808,Convergent,Persona,Convergent,Library
0.348038865677939,1.2629605327505629,0.15518792906888124,1.920811836556454,0.4094020209358751,0.04222966561857236,0.8052804175229732,none,none,3579,373,user,0.2857142857142857,Convergent,Persona,Convergent,Library
0.7522891862029004,1.9252240444087245,0.4150279240704179,2.377614904111942,0.020849667168811647,0.20527394955138933,1.2474843069927994,none,open_what_if,3580,373,assistant,0.3333333333333333,Convergent,Persona,Convergent,Library
0.5624161338320418,0.8199003437427377,0.4730323632120145,2.4017460065875125,0.4085045704130411,0.07410092116302472,1.1611590712768203,none,none,3649,373,user,0.38095238095238093,Convergent,Persona,Convergent,Library
0.8413735778219705,1.504561126048599,0.07763601307705749,2.1023593782868804,0.180653241159149,0.03506702444263196,1.5632447199311552,none,open_what_if,3650,373,assistant,0.42857142857142855,Convergent,Persona,Convergent,Library
0.33880037707687316,1.055909740081642,0.02986544087026687,1.959751554935583,0.5176524314718127,0.02824168924597162,1.027831006351624,none,none,3695,373,user,0.47619047619047616,Convergent,Persona,Convergent,Library
1.0539878108392027,2.00929923645914,0.2504170134774205,2.352842829584959,0.0,0.08562024397746533,0.4872710507372769,none,open_what_if,3697,373,assistant,0.5238095238095238,Convergent,Persona,Convergent,Library
0.46534990458491293,0.35598672971798906,0.07836782476026405,2.129281357083232,0.6175850066982258,0.0,0.5713170052346704,none,none,3725,373,user,0.5714285714285714,Convergent,Persona,Convergent,Library
0.8948736345381613,1.8406866049063335,0.06369788944771956,2.180286835493053,0.24758382715331645,0.25708016521213983,1.0138556282265487,none,open_what_if,3728,373,assistant,0.6190476190476191,Convergent,Persona,Convergent,Library
0.018201269563077934,0.09630297890989248,0.0,2.9284113079266145,0.8917188001524982,0.003232262492366464,0.09855576407223557,none,none,3749,373,user,0.6666666666666666,Convergent,Persona,Convergent,Library
0.7303677220021723,2.1064218993986543,0.0,1.9540112499412567,0.4053509832821652,0.0,1.4875092992724879,none,open_what_if,3752,373,assistant,0.7142857142857143,Convergent,Persona,Convergent,Library
0.3953071726487751,0.36773063605990247,0.0,2.0345947687912167,0.3766732209074186,0.01872875501002026,0.45354538624773627,none,none,3780,373,user,0.7619047619047619,Convergent,Persona,Convergent,Library
0.6371742690699301,1.813823113307388,0.011703145374571565,2.1842461210436594,0.1738512062822557,0.08066009583281994,1.3586159711414643,none,open_what_if,3782,373,assistant,0.8095238095238095,Convergent,Persona,Convergent,Library
0.3243076570093938,0.23094672641710273,0.0,1.9605945947001173,0.18364352588464353,0.0,0.7801499443338782,none,none,3798,373,user,0.8571428571428571,Convergent,Persona,Convergent,Library
1.0390354482734008,1.478132640964048,0.0,2.2773862897912336,0.04947860333818236,0.455290880686829,1.5223648662312834,none,open_what_if,3803,373,assistant,0.9047619047619048,Convergent,Persona,Convergent,Library
0.05431427980654815,1.1673023479877425,0.13009835460410984,2.0725151508539534,0.4847205667227811,0.627210236963796,0.9740040127290301,none,none,3831,373,user,0.9523809523809523,Convergent,Persona,Convergent,Library
0.8162949059576047,1.6859535220259483,0.6401892201776526,2.0319206174152495,0.06999283306228558,0.47992106433599097,1.5831605231145778,none,open_what_if,3832,373,assistant,1.0,Convergent,Persona,Convergent,Library
0.01264105741708566,0.004634286728304182,0.0010127110821249242,1.022429168313831,0.0005745043820882738,0.0,0.01304334431689544,none,none,3461,374,user,0.0,Convergent,Persona,Convergent,Library
0.0,0.009901259622799415,0.0,1.000250467143594,0.0,0.0,0.0,none,clarify,3462,374,assistant,0.058823529411764705,Convergent,Persona,Convergent,Library
0.017391577180013443,0.9863028210899807,0.0,1.9883534953283946,0.0,0.0,0.0,none,clarify,3497,374,user,0.11764705882352941,Convergent,Persona,Convergent,Library
0.789451325159249,1.2086693640625759,0.0,2.4077887183014526,0.0,0.02529690879558714,0.6580940677656416,none,criteria_setting,3498,374,assistant,0.17647058823529413,Convergent,Persona,Convergent,Library
0.31010549696835976,0.12266166065007206,0.0016845145871280877,1.8002879102236948,0.308448049719183,0.0,0.5635161760452461,none,none,3537,374,user,0.23529411764705882,Convergent,Persona,Convergent,Library
1.0053078059576843,1.6928195939086355,0.5025127790775965,2.108056177485768,0.0,0.22291061679320132,1.3177321541159013,none,criteria_setting,3538,374,assistant,0.29411764705882354,Convergent,Persona,Convergent,Library
0.9398794246802623,0.09556825625840785,0.0,2.0045441521015737,0.033592991120277256,0.0,1.8846009067774472,none,none,3567,374,user,0.35294117647058826,Convergent,Persona,Convergent,Library
1.0250357613521268,1.7624521505623891,0.0,2.059557810019816,0.06418166446101341,0.14740868912609356,1.3213448504041052,none,open_what_if,3568,374,assistant,0.4117647058823529,Convergent,Persona,Convergent,Library
0.6052827827623806,0.3954429027597884,0.0,2.074081520137169,0.0,0.0,1.3788354419660194,none,none,3623,374,user,0.47058823529411764,Convergent,Persona,Convergent,Library
1.1387139693156434,1.7052755752031132,0.6168008048715798,2.1063902854461154,0.0,0.5324518133387631,0.9298537917063765,none,open_what_if,3624,374,assistant,0.5294117647058824,Convergent,Persona,Convergent,Library
0.31227386796254414,0.2267017874329343,0.005442898926081122,2.2567830939803155,0.09812284471186199,0.18999196338807536,1.210265989695966,none,none,3673,374,user,0.5882352941176471,Convergent,Persona,Convergent,Library
1.1950876014506737,1.6503489778564933,0.0,2.0903507645889303,0.1551161239210293,0.049855107215268576,1.427505197665571,none,open_what_if,3674,374,assistant,0.6470588235294118,Convergent,Persona,Convergent,Library
0.42644536426365265,0.20747704085711366,0.08783147506555035,1.8784021882097823,0.444529963649167,0.0,1.0803547437357093,none,none,3709,374,user,0.7058823529411765,Convergent,Persona,Convergent,Library
0.09179423768372653,1.8785042541587569,0.012294902144132971,1.9531283549900864,0.9065353475978705,0.03201009337711034,0.20034819103964324,none,open_what_if,3710,374,assistant,0.7647058823529411,Convergent,Persona,Convergent,Library
0.2714677862740566,0.006600626468982818,0.43681666013651577,1.764948811514969,0.2797217361497608,0.0,0.6285481262546448,none,none,3748,374,user,0.8235294117647058,Convergent,Persona,Convergent,Library
1.1834390698012476,1.9286090824589648,0.0,1.9624705564378362,0.23304309196163617,0.0,1.8369738948268042,none,open_what_if,3751,374,assistant,0.8823529411764706,Convergent,Persona,Convergent,Library
0.34653210070450763,0.47937219275115694,0.2828386981181725,1.994178592275516,0.2631756069606365,0.13447131868426468,1.514076961329876,none,none,3791,374,user,0.9411764705882353,Convergent,Persona,Convergent,Library
0.9490665634174134,1.7881034249846715,0.0,2.095394728489229,0.22296271647750457,0.16149493410332424,1.4076454917541634,none,open_what_if,3793,374,assistant,1.0,Convergent,Persona,Convergent,Library
0.01264105741708566,0.004634286728304182,0.0010127110821249242,1.022429168313831,0.0005745043820882738,0.0,0.01304334431689544,none,none,3465,375,user,0.0,Convergent,Persona,Convergent,Library
0.0,0.009901259622799415,0.0,1.000250467143594,0.0,0.0,0.0,none,clarify,3467,375,assistant,0.058823529411764705,Convergent,Persona,Convergent,Library
0.01264105741708566,0.004634286728304182,0.0010127110821249242,1.022429168313831,0.0005745043820882738,0.0,0.01304334431689544,none,none,3517,375,user,0.11764705882352941,Convergent,Persona,Convergent,Library
0.0,0.041547750250192896,0.0,1.460137339171365,0.0,0.0,0.0,none,clarify,3518,375,assistant,0.17647058823529413,Convergent,Persona,Convergent,Library
0.017391577180013443,0.9863028210899807,0.0,1.9883534953283946,0.0,0.0,0.0,none,clarify,3522,375,user,0.23529411764705882,Convergent,Persona,Convergent,Library
1.2294316538826773,1.8716352247997319,0.0,2.1043155908506828,0.0,0.22984547473905476,0.9341547467764219,none,open_what_if,3524,375,assistant,0.29411764705882354,Convergent,Persona,Convergent,Library
0.08233737991678149,0.27314203423456074,0.18557536807372588,1.3948584261256936,0.0050337320380173765,0.3267818898874591,0.31449696610283584,none,none,3557,375,user,0.35294117647058826,Convergent,Persona,Convergent,Library
0.860067798011375,1.7172823557681656,0.0065874742669021855,2.1233588793590643,0.11767351529101609,0.22800625276235179,1.7384164791719978,none,open_what_if,3559,375,assistant,0.4117647058823529,Convergent,Persona,Convergent,Library
0.7143033925981211,0.9827404863135782,0.15052741359019564,1.791373574855857,0.2500536510571174,0.0,1.4507895052509974,none,none,3577,375,user,0.47058823529411764,Convergent,Persona,Convergent,Library
1.012341274315454,1.8547433726067983,0.0,2.0696639290643692,0.2093770678869613,0.08804495253775702,1.7370497406857306,none,open_what_if,3578,375,assistant,0.5294117647058824,Convergent,Persona,Convergent,Library
0.4498423575173574,1.2805016885804124,0.16489339777516654,2.3294492575239367,0.2795129075229329,0.0,1.7908669276626128,none,none,3636,375,user,0.5882352941176471,Convergent,Persona,Convergent,Library
1.067859024384043,1.8962410921066295,0.0,2.441872967772114,0.43490930535582634,0.5132789151856222,1.627855738701198,none,open_what_if,3640,375,assistant,0.6470588235294118,Convergent,Persona,Convergent,Library
0.6085460281582108,0.895846146839017,0.0037690999999976257,2.2285105676761208,0.6640389150793604,0.12258265217658816,1.4628336486216642,none,none,3666,375,user,0.7058823529411765,Convergent,Persona,Convergent,Library
1.5753201440109397,1.989236241419308,0.008215709778614385,2.240788041610751,0.09387371547238788,0.19721021730392288,1.5631199940688687,none,open_what_if,3669,375,assistant,0.7647058823529411,Convergent,Persona,Convergent,Library
0.0,0.06418389487503814,0.031026350755971686,1.0690283810280918,0.03752428221109753,0.0,0.0,none,none,3736,375,user,0.8235294117647058,Convergent,Persona,Convergent,Library
1.1265794401012812,1.9639574398954855,0.012873642886514837,2.2052331312803095,0.4383265137278145,0.0,1.7503371457199868,none,open_what_if,3737,375,assistant,0.8823529411764706,Convergent,Persona,Convergent,Library
0.10857919277111662,0.6438110112578599,0.03524873102324715,1.836812372211941,0.8345146304401685,0.004557662392877068,0.06075186308034921,none,none,3760,375,user,0.9411764705882353,Convergent,Persona,Convergent,Library
1.0155419216853514,1.7288862829554534,0.0,2.0672828732498427,0.452015354618741,0.011577947364849878,1.2883849259482785,none,open_what_if,3762,375,assistant,1.0,Convergent,Persona,Convergent,Library
0.01264105741708566,0.004634286728304182,0.0010127110821249242,1.022429168313831,0.0005745043820882738,0.0,0.01304334431689544,none,none,3469,377,user,0.0,Convergent,Persona,Convergent,Library
0.0,0.009901259622799415,0.0,1.000250467143594,0.0,0.0,0.0,none,clarify,3471,377,assistant,0.047619047619047616,Convergent,Persona,Convergent,Library
0.017391577180013443,0.9863028210899807,0.0,1.9883534953283946,0.0,0.0,0.0,none,clarify,3499,377,user,0.09523809523809523,Convergent,Persona,Convergent,Library
1.1462969983700173,2.138996888785648,0.11888270816244932,2.346778880074205,0.0,0.3962127124400924,1.020851848915922,none,criteria_setting,3500,377,assistant,0.14285714285714285,Convergent,Persona,Convergent,Library
0.0,0.762289932435681,0.7613235749315322,1.733248068046717,0.22019538748603296,0.11760084862109534,0.7704250652997269,neutral,none,3569,377,user,0.19047619047619047,Convergent,Persona,Convergent,Library
0.09107266478255134,2.073519778181859,0.0,2.008807374539747,0.00042545968499937167,0.0,0.16608759338548004,none,criteria_setting,3570,377,assistant,0.23809523809523808,Convergent,Persona,Convergent,Library
0.12099871575145113,0.600283321354014,0.0065874742669021855,2.1295442502969077,0.308381698031951,0.17332606971825962,0.690571091650472,none,none,3592,377,user,0.2857142857142857,Convergent,Persona,Convergent,Library
0.9406529052604542,2.0508546979529516,0.05776462812340051,2.3258300281505306,0.0,0.24890808117114863,1.6481627662800107,none,open_what_if,3594,377,assistant,0.3333333333333333,Convergent,Persona,Convergent,Library
0.03789205640597957,0.3176660121200868,0.4176617512667205,1.8621846343768182,0.17753223147973132,0.0,0.37786594053718625,none,none,3605,377,user,0.38095238095238093,Convergent,Persona,Convergent,Library
0.9815450155345986,1.5517712733052245,0.012347697559875553,2.083921600938051,0.0,0.10144086934839623,0.7582658307668022,none,open_what_if,3607,377,assistant,0.42857142857142855,Convergent,Persona,Convergent,Library
0.15192168490769212,0.5350992838136842,0.0021445897332949587,1.914425281179553,0.3338422793699779,0.007263953637250589,0.8565199487340288,none,none,3659,377,user,0.47619047619047616,Convergent,Persona,Convergent,Library
0.6728683073327641,1.7198063298750639,0.21061262361003022,2.0746489099133725,0.015709926372087072,0.12208508214883496,1.0406465438375325,none,open_what_if,3660,377,assistant,0.5238095238095238,Convergent,Persona,Convergent,Library
0.058440573686384875,0.9536456255461505,0.014165926582744898,2.0178136594676745,0.9449648737521755,0.0,1.9511034514215098,none,none,3700,377,user,0.5714285714285714,Convergent,Persona,Convergent,Library
0.906141123286975,2.08453900861533,0.00714368970778513,2.067060474962848,0.22019642139912401,0.0,1.4325821069897566,none,open_what_if,3702,377,assistant,0.6190476190476191,Convergent,Persona,Convergent,Library
0.21456889224790116,0.276668575683116,0.0,1.9942650486789977,0.2702909934230454,0.009380310917929052,0.9205893358367256,none,none,3721,377,user,0.6666666666666666,Convergent,Persona,Convergent,Library
1.4868866096084894,1.8508875939770053,0.0049129336316526525,1.9339111839702743,0.5155454617746488,0.14032656323946202,1.9345679371783062,none,none,3722,377,assistant,0.7142857142857143,Convergent,Persona,Convergent,Library
0.2855732495385002,0.2633478299202936,0.0,2.119016887336023,0.2918426778459265,0.21957626625584384,1.1961736855154057,none,none,3754,377,user,0.7619047619047619,Convergent,Persona,Convergent,Library
0.5429280009839951,1.9865300923939182,0.002553651441855991,2.1384034836913464,0.09759889954595546,0.16557231600817862,1.199665254623466,none,open_what_if,3756,377,assistant,0.8095238095238095,Convergent,Persona,Convergent,Library
0.13359450633867798,0.3701065049754329,0.18532806654542713,2.0403765203647803,0.298137198302662,0.03260845325951969,1.2971379931162783,none,none,3812,377,user,0.8571428571428571,Convergent,Persona,Convergent,Library
0.6864023698986882,1.8770384103198723,0.0,2.2592348390253285,0.16744948800802564,0.18569389517696397,1.5411812850266982,none,open_what_if,3816,377,assistant,0.9047619047619048,Convergent,Persona,Convergent,Library
0.12944715312371796,0.24943672183642762,0.0,2.0169887671764104,0.18924642850593393,0.005015802229733914,0.24254041536317658,none,none,3835,377,user,0.9523809523809523,Convergent,Persona,Convergent,Library
0.7869393083743954,1.7627100802587554,0.0,2.2417601432983707,0.4367895564957244,0.24473805413363459,1.5091604012338165,none,open_what_if,3836,377,assistant,1.0,Convergent,Persona,Convergent,Library
0.01264105741708566,0.004634286728304182,0.0010127110821249242,1.022429168313831,0.0005745043820882738,0.0,0.01304334431689544,none,none,3470,378,user,0.0,Convergent,Persona,Convergent,Library
0.0,0.009901259622799415,0.0,1.000250467143594,0.0,0.0,0.0,none,clarify,3472,378,assistant,0.06666666666666667,Convergent,Persona,Convergent,Library
0.017391577180013443,0.9863028210899807,0.0,1.9883534953283946,0.0,0.0,0.0,none,clarify,3485,378,user,0.13333333333333333,Convergent,Persona,Convergent,Library
0.41402370304968583,1.117971374946388,0.0,2.2584828505095857,0.0,0.03346200423299585,0.5087303794483887,none,criteria_setting,3490,378,assistant,0.2,Convergent,Persona,Convergent,Library
0.44989926775504635,0.4123549707868032,0.0,1.7478782241775037,0.31966083399209605,0.03568219633414744,0.6866954754256275,none,none,3544,378,user,0.26666666666666666,Convergent,Persona,Convergent,Library
0.9809497370859873,1.6297177218468986,0.0,1.9568423823045347,0.12235021733163563,0.21170149495344667,1.3775151771386316,none,open_what_if,3546,378,assistant,0.3333333333333333,Convergent,Persona,Convergent,Library
0.38300143708107726,0.33878476314803957,0.06598317241888853,1.893154453177472,0.4463401494884722,0.012914830281038814,0.6058531972730001,none,none,3584,378,user,0.4,Convergent,Persona,Convergent,Library
1.0392704043231797,1.9369773523100635,0.0,2.0351369362893,0.03763907337255885,0.0019328205459721904,1.9091573320956148,none,open_what_if,3586,378,assistant,0.4666666666666667,Convergent,Persona,Convergent,Library
0.3957838856007343,0.397882437169679,0.0,2.0398642595134566,0.0750678234409318,0.005919671867497645,1.2008489702027565,none,clarify,3645,378,user,0.5333333333333333,Convergent,Persona,Convergent,Library
0.7192042484913863,1.4540287569516963,0.0,2.048788026422649,0.18622977330598572,0.025355280831030124,1.5843934944416773,none,open_what_if,3646,378,assistant,0.6,Convergent,Persona,Convergent,Library
0.16591138845243097,0.16850129354703303,0.0,1.4403146699971252,0.8733715016565605,0.0,0.6835921343768472,none,none,3657,378,user,0.6666666666666666,Convergent,Persona,Convergent,Library
1.4454134182173302,1.4294799869703179,0.0,2.022892202994912,0.2930948544789122,0.1671973877707431,1.4250483374197866,none,open_what_if,3658,378,assistant,0.7333333333333333,Convergent,Persona,Convergent,Library
0.5818135014016377,0.693399073552929,0.0,1.8108412984631497,0.20395709865916323,0.0206167388860467,0.39449197745867665,none,none,3739,378,user,0.8,Convergent,Persona,Convergent,Library
0.6449826288334481,2.0550121587283803,0.2882193043831084,2.401016199973326,0.20250331435264113,0.228413192006992,1.667803999779394,none,open_what_if,3741,378,assistant,0.8666666666666667,Convergent,Persona,Convergent,Library
0.6645334354836546,0.7046910450965151,0.00326946048259623,1.3325118628065176,0.16218611311642395,0.015564812845124582,0.3134264817478178,none,none,3773,378,user,0.9333333333333333,Convergent,Persona,Convergent,Library
1.3625595653521099,1.8203253450200314,0.0,2.227516840001585,0.22065427881172023,0.0936849978969853,1.507797317636292,none,open_what_if,3776,378,assistant,1.0,Convergent,Persona,Convergent,Library
0.01264105741708566,0.004634286728304182,0.0010127110821249242,1.022429168313831,0.0005745043820882738,0.0,0.01304334431689544,none,none,3475,380,user,0.0,Convergent,Persona,Convergent,Library
0.0,0.009901259622799415,0.0,1.000250467143594,0.0,0.0,0.0,none,clarify,3476,380,assistant,0.043478260869565216,Convergent,Persona,Convergent,Library
0.017391577180013443,0.9863028210899807,0.0,1.9883534953283946,0.0,0.0,0.0,none,clarify,3495,380,user,0.08695652173913043,Convergent,Persona,Convergent,Library
0.1486388338017033,0.8752375820558801,0.0016071560017747234,2.089487801331172,0.0,0.08142857815047788,0.0,none,criteria_setting,3496,380,assistant,0.13043478260869565,Convergent,Persona,Convergent,Library
0.3528966800529595,0.1946011681781898,0.22420451266746622,2.280385107633465,0.34694399726925484,0.17208686268386714,1.1572293081703648,none,none,3527,380,user,0.17391304347826086,Convergent,Persona,Convergent,Library
1.2150866969996696,0.87002521402243,0.12301469594371049,2.085573030966187,0.0,0.33603413552780986,0.9781634876757253,none,open_what_if,3528,380,assistant,0.21739130434782608,Convergent,Persona,Convergent,Library
0.0,0.4757236278957194,0.16326161542722908,1.3550623621946698,0.11749096414769276,0.1958875765940814,0.44317527433540577,none,none,3539,380,user,0.2608695652173913,Convergent,Persona,Convergent,Library
1.0490181049897425,1.6137713627630121,0.0,1.8898685172371419,0.0195575730093576,0.3802581675336236,0.8733036480012526,none,open_what_if,3540,380,assistant,0.30434782608695654,Convergent,Persona,Convergent,Library
0.37509957035551056,0.10521062284522503,0.0009331523020235193,2.0379637156504042,0.3872551715008246,0.039019977605304894,1.2030633927349983,none,none,3565,380,user,0.34782608695652173,Convergent,Persona,Convergent,Library
1.065053504021327,1.8808753487244931,0.007103524065225191,1.933172346619485,0.23589507425152137,0.0,0.944659969917075,none,open_what_if,3566,380,assistant,0.391304347826087,Convergent,Persona,Convergent,Library
0.25721097242560437,0.1745358580111764,0.25088866783386987,1.9672527714826258,0.043285388566633005,0.07629578201969961,1.069044672051457,neutral,none,3610,380,user,0.43478260869565216,Convergent,Persona,Convergent,Library
0.8377670024288888,1.6765615873044326,0.5494589228329505,2.186003309287569,0.274531060325116,0.26741011802353404,1.528296529963747,constructive,open_what_if,3612,380,assistant,0.4782608695652174,Convergent,Persona,Convergent,Library
0.10546396587737408,0.42584599701260345,0.17757027365342176,2.091274565117498,0.04073550779135938,0.2873465086930294,0.6424835174211184,none,none,3637,380,user,0.5217391304347826,Convergent,Persona,Convergent,Library
0.581344402180008,0.5905006208909492,0.013697164887809678,1.8017257098264938,0.03458838901751113,0.10614915709724003,0.5395450891025274,none,open_what_if,3639,380,assistant,0.5652173913043478,Convergent,Persona,Convergent,Library
0.937998358612696,0.8492412080889168,0.0,2.0756663862021054,0.1264468176094777,0.37422021944945993,1.5149708182535493,none,none,3681,380,user,0.6086956521739131,Convergent,Persona,Convergent,Library
0.7712163351073259,1.8143346639285225,0.05593489749419854,2.041683395114314,0.13973120412111792,0.053158863657123266,1.022059892801503,none,open_what_if,3682,380,assistant,0.6521739130434783,Convergent,Persona,Convergent,Library
0.4329921108658497,0.23458033430839423,0.06307330908729664,1.8363869112673143,0.17699992942402443,0.0,0.6043154362232017,none,none,3699,380,user,0.6956521739130435,Convergent,Persona,Convergent,Library
0.6891944139585935,1.0464939733313103,0.0,2.0375510166679867,0.2765400348142937,0.06488452736955203,1.2250434599303517,none,none,3701,380,assistant,0.7391304347826086,Convergent,Persona,Convergent,Library
0.10421987956762102,0.03263293115271898,0.0038324103032925413,1.5779489537918026,0.49844385564065036,0.0,1.003203473394321,none,none,3707,380,user,0.782608695652174,Convergent,Persona,Convergent,Library
0.6081014834455611,1.5661724403718094,0.0014468865552462367,2.009209184643159,0.21294586971764715,0.04931895978773424,1.1385519559964197,none,open_what_if,3708,380,assistant,0.8260869565217391,Convergent,Persona,Convergent,Library
0.4932374700755332,0.8223436309689056,0.0031712955263812712,1.9090818731680745,0.30518767469393704,0.43494565246603456,1.2468771720371616,none,none,3743,380,user,0.8695652173913043,Convergent,Persona,Convergent,Library
0.6876452687361703,1.5736979744407655,0.0,1.9189432462981473,0.15519028963012896,0.02222025090754834,1.4363164517074025,none,open_what_if,3744,380,assistant,0.9130434782608695,Convergent,Persona,Convergent,Library
0.9572025895876276,0.12542471322614251,0.0,2.004092712717739,0.0716623441865126,0.022013157790715745,1.9718738297793856,none,none,3827,380,user,0.9565217391304348,Convergent,Persona,Convergent,Library
1.4941376015972256,1.7151370720678716,0.0015089910455597635,1.9906472830541244,0.2509275461736728,0.17948276262483165,1.7224538841656645,none,none,3829,380,assistant,1.0,Convergent,Persona,Convergent,Library
0.01264105741708566,0.004634286728304182,0.0010127110821249242,1.022429168313831,0.0005745043820882738,0.0,0.01304334431689544,none,none,3477,381,user,0.0,Convergent,Persona,Convergent,Library
0.0,0.009901259622799415,0.0,1.000250467143594,0.0,0.0,0.0,none,clarify,3478,381,assistant,0.06666666666666667,Convergent,Persona,Convergent,Library
0.017391577180013443,0.9863028210899807,0.0,1.9883534953283946,0.0,0.0,0.0,none,clarify,3514,381,user,0.13333333333333333,Convergent,Persona,Convergent,Library
0.6433256790049252,1.0941733159953408,0.0015089910455597635,2.026789200076447,0.0,0.029700573996956324,0.5743307785355128,none,open_what_if,3516,381,assistant,0.2,Convergent,Persona,Convergent,Library
0.26657682188054277,0.45822543808281696,0.017418404419894912,1.9872675412405916,0.13028870314773205,0.0,0.44254894159157454,none,none,3549,381,user,0.26666666666666666,Convergent,Persona,Convergent,Library
1.0197338562846818,1.2245465340404351,0.0,2.2137682049843845,0.0,0.5081422406413587,0.44407448795970444,none,open_what_if,3550,381,assistant,0.3333333333333333,Convergent,Persona,Convergent,Library
0.044269717043980805,0.5354855487341411,0.5679837881355145,2.2492662698098274,0.058535901245548395,0.09393400010062011,0.7982903273809941,none,none,3618,381,user,0.4,Convergent,Persona,Convergent,Library
0.7843178670667257,1.9637159056236857,0.6025170777281986,2.2733518283364624,0.026377041370236217,0.439720783896523,1.1814201114226208,none,open_what_if,3620,381,assistant,0.4666666666666667,Convergent,Persona,Convergent,Library
0.1079127590954308,0.305665060984204,0.004698481188407528,1.976421115112642,0.7056823169440144,0.0,0.7065502150535875,none,none,3668,381,user,0.5333333333333333,Convergent,Persona,Convergent,Library
0.8372087892070722,2.1769890396002975,0.017537123762149862,2.4167625987555375,0.06096090640755815,0.3559069225528438,1.182356237634013,none,open_what_if,3670,381,assistant,0.6,Convergent,Persona,Convergent,Library
0.14082967400602112,0.2661437829535353,0.5680780494357687,1.9302203782405167,0.5919544071356638,0.0025455293904639276,1.0622819013357934,none,none,3740,381,user,0.6666666666666666,Convergent,Persona,Convergent,Library
1.2509556201474694,1.835880300260091,0.14928839154801385,2.2250181178411554,0.1772456018653756,0.05005530408077254,1.1157225026564246,none,open_what_if,3742,381,assistant,0.7333333333333333,Convergent,Persona,Convergent,Library
0.27158525959759605,0.28990773346468435,1.243469796817089,2.206552279169725,0.1916902683729309,0.003051403620814382,0.37337612281950283,neutral,none,3800,381,user,0.8,Convergent,Persona,Convergent,Library
0.8141260765063052,0.763980891070822,0.0,2.0905206947715116,0.1735440941482393,0.3891379425310508,0.80299626892632,none,open_what_if,3804,381,assistant,0.8666666666666667,Convergent,Persona,Convergent,Library
0.12944715312371796,0.24943672183642762,0.0,2.0169887671764104,0.18924642850593393,0.005015802229733914,0.24254041536317658,none,none,3822,381,user,0.9333333333333333,Convergent,Persona,Convergent,Library
0.5197038533980791,1.797040058177622,0.0,2.408466974141522,0.23039603648139173,0.0,1.4984582099669184,none,open_what_if,3824,381,assistant,1.0,Convergent,Persona,Convergent,Library
0.01264105741708566,0.004634286728304182,0.0010127110821249242,1.022429168313831,0.0005745043820882738,0.0,0.01304334431689544,none,none,3483,382,user,0.0,Convergent,Persona,Convergent,Library
0.0,0.009901259622799415,0.0,1.000250467143594,0.0,0.0,0.0,none,clarify,3488,382,assistant,0.05263157894736842,Convergent,Persona,Convergent,Library
0.017391577180013443,0.9863028210899807,0.0,1.9883534953283946,0.0,0.0,0.0,none,clarify,3509,382,user,0.10526315789473684,Convergent,Persona,Convergent,Library
0.8549738415782314,0.6503593347911417,0.0,1.9930013178056905,0.1010240742337254,0.3466726741894546,0.3742999882726615,none,none,3510,382,assistant,0.15789473684210525,Convergent,Persona,Convergent,Library
0.14109457185632449,0.29888674284457395,0.5904325628998534,1.8649319859825826,0.4288171609182901,0.11887168668949771,1.006641008787653,none,none,3573,382,user,0.21052631578947367,Convergent,Persona,Convergent,Library
0.3654395952447364,0.6828733871973011,0.5340826020781255,2.160819647092891,0.1667659112802145,0.04324403932961313,0.594300327949568,neutral,criteria_setting,3574,382,assistant,0.2631578947368421,Convergent,Persona,Convergent,Library
0.8890469243967664,0.08494338999638221,0.0,1.9681786923146944,0.009071272305272281,0.0,1.9758380570533522,none,none,3591,382,user,0.3157894736842105,Convergent,Persona,Convergent,Library
0.9140216359686286,1.337650170286957,0.0,2.2952222778908036,0.21248023675458627,0.29197854486915975,0.9894945585084712,none,none,3593,382,assistant,0.3684210526315789,Convergent,Persona,Convergent,Library
0.3436442427224288,0.0,0.0,1.9496837811051544,0.3956870836745497,0.01521800596345275,1.354615364425679,none,none,3635,382,user,0.42105263157894735,Convergent,Persona,Convergent,Library
1.1024690863295208,0.7822903070041144,0.0,2.1354636384315473,0.499431761069777,0.4354795430881296,0.8447578486940942,none,open_what_if,3638,382,assistant,0.47368421052631576,Convergent,Persona,Convergent,Library
0.9507693718352289,0.2956242628039742,0.45203638298387844,1.8005104454196617,0.13583981767141085,0.060326342488566366,0.6415442949902581,none,clarify,3691,382,user,0.5263157894736842,Convergent,Persona,Convergent,Library
1.1816122979060728,1.3006136470473282,0.0,1.9932210913895139,0.1518840960671117,0.6774002434064885,0.7895995394644735,none,open_what_if,3692,382,assistant,0.5789473684210527,Convergent,Persona,Convergent,Library
0.34813785344310066,0.23425191353099734,0.0,1.9084812343663353,0.19956702654417452,0.0,0.8644849531316363,none,none,3717,382,user,0.631578947368421,Convergent,Persona,Convergent,Library
0.4516339411101876,0.7658966582163116,0.22968697271061464,2.015034002973697,0.06239878180613167,0.39036406376096144,0.4721937850616679,none,open_what_if,3718,382,assistant,0.6842105263157895,Convergent,Persona,Convergent,Library
0.35403546204429787,0.4431880523046648,0.0,2.125801780886524,0.5290498478288461,0.0,0.8621822603077599,none,none,3763,382,user,0.7368421052631579,Convergent,Persona,Convergent,Library
0.9886878862570407,1.6088636384764414,0.0,2.205159522943123,0.09049754038520903,0.10028224716802057,1.3153264479053721,none,open_what_if,3765,382,assistant,0.7894736842105263,Convergent,Persona,Convergent,Library
0.05989888765015419,0.14027571560485522,0.09394966275442242,1.717793298294155,0.3686283487939687,0.0,0.8892796919626008,none,none,3796,382,user,0.8421052631578947,Convergent,Persona,Convergent,Library
1.0143928065224341,1.411496858899515,0.0,2.0536871779832833,0.19319741020586365,0.4654668376873486,1.4920345890822038,none,open_what_if,3802,382,assistant,0.8947368421052632,Convergent,Persona,Convergent,Library
0.30232224226359744,0.08671443085686117,0.0,1.663786414397198,0.5825479808640461,0.0,0.7825588157924324,none,none,3828,382,user,0.9473684210526315,Convergent,Persona,Convergent,Library
1.2381167752271862,0.9793449089281805,0.0,2.045131248563979,0.45359373750605664,0.4746360500259348,1.7347402029718304,none,open_what_if,3830,382,assistant,1.0,Convergent,Persona,Convergent,Library
0.01264105741708566,0.004634286728304182,0.0010127110821249242,1.022429168313831,0.0005745043820882738,0.0,0.01304334431689544,none,none,3503,384,user,0.0,Convergent,Persona,Convergent,Library
0.0,0.009901259622799415,0.0,1.000250467143594,0.0,0.0,0.0,none,clarify,3504,384,assistant,0.037037037037037035,Convergent,Persona,Convergent,Library
0.017391577180013443,0.9863028210899807,0.0,1.9883534953283946,0.0,0.0,0.0,none,clarify,3507,384,user,0.07407407407407407,Convergent,Persona,Convergent,Library
0.9163042440853727,2.250102199423347,0.0080624662255843,2.15394234282259,0.054595637412467285,0.11222975295421192,0.5532911802365653,none,open_what_if,3508,384,assistant,0.1111111111111111,Convergent,Persona,Convergent,Library
0.40715884080316095,0.22300127519988644,0.0028087563803332657,1.5305699967056026,0.35375169440426846,0.0,0.9643771708781749,none,none,3519,384,user,0.14814814814814814,Convergent,Persona,Convergent,Library
0.3762908569000619,0.27673305432263257,0.06549570798928335,2.02646870190061,0.07006956710735114,0.15957053198987098,0.9415476165970751,none,open_what_if,3520,384,assistant,0.18518518518518517,Convergent,Persona,Convergent,Library
0.5728420066218732,0.8154535375132906,0.12637551106235806,1.9744382742783713,0.05110077440741973,0.01841023862065681,0.9264036935733503,none,none,3541,384,user,0.2222222222222222,Convergent,Persona,Convergent,Library
0.7715248223057513,0.8881673627301052,0.057101771440665645,2.0677546465076744,0.16796545726034398,0.4632171158538535,0.8245919891357746,none,open_what_if,3542,384,assistant,0.25925925925925924,Convergent,Persona,Convergent,Library
0.19152400967216107,0.4407974915742803,0.0037690999999976257,2.004505945830842,0.41227705961712896,0.0,1.4605767765978224,none,none,3563,384,user,0.2962962962962963,Convergent,Persona,Convergent,Library
0.8219666956882978,1.7435918079445778,0.09924481604020655,2.171660134685068,0.0,0.010072349290907313,0.7338005550628403,none,open_what_if,3564,384,assistant,0.3333333333333333,Convergent,Persona,Convergent,Library
0.40569904187610806,0.968515694005564,0.0,1.954712602749948,0.3053064967064666,0.042203585420517546,1.7264889550539684,none,none,3595,384,user,0.37037037037037035,Convergent,Persona,Convergent,Library
0.8350152449902389,1.6806015769898006,0.1587139189315995,2.0552556850566894,0.07828418725535925,0.2420810941665751,1.233871413791756,none,open_what_if,3596,384,assistant,0.4074074074074074,Convergent,Persona,Convergent,Library
0.17479842786566785,0.7952710790906738,0.06415887380061815,2.1304773197994162,0.2716100590967992,0.008243704773921605,1.5966264870046596,none,none,3629,384,user,0.4444444444444444,Convergent,Persona,Convergent,Library
0.181560838294088,1.7626568131767926,0.24779704413999437,2.2775356558948965,0.2279930173760956,0.03376205847621597,1.5730324882228492,none,open_what_if,3630,384,assistant,0.48148148148148145,Convergent,Persona,Convergent,Library
0.042811085107521886,0.7340332664064568,0.0080624662255843,1.844154313060727,0.5455357368737064,0.10938287978398888,1.1709988126629196,none,none,3661,384,user,0.5185185185185185,Convergent,Persona,Convergent,Library
0.6062360245416958,1.6395673144749587,0.22835921588785266,1.9832498651320345,0.23389398964228272,0.1460666621507457,1.468497588280858,none,open_what_if,3663,384,assistant,0.5555555555555556,Convergent,Persona,Convergent,Library
0.5094862347517205,0.9058265539500026,0.21370618315656106,2.022879085834207,0.3006514390185878,0.0,0.6466583793364221,none,none,3693,384,user,0.5925925925925926,Convergent,Persona,Convergent,Library
0.6412695080623808,1.6682099509013681,0.012850563080078379,2.152863565241124,0.5307768280537987,0.14173188257939803,1.5871120865639827,none,open_what_if,3694,384,assistant,0.6296296296296297,Convergent,Persona,Convergent,Library
0.7414063415726717,0.662325248021538,0.22767608139390746,1.7919616888197858,0.3944308614858348,0.11206414698057314,1.4258319774522499,none,none,3711,384,user,0.6666666666666666,Convergent,Persona,Convergent,Library
1.0578957800868463,1.683952541409218,0.22092029847833242,2.111334942018966,0.47084297425134003,0.0,1.5008487269875188,none,open_what_if,3712,384,assistant,0.7037037037037037,Convergent,Persona,Convergent,Library
0.4425847383131857,0.45345025831971686,0.0,2.3984350625448445,0.659877372881557,0.10224021320470979,1.3277685873338638,none,none,3735,384,user,0.7407407407407407,Convergent,Persona,Convergent,Library
0.9327412149317404,1.9297054437400936,0.009873414745369591,2.8619832012037545,0.9330926673408141,0.0021555949685425663,1.8869362163132835,none,none,3738,384,assistant,0.7777777777777778,Convergent,Persona,Convergent,Library
0.527815414946251,0.20094252617038502,0.026140275956083887,1.6156613802660156,0.6436343052069691,0.0,1.0105678769900368,none,none,3759,384,user,0.8148148148148148,Convergent,Persona,Convergent,Library
0.04713510266310385,0.9662734849770315,0.0009172342759983568,2.0568301004990017,0.0,0.0009223597934355219,0.1615521704253555,none,open_what_if,3761,384,assistant,0.8518518518518519,Convergent,Persona,Convergent,Library
0.2713057031763068,0.6867630949932184,0.5056836939986411,2.009938491920647,0.08206317933717272,0.017324817566254425,1.3929436256458692,none,none,3795,384,user,0.8888888888888888,Convergent,Persona,Convergent,Library
0.5536578843823793,1.280405957250367,0.0,2.0849780265637934,0.29107500148374044,0.487059624877643,1.5604194376774863,none,none,3799,384,assistant,0.9259259259259259,Convergent,Persona,Convergent,Library
0.553259624179867,0.5108814534459059,0.2745392290175266,1.5501354882328326,0.24067836518790822,0.04078159882507721,0.6385276345342901,none,none,3821,384,user,0.9629629629629629,Convergent,Persona,Convergent,Library
0.6367500172085301,1.7381961147031677,0.09897532299776786,2.0346836733232143,0.4329850314708482,0.007066686107678683,1.5665793369118914,none,open_what_if,3823,384,assistant,1.0,Convergent,Persona,Convergent,Library
0.01264105741708566,0.004634286728304182,0.0010127110821249242,1.022429168313831,0.0005745043820882738,0.0,0.01304334431689544,none,none,3529,385,user,0.0,Convergent,Persona,Convergent,Library
0.0,0.009901259622799415,0.0,1.000250467143594,0.0,0.0,0.0,none,clarify,3530,385,assistant,0.05263157894736842,Convergent,Persona,Convergent,Library
0.017391577180013443,0.9863028210899807,0.0,1.9883534953283946,0.0,0.0,0.0,none,clarify,3551,385,user,0.10526315789473684,Convergent,Persona,Convergent,Library
1.1653357888212572,1.5766807910449654,0.012950478024603255,2.0495310411257166,0.0,0.10313842837480532,0.871736335682728,none,open_what_if,3552,385,assistant,0.15789473684210525,Convergent,Persona,Convergent,Library
0.9946700334695705,1.0006235243462056,0.0,2.1291335864037375,0.1508031397042139,0.13935891520391652,1.211605335748926,none,none,3575,385,user,0.21052631578947367,Convergent,Persona,Convergent,Library
1.0023330678757358,1.9427501697870297,0.016336569107960705,2.060133002710579,0.03903479100388425,0.0011473749670371006,1.9636351960040526,none,open_what_if,3576,385,assistant,0.2631578947368421,Convergent,Persona,Convergent,Library
0.6994897480598267,0.8973205996268998,0.016058967515241752,1.9289102535314067,0.22639321848672456,0.05174023253438356,1.8079933897684153,none,none,3609,385,user,0.3157894736842105,Convergent,Persona,Convergent,Library
1.0523040232663716,1.8006503353674739,0.0,2.151699503885068,0.4283034590019789,0.4832100194602857,1.4715957558811876,none,open_what_if,3611,385,assistant,0.3684210526315789,Convergent,Persona,Convergent,Library
0.5122679518715273,0.46230367447814635,0.0,1.937694792078111,0.36511833027375334,0.06836241137573121,1.5974905826784833,none,none,3627,385,user,0.42105263157894735,Convergent,Persona,Convergent,Library
1.2674849774457237,1.701437908183689,0.0,2.28220510795836,0.4452195376737426,0.0,1.6871700804047634,none,open_what_if,3628,385,assistant,0.47368421052631576,Convergent,Persona,Convergent,Library
0.38933122515136126,1.1101318488438308,0.0,2.1164245249061504,0.2984768214559356,0.016677587830040034,1.3137903919059,none,none,3655,385,user,0.5263157894736842,Convergent,Persona,Convergent,Library
0.9419563874963446,1.9025266601278306,0.0009741054228033872,1.996760773557584,0.9425210484257284,0.03841466651027197,1.0623322838253118,none,open_what_if,3656,385,assistant,0.5789473684210527,Convergent,Persona,Convergent,Library
1.0531647924395748,0.3994444736207215,0.0,1.9950171637809087,0.4879026043186629,0.38517425988294224,1.7260159388727205,none,none,3687,385,user,0.631578947368421,Convergent,Persona,Convergent,Library
0.8594895436539793,1.539661865676878,0.0007836340004798848,2.0743526739082965,0.3441592654990811,0.39348155506751076,1.8404941068076486,none,open_what_if,3689,385,assistant,0.6842105263157895,Convergent,Persona,Convergent,Library
0.8597024118141902,1.1855458349368302,0.0,2.1653202556555162,0.4395070918825385,0.1376074193098329,1.588638359047855,none,none,3724,385,user,0.7368421052631579,Convergent,Persona,Convergent,Library
0.5853286116145556,1.9930441258013922,0.0,2.131637721264878,0.43329818660453806,0.06368919282914945,1.7579136324101488,none,open_what_if,3727,385,assistant,0.7894736842105263,Convergent,Persona,Convergent,Library
0.5572649189855191,0.38150397566631805,0.0,2.032213858795077,0.26451202159410714,0.09172029934806127,0.8094237241439224,none,none,3757,385,user,0.8421052631578947,Convergent,Persona,Convergent,Library
0.901286359195947,2.0842152480725984,0.0,2.0966304556958995,0.11054614090230895,0.19225106909316678,1.8308688500779655,none,open_what_if,3758,385,assistant,0.8947368421052632,Convergent,Persona,Convergent,Library
0.5267195166681499,0.4585158930570234,0.0037690999999976257,1.9697053991223694,0.5636371740922324,0.38087927313569014,1.7036444491362706,none,none,3774,385,user,0.9473684210526315,Convergent,Persona,Convergent,Library
1.1216611732240127,1.8108195451702023,0.19512747932919003,2.206320173529842,0.44165713633154985,0.17792711382472123,1.3314357030303525,none,open_what_if,3778,385,assistant,1.0,Convergent,Persona,Convergent,Library
0.01264105741708566,0.004634286728304182,0.0010127110821249242,1.022429168313831,0.0005745043820882738,0.0,0.01304334431689544,none,none,3602,386,user,0.0,Convergent,Persona,Convergent,Library
0.0,0.009901259622799415,0.0,1.000250467143594,0.0,0.0,0.0,none,clarify,3603,386,assistant,0.043478260869565216,Convergent,Persona,Convergent,Library
0.01264105741708566,0.004634286728304182,0.0010127110821249242,1.022429168313831,0.0005745043820882738,0.0,0.01304334431689544,none,none,3606,386,user,0.08695652173913043,Convergent,Persona,Convergent,Library
0.0,0.009901259622799415,0.0,1.000250467143594,0.0,0.0,0.0,none,clarify,3608,386,assistant,0.13043478260869565,Convergent,Persona,Convergent,Library
0.017391577180013443,0.9863028210899807,0.0,1.9883534953283946,0.0,0.0,0.0,none,clarify,3613,386,user,0.17391304347826086,Convergent,Persona,Convergent,Library
0.6051058326571591,1.7757992899506618,0.09651089305776288,2.0328487891662936,0.0,0.11008545633048063,1.0701150182409689,none,open_what_if,3614,386,assistant,0.21739130434782608,Convergent,Persona,Convergent,Library
0.08025904738562298,0.0639979337325736,0.012930854721949924,2.0050985008704845,0.017526906932562106,0.005514227246893899,1.012424694911516,none,none,3633,386,user,0.2608695652173913,Convergent,Persona,Convergent,Library
0.09896851630549493,1.949112376374994,0.054167096833043694,2.063302166302765,0.0,0.0,1.0198504848322312,none,criteria_setting,3634,386,assistant,0.30434782608695654,Convergent,Persona,Convergent,Library
0.2721792848390428,0.4791455527760663,0.18769830117628059,1.9150366672594747,0.014554135748104298,0.33228415914009246,1.208711129580694,none,none,3665,386,user,0.34782608695652173,Convergent,Persona,Convergent,Library
1.0810769874336534,1.51233806780956,0.18450106344652503,2.0461782076777655,0.08077412154808175,0.3617890049342439,1.4215342663026513,none,criteria_setting,3667,386,assistant,0.391304347826087,Convergent,Persona,Convergent,Library
0.1790132552865558,0.44241639255147014,0.003632278381628104,2.020437144338162,0.005185376302522511,0.22302648767483244,0.6628894160415102,none,none,3703,386,user,0.43478260869565216,Convergent,Persona,Convergent,Library
0.8585416381127392,1.9087018222856535,0.0010505215363362452,2.116285539558924,0.07227914235940978,0.7284476315165042,0.8828415924054297,none,criteria_setting,3704,386,assistant,0.4782608695652174,Convergent,Persona,Convergent,Library
0.14954801513594948,0.28878794097878496,0.5648962794632678,1.7470877100766158,0.3112144062676344,0.009024638481791752,0.9699816165907842,none,none,3723,386,user,0.5217391304347826,Convergent,Persona,Convergent,Library
0.6074393435297802,2.2675805085503824,0.1300411704421242,1.7225314956513404,0.32037440550063206,0.11231105181049736,1.1384949620874742,none,criteria_setting,3726,386,assistant,0.5652173913043478,Convergent,Persona,Convergent,Library
0.412520646992003,0.9195005162035791,0.0,1.918299303724457,0.4868436237606816,0.04154865245703534,1.2755191345135393,none,none,3779,386,user,0.6086956521739131,Convergent,Persona,Convergent,Library
0.4460284009914321,1.8995889639453944,0.01683967687896469,2.316552858686243,0.2914905050953495,0.09844902995449689,1.5257701662939491,none,open_what_if,3781,386,assistant,0.6521739130434783,Convergent,Persona,Convergent,Library
0.12944715312371796,0.24943672183642762,0.0,2.0169887671764104,0.07779579445538205,0.005015802229733914,0.24254041536317658,none,none,3787,386,user,0.6956521739130435,Convergent,Persona,Convergent,Library
0.7977365376736836,1.745885994356643,0.01940403826010293,2.077542999703217,0.20377818606776893,0.3001061682945822,1.7967940282468702,none,open_what_if,3788,386,assistant,0.7391304347826086,Convergent,Persona,Convergent,Library
0.12944715312371796,0.24943672183642762,0.0,2.0169887671764104,0.18924642850593393,0.005015802229733914,0.24254041536317658,none,none,3805,386,user,0.782608695652174,Convergent,Persona,Convergent,Library
0.5942275636172444,1.6456553348780385,0.010487696816429923,2.0313431813223377,0.15883880741693684,0.32742669634387583,1.6340027408428761,none,open_what_if,3807,386,assistant,0.8260869565217391,Convergent,Persona,Convergent,Library
0.522110888698438,0.5655287503812925,0.11959400383956958,2.070741446785274,0.18185276355897098,0.05156114269121986,0.5798329469323878,none,none,3813,386,user,0.8695652173913043,Convergent,Persona,Convergent,Library
0.6166696329174222,1.6298922452938893,0.14939589322404367,1.9785883201664791,0.13351214856487084,0.005274514058134845,1.6293473037306434,none,open_what_if,3817,386,assistant,0.9130434782608695,Convergent,Persona,Convergent,Library
0.0,0.5990027906374179,0.08583121152903117,1.4040735132611797,0.16050356762046444,0.2811912336298074,0.2840993440126856,none,none,3833,386,user,0.9565217391304348,Convergent,Persona,Convergent,Library
0.6374656323537324,1.25584639828588,0.009561784578166,2.4899907019145444,0.3117437472742304,0.0,1.2970701331966341,none,open_what_if,3834,386,assistant,1.0,Convergent,Persona,Convergent,Library
0.01264105741708566,0.00482232955218618,0.0010127110821249242,1.022429168313831,0.001494180507970417,0.0,0.01304334431689544,none,none,3842,390,user,0.0,GPT,GPT,GPT,Bicycle
0.0,0.010089302446681409,0.0,1.0033228817489568,0.0,0.0,0.0,none,clarify,3846,390,assistant,0.09090909090909091,GPT,GPT,GPT,Bicycle
0.015808800612270347,0.9878818465632595,0.0,2.0131812692794533,0.0039453103672834125,0.001571199774892238,0.010197506841155037,none,clarify,3873,390,user,0.18181818181818182,GPT,GPT,GPT,Bicycle
0.20228084655936943,1.8405635550909312,0.0,2.7141469582307702,0.7581405898354951,0.010245370244005028,2.2636355066802993,none,none,3877,390,assistant,0.2727272727272727,GPT,GPT,GPT,Bicycle
0.5812207179288891,0.17850213113769064,0.012603693722045216,1.901669459261561,0.05122946190685225,0.048914937383769716,0.2900637324028783,none,none,3936,390,user,0.36363636363636365,GPT,GPT,GPT,Bicycle
0.29783249101913284,1.0632151880911456,0.0,2.9010010545868825,0.6324131824028356,0.0,2.0436109404267633,none,none,3941,390,assistant,0.45454545454545453,GPT,GPT,GPT,Bicycle
0.9255939773823681,0.8024944782367203,0.38439702047506286,2.0297506033774413,0.20321201802817457,0.003284626099298517,0.6117595972576637,none,none,3999,390,user,0.5454545454545454,GPT,GPT,GPT,Bicycle
0.31222931045585967,0.7290526501861547,0.0,2.759712814658921,0.6460252644113745,0.03947746822682334,1.5921968157159403,none,none,4000,390,assistant,0.6363636363636364,GPT,GPT,GPT,Bicycle
0.054956788611598334,0.5458084017413827,0.4597718752179588,2.1674553782071193,0.2626671819222036,0.013356554341470078,0.20133521562978704,neutral,none,4092,390,user,0.7272727272727273,GPT,GPT,GPT,Bicycle
0.40613831716492044,0.8210245549918784,0.04218921997237768,2.636535886366364,0.3836994574597067,0.0,1.7854164040001341,none,none,4095,390,assistant,0.8181818181818182,GPT,GPT,GPT,Bicycle
0.5561505667316157,0.17799141496850954,0.11572329473164088,1.5549919918644293,0.2357325615314464,0.023588841778078243,0.5918016631419526,none,none,4115,390,user,0.9090909090909091,GPT,GPT,GPT,Bicycle
0.20877300855454178,1.0856839456746918,0.0,2.7771133712510685,0.7329321428310239,0.0,1.9923788176943091,none,none,4116,390,assistant,1.0,GPT,GPT,GPT,Bicycle
0.01264105741708566,0.00482232955218618,0.0010127110821249242,1.022429168313831,0.001494180507970417,0.0,0.01304334431689544,none,none,3843,391,user,0.0,GPT,GPT,GPT,Bicycle
0.0,0.010089302446681409,0.0,1.0033228817489568,0.0,0.0,0.0,none,clarify,3847,391,assistant,0.047619047619047616,GPT,GPT,GPT,Bicycle
0.015808800612270347,0.9878818465632595,0.0,2.0131812692794533,0.0039453103672834125,0.001571199774892238,0.010197506841155037,none,clarify,3882,391,user,0.09523809523809523,GPT,GPT,GPT,Bicycle
0.7102736196532811,2.0100478516988307,0.0024403823593413046,2.985170155312264,0.8120697092672814,0.038677488275016214,2.859711594442955,none,none,3886,391,assistant,0.14285714285714285,GPT,GPT,GPT,Bicycle
0.03378290675191756,0.10815639636894922,0.05132140462427171,2.009629873208838,0.0,0.0,0.1078502038821957,none,clarify,3927,391,user,0.19047619047619047,GPT,GPT,GPT,Bicycle
0.17442344245522964,2.003684286741231,0.0024403823593413046,3.0,0.6160887675656179,0.0,2.642217394252883,none,none,3929,391,assistant,0.23809523809523808,GPT,GPT,GPT,Bicycle
0.05735823075101978,0.16198521630722176,0.0016071560017747234,1.4573907199128973,0.1872339846142205,0.019231864864246093,0.5329250904157644,none,none,3953,391,user,0.2857142857142857,GPT,GPT,GPT,Bicycle
0.8773336324180525,0.11376546024605082,0.0,2.0531665500678637,0.028119117128092248,0.0,0.07178497282386631,none,open_what_if,3955,391,assistant,0.3333333333333333,GPT,GPT,GPT,Bicycle
0.4843473090640371,0.2645330482452492,0.015603506283894186,2.1494686768638394,0.13479856044430766,0.0,1.4054367259017486,none,none,3995,391,user,0.38095238095238093,GPT,GPT,GPT,Bicycle
0.2351934743052408,1.608461318494503,0.12205519765335489,2.8382477856762427,0.6165242682627882,0.0,2.4339882602194582,none,none,3997,391,assistant,0.42857142857142855,GPT,GPT,GPT,Bicycle
0.7498281473408502,0.7392890684131734,0.0028878112517992725,1.9698674696274021,0.08817853072654121,0.0,1.3378886878349485,none,none,4022,391,user,0.47619047619047616,GPT,GPT,GPT,Bicycle
0.004966279067955362,1.9102457273086098,0.9139791595855071,2.886688353365871,0.49956852578921024,0.12367058524467538,2.5381983390724483,constructive,none,4024,391,assistant,0.5238095238095238,GPT,GPT,GPT,Bicycle
1.040396725789032,0.9317458914933314,0.0,2.002180863958447,0.9074480549343319,0.0,0.9857817092463985,none,none,4059,391,user,0.5714285714285714,GPT,GPT,GPT,Bicycle
0.18975385138101267,1.810770146549503,0.10572947947008761,2.9234221318929974,0.5902405649679948,0.0,2.7550770159280717,none,none,4063,391,assistant,0.6190476190476191,GPT,GPT,GPT,Bicycle
0.47249075550018604,0.0,0.9321853611229775,1.8281786068819412,0.3082186042517243,0.0,1.3651570546657046,constructive,none,4091,391,user,0.6666666666666666,GPT,GPT,GPT,Bicycle
0.5226171419876083,1.7402529807671108,0.174171259876783,2.601865104217945,0.508056517280738,0.015934619262544657,2.558475997870182,none,none,4094,391,assistant,0.7142857142857143,GPT,GPT,GPT,Bicycle
0.4678538878521722,0.165906974771071,0.11381480592162162,1.4892111072798135,0.7157165378269297,0.03281247725473955,0.8926852618635513,none,none,4112,391,user,0.7619047619047619,GPT,GPT,GPT,Bicycle
0.7300541662404788,1.722805294512668,0.0,2.5581852660879885,0.5335499129053822,0.03287967167397094,2.593129481189507,none,none,4114,391,assistant,0.8095238095238095,GPT,GPT,GPT,Bicycle
0.1752616224195439,0.4134161165691551,0.11253031473680514,1.3801867331341329,0.07757110807794397,0.0,0.4128437413874574,none,none,4136,391,user,0.8571428571428571,GPT,GPT,GPT,Bicycle
0.0,2.0406057180336967,0.00043168191414847984,2.988650868180198,0.9597508927148135,0.0,2.910582729419326,none,none,4139,391,assistant,0.9047619047619048,GPT,GPT,GPT,Bicycle
0.456915375643877,0.2767395428765014,0.07655669537428865,2.133467626160849,0.5102104433523236,0.0,1.2564159516123932,none,none,4175,391,user,0.9523809523809523,GPT,GPT,GPT,Bicycle
0.09141472102953142,1.707474677008924,0.24739055638396187,2.6328912431998637,0.6789170273133897,0.05133079682889578,2.2115700831586342,none,none,4177,391,assistant,1.0,GPT,GPT,GPT,Bicycle
0.01264105741708566,0.00482232955218618,0.0010127110821249242,1.022429168313831,0.001494180507970417,0.0,0.01304334431689544,none,none,3845,392,user,0.0,GPT,GPT,GPT,Bicycle
0.0,0.010089302446681409,0.0,1.0033228817489568,0.0,0.0,0.0,none,clarify,3851,392,assistant,0.023255813953488372,GPT,GPT,GPT,Bicycle
0.08660436652911371,0.18726140758627757,0.07969204242876765,1.4966217060619804,0.23221687451940212,0.015319689655866735,0.36206467320070823,none,none,3866,392,user,0.046511627906976744,GPT,GPT,GPT,Bicycle
0.36650471373749394,0.8719682306226082,0.2641753601764346,1.961452955585985,0.3174995641075471,0.029818386185335097,0.2256821415901915,none,criteria_setting,3869,392,assistant,0.06976744186046512,GPT,GPT,GPT,Bicycle
0.015808800612270347,0.9878818465632595,0.0,2.0131812692794533,0.0039453103672834125,0.001571199774892238,0.010197506841155037,none,clarify,3895,392,user,0.09302325581395349,GPT,GPT,GPT,Bicycle
0.2847683314123179,1.975797667898868,0.052038702718142114,2.4521406976542113,0.472674085191629,0.01523007897876792,2.107427400915204,none,open_what_if,3902,392,assistant,0.11627906976744186,GPT,GPT,GPT,Bicycle
0.18511676189808818,0.1839191108681461,0.21501873811619573,1.6381176439644338,0.06353993537427777,0.0952627734629795,0.0,none,none,3917,392,user,0.13953488372093023,GPT,GPT,GPT,Bicycle
0.4682920644608595,2.1277221211644606,0.008486438703737475,2.323695206000007,0.7487876857674233,0.017373477078295188,1.344770397046353,none,none,3920,392,assistant,0.16279069767441862,GPT,GPT,GPT,Bicycle
0.7595893326503756,0.3848201254165635,0.030726325230821996,2.0760924758359582,0.6200397685101824,0.009361588610280261,1.115783341882581,none,none,3988,392,user,0.18604651162790697,GPT,GPT,GPT,Bicycle
0.539366458403875,1.7503663093468738,0.14475687739046755,2.5765162539037063,0.3284132811917003,0.11471756204072035,1.1001320265795294,none,open_what_if,3990,392,assistant,0.20930232558139536,GPT,GPT,GPT,Bicycle
0.1450028819583773,0.39463430092349466,0.0,1.860351941302125,0.18258540875989573,0.0,0.6019823522725665,none,none,4001,392,user,0.23255813953488372,GPT,GPT,GPT,Bicycle
0.5339289348721705,1.7988489272898247,0.03828899742284995,2.425250244647567,0.31962315152395276,0.12065822981250211,1.6130739960972613,none,open_what_if,4002,392,assistant,0.2558139534883721,GPT,GPT,GPT,Bicycle
0.3820377858092738,0.30397466571797094,0.01804352135183812,2.1286262470545823,0.5035670913539896,0.09929278201569927,1.1316446130801376,none,none,4029,392,user,0.27906976744186046,GPT,GPT,GPT,Bicycle
0.3680725294424152,1.9711040685857637,0.0,2.2862878798609128,0.21244130918866447,0.010759863797983634,1.7142356853248728,none,open_what_if,4030,392,assistant,0.3023255813953488,GPT,GPT,GPT,Bicycle
0.05505484383732823,0.3140157898304395,0.0,1.5709152911447315,0.19842563128150062,0.0,0.3654181623884562,none,none,4045,392,user,0.32558139534883723,GPT,GPT,GPT,Bicycle
0.5387352705818659,1.693737228500921,0.009985372033866605,2.328232193306883,0.5423761138962948,0.019874851556916238,1.4201224818917355,none,open_what_if,4046,392,assistant,0.3488372093023256,GPT,GPT,GPT,Bicycle
0.0,0.32908111108536914,0.006063683405336091,1.887186279051162,0.2755512479598798,0.10376892196860696,0.41715020556798005,none,none,4057,392,user,0.37209302325581395,GPT,GPT,GPT,Bicycle
0.4672609473758145,2.073355936284388,0.017622560430312455,2.524166941187698,0.5981453404562724,0.006442805834793183,1.5243435468504973,none,criteria_setting,4058,392,assistant,0.3953488372093023,GPT,GPT,GPT,Bicycle
0.28789196878258194,0.19546204983583393,0.035047444597479875,1.196588420589006,0.139353234891461,0.04989341977583586,0.17644753069398936,none,none,4072,392,user,0.4186046511627907,GPT,GPT,GPT,Bicycle
0.7511430530169951,1.8801672786828063,0.0,2.4105416538403377,0.3967883870187933,0.23725453925189183,1.1182255776306667,none,open_what_if,4074,392,assistant,0.4418604651162791,GPT,GPT,GPT,Bicycle
0.3980258475456756,0.2535949497947098,0.23181604116226823,1.454573222207433,0.29544227128122247,0.06422211229603496,0.5505887673643235,none,none,4093,392,user,0.46511627906976744,GPT,GPT,GPT,Bicycle
0.6804648314929519,1.424463030291666,0.06860777539313523,2.3069120462569552,0.2863936956910688,0.00603981342792287,1.4333267779312167,none,open_what_if,4096,392,assistant,0.4883720930232558,GPT,GPT,GPT,Bicycle
0.1055023721902966,0.24962476466030964,0.0,2.0169887671764104,0.056820843010762456,0.005015802229733914,0.24254041536317658,none,none,4109,392,user,0.5116279069767442,GPT,GPT,GPT,Bicycle
0.5734514762417834,1.8551498067978145,0.0,2.1993701286839684,0.608372739602643,0.020780469643146064,1.456058669452403,none,open_what_if,4110,392,assistant,0.5348837209302325,GPT,GPT,GPT,Bicycle
0.4742945030095335,0.4743921230884481,0.7871117715312322,1.924358594222173,0.06713246694479101,0.045676367706686614,0.28404521749376216,none,none,4125,392,user,0.5581395348837209,GPT,GPT,GPT,Bicycle
0.5593005536028848,1.9384488114094922,0.0,2.456055981297685,0.74629713382473,0.0966060444431377,0.9885023784849819,none,open_what_if,4126,392,assistant,0.5813953488372093,GPT,GPT,GPT,Bicycle
0.4434920469149424,0.41986268048592734,0.20188961677037892,2.1083493748123114,0.22640043617135475,0.0,0.934177846396744,none,none,4167,392,user,0.6046511627906976,GPT,GPT,GPT,Bicycle
0.8570812754323287,1.4255995956178347,0.2553400826454153,2.165131671573227,0.5279385297057844,0.4467024312194528,1.0457346463360282,none,open_what_if,4168,392,assistant,0.627906976744186,GPT,GPT,GPT,Bicycle
0.03791190175329888,0.5030860414302175,0.0007498081276178972,1.1378679869950623,0.48723441096636966,0.0,0.4369885322795398,none,none,4179,392,user,0.6511627906976745,GPT,GPT,GPT,Bicycle
0.21518503459485253,0.9375970209593715,0.007140297179402628,2.4679560997144088,0.535954668834097,0.0,0.15845886783377627,none,criteria_setting,4180,392,assistant,0.6744186046511628,GPT,GPT,GPT,Bicycle
0.5389150455868401,0.345963518620727,0.18176073545153462,2.0796379884638765,0.423146919187171,0.0,0.48785917691141817,none,none,4197,392,user,0.6976744186046512,GPT,GPT,GPT,Bicycle
0.28930020405331563,1.9343786923383715,0.04408957688315495,2.5919993518890334,0.46302114509250847,0.10793327242440337,1.4554082262432664,none,open_what_if,4198,392,assistant,0.7209302325581395,GPT,GPT,GPT,Bicycle
0.063966066444247,0.26257595289773555,0.0,1.4793215752113689,0.028742607738745485,0.5247999741539436,0.1041384935217648,none,none,4206,392,user,0.7441860465116279,GPT,GPT,GPT,Bicycle
0.23792101377949196,2.2647567747807824,0.023311489873458158,2.579787286053039,0.6270351291979698,0.09466882689794684,1.6177531176500857,none,criteria_setting,4208,392,assistant,0.7674418604651163,GPT,GPT,GPT,Bicycle
0.20174708209046652,0.00972683347644202,0.003632278381628104,1.4215567479508306,0.14892425306224016,0.0,0.192249179163098,none,none,4217,392,user,0.7906976744186046,GPT,GPT,GPT,Bicycle
0.29043842234628514,1.8722077200346225,0.0,2.4117337597608532,0.7614402756698546,0.003765989047736472,1.5122219942900708,none,criteria_setting,4218,392,assistant,0.813953488372093,GPT,GPT,GPT,Bicycle
0.0470908477851171,0.2908407814742864,0.004769563291996144,1.3378889288708875,0.22725962552739415,0.1038386014653435,0.30659012585755974,none,none,4221,392,user,0.8372093023255814,GPT,GPT,GPT,Bicycle
0.48744540290442817,2.004839345775321,0.05818591824272533,2.724438729142508,0.7155374825060197,0.061609271174029256,1.6230446174594615,none,criteria_setting,4222,392,assistant,0.8604651162790697,GPT,GPT,GPT,Bicycle
0.17394131622832215,0.12597692614496964,0.0510678331022935,1.8292205412471347,0.24375947180132382,0.0,0.5400464277814173,none,none,4233,392,user,0.8837209302325582,GPT,GPT,GPT,Bicycle
0.4650830253965697,1.7868799216727078,0.009050218072362724,2.121936496858618,0.4877139977796318,0.0,1.6721669858403718,none,open_what_if,4234,392,assistant,0.9069767441860465,GPT,GPT,GPT,Bicycle
0.14211181960668798,0.6444856127582586,0.07262275692159154,1.9621897398297772,0.836804934196961,0.0,0.6148919627919378,none,none,4240,392,user,0.9302325581395349,GPT,GPT,GPT,Bicycle
0.5262050449979815,1.879174550366751,0.008476589370155687,2.4820040391576126,0.7677351534672683,0.03644266676587201,1.374802855180342,none,open_what_if,4243,392,assistant,0.9534883720930233,GPT,GPT,GPT,Bicycle
0.28789196878258194,0.19546204983583393,0.035047444597479875,1.196588420589006,0.21208412072255906,0.04989341977583586,0.2098402166716356,none,none,4255,392,user,0.9767441860465116,GPT,GPT,GPT,Bicycle
1.2038377168148116,1.5436206252037967,0.0,2.414801080943296,0.7190327031517748,0.010561738487766115,1.3887245685226306,none,open_what_if,4256,392,assistant,1.0,GPT,GPT,GPT,Bicycle
0.01264105741708566,0.00482232955218618,0.0010127110821249242,1.022429168313831,0.001494180507970417,0.0,0.01304334431689544,none,none,3848,393,user,0.0,GPT,GPT,GPT,Bicycle
0.0,0.010089302446681409,0.0,1.0033228817489568,0.0,0.0,0.0,none,clarify,3854,393,assistant,0.047619047619047616,GPT,GPT,GPT,Bicycle
0.015808800612270347,0.9878818465632595,0.0,2.0131812692794533,0.0039453103672834125,0.001571199774892238,0.010197506841155037,none,clarify,3894,393,user,0.09523809523809523,GPT,GPT,GPT,Bicycle
0.12663630739399873,1.7153001277611435,0.10572947947008761,2.944710709673805,0.7753828590619121,0.0,2.5158179470308815,none,none,3900,393,assistant,0.14285714285714285,GPT,GPT,GPT,Bicycle
0.5191509874273084,0.42081257680532536,0.025759758457751344,1.735577375243946,0.0,0.4564626674934939,0.3817572314818979,none,clarify,3923,393,user,0.19047619047619047,GPT,GPT,GPT,Bicycle
0.7484196326781779,1.5983313855181613,0.06840316013473807,2.1652510875363027,0.6424991779731437,0.5214292486441946,1.3009424292436464,none,none,3924,393,assistant,0.23809523809523808,GPT,GPT,GPT,Bicycle
0.010559559902218475,0.3375243610786238,0.024287925399253323,1.900799562437483,0.40311053631702987,0.12486295590895746,0.73158820710791,none,none,3949,393,user,0.2857142857142857,GPT,GPT,GPT,Bicycle
0.30418007659270196,2.223816901666173,0.0,2.8557904743228897,0.8308811792471323,0.06457466581768824,2.071537763652742,none,none,3951,393,assistant,0.3333333333333333,GPT,GPT,GPT,Bicycle
0.7128834891532508,0.2999765994426833,0.11323566548745478,2.1450374982066176,0.12895731264881713,0.0,0.7225090720294857,none,none,3979,393,user,0.38095238095238093,GPT,GPT,GPT,Bicycle
0.27554532500548334,1.930483397593461,0.0,2.71297132524266,0.6764436265283219,0.07753314134645388,1.9798718423545838,none,none,3982,393,assistant,0.42857142857142855,GPT,GPT,GPT,Bicycle
0.5502337344800562,1.6518268759776968,0.10932253238996562,2.618205226288295,0.5934653018844412,0.005057654175069754,2.1394481075214804,none,none,4036,393,user,0.47619047619047616,GPT,GPT,GPT,Bicycle
0.3245524887725834,1.4787454060351184,0.10729741001011223,2.6918975433715358,0.7477365053782743,0.0690828137471693,1.6601214367915456,none,none,4040,393,assistant,0.5238095238095238,GPT,GPT,GPT,Bicycle
0.4321721581793832,0.5441356875925629,0.042450807273124454,1.8701653398607003,0.06978016457117234,0.0011254698100535297,1.6781555896017957,none,none,4085,393,user,0.5714285714285714,GPT,GPT,GPT,Bicycle
0.6078083342075552,1.9285390766500152,0.28273055474873515,2.5956997487381113,0.6946999646635629,0.0,2.430643739293439,none,none,4086,393,assistant,0.6190476190476191,GPT,GPT,GPT,Bicycle
0.28631658071552263,0.4976585959670804,0.06523613715855411,1.8284779595616467,0.28246557101012953,0.031060341469910584,0.9791055481638836,none,none,4127,393,user,0.6666666666666666,GPT,GPT,GPT,Bicycle
0.14026081087449477,1.866101822175596,0.0,2.5809220212303883,0.7300177394379037,0.02832801557627568,1.8231323791916583,none,none,4128,393,assistant,0.7142857142857143,GPT,GPT,GPT,Bicycle
0.12190774524843738,0.556942515095124,0.0028610478874404517,1.0533655318498705,0.0,0.0,0.9481579084622698,none,clarify,4138,393,user,0.7619047619047619,GPT,GPT,GPT,Bicycle
0.12774514215651137,2.15679319309376,0.0,2.8760963981505796,0.7517031671013897,0.0001657092739039258,2.3349053861291797,none,none,4140,393,assistant,0.8095238095238095,GPT,GPT,GPT,Bicycle
0.373938718575599,0.37846895741952147,0.09534993797127549,1.8568556089273245,0.2763549005950258,0.045785162721958275,0.21911820162245177,none,none,4152,393,user,0.8571428571428571,GPT,GPT,GPT,Bicycle
0.37043568869332844,1.8878974436954539,0.01196404175858907,2.953025644464348,0.7346266593017914,0.0858386796794911,2.1060829723036165,none,none,4154,393,assistant,0.9047619047619048,GPT,GPT,GPT,Bicycle
0.28754648307247677,0.1499409534923195,0.0938942853311188,2.051266332981922,0.5167316457812678,0.4457431625492976,1.1601804005532934,none,none,4215,393,user,0.9523809523809523,GPT,GPT,GPT,Bicycle
0.35895191602570475,1.9499144714873982,0.45890227456317706,2.656241948138556,0.6841964514592789,0.08372722762571265,1.8181261527995627,none,none,4216,393,assistant,1.0,GPT,GPT,GPT,Bicycle
0.01264105741708566,0.00482232955218618,0.0010127110821249242,1.022429168313831,0.001494180507970417,0.0,0.01304334431689544,none,none,3850,394,user,0.0,GPT,GPT,GPT,Bicycle
0.0,0.08336117221917082,0.0,1.02388464950815,0.06880326256823865,0.0,0.011024424504684901,none,clarify,3856,394,assistant,0.058823529411764705,GPT,GPT,GPT,Bicycle
0.015808800612270347,0.9878818465632595,0.0,2.0131812692794533,0.0039453103672834125,0.001571199774892238,0.010197506841155037,none,clarify,3887,394,user,0.11764705882352941,GPT,GPT,GPT,Bicycle
0.17154483853108576,1.8517031875021155,0.10545962196023755,2.7199460351881393,0.6647822023018571,0.0029247262592788405,2.3617107602545033,none,none,3890,394,assistant,0.17647058823529413,GPT,GPT,GPT,Bicycle
0.7767396637083274,0.36606409384901156,0.07030336420146226,2.2884968406353914,0.2693042375522545,0.08823701991467894,1.0135717402445472,none,clarify,3913,394,user,0.23529411764705882,GPT,GPT,GPT,Bicycle
1.2840275777806478,1.8161105254915955,0.0065874742669021855,2.894942432960616,0.495226314873901,0.08146143190597238,2.457055745234628,none,none,3914,394,assistant,0.29411764705882354,GPT,GPT,GPT,Bicycle
0.9275478235373861,0.5506578021758585,0.04218921997237768,2.025654254172286,0.0,0.48569220689612164,0.5353488092996341,none,clarify,3921,394,user,0.35294117647058826,GPT,GPT,GPT,Bicycle
0.3251571835942129,2.168304699303565,0.009050218072362724,2.4873241876308496,0.49436279961506685,0.10921644752654569,1.7171070199633636,none,none,3922,394,assistant,0.4117647058823529,GPT,GPT,GPT,Bicycle
0.19742081897921962,0.3237103331712824,0.044018950601579655,1.5314703506999807,0.41040570179772234,0.003002682272796106,1.3744808861104016,none,clarify,3925,394,user,0.47058823529411764,GPT,GPT,GPT,Bicycle
0.23639435419453197,1.8795213202944967,0.1486024233383625,2.6447124233424213,0.7995235724041361,0.0,2.5479995419347543,none,none,3926,394,assistant,0.5294117647058824,GPT,GPT,GPT,Bicycle
0.3141732857893606,0.39327141646387986,0.3154023165486412,1.646624293195703,0.23360481475649814,0.0,0.8423507971411042,none,clarify,3960,394,user,0.5882352941176471,GPT,GPT,GPT,Bicycle
0.45066682741768704,1.6789371061642084,0.0,2.7683843077061865,0.7376251225689296,0.0,2.147782709458741,none,none,3962,394,assistant,0.6470588235294118,GPT,GPT,GPT,Bicycle
0.7546726593313076,0.2034487905683924,0.004136512713024795,1.7619694908382266,0.06017115675590201,0.05068481116576367,0.36299272266209864,none,clarify,3965,394,user,0.7058823529411765,GPT,GPT,GPT,Bicycle
0.6125329712159847,1.6475184295371208,0.0662733314259055,2.5197256653931386,0.5095649336447103,0.06148395425067439,0.9302982928259993,none,none,3967,394,assistant,0.7647058823529411,GPT,GPT,GPT,Bicycle
0.48799123895508795,0.19314939368944703,0.23949029729884316,1.1910828577110948,0.1524850124712412,0.008529974529541812,0.42455810989206505,none,clarify,3980,394,user,0.8235294117647058,GPT,GPT,GPT,Bicycle
0.8671048327228736,1.3934497538907236,0.16822750381919177,2.238694376288632,0.4439870599724159,0.2532578770517297,0.7492057638092755,none,none,3983,394,assistant,0.8823529411764706,GPT,GPT,GPT,Bicycle
0.01264105741708566,0.00482232955218618,0.0010127110821249242,1.022429168313831,0.07422506633906799,0.0,0.029386301752469153,none,none,4257,394,user,0.9411764705882353,GPT,GPT,GPT,Bicycle
0.0,0.08336117221917082,0.0,1.02388464950815,0.07414525588261889,0.0,0.03698363281989919,none,clarify,4258,394,assistant,1.0,GPT,GPT,GPT,Bicycle
0.01264105741708566,0.00482232955218618,0.0010127110821249242,1.022429168313831,0.001494180507970417,0.0,0.01304334431689544,none,none,3853,396,user,0.0,GPT,GPT,GPT,Bicycle
0.0,0.010089302446681409,0.0,1.0033228817489568,0.0,0.0,0.0,none,clarify,3861,396,assistant,0.047619047619047616,GPT,GPT,GPT,Bicycle
0.015808800612270347,0.9878818465632595,0.0,2.0131812692794533,0.0039453103672834125,0.001571199774892238,0.010197506841155037,none,clarify,3878,396,user,0.09523809523809523,GPT,GPT,GPT,Bicycle
0.6008450889753816,1.7670097756482426,0.11269577081466942,2.425100698529957,0.6706049878357228,0.04565641921134668,2.3264275467491444,none,none,3883,396,assistant,0.14285714285714285,GPT,GPT,GPT,Bicycle
0.4423490022029141,0.4096208457487496,0.01117412000444883,1.7117118826784585,0.059950235497289256,0.0,0.8240831012926984,none,none,3931,396,user,0.19047619047619047,GPT,GPT,GPT,Bicycle
0.35864165473345827,1.3592351386397514,0.0,2.709701143049372,0.7638545006496283,0.0,2.354086171150125,none,none,3932,396,assistant,0.23809523809523808,GPT,GPT,GPT,Bicycle
0.43494864016851037,0.6767242985093698,0.0,2.2364305295485543,0.2905131050659184,0.014615749451311805,1.525616110790008,none,none,3969,396,user,0.2857142857142857,GPT,GPT,GPT,Bicycle
0.23192516311662625,1.490819431751299,0.06916793130775581,2.348279320385432,0.46987449246225066,0.001006730656953258,1.9585452955286138,none,none,3973,396,assistant,0.3333333333333333,GPT,GPT,GPT,Bicycle
0.11044038909603833,0.03262420691336236,0.0,2.0328170010810163,0.0,0.00704247512528727,0.19084038580813756,none,clarify,4065,396,user,0.38095238095238093,GPT,GPT,GPT,Bicycle
0.5240172663639786,0.1566834357451441,0.0,2.432364160680329,0.4578269030957868,0.03172002478093632,1.3553522739388533,none,none,4066,396,assistant,0.42857142857142855,GPT,GPT,GPT,Bicycle
0.3931826632138245,0.5742476943645237,0.20566110401583537,2.221965711751104,0.33518190624518424,0.0,1.7650234788496215,none,none,4119,396,user,0.47619047619047616,GPT,GPT,GPT,Bicycle
0.5964144098207304,1.6245927379794958,0.0,2.686272758053436,0.7519556685443995,0.0,1.607578160715225,none,none,4121,396,assistant,0.5238095238095238,GPT,GPT,GPT,Bicycle
0.7380363699698961,0.6139618982283365,0.0,2.287004641099428,0.5192269479539872,0.0,1.4651291085631095,none,none,4169,396,user,0.5714285714285714,GPT,GPT,GPT,Bicycle
0.6974267870651102,0.6141070009955206,0.0,2.4447193122803768,0.8739638153301513,0.0,1.6295772409795288,none,none,4171,396,assistant,0.6190476190476191,GPT,GPT,GPT,Bicycle
0.47458843593503147,0.4938979530231421,0.09213541934845443,2.0584593124979698,0.561694454473149,0.0,1.1954629436026345,none,none,4199,396,user,0.6666666666666666,GPT,GPT,GPT,Bicycle
1.1636768256373013,1.209503435174295,0.0,2.5239197265346767,0.7377922246299973,0.014094015018070446,1.8314774289610818,none,none,4200,396,assistant,0.7142857142857143,GPT,GPT,GPT,Bicycle
0.4756338560982563,0.138019419651646,0.015074342553976555,2.135281516049704,0.2844756726730964,0.0,0.9262617032816785,none,none,4227,396,user,0.7619047619047619,GPT,GPT,GPT,Bicycle
0.604815789822974,2.0935574732303506,0.0,2.532734148822827,0.7141241197426393,0.0,2.323537513192029,none,none,4228,396,assistant,0.8095238095238095,GPT,GPT,GPT,Bicycle
0.1209684097723316,0.3088815665158005,0.02618564549655627,1.6173170148742488,0.7970832324165039,0.0,1.1982763255903335,none,none,4239,396,user,0.8571428571428571,GPT,GPT,GPT,Bicycle
1.2381450128741476,0.6798411522943668,0.0,2.452696515523557,0.5530946060253387,0.006580073610950618,1.6547069694411807,none,none,4242,396,assistant,0.9047619047619048,GPT,GPT,GPT,Bicycle
0.17999513735378214,0.30203248581651415,0.01117412000444883,1.6543219922872634,0.1371519894107667,0.01596356698966247,0.5319209187049508,none,none,4249,396,user,0.9523809523809523,GPT,GPT,GPT,Bicycle
0.9753286429885253,1.2887172550922026,0.013094138534216095,2.617012763960929,0.6301962844383198,0.04104408109945496,2.584927220340563,none,none,4251,396,assistant,1.0,GPT,GPT,GPT,Bicycle
0.01264105741708566,0.00482232955218618,0.0010127110821249242,1.022429168313831,0.001494180507970417,0.0,0.01304334431689544,none,none,3855,397,user,0.0,GPT,GPT,GPT,Bicycle
0.0,0.010089302446681409,0.0,1.0033228817489568,0.0,0.0,0.0,none,clarify,3863,397,assistant,0.05263157894736842,GPT,GPT,GPT,Bicycle
0.015808800612270347,0.9878818465632595,0.0,2.0131812692794533,0.0039453103672834125,0.001571199774892238,0.010197506841155037,none,clarify,3904,397,user,0.10526315789473684,GPT,GPT,GPT,Bicycle
0.0,1.7392430615884176,0.0024403823593413046,2.9002309134881266,0.7093812977914733,0.0,2.3487762214246533,none,none,3906,397,assistant,0.15789473684210525,GPT,GPT,GPT,Bicycle
0.7780771762629236,1.2997124593759928,0.0,2.267205208438455,0.5599234046373213,0.05661582910127996,1.7888624490653031,none,none,3940,397,user,0.21052631578947367,GPT,GPT,GPT,Bicycle
0.7495426654310552,1.4886819085583805,0.0,2.7235158941244855,0.6996730166463827,0.00663527686420077,2.1620838785479024,none,none,3942,397,assistant,0.2631578947368421,GPT,GPT,GPT,Bicycle
0.9216329768935387,0.6912718560426455,0.0,1.8313208301725004,0.3120567989270486,0.0,0.2899685846170493,none,open_what_if,3970,397,user,0.3157894736842105,GPT,GPT,GPT,Bicycle
0.24166334466462705,1.5455785833669262,0.011177512532831337,2.36016636904307,0.7099238869700354,0.0,2.555988757941677,none,none,3977,397,assistant,0.3684210526315789,GPT,GPT,GPT,Bicycle
0.23354135659779768,0.4227235717637872,0.0065874742669021855,1.2196740363867693,0.0,0.0,1.0653253918160095,none,clarify,3986,397,user,0.42105263157894735,GPT,GPT,GPT,Bicycle
0.5881225282514422,1.3155704760029465,0.003021411527317745,2.796248078675163,0.5844940539433671,0.007131671875276322,2.184354464394574,none,none,3989,397,assistant,0.47368421052631576,GPT,GPT,GPT,Bicycle
0.3104295221658136,0.46889475514383605,0.012215616112519052,1.1029485067303726,0.0045019953987398,0.02727623768406982,0.5360437166966886,none,clarify,4013,397,user,0.5263157894736842,GPT,GPT,GPT,Bicycle
0.28169335948684654,1.453191465030929,0.0,2.7183162039201796,0.9171605627316052,0.0,2.315253086437628,none,none,4014,397,assistant,0.5789473684210527,GPT,GPT,GPT,Bicycle
0.2538487849464767,0.8794452167767893,0.0,2.1628726632962665,0.5274011658218595,0.0,1.7854571362551415,none,none,4060,397,user,0.631578947368421,GPT,GPT,GPT,Bicycle
0.12273400342736007,1.3632628281181163,0.0,2.7226895508048994,0.6706858029669915,0.014821354464010018,2.5244892041339835,none,none,4064,397,assistant,0.6842105263157895,GPT,GPT,GPT,Bicycle
0.5005761482089621,0.6541177652667237,0.0,1.694050778895291,0.2134801295613587,0.07376961234918555,0.7532167898741828,none,clarify,4135,397,user,0.7368421052631579,GPT,GPT,GPT,Bicycle
0.6010796589878222,1.442449191010848,0.005016395247316515,2.753193072380698,0.7316916663887949,0.0,2.470609088089938,none,none,4137,397,assistant,0.7894736842105263,GPT,GPT,GPT,Bicycle
0.6587105948425732,0.6266156130383193,0.0,2.061206179124292,0.09707086882266502,0.0,1.080047406679849,none,none,4155,397,user,0.8421052631578947,GPT,GPT,GPT,Bicycle
0.9054114499153871,1.7230956383131855,0.009050218072362724,2.478069563568482,0.5873453513431983,0.0,2.262983173401938,none,none,4157,397,assistant,0.8947368421052632,GPT,GPT,GPT,Bicycle
0.7261800393982406,0.3269108691267794,0.0,1.598131597968333,0.27205923828019307,0.0733614272409172,0.6811707976780687,none,none,4181,397,user,0.9473684210526315,GPT,GPT,GPT,Bicycle
1.0517959321354187,1.4910229772619583,0.0,2.489654363282419,0.6846530719147023,0.07666370887136235,2.322744127002467,none,none,4182,397,assistant,1.0,GPT,GPT,GPT,Bicycle
0.01264105741708566,0.00482232955218618,0.0010127110821249242,1.022429168313831,0.001494180507970417,0.0,0.01304334431689544,none,none,3859,398,user,0.0,GPT,GPT,GPT,Bicycle
0.0,0.010089302446681409,0.0,1.0033228817489568,0.0,0.0,0.0,none,clarify,3864,398,assistant,0.05263157894736842,GPT,GPT,GPT,Bicycle
0.015808800612270347,0.9878818465632595,0.0,2.0131812692794533,0.0039453103672834125,0.001571199774892238,0.010197506841155037,none,clarify,3874,398,user,0.10526315789473684,GPT,GPT,GPT,Bicycle
0.06089676236331804,1.8313615413276119,0.06153777406230194,2.865719343951924,0.6954816268578559,0.017420424273985338,2.5058744211308506,none,none,3881,398,assistant,0.15789473684210525,GPT,GPT,GPT,Bicycle
0.682503368499698,0.30536235204450196,0.003021411527317745,1.9066051353479225,0.07556243147435913,0.028882665650158113,1.4620756245443627,none,none,3981,398,user,0.21052631578947367,GPT,GPT,GPT,Bicycle
0.22616824679427017,2.060490107784639,0.002553651441855991,2.3451298781764764,0.4320088152657754,0.0309163670555353,1.9732853282604257,none,none,3984,398,assistant,0.2631578947368421,GPT,GPT,GPT,Bicycle
0.4905183708839951,0.4033934503433648,1.1180517978816313,1.2953471072359952,0.27080292450503546,0.010081958003276634,0.07787662136994523,neutral,clarify,4015,398,user,0.3157894736842105,GPT,GPT,GPT,Bicycle
0.5386013265614681,0.37305042092851526,0.0,1.7832425962598695,0.22319498199485885,0.0,0.1862388427075378,none,open_what_if,4016,398,assistant,0.3684210526315789,GPT,GPT,GPT,Bicycle
0.22367650442937567,0.4263098477436845,0.01136475852287174,2.322623637923534,0.6622424957131545,0.0,1.2751057435717124,none,none,4047,398,user,0.42105263157894735,GPT,GPT,GPT,Bicycle
0.06981511806975463,1.3846131369788703,0.0,2.665661085040521,1.0417337272734883,0.0,1.1884547550949518,none,none,4048,398,assistant,0.47368421052631576,GPT,GPT,GPT,Bicycle
0.3575431740067917,0.5260937945358185,0.0,1.8742807218290307,0.13302520537789383,0.0,1.0957727397769617,none,none,4071,398,user,0.5263157894736842,GPT,GPT,GPT,Bicycle
0.43461555108484884,0.5440235869537083,0.20027931603880064,2.4156778286052574,0.4193605921164765,0.04458258608412827,1.2678838994499535,none,none,4073,398,assistant,0.5789473684210527,GPT,GPT,GPT,Bicycle
0.2689848697511819,0.727655877520318,0.006921634076845471,1.8981286150839212,0.5724484123311464,0.009027615491766882,1.6576816752303243,none,none,4123,398,user,0.631578947368421,GPT,GPT,GPT,Bicycle
0.467706720730422,0.9345787559025259,0.27342549769702545,2.2739134537349637,0.8496003655229649,0.5814004516125241,2.011765436780787,none,none,4124,398,assistant,0.6842105263157895,GPT,GPT,GPT,Bicycle
0.23779141782578378,0.1295711988838317,0.11684729716537523,2.269344223215099,0.34194446564153974,0.0,1.2253587565743516,none,none,4184,398,user,0.7368421052631579,GPT,GPT,GPT,Bicycle
0.17202783220420437,2.0494102013143385,0.0,2.6993642528346014,0.5158782849730174,0.0,2.496927426363557,none,none,4188,398,assistant,0.7894736842105263,GPT,GPT,GPT,Bicycle
0.08543572453988879,0.327384780742703,0.035096302029798444,2.0795908526146154,0.4156596754144434,0.1287853027937963,0.9868780265970147,none,none,4211,398,user,0.8421052631578947,GPT,GPT,GPT,Bicycle
0.8934703810501811,0.888048946052357,0.18673395939538404,2.579320446986922,0.6175336427677076,0.0,1.236282231962453,none,none,4214,398,assistant,0.8947368421052632,GPT,GPT,GPT,Bicycle
0.3067506867041982,0.20565257216037797,0.11883952858761487,2.020420968512454,0.3381697414215759,0.0,0.7831832757219015,none,none,4241,398,user,0.9473684210526315,GPT,GPT,GPT,Bicycle
0.4113554873882871,0.5747144153783171,0.18176344958221877,2.4399744929075853,0.37100464636533087,0.0,1.544267406059133,none,none,4244,398,assistant,1.0,GPT,GPT,GPT,Bicycle
0.01264105741708566,0.00482232955218618,0.0010127110821249242,1.022429168313831,0.001494180507970417,0.0,0.01304334431689544,none,none,3857,399,user,0.0,GPT,GPT,GPT,Bicycle
0.0,0.010089302446681409,0.0,1.0033228817489568,0.0,0.0,0.0,none,clarify,3862,399,assistant,0.07692307692307693,GPT,GPT,GPT,Bicycle
0.015808800612270347,0.9878818465632595,0.0,2.0131812692794533,0.0039453103672834125,0.001571199774892238,0.010197506841155037,none,clarify,3892,399,user,0.15384615384615385,GPT,GPT,GPT,Bicycle
0.0,1.8558395650836434,0.0,2.874928922998875,0.9073817024783913,0.0,1.9763199609023014,none,none,3897,399,assistant,0.23076923076923078,GPT,GPT,GPT,Bicycle
0.36966126119934595,0.64979242442262,0.006802658439726919,2.0533134566668783,0.1635965569786584,0.008735199636061742,1.5420032458874149,none,none,3934,399,user,0.3076923076923077,GPT,GPT,GPT,Bicycle
0.8853623595617955,0.9996778207364206,0.05491878224563256,2.653522554171321,0.5389032319751004,0.06979683871088845,1.6981973088171005,none,none,3938,399,assistant,0.38461538461538464,GPT,GPT,GPT,Bicycle
0.3648176768385835,0.5031383988642725,0.03634992112456647,2.1298732697608846,0.3539928627108275,0.003255482793689437,1.85124942602956,none,none,4035,399,user,0.46153846153846156,GPT,GPT,GPT,Bicycle
0.37622618353506293,1.3767713674251298,0.8834481508546219,2.621962255513705,0.9728818951453052,0.0003265801804063432,1.998708115884144,constructive,none,4039,399,assistant,0.5384615384615384,GPT,GPT,GPT,Bicycle
0.3521730838280549,0.10568285472590873,0.0047978423637917685,1.9780042845023622,0.11624311201702883,0.010356221097221596,0.8529026032999408,none,none,4077,399,user,0.6153846153846154,GPT,GPT,GPT,Bicycle
0.5075452041459352,1.5408592721768581,0.0,2.6189981741854145,0.652776107942435,0.0,2.4907406057961197,none,none,4079,399,assistant,0.6923076923076923,GPT,GPT,GPT,Bicycle
0.0,0.6696669420725959,0.4393560980489008,1.6330341509662998,0.2655832989484424,0.0,0.7108300527665553,none,none,4097,399,user,0.7692307692307693,GPT,GPT,GPT,Bicycle
0.09018967955546049,1.2246418943252604,0.9216095948734009,2.3501869081366955,0.6106195077216533,0.0,2.1574001153110984,constructive,none,4099,399,assistant,0.8461538461538461,GPT,GPT,GPT,Bicycle
0.1055023721902966,0.24962476466030964,0.0,2.0169887671764104,0.19016610463181607,0.005015802229733914,0.24254041536317658,none,none,4111,399,user,0.9230769230769231,GPT,GPT,GPT,Bicycle
0.22926450424470426,1.1687561387865033,0.006813137698376853,2.56686558003542,0.534427831837807,0.0,1.7465377667807422,none,none,4113,399,assistant,1.0,GPT,GPT,GPT,Bicycle
0.01264105741708566,0.00482232955218618,0.0010127110821249242,1.022429168313831,0.001494180507970417,0.0,0.01304334431689544,none,none,3868,401,user,0.0,GPT,GPT,GPT,Bicycle
0.0,0.010089302446681409,0.0,1.0033228817489568,0.0,0.0,0.0,none,clarify,3870,401,assistant,0.024390243902439025,GPT,GPT,GPT,Bicycle
0.015808800612270347,0.9878818465632595,0.0,2.0131812692794533,0.0039453103672834125,0.001571199774892238,0.010197506841155037,none,clarify,3884,401,user,0.04878048780487805,GPT,GPT,GPT,Bicycle
0.06584413597881948,1.7637231605381172,0.06543799661182965,2.8143816226352687,0.48117278837232447,0.0,2.8369928930907307,none,none,3888,401,assistant,0.07317073170731707,GPT,GPT,GPT,Bicycle
0.14114122214035346,0.17420803405998572,0.0,1.6013158355329273,0.4367972913576188,0.0,0.09060196513908282,none,none,3933,401,user,0.0975609756097561,GPT,GPT,GPT,Bicycle
0.2374888244343256,0.9630777261179041,0.007140297179402628,2.743438375969244,0.7645506367671029,0.0,1.479913145274677,none,none,3937,401,assistant,0.12195121951219512,GPT,GPT,GPT,Bicycle
0.002246462485958965,0.25620926127797916,0.10381799098304546,1.3658176218672362,0.15487629667889827,0.13139369339715654,0.3809194792034009,none,none,3954,401,user,0.14634146341463414,GPT,GPT,GPT,Bicycle
0.7174143539967541,1.1334830397582292,0.0,2.2072064186660096,0.32570604490936356,0.11288924827748112,0.9178446154424226,none,none,3956,401,assistant,0.17073170731707318,GPT,GPT,GPT,Bicycle
0.16142117573125367,0.9346858604339958,0.02321918340734964,1.619654583210525,0.1653402131686223,0.0,0.9883771843251321,none,none,3971,401,user,0.1951219512195122,GPT,GPT,GPT,Bicycle
0.48020875545418007,1.5744500821278429,0.02110739767761393,2.288312895946701,0.6275255225594334,0.020050603549277953,0.9925580519707521,none,none,3974,401,assistant,0.21951219512195122,GPT,GPT,GPT,Bicycle
0.006876010018992748,0.505860135077224,0.09110826235023521,1.367415371281847,0.35192749730146106,0.12194863183507157,0.5941025746874267,none,none,3993,401,user,0.24390243902439024,GPT,GPT,GPT,Bicycle
0.9094204327319151,0.7975862644809901,0.0,2.5630116863329424,0.6115128827930448,0.5082222834928218,1.5097490235329918,none,none,3994,401,assistant,0.2682926829268293,GPT,GPT,GPT,Bicycle
0.5813555482200403,0.5919091287990753,0.019516287314900835,1.9398222728585492,0.24015040899655826,0.0,0.8938364241251435,none,clarify,4008,401,user,0.2926829268292683,GPT,GPT,GPT,Bicycle
0.7674223993977696,1.514943761205032,0.9721381050030327,2.3973313561176046,0.46065813894382773,0.02429458792536902,1.1881145085126859,constructive,none,4012,401,assistant,0.3170731707317073,GPT,GPT,GPT,Bicycle
0.10983191147369108,0.46548752580760255,0.0,1.382676371638954,0.5540397062144579,0.045529061835311954,0.7958778970971927,none,clarify,4021,401,user,0.34146341463414637,GPT,GPT,GPT,Bicycle
0.6448034334590954,1.186571245760907,0.0,2.547016196308808,0.8191049746359946,0.010665292202490156,1.7246908484892458,none,none,4023,401,assistant,0.36585365853658536,GPT,GPT,GPT,Bicycle
0.0,0.4713766068657646,0.8298200620775948,1.3687272152965304,0.0690473183639622,0.11621953752140994,0.36639299443797074,none,none,4031,401,user,0.3902439024390244,GPT,GPT,GPT,Bicycle
0.6845645257643477,1.4063165536733135,0.0,2.2154762251702476,0.8091315246687859,0.014272044395870804,1.9780226571172053,none,none,4032,401,assistant,0.4146341463414634,GPT,GPT,GPT,Bicycle
0.08330569558928856,0.6551851674389834,0.0,1.4003100557050334,0.050043915625040736,0.02808512638466548,0.4156953805897033,none,clarify,4050,401,user,0.43902439024390244,GPT,GPT,GPT,Bicycle
0.10011126089311544,1.9705443119968677,0.001409076101034917,2.9018381643755786,0.9486909297701432,0.0,1.1182198750901207,none,none,4053,401,assistant,0.4634146341463415,GPT,GPT,GPT,Bicycle
0.1360279783368474,0.3267390048418319,0.28764453138224977,1.4062333368031663,0.4225032254305447,0.013420414575427541,0.2242015829071861,neutral,none,4069,401,user,0.4878048780487805,GPT,GPT,GPT,Bicycle
0.4379997076745481,1.849173003236306,0.009561784578166,2.5278304026856193,0.9170032112027656,0.0064191992449229495,1.5265918608586386,none,none,4070,401,assistant,0.5121951219512195,GPT,GPT,GPT,Bicycle
0.0,0.5677285917243212,0.004842560722575939,1.5716153501573633,0.17450357481644316,0.028823309543807952,0.537996040828711,none,none,4089,401,user,0.5365853658536586,GPT,GPT,GPT,Bicycle
0.5300203713292332,1.2395597986520264,0.0,2.4549976349268063,0.4443523905265532,0.11125398023347041,1.9465133496472191,none,none,4090,401,assistant,0.5609756097560976,GPT,GPT,GPT,Bicycle
0.19676584251776602,0.3556219584501173,0.7247941028570507,1.3748221427067309,0.49958494630358224,0.23809564203136938,0.19703960058814152,none,none,4103,401,user,0.5853658536585366,GPT,GPT,GPT,Bicycle
0.23587760307999686,1.615002787595344,0.0008280469330584724,2.2799901534693476,0.4274253686493742,0.0,1.080387561122663,none,none,4104,401,assistant,0.6097560975609756,GPT,GPT,GPT,Bicycle
0.05055912592502395,0.884747048531917,0.005350592459972581,1.625170806207951,0.5306498294408918,0.0014974554710455727,0.707572907104569,none,clarify,4117,401,user,0.6341463414634146,GPT,GPT,GPT,Bicycle
0.3839140431034961,0.9104307823754866,0.0,2.344760278624636,0.6912961634693819,0.06990985298082848,1.4813411844959004,none,none,4118,401,assistant,0.6585365853658537,GPT,GPT,GPT,Bicycle
0.3176104921484148,0.2772827842432922,0.1750287921399376,1.9116677942225457,0.3206690402917514,0.12148296498435396,0.7317168005566734,none,clarify,4129,401,user,0.6829268292682927,GPT,GPT,GPT,Bicycle
0.22645253802221504,1.352319950615719,0.020890002474694785,2.3207636746195517,0.37815544210167773,0.0,1.4985070579702073,none,none,4130,401,assistant,0.7073170731707317,GPT,GPT,GPT,Bicycle
0.5173880658039551,0.1727308411210141,0.0,1.549433503261752,0.6784953382639911,0.0,0.6805421146186045,none,none,4143,401,user,0.7317073170731707,GPT,GPT,GPT,Bicycle
0.23544055939883682,0.8684225282620034,0.0,2.406096558689947,0.6282832363126363,0.06417186765819573,1.3312821944325897,none,none,4144,401,assistant,0.7560975609756098,GPT,GPT,GPT,Bicycle
0.183191245204369,0.18594467941977327,0.00026948956362060384,2.126121623158994,0.20458585653512637,0.13220283051138768,0.3041876786970741,none,none,4149,401,user,0.7804878048780488,GPT,GPT,GPT,Bicycle
0.8092185775320313,1.2420281530728023,0.004728269482586201,2.3513552403570794,0.6671313359385779,0.023927782317098283,1.1631705077175065,none,none,4150,401,assistant,0.8048780487804879,GPT,GPT,GPT,Bicycle
0.1933870924400726,0.5458793384028212,0.03516951352540552,1.4675390518786324,0.18897675382159276,0.03816290994348945,0.8291688369087492,none,none,4163,401,user,0.8292682926829268,GPT,GPT,GPT,Bicycle
0.16521055437527266,0.9039226937920947,0.025593309823138625,2.30940426040835,1.013515335400315,0.0061733464204313535,1.0011962713032998,none,none,4164,401,assistant,0.8536585365853658,GPT,GPT,GPT,Bicycle
0.030285136324889488,0.38466476498002755,0.1417782295705382,1.529321470317913,0.12059335609515151,0.02781451182350104,1.2183961592636101,none,none,4173,401,user,0.8780487804878049,GPT,GPT,GPT,Bicycle
0.23415331074853252,1.0407095146976062,0.0,2.3880592414064634,0.36681228163755486,0.024380264988428355,1.6951228826741953,none,none,4174,401,assistant,0.9024390243902439,GPT,GPT,GPT,Bicycle
0.3440204796660244,0.0,0.0029129151488491247,1.735928002380136,0.06664673972300789,0.0,0.7032428479282106,none,clarify,4183,401,user,0.926829268292683,GPT,GPT,GPT,Bicycle
0.32653782623995364,0.7929187717001077,0.005016395247316515,2.5277619286269664,0.28923151347395093,0.017425375001411187,1.8280410693543276,none,none,4186,401,assistant,0.9512195121951219,GPT,GPT,GPT,Bicycle
0.0,0.023858900998174046,0.031127141412082223,1.040604315676689,0.04776729349149315,0.0,0.0,none,clarify,4201,401,user,0.975609756097561,GPT,GPT,GPT,Bicycle
0.13806498612062817,1.5641190991682696,0.016856179649648584,2.3803710452251656,0.47071246661125143,0.0,1.1299425289874994,none,none,4202,401,assistant,1.0,GPT,GPT,GPT,Bicycle
0.01264105741708566,0.00482232955218618,0.0010127110821249242,1.022429168313831,0.001494180507970417,0.0,0.01304334431689544,none,none,3871,402,user,0.0,GPT,GPT,GPT,Bicycle
0.0,0.010089302446681409,0.0,1.0033228817489568,0.0,0.0,0.0,none,clarify,3872,402,assistant,0.02857142857142857,GPT,GPT,GPT,Bicycle
0.015808800612270347,0.9878818465632595,0.0,2.0131812692794533,0.0039453103672834125,0.001571199774892238,0.010197506841155037,none,clarify,3898,402,user,0.05714285714285714,GPT,GPT,GPT,Bicycle
0.39253568939259154,1.8313535432906993,0.0,2.786451619459481,0.41048257228542634,0.015039871211918398,2.4608727539065134,none,none,3901,402,assistant,0.08571428571428572,GPT,GPT,GPT,Bicycle
0.20540206877093958,0.49529550649172654,0.035851502058819984,1.6993074346304855,0.22998386084630812,0.0,0.29900481609315716,none,none,3915,402,user,0.11428571428571428,GPT,GPT,GPT,Bicycle
0.5317449902678411,1.8121266940613852,0.05951265168244855,2.4966258819924088,0.36606736669258805,0.014516547715308206,2.255819757779828,none,none,3916,402,assistant,0.14285714285714285,GPT,GPT,GPT,Bicycle
0.42670084496934874,0.09176584033668411,0.0064085044509113375,2.079231526624636,0.47484481612023316,0.0,1.1744851207420055,none,none,3963,402,user,0.17142857142857143,GPT,GPT,GPT,Bicycle
0.2743750007619178,1.6779529852427768,0.00023629016349706805,2.4552691008803986,0.4638196646938157,0.0,2.1721355797456505,none,none,3964,402,assistant,0.2,GPT,GPT,GPT,Bicycle
0.5959185746495782,0.43358363010139345,0.0,1.8778163843667053,0.21443801013377115,0.0,1.11719925976467,none,clarify,3991,402,user,0.22857142857142856,GPT,GPT,GPT,Bicycle
0.16248926285133164,1.6842817311378213,0.0,2.6454703868866254,0.5116013629742134,0.0906294347457325,1.891840416982772,none,none,3992,402,assistant,0.2571428571428571,GPT,GPT,GPT,Bicycle
0.0978897289208093,0.38514096898146427,0.28558887388643095,2.0672024971966776,0.4722815685079175,0.0,0.8173084952301095,none,none,4018,402,user,0.2857142857142857,GPT,GPT,GPT,Bicycle
0.4074363641396083,1.8261804943770217,0.0,2.3275142251031484,0.59822705445097,0.10788062477873053,2.403649925262192,none,none,4020,402,assistant,0.3142857142857143,GPT,GPT,GPT,Bicycle
0.25041129387863137,0.15378049228054536,0.2737685046755552,1.3998257131185428,0.6091528834287318,0.013657013167912013,0.19647190489109426,none,none,4025,402,user,0.34285714285714286,GPT,GPT,GPT,Bicycle
0.23321369380394846,1.3124555610331234,0.0,2.364806232309208,0.3188808526631074,0.0,1.6461432960466311,none,none,4026,402,assistant,0.37142857142857144,GPT,GPT,GPT,Bicycle
0.09877914900923543,0.7788604420247143,0.043876810297342535,1.719890100857441,0.25945709333833095,0.0,0.7700155717145684,none,none,4049,402,user,0.4,GPT,GPT,GPT,Bicycle
0.8563283644888423,1.4872803092877966,0.00233188598087268,2.4727876353301586,0.4336626882481169,0.13890492035449248,2.0613352113886325,none,none,4052,402,assistant,0.42857142857142855,GPT,GPT,GPT,Bicycle
0.21576271737045408,0.4766834072472273,0.10628415713308918,1.4712401833847049,0.2337029584198456,0.034573726699139294,0.010953528389812272,none,none,4067,402,user,0.45714285714285713,GPT,GPT,GPT,Bicycle
0.10153944601302911,1.5714925660913177,0.0012243247723332088,2.6149812594033395,0.3968678220593337,0.0,2.292029561637893,none,none,4068,402,assistant,0.4857142857142857,GPT,GPT,GPT,Bicycle
0.28676530556908664,0.4928363806205607,0.10181953639941646,1.7328028152164174,0.7249288426665544,0.0,1.1448532661077457,none,none,4081,402,user,0.5142857142857142,GPT,GPT,GPT,Bicycle
0.2616234939360352,1.4512421501795778,0.004212928826557652,2.33208774404318,0.4470094687202765,0.0357740576894353,1.7296995965935873,none,none,4082,402,assistant,0.5428571428571428,GPT,GPT,GPT,Bicycle
0.9099825747355061,0.24653367816318017,0.01644251313462672,1.5400087504924984,0.10044437138315816,0.016353872473950076,0.9860950020283216,none,clarify,4098,402,user,0.5714285714285714,GPT,GPT,GPT,Bicycle
0.11827084754909686,2.8475167170720903,0.006147465389396144,2.930713822421094,0.9634303712766162,0.008939961346218531,2.9209873474949903,none,none,4100,402,assistant,0.6,GPT,GPT,GPT,Bicycle
0.054956788611598334,0.5458084017413827,0.4597718752179588,2.1674553782071193,0.22390982805350917,0.013356554341470078,0.20133521562978704,neutral,none,4105,402,user,0.6285714285714286,GPT,GPT,GPT,Bicycle
0.45371508910745884,1.7388242815089034,0.00023629016349706805,2.584551917849499,0.3153741033064319,0.012276920093377594,2.2654965431426377,none,none,4108,402,assistant,0.6571428571428571,GPT,GPT,GPT,Bicycle
0.3227922938302227,0.19531765330533385,0.0,1.5466783903496735,0.24361731450864746,0.0,0.695716939158331,none,none,4141,402,user,0.6857142857142857,GPT,GPT,GPT,Bicycle
0.8131713272814848,1.4208920979525181,0.23692936487128127,2.6876301507541513,0.7260686255739401,0.11934401101939249,2.2615560745024377,none,none,4146,402,assistant,0.7142857142857143,GPT,GPT,GPT,Bicycle
0.8235045497557736,0.5558525274160072,0.0,1.8723431423076562,0.2093739991271898,0.022973533070787814,1.3961482982921183,none,clarify,4176,402,user,0.7428571428571429,GPT,GPT,GPT,Bicycle
0.36577003748029424,1.676261236440976,0.00023629016349706805,2.5481631841105705,0.32329463897313293,0.0,1.9343783167260018,none,none,4178,402,assistant,0.7714285714285715,GPT,GPT,GPT,Bicycle
0.31618514919264257,0.30108847356729984,0.0,1.5223036985655998,0.24462931765830428,0.018457106103190304,0.9393817060353925,none,clarify,4193,402,user,0.8,GPT,GPT,GPT,Bicycle
0.4578967186380438,1.7671515828082278,0.2621155497584343,2.2982601408311667,0.6774706287008757,0.0,2.4193248990974805,none,none,4194,402,assistant,0.8285714285714286,GPT,GPT,GPT,Bicycle
0.015487713023357141,0.07292940683402706,0.0,1.9284314003569123,0.09174776048250638,0.0027268308635406456,0.07739577687469411,none,clarify,4209,402,user,0.8571428571428571,GPT,GPT,GPT,Bicycle
0.18586545430103105,1.8294563634702348,0.41535929711437447,2.5300011373102707,0.5804473342332427,0.023127069730467218,1.6909608661047246,none,none,4213,402,assistant,0.8857142857142857,GPT,GPT,GPT,Bicycle
0.18896620223876326,0.3574674669757202,0.01113224900173391,1.5804453252967678,0.1016423631478853,0.050520527658970124,0.5146660304483027,none,none,4247,402,user,0.9142857142857143,GPT,GPT,GPT,Bicycle
0.5741524638325185,1.8089408961372258,0.9972976078695452,2.386912369958352,0.5127399203959967,0.07952911836973928,1.7904152708749304,constructive,none,4248,402,assistant,0.9428571428571428,GPT,GPT,GPT,Bicycle
0.21192304838941645,0.41178563454710515,0.011177512532831337,1.7947752938708001,0.33355931117156384,0.0,0.24712138246582394,none,none,4253,402,user,0.9714285714285714,GPT,GPT,GPT,Bicycle
0.3604293744010414,1.5349231804623191,0.006846125876518488,2.477103786171003,0.3787273076736903,0.07727938372970072,2.2650219736699917,none,none,4254,402,assistant,1.0,GPT,GPT,GPT,Bicycle
0.01264105741708566,0.00482232955218618,0.0010127110821249242,1.022429168313831,0.001494180507970417,0.0,0.01304334431689544,none,none,3876,403,user,0.0,GPT,GPT,GPT,Bicycle
0.0,0.010089302446681409,0.0,1.0033228817489568,0.0,0.0,0.0,none,clarify,3879,403,assistant,0.04,GPT,GPT,GPT,Bicycle
0.015808800612270347,0.9878818465632595,0.0,2.0131812692794533,0.0039453103672834125,0.001571199774892238,0.010197506841155037,none,clarify,3911,403,user,0.08,GPT,GPT,GPT,Bicycle
0.4156601946289731,0.9746772722746341,0.0024403823593413046,2.925423065063929,0.8936752072488026,0.048906670388944765,0.8549621706794239,none,none,3912,403,assistant,0.12,GPT,GPT,GPT,Bicycle
0.776837611063025,0.2161797319086089,0.09865390006459863,1.5597774066349275,0.32501894636566014,0.0,0.7497949579241034,none,none,3928,403,user,0.16,GPT,GPT,GPT,Bicycle
0.06440855084264065,1.0285168151540272,0.03828899742284995,2.8948154795928183,0.9584612253425352,0.0,0.9908752228520823,none,none,3930,403,assistant,0.2,GPT,GPT,GPT,Bicycle
0.0,0.42153975241056774,0.014506838478758728,1.3911849991734155,0.17016007285460294,0.0,0.3051514525461467,none,clarify,3947,403,user,0.24,GPT,GPT,GPT,Bicycle
0.320394116422831,1.950252545646713,0.9058505350603578,2.608924962488214,0.7330209514224951,0.060972389670225016,2.47755116246632,constructive,none,3948,403,assistant,0.28,GPT,GPT,GPT,Bicycle
0.15212249976841077,0.2293575860546784,0.0,1.5518599810664906,0.10061599443421629,0.0,0.7561581986243545,none,clarify,4003,403,user,0.32,GPT,GPT,GPT,Bicycle
0.1724383542386422,1.1564495541940343,0.0,2.66255209974897,0.46384649979808107,0.0,2.2722915837683044,none,none,4004,403,assistant,0.36,GPT,GPT,GPT,Bicycle
0.3031331437081296,0.17637788823503237,0.1224816353748844,1.6055274595564057,0.0,0.006409670994671944,0.1705148913755236,none,clarify,4033,403,user,0.4,GPT,GPT,GPT,Bicycle
0.18915185776575602,1.855071966204342,0.0,2.687300417823747,0.6513193954627813,0.0031745526429711856,2.8037075511995724,none,none,4037,403,assistant,0.44,GPT,GPT,GPT,Bicycle
0.18549382541044782,0.15452502153463127,0.009557184595715846,1.8164610718922496,0.3550639714778008,0.06548705957424887,0.9366016264039466,none,none,4106,403,user,0.48,GPT,GPT,GPT,Bicycle
0.14848939694351002,1.0823071755317168,0.0,2.5463339980097306,0.41076617846264063,0.0,2.29378006041229,none,none,4107,403,assistant,0.52,GPT,GPT,GPT,Bicycle
0.18579591187885555,0.3588137498033334,0.0,1.9138827143926893,0.10786750638676083,0.1329923860960009,0.6070307714504749,none,clarify,4147,403,user,0.56,GPT,GPT,GPT,Bicycle
0.03992574962291499,0.8820328923585857,0.9351924312564077,2.6434896288308707,1.0884880217238666,0.0,1.4998302050319126,constructive,none,4148,403,assistant,0.6,GPT,GPT,GPT,Bicycle
0.4055841290425807,0.35814634431824094,0.5947803403266608,1.2787453865201865,0.0,0.028737603690268558,0.19175419952375652,none,clarify,4185,403,user,0.64,GPT,GPT,GPT,Bicycle
0.35264473959484444,0.9755826705473121,0.005016395247316515,2.326788510597363,0.3714605192714133,0.001352160438323067,1.7767851014434664,none,none,4187,403,assistant,0.68,GPT,GPT,GPT,Bicycle
0.5371990730917333,0.29874366157692184,0.023782927005757886,1.62942450894701,0.09093369621241827,0.029256222810499912,0.6292201373264492,none,none,4205,403,user,0.72,GPT,GPT,GPT,Bicycle
0.4105468412069096,1.8009607027307262,0.0,2.6010146487703936,0.920213618253564,0.1333636551680763,2.004436841041872,none,none,4207,403,assistant,0.76,GPT,GPT,GPT,Bicycle
0.06942524301613946,0.1901854491373702,0.3949730293257521,1.4817837747618965,0.270227809357991,0.1442796610208746,0.43855868582342505,none,clarify,4229,403,user,0.8,GPT,GPT,GPT,Bicycle
0.05513584910243514,0.8913444029775666,0.0,2.4002779115821378,0.6517888353203349,0.0,1.8370689110061975,none,none,4231,403,assistant,0.84,GPT,GPT,GPT,Bicycle
0.4103391961051686,0.249307746725617,0.0,1.3782409138988654,0.0,0.1283483589779559,0.07332871917245151,none,clarify,4245,403,user,0.88,GPT,GPT,GPT,Bicycle
0.3126873614543367,0.3804660891598888,0.005016395247316515,2.4429118273933614,0.35538201152380805,0.035670193256142915,2.0278286253783944,none,none,4246,403,assistant,0.92,GPT,GPT,GPT,Bicycle
0.0,0.017269910013975775,0.0037690999999976257,1.0664708194389991,0.010178761527304153,0.00027457566062953544,0.05233850612977876,none,clarify,4250,403,user,0.96,GPT,GPT,GPT,Bicycle
0.3972997301626129,1.2243253327523274,0.0,2.570694496716351,0.4799557238033187,0.0,1.955423508808615,none,none,4252,403,assistant,1.0,GPT,GPT,GPT,Bicycle
0.01264105741708566,0.00482232955218618,0.0010127110821249242,1.022429168313831,0.001494180507970417,0.0,0.01304334431689544,none,none,3875,404,user,0.0,GPT,GPT,GPT,Bicycle
0.0,0.010089302446681409,0.0,1.0033228817489568,0.0,0.0,0.0,none,clarify,3880,404,assistant,0.047619047619047616,GPT,GPT,GPT,Bicycle
0.015808800612270347,0.9878818465632595,0.0,2.0131812692794533,0.0039453103672834125,0.001571199774892238,0.010197506841155037,none,clarify,3903,404,user,0.09523809523809523,GPT,GPT,GPT,Bicycle
0.44996521046690036,1.686066869101452,0.011994072479059427,2.931162329199239,0.7722191322598284,0.010716353117794591,2.6681823642153084,none,none,3905,404,assistant,0.14285714285714285,GPT,GPT,GPT,Bicycle
0.8513749756073474,0.03733934667858446,0.008871248256371875,2.0068292991600227,0.05341684464234906,0.0,2.012144384938734,none,none,3958,404,user,0.19047619047619047,GPT,GPT,GPT,Bicycle
0.6467528470568057,0.584396605453291,0.09603707691757055,2.452479806802127,0.5879449068806084,0.1221171419710515,1.4247831885408193,none,none,3961,404,assistant,0.23809523809523808,GPT,GPT,GPT,Bicycle
0.23968691430775532,0.774411276166501,0.12648066111348286,1.8069579381546703,0.3820576961589677,0.0023393381885868187,0.9467309117020043,none,none,4005,404,user,0.2857142857142857,GPT,GPT,GPT,Bicycle
0.6096402338994569,1.53628172783073,0.0,2.256458376620713,0.49196377338286174,0.03765412452839289,1.5341858086545708,none,none,4006,404,assistant,0.3333333333333333,GPT,GPT,GPT,Bicycle
0.43391190420726344,0.4404157182924637,0.19693884115682045,1.9413756400288824,0.189101687196818,0.0,0.9348067953536,none,none,4061,404,user,0.38095238095238093,GPT,GPT,GPT,Bicycle
0.6103479161109773,1.491005186546661,0.0,2.517580293890553,0.7801326622634179,0.0,1.7846491508949827,none,none,4062,404,assistant,0.42857142857142855,GPT,GPT,GPT,Bicycle
0.7735709931466267,0.33346364611910545,0.0,1.9336497164899082,0.46037487808067346,0.030716343385273567,1.0792338008742441,none,none,4101,404,user,0.47619047619047616,GPT,GPT,GPT,Bicycle
1.0696840201746904,0.8994537666739976,0.0,2.506957834306824,0.9075422184412598,0.09490868300101732,1.4037612692202563,none,none,4102,404,assistant,0.5238095238095238,GPT,GPT,GPT,Bicycle
0.1162135938005835,0.4046141256689826,0.0022781900088134355,1.9314634434885407,0.5538111451922154,0.08276850829007049,0.42063560765549995,none,none,4120,404,user,0.5714285714285714,GPT,GPT,GPT,Bicycle
0.7987020561763853,0.22218274997360152,0.0,2.2462733739368175,0.3987340625049726,0.07720364060289216,1.1596367406898607,none,none,4122,404,assistant,0.6190476190476191,GPT,GPT,GPT,Bicycle
0.16570293343603676,0.3354021715638449,0.14149541707467542,2.1034933142859136,0.21598178289958953,0.004131262438367748,0.5574096680030842,none,none,4142,404,user,0.6666666666666666,GPT,GPT,GPT,Bicycle
0.7235031188970033,0.36569192105422477,0.005999442742350307,2.512560719651951,0.49792136733334486,0.049183139576611974,0.7838877210460745,none,none,4145,404,assistant,0.7142857142857143,GPT,GPT,GPT,Bicycle
0.5927990970345853,0.6030518508046528,0.17765563018124683,2.2951330904708254,0.6361160328227364,0.05738276171447311,0.9701938870411467,none,none,4189,404,user,0.7619047619047619,GPT,GPT,GPT,Bicycle
0.6440440739515331,1.3845901052401168,0.0,2.4657129831459055,0.5146226122011428,0.08348504138219445,1.8273615307296491,none,none,4190,404,assistant,0.8095238095238095,GPT,GPT,GPT,Bicycle
0.08868403151282908,0.4375811939762206,0.16025749621899887,1.7054847002312326,0.44100238146664505,0.0,0.6806501404839713,none,none,4210,404,user,0.8571428571428571,GPT,GPT,GPT,Bicycle
0.7282164803396699,0.46709635367477,0.0,2.4303771819980096,0.39490486134278424,0.05691446439973249,0.9742525675173972,none,none,4212,404,assistant,0.9047619047619048,GPT,GPT,GPT,Bicycle
0.15023774060655803,0.4046141256689826,0.0022781900088134355,1.9314634434885407,0.718768594249068,0.08276850829007049,0.42063560765549995,none,none,4223,404,user,0.9523809523809523,GPT,GPT,GPT,Bicycle
0.9556141392465914,1.4785417268223908,0.0,2.6061817387398296,0.620593281555383,0.04791788884592862,1.371339474402963,none,none,4225,404,assistant,1.0,GPT,GPT,GPT,Bicycle
0.01264105741708566,0.00482232955218618,0.0010127110821249242,1.022429168313831,0.001494180507970417,0.0,0.01304334431689544,none,none,3935,406,user,0.0,GPT,GPT,GPT,Bicycle
0.0,0.010089302446681409,0.0,1.0033228817489568,0.0,0.0,0.0,none,clarify,3939,406,assistant,0.09090909090909091,GPT,GPT,GPT,Bicycle
0.015808800612270347,0.9878818465632595,0.0,2.0131812692794533,0.0039453103672834125,0.001571199774892238,0.010197506841155037,none,clarify,3943,406,user,0.18181818181818182,GPT,GPT,GPT,Bicycle
0.24000497750587607,1.9001619347722387,0.3192209186523979,2.7603970433902227,0.6532663028320155,0.05508019124223623,2.6350489506767705,none,none,3944,406,assistant,0.2727272727272727,GPT,GPT,GPT,Bicycle
0.30669168852556145,0.72411364389492,0.30378502035479266,2.130679874091535,0.12787189566437715,0.0074406372683506975,0.5874837614262377,none,clarify,4009,406,user,0.36363636363636365,GPT,GPT,GPT,Bicycle
0.01840315910966954,1.8023432692517232,0.0,2.764933789748847,0.7309512047352497,0.014639243604928314,1.8789422395696702,none,none,4011,406,assistant,0.45454545454545453,GPT,GPT,GPT,Bicycle
0.3675328203644224,0.11031281986672402,0.044387213753202974,1.2010804969052986,0.5371609490804431,0.043668506187041475,0.09250571007483036,none,none,4027,406,user,0.5454545454545454,GPT,GPT,GPT,Bicycle
0.6959365449091734,0.9165764181801325,0.0,2.4732746636312135,0.278177228106738,0.4432796242971738,1.33111697442548,none,open_what_if,4028,406,assistant,0.6363636363636364,GPT,GPT,GPT,Bicycle
0.0029564392798627484,0.3553438664245758,0.07690818381213292,1.8461574006816528,0.17228691531779144,0.0,0.5316682168075737,none,none,4043,406,user,0.7272727272727273,GPT,GPT,GPT,Bicycle
0.644611706691136,1.9656799772773137,0.0,2.4316905777655524,0.422688513634206,0.09858924111542783,2.015621814006513,none,none,4044,406,assistant,0.8181818181818182,GPT,GPT,GPT,Bicycle
0.6030042714723586,0.570546688992281,0.0,1.5208446019949438,0.0731536258923956,0.01416152867194329,0.18437590089068873,none,clarify,4159,406,user,0.9090909090909091,GPT,GPT,GPT,Bicycle
0.01652497317218509,1.9841362073727018,0.1324364322087358,2.6108267223354513,0.5831401521239084,0.0,2.433535182362923,none,none,4160,406,assistant,1.0,GPT,GPT,GPT,Bicycle
0.01264105741708566,0.00482232955218618,0.0010127110821249242,1.022429168313831,0.0005745043820882738,0.0025480940261159287,0.01304334431689544,none,none,4262,411,user,0.0,Divergent,Persona,Divergent,Library
0.0,0.010089302446681409,0.0,1.000250467143594,0.0,0.020284981117467665,0.0,none,clarify,4265,411,assistant,0.1111111111111111,Divergent,Persona,Divergent,Library
0.017391577180013443,0.9864908639138626,0.0,1.9883534953283946,0.0,0.0,0.0,none,clarify,4294,411,user,0.2222222222222222,Divergent,Persona,Divergent,Library
2.3269537666522018,1.6214843000300998,0.11888270816244932,2.61713940574382,0.02316847583941514,0.9307962156269309,0.8710181779035812,none,open_what_if,4296,411,assistant,0.3333333333333333,Divergent,Persona,Divergent,Library
0.06227861008896995,0.9747937130161066,0.014505107439669273,1.978832672466523,0.05062405117638837,0.01778936247422516,1.874276434758709,none,none,4315,411,user,0.4444444444444444,Divergent,Persona,Divergent,Library
1.7024681424055101,1.5290947842577898,0.007470709456022899,2.3797179534491106,0.0789499341598035,1.1827183139142665,1.017433700307374,none,open_what_if,4316,411,assistant,0.5555555555555556,Divergent,Persona,Divergent,Library
0.4361714164231264,0.3730318053826802,0.01956418084843078,1.9702542964628331,0.11509408050276379,0.120627348454539,0.8673558383863701,none,none,4331,411,user,0.6666666666666666,Divergent,Persona,Divergent,Library
1.9444520549530613,1.2713535156112374,0.2217846515834478,2.0932036928580984,0.3052190361819142,1.6114210235348692,1.6596911307436413,none,open_what_if,4332,411,assistant,0.7777777777777778,Divergent,Persona,Divergent,Library
1.2015641522198153,0.9202633883081571,0.007470709456022899,2.1082389490151945,0.20360117547848064,0.6419142032251078,1.8525757984529696,none,none,4363,411,user,0.8888888888888888,Divergent,Persona,Divergent,Library
2.8039739714183627,1.0946134321032355,0.005995962856685718,2.0602579260509097,0.022174653047359983,1.979029304431723,0.21273429195802043,none,open_what_if,4366,411,assistant,1.0,Divergent,Persona,Divergent,Library
0.01264105741708566,0.00482232955218618,0.0010127110821249242,1.022429168313831,0.0005745043820882738,0.0025480940261159287,0.01304334431689544,none,none,4266,413,user,0.0,Divergent,Persona,Divergent,Library
0.0,0.010089302446681409,0.0,1.000250467143594,0.0,0.020284981117467665,0.0,none,clarify,4268,413,assistant,0.1111111111111111,Divergent,Persona,Divergent,Library
0.017391577180013443,0.9864908639138626,0.0,1.9883534953283946,0.0,0.0,0.0,none,clarify,4273,413,user,0.2222222222222222,Divergent,Persona,Divergent,Library
2.857421325974231,1.3406896232927652,0.02458893463906618,2.0364894636891817,0.1344428476178449,1.9382789097477962,1.3688674258257676,none,open_what_if,4276,413,assistant,0.3333333333333333,Divergent,Persona,Divergent,Library
0.16073894348245132,1.8847126643968755,1.9019038870475053,2.0184780915337552,0.8606416850067078,0.9675064855882299,0.9906871772998994,neutral,none,4335,413,user,0.4444444444444444,Divergent,Persona,Divergent,Library
2.12959812513291,1.0220443522794431,0.014928334925346533,2.067090790968808,0.004273169561603026,1.9871367480318418,1.0863598151085603,none,open_what_if,4336,413,assistant,0.5555555555555556,Divergent,Persona,Divergent,Library
0.5434654536450009,0.2947835651559812,0.047915988166368884,1.3223377105838714,0.20926344339097905,0.1118345920679524,0.7946551401414305,none,none,4357,413,user,0.6666666666666666,Divergent,Persona,Divergent,Library
2.323220259861358,1.346202235653452,0.5499515461819088,2.237863235942668,0.16422540805632943,1.8960632824344534,1.1319925981629446,none,open_what_if,4358,413,assistant,0.7777777777777778,Divergent,Persona,Divergent,Library
0.8657852242950151,0.909651805789663,0.0,1.976649838130512,0.9114045820284365,0.0,1.8316464500009328,none,none,4379,413,user,0.8888888888888888,Divergent,Persona,Divergent,Library
2.2202169726665173,1.3168858895075966,0.43106764098385775,2.183151238197059,0.22181396968266776,1.7969786102060248,1.1292185735599607,none,open_what_if,4380,413,assistant,1.0,Divergent,Persona,Divergent,Library
0.01264105741708566,0.00482232955218618,0.0010127110821249242,1.022429168313831,0.0005745043820882738,0.0025480940261159287,0.01304334431689544,none,none,4269,414,user,0.0,Divergent,Persona,Divergent,Library
0.0,0.010089302446681409,0.0,1.000250467143594,0.0,0.020284981117467665,0.0,none,clarify,4270,414,assistant,0.09090909090909091,Divergent,Persona,Divergent,Library
0.017391577180013443,0.9864908639138626,0.0,1.9883534953283946,0.0,0.0,0.0,none,clarify,4282,414,user,0.18181818181818182,Divergent,Persona,Divergent,Library
2.1927945766863393,1.7042257874195548,0.0,1.9085655222039495,0.039705161448955174,1.7577572738690959,0.8617029690439775,none,open_what_if,4285,414,assistant,0.2727272727272727,Divergent,Persona,Divergent,Library
0.23014746037657438,0.95880475398369,0.0,1.839687753398248,0.23757923992684404,0.03986958374329833,1.3371195251655519,none,none,4323,414,user,0.36363636363636365,Divergent,Persona,Divergent,Library
2.238548480720604,1.496610203099393,0.009694444929378739,2.1060647786281343,0.12813622255541465,1.7006104179669896,1.2763473684249307,none,open_what_if,4324,414,assistant,0.45454545454545453,Divergent,Persona,Divergent,Library
0.9557622047200254,0.03471986817811382,0.039218832492748434,1.9441379670761754,0.01901613043490202,0.0,1.8323308283154853,none,none,4337,414,user,0.5454545454545454,Divergent,Persona,Divergent,Library
1.7100258975710896,1.3170271677863354,0.005839591920323383,2.2351952348438786,0.05366442738851841,1.0143161904199824,1.8230832292958397,none,open_what_if,4338,414,assistant,0.6363636363636364,Divergent,Persona,Divergent,Library
0.691776115213691,0.47365659329184717,0.0,1.9511831962060668,0.26564477965407074,0.08855704058734745,0.8020301584725238,none,none,4355,414,user,0.7272727272727273,Divergent,Persona,Divergent,Library
2.8381641640363977,1.0181343867287214,0.0011694971734547963,2.069546170803637,0.06880092827443997,0.9882239319237474,1.9191954448737258,none,open_what_if,4356,414,assistant,0.8181818181818182,Divergent,Persona,Divergent,Library
0.6677760232254428,0.9197497912937685,0.0,2.003945222300858,0.7579502730691554,0.22668911540242195,2.0976407580497107,none,none,4375,414,user,0.9090909090909091,Divergent,Persona,Divergent,Library
2.923069041922501,1.0822121635816253,0.5664863153143715,2.068154363751187,0.0799502021790043,1.618478661742335,1.8556710695824035,none,open_what_if,4376,414,assistant,1.0,Divergent,Persona,Divergent,Library
0.01264105741708566,0.00482232955218618,0.0010127110821249242,1.022429168313831,0.0005745043820882738,0.0025480940261159287,0.01304334431689544,none,none,4271,415,user,0.0,Divergent,Persona,Divergent,Library
0.0,0.010089302446681409,0.0,1.000250467143594,0.0,0.020284981117467665,0.0,none,clarify,4272,415,assistant,0.1111111111111111,Divergent,Persona,Divergent,Library
0.017391577180013443,0.9864908639138626,0.0,1.9883534953283946,0.0,0.0,0.0,none,clarify,4289,415,user,0.2222222222222222,Divergent,Persona,Divergent,Library
1.5756622254139978,1.8451671063311028,0.003178197618647614,2.0375649376071987,0.026949611735607157,0.78394837691777,0.4728302586548964,none,open_what_if,4290,415,assistant,0.3333333333333333,Divergent,Persona,Divergent,Library
0.8071917768289427,0.8401769182280598,0.00899385753936585,2.2459987105786463,0.43616114369678854,0.2637780176866101,0.8973647508058739,none,none,4317,415,user,0.4444444444444444,Divergent,Persona,Divergent,Library
1.7933133049083054,1.5172961470657755,0.12055191473553725,2.25425642797828,0.2348166633638933,0.8073115315017535,1.1882853219809337,none,open_what_if,4318,415,assistant,0.5555555555555556,Divergent,Persona,Divergent,Library
0.0,0.8874609237060848,0.00714368970778513,2.0290013790235975,0.43790542711270514,0.015051197061084565,0.9395786608978803,none,none,4351,415,user,0.6666666666666666,Divergent,Persona,Divergent,Library
1.9340194083910043,1.066500799513657,0.01713242712119075,2.0514106840416364,0.04994626600295259,1.0050041042053492,0.8803795254550375,none,open_what_if,4353,415,assistant,0.7777777777777778,Divergent,Persona,Divergent,Library
0.33682207343895826,0.2884393169466295,1.0313167787592594,2.0837027524318104,0.39071532123290986,0.1504935734281935,0.7006558852283795,neutral,none,4371,415,user,0.8888888888888888,Divergent,Persona,Divergent,Library
1.465824748977815,1.3042250181562018,0.21348948264685522,1.9782874671033295,0.2815651556987682,0.3316071606411906,1.204142855973028,none,open_what_if,4372,415,assistant,1.0,Divergent,Persona,Divergent,Library
0.01264105741708566,0.00482232955218618,0.0010127110821249242,1.022429168313831,0.0005745043820882738,0.0025480940261159287,0.01304334431689544,none,none,4274,416,user,0.0,Divergent,Persona,Divergent,Library
0.0,0.010089302446681409,0.0,1.000250467143594,0.0,0.020284981117467665,0.0,none,clarify,4275,416,assistant,0.04,Divergent,Persona,Divergent,Library
0.017391577180013443,0.9864908639138626,0.0,1.9883534953283946,0.0,0.0,0.0,none,clarify,4277,416,user,0.08,Divergent,Persona,Divergent,Library
1.4412899073176297,1.7036324108663004,0.0080624662255843,2.313295496770926,0.0,1.028377184543599,0.671552550039794,none,open_what_if,4278,416,assistant,0.12,Divergent,Persona,Divergent,Library
0.39075440520643767,0.5237738956137789,0.0,1.9115705055846528,0.21093767538634625,0.02240799590030272,1.400429702059537,none,none,4293,416,user,0.16,Divergent,Persona,Divergent,Library
2.45503688118229,1.4289172677271398,0.0016071560017747234,2.2515208213042786,0.021597000245532308,1.6641362112595506,1.0766760157993467,none,open_what_if,4295,416,assistant,0.2,Divergent,Persona,Divergent,Library
0.18706800451246083,0.23249578018294698,0.0,1.2204410278539288,0.054354994531303505,0.04402359991762022,0.6162775678392911,none,clarify,4305,416,user,0.24,Divergent,Persona,Divergent,Library
1.921252871325529,1.159059552919177,0.0,1.7976361293026508,0.2383474392551544,1.1998885982022542,0.9359722554513051,none,open_what_if,4306,416,assistant,0.28,Divergent,Persona,Divergent,Library
0.31557651190772346,0.4618742224187098,0.0031712955263812712,1.8537663214682363,0.01788985468188008,0.020098338471315435,0.6857051618118543,none,none,4309,416,user,0.32,Divergent,Persona,Divergent,Library
1.7911449815283869,1.2365800699854155,0.046202974021909274,2.0478884079157598,0.04209315469858354,0.7479819196721021,1.2639965273605316,none,open_what_if,4310,416,assistant,0.36,Divergent,Persona,Divergent,Library
0.17766802449170416,0.3673813811325779,0.006846125876518488,1.2879098743641098,0.17705421644153113,0.06512872940161137,0.6148532868346467,none,clarify,4325,416,user,0.4,Divergent,Persona,Divergent,Library
1.6676826603363475,1.1468992687449204,0.012526667375866406,2.2011732446607852,0.0,1.2040165628555421,1.379944619282113,none,open_what_if,4326,416,assistant,0.44,Divergent,Persona,Divergent,Library
0.18702899050547453,0.22994826283416425,0.0,1.0055327478426561,0.2369057047563931,0.05846519841362605,0.3440361568864022,none,clarify,4329,416,user,0.48,Divergent,Persona,Divergent,Library
3.0,0.17296801165575115,0.0,2.0366130496985058,0.0,1.9919174185478172,1.9383267516575007,none,open_what_if,4330,416,assistant,0.52,Divergent,Persona,Divergent,Library
0.7683651916701689,0.38996464186469526,0.020134134702481567,1.3676722528835472,0.0,0.08414950191722263,0.8107176497842383,none,clarify,4333,416,user,0.56,Divergent,Persona,Divergent,Library
1.190782730684989,1.6818093593569838,0.0,2.268268943132038,0.342494094283268,0.9250628493260424,1.650029672225998,none,open_what_if,4334,416,assistant,0.6,Divergent,Persona,Divergent,Library
0.17967449270433383,0.6824880421934355,0.0,1.9941628082401304,0.4917478213565454,0.1350753973294673,1.5142991084161528,none,none,4341,416,user,0.64,Divergent,Persona,Divergent,Library
1.6452559364561905,1.3185948447942826,0.0019393693707956548,1.977258478319355,0.25781004848799277,0.35239130074389985,1.9510174943546883,none,open_what_if,4342,416,assistant,0.68,Divergent,Persona,Divergent,Library
0.12944715312371796,0.24962476466030964,0.0,2.0169887671764104,0.07779579445538205,0.005863905248176927,0.24254041536317658,none,none,4344,416,user,0.72,Divergent,Persona,Divergent,Library
0.7593406997988654,1.0433962665511083,0.005294582862449613,2.0729949840765762,0.14593319372018704,0.2543306091580472,0.88884044238366,none,open_what_if,4346,416,assistant,0.76,Divergent,Persona,Divergent,Library
0.13996622829644578,0.1204925075450588,0.08947529121870643,1.9599212360319112,0.4053349193584653,0.004899684359877128,0.5126975285949221,none,clarify,4348,416,user,0.8,Divergent,Persona,Divergent,Library
1.6111121799121086,1.5479714592377953,0.05774063243070024,2.3894094859121,0.2996285226573536,0.5371209728055022,1.3457751420938557,none,open_what_if,4350,416,assistant,0.84,Divergent,Persona,Divergent,Library
0.0,0.14385970315185026,0.0,1.117441165618052,0.22282845490895642,0.03382560484320275,0.5744194344933709,none,clarify,4359,416,user,0.88,Divergent,Persona,Divergent,Library
0.6563912619691501,1.3496973377924772,0.0,1.989403690768776,0.19857136631795985,0.470708052259367,1.507087030342418,none,open_what_if,4360,416,assistant,0.92,Divergent,Persona,Divergent,Library
0.20805949797410453,0.4456055977954705,0.0,1.5367846511778689,0.3534788408873356,0.1635597083716236,0.4705371214762217,none,none,4367,416,user,0.96,Divergent,Persona,Divergent,Library
1.6001458779307478,1.5006886614831085,0.0,2.257523238224715,0.05221415231310603,0.8851687674616063,1.3275229013720913,none,open_what_if,4368,416,assistant,1.0,Divergent,Persona,Divergent,Library
0.01264105741708566,0.00482232955218618,0.0010127110821249242,1.022429168313831,0.0005745043820882738,0.0025480940261159287,0.01304334431689544,none,none,4291,418,user,0.0,Divergent,Persona,Divergent,Library
0.0,0.010089302446681409,0.0,1.000250467143594,0.0,0.020284981117467665,0.0,none,clarify,4292,418,assistant,0.1111111111111111,Divergent,Persona,Divergent,Library
0.017391577180013443,0.9864908639138626,0.0,1.9883534953283946,0.0,0.0,0.0,none,clarify,4299,418,user,0.2222222222222222,Divergent,Persona,Divergent,Library
1.5437305426672654,1.3005017855895196,0.0,2.047850621354133,0.07773846208968652,0.8546319805014716,0.897213950113777,none,open_what_if,4300,418,assistant,0.3333333333333333,Divergent,Persona,Divergent,Library
0.39799015325260223,0.39841761375068174,0.010936857251082507,1.7234835504201729,0.16265423477570332,0.04565944932214116,0.7041733707626457,none,none,4343,418,user,0.4444444444444444,Divergent,Persona,Divergent,Library
1.605588244840594,0.795899141131554,0.18304155697186011,2.0434602135289937,0.01451285927825261,0.4931648653845831,1.445315185212324,none,open_what_if,4345,418,assistant,0.5555555555555556,Divergent,Persona,Divergent,Library
0.5186404317397746,0.0,0.46770200193220796,1.901237380516478,0.17940638499427447,0.1715457184701233,0.4232723168481259,neutral,none,4364,418,user,0.6666666666666666,Divergent,Persona,Divergent,Library
2.022149571392098,0.6926899844251618,0.0,1.9614715029462666,0.4868272701646461,1.4898102426130482,1.4820805405127566,none,open_what_if,4365,418,assistant,0.7777777777777778,Divergent,Persona,Divergent,Library
0.0,0.502941712504346,0.001699462467883266,1.9075361290228685,0.1675148037832401,0.12082546837355052,0.590834718304984,none,none,4377,418,user,0.8888888888888888,Divergent,Persona,Divergent,Library
1.9176662420372195,0.7703368662453587,0.008492844550820205,2.1543256675889895,0.3329003089575753,0.3751201575228749,1.4173863447533974,none,open_what_if,4378,418,assistant,1.0,Divergent,Persona,Divergent,Library
0.01264105741708566,0.00482232955218618,0.0010127110821249242,1.022429168313831,0.001494180507970417,0.0,0.01304334431689544,none,none,4385,419,user,0.0,GPT,GPT,GPT,Bicycle
0.0,0.010089302446681409,0.0,1.0033228817489568,0.0,0.0,0.0,none,clarify,4388,419,assistant,0.1111111111111111,GPT,GPT,GPT,Bicycle
0.015808800612270347,0.9878818465632595,0.0,2.0131812692794533,0.0039453103672834125,0.001571199774892238,0.010197506841155037,none,clarify,4409,419,user,0.2222222222222222,GPT,GPT,GPT,Bicycle
0.38532457737566844,1.915177409997238,0.0,2.7456897145650445,0.6659668151395371,0.012812410093158857,2.745325502886457,none,none,4410,419,assistant,0.3333333333333333,GPT,GPT,GPT,Bicycle
0.748671428512676,0.534433318970289,0.011394907735750479,1.7705574958014167,0.07567750819327958,0.013355806742295405,1.0790135107458596,none,clarify,4443,419,user,0.4444444444444444,GPT,GPT,GPT,Bicycle
0.5958962911974443,1.774208629643935,0.022801674637702312,2.574171454961036,0.8537927477497776,0.02651287260055633,2.095835218738009,none,none,4444,419,assistant,0.5555555555555556,GPT,GPT,GPT,Bicycle
0.44873669560933116,0.4658773413799999,0.004928681653289118,1.6307040409269749,0.4331248356515348,0.01002267524210697,0.6821355580566951,none,clarify,4479,419,user,0.6666666666666666,GPT,GPT,GPT,Bicycle
0.05549391487292443,1.5453219838965986,0.16122259775624795,2.5403894839466075,0.6646127934050393,0.009475153516818428,1.218300539537561,none,none,4480,419,assistant,0.7777777777777778,GPT,GPT,GPT,Bicycle
0.9732244067228336,0.714790505015913,0.003678027505207526,1.9066113506289177,0.20724955076585042,0.10529479524775401,0.9771165046073575,none,open_what_if,4507,419,user,0.8888888888888888,GPT,GPT,GPT,Bicycle
0.5675090435251806,1.5640543606006136,0.0,2.6203886121566984,0.6945883679816033,0.0,1.7285006508537073,none,none,4508,419,assistant,1.0,GPT,GPT,GPT,Bicycle
0.01264105741708566,0.00482232955218618,0.0010127110821249242,1.022429168313831,0.001494180507970417,0.0,0.01304334431689544,none,none,4386,420,user,0.0,GPT,GPT,GPT,Bicycle
0.0,0.010089302446681409,0.0,1.0033228817489568,0.0,0.0,0.0,none,clarify,4389,420,assistant,0.043478260869565216,GPT,GPT,GPT,Bicycle
0.09563101615905505,0.32908233891413247,0.3431919230870732,1.404195024099982,0.19200108637949487,0.02585328902906061,0.10650997247359528,none,none,4397,420,user,0.08695652173913043,GPT,GPT,GPT,Bicycle
0.3096150075905702,0.34329370988404706,0.11313048829413966,1.9394640856619625,0.0,0.09719689187676087,0.11248117249783662,none,clarify,4400,420,assistant,0.13043478260869565,GPT,GPT,GPT,Bicycle
0.015808800612270347,0.9878818465632595,0.0,2.0131812692794533,0.0039453103672834125,0.001571199774892238,0.010197506841155037,none,clarify,4403,420,user,0.17391304347826086,GPT,GPT,GPT,Bicycle
0.35705169519106783,1.8893611049104269,0.0,2.381275153525407,0.44750825912721726,0.03408786161854422,1.8300123412918012,none,open_what_if,4404,420,assistant,0.21739130434782608,GPT,GPT,GPT,Bicycle
0.3200039746268903,0.6122440332117892,0.0051284408957063534,1.989924755784607,0.41479001876544835,0.014362028508658743,0.9608722675529692,none,none,4425,420,user,0.2608695652173913,GPT,GPT,GPT,Bicycle
0.701878141494275,1.3792477619155545,0.010465690597863859,2.326601278787755,0.17856887632436702,0.2295635441346607,1.7027720396742907,none,open_what_if,4426,420,assistant,0.30434782608695654,GPT,GPT,GPT,Bicycle
0.33759767355297443,0.427679124488236,0.0533673586423074,1.3862652789066132,0.18954701846080693,0.0712727515908005,0.24732448418856068,none,none,4427,420,user,0.34782608695652173,GPT,GPT,GPT,Bicycle
0.4760137165834292,1.621272692490644,0.5239507090422195,2.785384587239069,0.5758345602471172,0.7151367363584222,2.4043608863509474,none,none,4428,420,assistant,0.391304347826087,GPT,GPT,GPT,Bicycle
0.1055023721902966,0.24962476466030964,0.0,2.0169887671764104,0.056820843010762456,0.005015802229733914,0.24254041536317658,none,none,4429,420,user,0.43478260869565216,GPT,GPT,GPT,Bicycle
0.20439375470863755,1.853764069734857,0.0024403823593413046,2.9332871360869137,0.871262842780201,0.03224451103679364,1.898712710157248,none,clarify,4430,420,assistant,0.4782608695652174,GPT,GPT,GPT,Bicycle
0.1055023721902966,0.24962476466030964,0.0,2.0169887671764104,0.056820843010762456,0.005015802229733914,0.24254041536317658,none,none,4433,420,user,0.5217391304347826,GPT,GPT,GPT,Bicycle
0.5196715424814569,1.4336699175431817,0.009050218072362724,2.126856563372279,0.013591154793228668,0.641366367930136,1.5136957640355109,none,open_what_if,4434,420,assistant,0.5652173913043478,GPT,GPT,GPT,Bicycle
0.17197393333797076,0.45177283897314174,0.12479577660492774,2.0855007771040492,0.2083472855021618,0.0,1.3460665256718656,none,none,4449,420,user,0.6086956521739131,GPT,GPT,GPT,Bicycle
0.23562509791855496,1.7704578241576137,0.0,2.5858740111048397,0.5668642464618128,0.022762795863804187,2.440496268814506,none,none,4450,420,assistant,0.6521739130434783,GPT,GPT,GPT,Bicycle
0.20218716549259003,0.1184810166863354,0.16464392322815438,1.522084246880517,0.04355595296046714,0.0518197892451744,0.6340266916838014,none,clarify,4453,420,user,0.6956521739130435,GPT,GPT,GPT,Bicycle
0.6344136281091034,1.423746405010905,0.25661191242699455,2.4630715406415944,0.4831925924534518,0.07631083708802748,2.2226806974668643,none,none,4454,420,assistant,0.7391304347826086,GPT,GPT,GPT,Bicycle
0.4159562864628156,0.5212639518395695,0.002553651441855991,2.0233314116921846,0.35561559296272266,0.0,0.2664436751958202,none,clarify,4465,420,user,0.782608695652174,GPT,GPT,GPT,Bicycle
0.5300321485707554,1.514571593477228,0.04716249306241492,2.3850236473232918,0.3549327268930792,0.12333329504681223,1.6304898854407825,none,open_what_if,4466,420,assistant,0.8260869565217391,GPT,GPT,GPT,Bicycle
0.32025946519827864,0.3513403037973509,0.0,1.6140709006477496,0.0,0.0,0.49332456005693104,none,clarify,4481,420,user,0.8695652173913043,GPT,GPT,GPT,Bicycle
0.6741732097364346,1.6753298303861135,0.0,2.2027271094050356,0.023827309744245184,0.6450351836166113,1.7096708624139767,none,open_what_if,4482,420,assistant,0.9130434782608695,GPT,GPT,GPT,Bicycle
0.1971038162868742,0.4330171146786533,0.09755298708369071,1.8881382930754989,0.2484520752465278,0.10866427801543681,0.3141411450944459,none,none,4489,420,user,0.9565217391304348,GPT,GPT,GPT,Bicycle
0.7513398626102286,1.2712628981962324,0.44614459260521877,2.257259892888073,0.2793231844227084,0.27078613145990915,1.6582023984890448,none,open_what_if,4490,420,assistant,1.0,GPT,GPT,GPT,Bicycle
0.01264105741708566,0.00482232955218618,0.0010127110821249242,1.022429168313831,0.001494180507970417,0.0,0.01304334431689544,none,none,4393,423,user,0.0,GPT,GPT,GPT,Bicycle
0.0,0.010089302446681409,0.0,1.0033228817489568,0.0,0.0,0.0,none,clarify,4394,423,assistant,0.07692307692307693,GPT,GPT,GPT,Bicycle
0.015808800612270347,0.9878818465632595,0.0,2.0131812692794533,0.0039453103672834125,0.001571199774892238,0.010197506841155037,none,clarify,4411,423,user,0.15384615384615385,GPT,GPT,GPT,Bicycle
0.06569608857443344,1.738707662348129,0.06354647450749476,2.9585447626985113,0.7042668926622958,0.02363671680409657,2.841599918018594,none,none,4413,423,assistant,0.23076923076923078,GPT,GPT,GPT,Bicycle
0.1443206448371719,0.5211847375351742,0.025642408694843296,1.4853863773544107,0.027300940454322655,0.01065148017674081,0.30882226332044893,none,none,4431,423,user,0.3076923076923077,GPT,GPT,GPT,Bicycle
0.28665637885123263,1.736000511691954,0.0,2.535443257984718,0.5273314836135975,0.0024207007887166805,1.9889921593773197,none,none,4432,423,assistant,0.38461538461538464,GPT,GPT,GPT,Bicycle
0.5422633603222156,0.5407749823823315,0.12478099435098987,1.9953318830507227,0.10021800192639274,0.0,0.8062622458652782,none,clarify,4451,423,user,0.46153846153846156,GPT,GPT,GPT,Bicycle
0.7558425619108694,0.39916171824987534,0.012771470805899602,2.4870751814006278,0.3767660252818065,0.0,1.4648911134924987,none,none,4452,423,assistant,0.5384615384615384,GPT,GPT,GPT,Bicycle
0.3971527770342987,0.920460679668156,0.15231849512002874,2.2203964650007335,0.1690954574661059,0.04289178873673148,1.832926172350534,none,none,4487,423,user,0.6153846153846154,GPT,GPT,GPT,Bicycle
0.09811927913842036,1.7558450294470855,0.0,2.735152812037784,0.727250086478238,0.05860949327546073,2.561309489176141,none,none,4488,423,assistant,0.6923076923076923,GPT,GPT,GPT,Bicycle
0.7579689417606577,0.9101580737393922,0.01436207089276612,1.9392657021627313,0.5998109945508422,0.04905039685074196,1.5581268505933956,none,clarify,4503,423,user,0.7692307692307693,GPT,GPT,GPT,Bicycle
0.47317053474550036,0.4094485225370927,0.2558123423990949,2.4640601837619593,0.34558847405169585,0.0,1.1211609122178787,none,none,4504,423,assistant,0.8461538461538461,GPT,GPT,GPT,Bicycle
0.0,0.34311209466639153,0.0,1.1374262085225482,0.33070349743738503,0.01320771063593613,0.8309272025131592,none,clarify,4517,423,user,0.9230769230769231,GPT,GPT,GPT,Bicycle
0.6791074989055129,1.6007064138644338,0.0,2.30933889627764,0.5921333617067818,0.0,1.362168325388733,none,none,4518,423,assistant,1.0,GPT,GPT,GPT,Bicycle
0.01264105741708566,0.00482232955218618,0.0010127110821249242,1.022429168313831,0.001494180507970417,0.0,0.01304334431689544,none,none,4396,425,user,0.0,GPT,GPT,GPT,Bicycle
0.0,0.010089302446681409,0.0,1.0033228817489568,0.0,0.0,0.0,none,clarify,4399,425,assistant,0.07692307692307693,GPT,GPT,GPT,Bicycle
0.015808800612270347,0.9878818465632595,0.0,2.0131812692794533,0.0039453103672834125,0.001571199774892238,0.010197506841155037,none,clarify,4405,425,user,0.15384615384615385,GPT,GPT,GPT,Bicycle
0.15649503388959504,1.1619635838365665,0.3696123352656666,2.910846186056053,0.6095439666513648,0.0,2.3903485619282816,none,none,4406,425,assistant,0.23076923076923078,GPT,GPT,GPT,Bicycle
0.07923016279638459,0.11936541984264261,0.00040596935103225237,1.1108461766204651,0.008459579492999197,0.0,0.04724803704694839,none,clarify,4440,425,user,0.3076923076923077,GPT,GPT,GPT,Bicycle
0.2744749744464079,1.8015173096061754,0.002553651441855991,2.546261109697342,0.65478090691822,0.006849586337609417,2.491223474837109,none,none,4442,425,assistant,0.38461538461538464,GPT,GPT,GPT,Bicycle
0.16677778978083585,0.4559502692325858,0.007879871258813169,2.0432440210799108,0.45006003251281895,0.05163212904975819,0.9818694369734433,none,clarify,4457,425,user,0.46153846153846156,GPT,GPT,GPT,Bicycle
0.059125814218365776,0.7829813198934198,0.0009741054228033872,2.6375177382679578,0.8315921180443603,0.0,2.143908897090449,none,none,4458,425,assistant,0.5384615384615384,GPT,GPT,GPT,Bicycle
0.40675838628963906,0.8065575289113411,0.3234051943482997,1.6531956776825014,0.2535821925478258,0.4714907328068234,0.43941786502876123,none,none,4477,425,user,0.6153846153846154,GPT,GPT,GPT,Bicycle
0.11120168264454658,1.6871478144721457,0.5660267679488531,2.4043716857326918,0.5971343540091134,0.04138666588181185,2.6409681534758316,none,none,4478,425,assistant,0.6923076923076923,GPT,GPT,GPT,Bicycle
0.48273697670535987,1.0683905309301454,0.05175167453979118,1.9014986166067378,0.2854640724303773,0.42656604893591527,0.8517843002398433,none,open_what_if,4499,425,user,0.7692307692307693,GPT,GPT,GPT,Bicycle
0.5328026927862192,1.5353704404999768,0.0063406049088690275,2.3627050567950256,0.3285425287448646,0.04990342295117065,2.1384562964709657,none,none,4500,425,assistant,0.8461538461538461,GPT,GPT,GPT,Bicycle
0.5300539143689689,0.8413251599224304,0.0089734203369871,1.1300513678520105,0.25236086419454057,0.0,0.1874901052874135,none,clarify,4511,425,user,0.9230769230769231,GPT,GPT,GPT,Bicycle
0.5512023786685574,1.7337235225682526,0.0,2.4083703902175184,0.5884968851685818,0.0032522343997462497,2.6860744303521527,none,none,4512,425,assistant,1.0,GPT,GPT,GPT,Bicycle
0.01264105741708566,0.00482232955218618,0.0010127110821249242,1.022429168313831,0.001494180507970417,0.0,0.01304334431689544,none,none,4401,426,user,0.0,GPT,GPT,GPT,Bicycle
0.0,0.010089302446681409,0.0,1.0033228817489568,0.0,0.0,0.0,none,clarify,4402,426,assistant,0.07692307692307693,GPT,GPT,GPT,Bicycle
0.015808800612270347,0.9878818465632595,0.0,2.0131812692794533,0.0039453103672834125,0.001571199774892238,0.010197506841155037,none,clarify,4407,426,user,0.15384615384615385,GPT,GPT,GPT,Bicycle
0.0753533944858425,1.1251585998446016,0.0,2.8567017951620404,0.822802094144761,0.008755723933211872,2.470201595120539,none,none,4408,426,assistant,0.23076923076923078,GPT,GPT,GPT,Bicycle
0.09270453250046284,0.5838999488645503,0.117088850341079,2.3655032106875207,0.6377116599740061,0.0,0.95157190026549,none,none,4435,426,user,0.3076923076923077,GPT,GPT,GPT,Bicycle
0.6463298628497997,0.5566503291041365,0.12875618823040674,2.440976047805605,0.40959170031052505,0.0,2.007691384303488,none,none,4436,426,assistant,0.38461538461538464,GPT,GPT,GPT,Bicycle
0.8334668022258459,1.2777874536634717,0.0,1.9582741357671194,0.5127650590169933,0.20611008398850839,1.093991001344238,none,none,4461,426,user,0.46153846153846156,GPT,GPT,GPT,Bicycle
0.4214151887925765,1.8466313772194023,0.007041517627169897,2.7924690638381855,0.6527426622176534,0.08245201123639173,1.926152377992758,none,none,4462,426,assistant,0.5384615384615384,GPT,GPT,GPT,Bicycle
0.47359088399996474,0.08113717569006476,0.224090985657527,1.9841642743659533,0.020451139883834697,0.004283868167488232,1.0421912870297951,none,none,4483,426,user,0.6153846153846154,GPT,GPT,GPT,Bicycle
0.5596945643015451,1.685465699521495,0.0,2.422931527282581,0.5112651823064442,0.0,1.935294350869936,none,none,4484,426,assistant,0.6923076923076923,GPT,GPT,GPT,Bicycle
0.9706634492811161,0.8095960484170843,0.0,2.2197784207704117,0.36453425300204645,0.5257755700221663,1.5337965514991088,none,none,4509,426,user,0.7692307692307693,GPT,GPT,GPT,Bicycle
0.4163922907919014,1.0061505872369074,0.17294789363819238,2.6162442856046497,0.7046743574454243,0.0,1.8167339574503079,none,none,4510,426,assistant,0.8461538461538461,GPT,GPT,GPT,Bicycle
0.09316688427961768,0.43613304010200044,0.1278669780714703,1.4368482993834397,0.10859203287001502,0.0,0.6498998770963575,none,clarify,4519,426,user,0.9230769230769231,GPT,GPT,GPT,Bicycle
0.5825425468492973,0.38690985666333305,0.0,2.502325128499268,0.6564323787674562,0.09728940722716344,1.2460178030466174,none,none,4520,426,assistant,1.0,GPT,GPT,GPT,Bicycle
0.01264105741708566,0.00482232955218618,0.0010127110821249242,1.022429168313831,0.001494180507970417,0.0,0.01304334431689544,none,none,4421,428,user,0.0,GPT,GPT,GPT,Bicycle
0.0,0.010089302446681409,0.0,1.0033228817489568,0.0,0.0,0.0,none,clarify,4422,428,assistant,0.07692307692307693,GPT,GPT,GPT,Bicycle
0.015808800612270347,0.9878818465632595,0.0,2.0131812692794533,0.0039453103672834125,0.001571199774892238,0.010197506841155037,none,clarify,4423,428,user,0.15384615384615385,GPT,GPT,GPT,Bicycle
0.2988275665129601,1.7771266873614104,0.06153777406230194,2.8615836259602734,0.5736436873898622,0.013763198342116253,2.8373033328206074,none,none,4424,428,assistant,0.23076923076923078,GPT,GPT,GPT,Bicycle
0.8642320335988231,0.14096308056842316,0.0,2.032875775192491,0.34910258930315385,0.32433980272851537,1.0024847303365971,none,none,4439,428,user,0.3076923076923077,GPT,GPT,GPT,Bicycle
0.7706857378821819,1.6115192860852587,0.0,2.407684251903842,0.6790084138423955,0.04759435577994076,2.236980712683143,none,none,4441,428,assistant,0.38461538461538464,GPT,GPT,GPT,Bicycle
1.1898718235390895,0.5753527263236499,0.0,2.3253767119025097,0.2800957999179731,0.1044319058044375,2.0834890433246938,none,none,4473,428,user,0.46153846153846156,GPT,GPT,GPT,Bicycle
0.6130413903470181,1.435436827446091,0.0,2.6114408448944406,0.7236112538476309,0.026278452144504288,2.0180132065375944,none,none,4474,428,assistant,0.5384615384615384,GPT,GPT,GPT,Bicycle
0.10506100940735491,0.6670091130289552,0.0,1.7282194942201075,0.5178930861828346,0.0,1.6533162033913495,none,clarify,4485,428,user,0.6153846153846154,GPT,GPT,GPT,Bicycle
0.14905797440110882,2.4253822212085647,0.0,3.0,0.8606749093783101,0.01321860149976476,2.539240022465499,none,none,4486,428,assistant,0.6923076923076923,GPT,GPT,GPT,Bicycle
0.46021797796603453,0.6241435444637337,0.12259890488478396,2.274280082191454,0.1555485217767421,0.4625601930526884,1.3877098191681543,none,none,4497,428,user,0.7692307692307693,GPT,GPT,GPT,Bicycle
0.5646186901475858,2.2394590292048706,0.15030500642724887,2.771894009808505,0.5475428288464301,0.0799575311748081,2.094608473977409,none,none,4498,428,assistant,0.8461538461538461,GPT,GPT,GPT,Bicycle
0.7646848931077702,0.732474652876675,0.08886487322366687,2.003937299416308,0.5086720895614455,0.4837569091464054,1.6922598821082293,none,none,4513,428,user,0.9230769230769231,GPT,GPT,GPT,Bicycle
0.11787054586439255,1.7778157827327319,0.0,2.858490986167977,0.6084874527321842,0.04998113592686206,2.365022739431141,none,none,4514,428,assistant,1.0,GPT,GPT,GPT,Bicycle
0.01264105741708566,0.00482232955218618,0.0010127110821249242,1.022429168313831,0.001494180507970417,0.0,0.01304334431689544,none,none,4525,429,user,0.0,GPT,GPT,GPT,Library
0.0,0.010089302446681409,0.0,1.0033228817489568,0.0,0.0,0.0,none,clarify,4526,429,assistant,0.05263157894736842,GPT,GPT,GPT,Library
0.017391577180013443,0.9864908639138626,0.0,2.0231320623003413,0.0,0.0,0.0,none,clarify,4537,429,user,0.10526315789473684,GPT,GPT,GPT,Library
0.3886782856492613,1.6628091364365842,0.0,2.3924507874045435,0.4941593499844643,0.16161783030465005,2.0936975583214563,none,none,4540,429,assistant,0.15789473684210525,GPT,GPT,GPT,Library
0.3462283325135254,0.8887116422308744,0.9052120592086056,2.0940071559463584,0.5583439671966639,0.07618057269912057,1.89319157174958,none,none,4565,429,user,0.21052631578947367,GPT,GPT,GPT,Library
0.17907586507722645,1.6877182455130275,0.5183202129060004,2.48927141638432,0.6265421120572963,0.1548790126428556,1.2655454944663258,none,none,4566,429,assistant,0.2631578947368421,GPT,GPT,GPT,Library
0.632166669870027,0.9221442393812063,0.2120400599458305,2.0549852261074544,0.30735267567081254,0.011199723748829592,0.9726934455906775,none,none,4579,429,user,0.3157894736842105,GPT,GPT,GPT,Library
1.0268160549472904,1.8106749746194002,0.0,2.4152099335574313,0.42975780383703777,0.08333240963606182,1.5483280044042433,none,none,4581,429,assistant,0.3684210526315789,GPT,GPT,GPT,Library
0.054870737958265664,0.16955989246497133,0.0,1.3801512231958426,0.08862657913888491,0.053528653063965294,0.7234309573330314,none,clarify,4589,429,user,0.42105263157894735,GPT,GPT,GPT,Library
1.0843609757360677,1.7155297787309791,0.00714368970778513,2.4290752469180865,0.6291899904839492,0.11177297449508078,1.6973158124792274,none,none,4590,429,assistant,0.47368421052631576,GPT,GPT,GPT,Library
0.32392164539524415,0.17444589014708647,0.0,1.4765529199505147,0.240029741403477,0.0,0.5824798697765735,none,clarify,4601,429,user,0.5263157894736842,GPT,GPT,GPT,Library
0.5510388989626444,1.67708200448732,0.0,2.0805842406775947,0.6730989896101567,0.1612195672635839,1.5834634971495378,none,open_what_if,4602,429,assistant,0.5789473684210527,GPT,GPT,GPT,Library
0.17123141558563726,0.24852488669014508,0.0,1.5355619679188293,0.07940964881404496,0.0,0.9710912725597411,none,none,4607,429,user,0.631578947368421,GPT,GPT,GPT,Library
0.6226446239035711,1.7594633528640695,0.46734763666575524,2.403939926451857,0.3912518394982125,0.15099562252394444,1.418839706949923,none,none,4608,429,assistant,0.6842105263157895,GPT,GPT,GPT,Library
0.30621671153623753,0.1861872813607284,0.06846631992350213,1.8907515811893936,0.36137329398303064,0.008161295618630209,1.2942729741933097,none,none,4637,429,user,0.7368421052631579,GPT,GPT,GPT,Library
0.35111692670831934,1.789935724131188,0.06105035228426953,2.560092964895411,0.8717752613111055,0.15242812375640913,1.7449178351094519,none,none,4638,429,assistant,0.7894736842105263,GPT,GPT,GPT,Library
0.2666996182992699,0.5145936084512333,0.4010587464526383,2.1994300823158413,0.1336836575558036,0.03138365640021183,1.1110984157320611,none,none,4645,429,user,0.8421052631578947,GPT,GPT,GPT,Library
0.2998232756376574,1.7576062060753896,0.5636152141000429,2.3577069237288675,0.5440099559088688,0.25664503784348786,2.16581210578035,constructive,none,4646,429,assistant,0.8947368421052632,GPT,GPT,GPT,Library
0.5444350345563455,0.11378036935556539,0.012553591156462068,1.9998232577048247,0.25464058180292426,0.014529601501629998,0.9139959584719641,none,none,4655,429,user,0.9473684210526315,GPT,GPT,GPT,Library
0.6488067033859272,2.0202811648311787,0.11708403877146745,2.2120941212933634,0.6317346840108878,0.4358991483043135,1.927773016291686,none,none,4656,429,assistant,1.0,GPT,GPT,GPT,Library
0.01264105741708566,0.00482232955218618,0.0010127110821249242,1.022429168313831,0.001494180507970417,0.0,0.01304334431689544,none,none,4529,431,user,0.0,GPT,GPT,GPT,Library
0.0,0.19747036452888375,0.08217711021178072,1.0164778599563637,0.10884573962335539,0.0,0.0,none,clarify,4530,431,assistant,0.030303030303030304,GPT,GPT,GPT,Library
0.017391577180013443,0.9864908639138626,0.0,2.0231320623003413,0.0,0.0,0.0,none,clarify,4541,431,user,0.06060606060606061,GPT,GPT,GPT,Library
0.3403691613736773,1.7335456835462169,0.0,2.3070833662792807,0.5359940276326722,0.0033724408134861595,1.9520918129790241,none,none,4542,431,assistant,0.09090909090909091,GPT,GPT,GPT,Library
0.25718173228440266,0.31395824157142965,0.002445938481301393,1.9341402058507997,0.0,0.023263750226207684,0.6156838225147727,none,clarify,4555,431,user,0.12121212121212122,GPT,GPT,GPT,Library
0.32932161165013624,1.7267418233022707,0.008999413661325924,2.4441861250849244,0.5201321392702015,0.08132916798976633,2.0030305489206865,none,none,4556,431,assistant,0.15151515151515152,GPT,GPT,GPT,Library
0.49255441873529526,0.3131796658946908,0.002689780743214712,2.1721150536928127,0.7366888251823321,0.14173881569927477,0.8731062144960927,none,none,4561,431,user,0.18181818181818182,GPT,GPT,GPT,Library
0.6664093867000505,2.0156947968386993,0.15081907947097625,2.605663280236122,0.5901004415748021,0.038790095784689366,1.8020435377827333,none,none,4562,431,assistant,0.21212121212121213,GPT,GPT,GPT,Library
0.25326081383575993,0.35008787613034575,0.011177512532831337,2.0839502519349162,0.11934347609656824,0.15951082761672772,0.43565099343869373,none,clarify,4569,431,user,0.24242424242424243,GPT,GPT,GPT,Library
0.4884146196378055,1.4473206699976364,0.0,2.263476965932772,0.6218546263887801,0.0,1.7639485557628962,none,none,4570,431,assistant,0.2727272727272727,GPT,GPT,GPT,Library
0.10298755180694871,0.0,0.15624586243144573,1.599634550976947,0.29903962506677206,0.01740619486137508,0.4019506459577343,none,none,4575,431,user,0.30303030303030304,GPT,GPT,GPT,Library
0.5740446646455805,1.4269525748937244,0.00714368970778513,2.3734923045607963,0.4005287381329862,0.0,2.1395415443882797,none,none,4576,431,assistant,0.3333333333333333,GPT,GPT,GPT,Library
0.2855225038040763,0.7877493797194898,0.0,1.9270891713504033,0.29897099856354264,0.01813320981836576,0.6956082603370825,none,none,4586,431,user,0.36363636363636365,GPT,GPT,GPT,Library
0.36553054356937636,1.552351788974712,0.0,2.3739301732533473,0.5975184365186295,0.13901965319459875,2.4067952679379254,none,none,4588,431,assistant,0.3939393939393939,GPT,GPT,GPT,Library
0.491572579818127,0.11250019696038158,0.014506838478758728,1.228622069267988,0.14512290344447615,0.0,0.5796556070109664,none,clarify,4591,431,user,0.42424242424242425,GPT,GPT,GPT,Library
0.3983330794299751,1.7966681246531715,0.0,2.425949819476011,0.49691917552767867,0.04237678555686258,1.6437689081034754,none,none,4592,431,assistant,0.45454545454545453,GPT,GPT,GPT,Library
0.15453542072596732,0.0,0.16544820732571425,1.9346461430655322,0.058752813994883475,0.005481584107754261,0.5428830004371419,none,clarify,4599,431,user,0.48484848484848486,GPT,GPT,GPT,Library
0.13471757383402183,1.8755054307631858,0.0089734203369871,2.912544848237882,0.947855524241826,0.009891682431585561,2.0289288971312236,none,none,4600,431,assistant,0.5151515151515151,GPT,GPT,GPT,Library
0.49247739220725795,0.5917297241427767,0.006178412558341158,1.89747597188992,0.3335391730668851,0.0,0.8013072399352161,none,none,4605,431,user,0.5454545454545454,GPT,GPT,GPT,Library
0.782379631792282,1.5913771078417696,0.0,2.4815789324350055,0.6536761430388105,0.06300606985284156,1.9684006775425815,none,none,4606,431,assistant,0.5757575757575758,GPT,GPT,GPT,Library
0.05458220205763792,0.0684859053569269,0.0,1.050567366435154,0.020765249875545472,0.0,0.04284600983080188,none,clarify,4609,431,user,0.6060606060606061,GPT,GPT,GPT,Library
0.5554499212988637,1.1551729799329435,0.0,2.3508438538483367,0.6458448240936303,0.0,1.8479724962901887,none,none,4611,431,assistant,0.6363636363636364,GPT,GPT,GPT,Library
0.27852969964666946,0.23443130227368106,0.02176930623223715,1.6048389483959995,0.30723006346143106,0.10687607390574555,0.5797914658535751,none,clarify,4615,431,user,0.6666666666666666,GPT,GPT,GPT,Library
1.1788218385365699,0.6911058590300166,0.014586722264617534,2.4780865593077217,0.33192796374441735,0.6092121443185162,0.943099240379588,none,none,4616,431,assistant,0.696969696969697,GPT,GPT,GPT,Library
0.0,0.28415259334160853,0.10203394263417266,1.1337360140749944,0.5177126036483636,0.3932648555871842,1.0300223519175005,none,clarify,4619,431,user,0.7272727272727273,GPT,GPT,GPT,Library
0.22154856321541339,1.7387501749292336,0.308422384100473,2.366760149199264,0.3819730227314552,0.0,1.9851901142207413,none,none,4620,431,assistant,0.7575757575757576,GPT,GPT,GPT,Library
0.7736918081451398,0.5886651431899307,0.18325327676966283,1.7722586725629437,0.20214025903701757,0.041534528929317756,1.2747422220467899,none,none,4627,431,user,0.7878787878787878,GPT,GPT,GPT,Library
0.28736229881357905,1.9404822060297267,0.07862743679892491,2.559619933489838,0.46388426016673423,0.07627254656772157,1.8121704590884364,none,none,4628,431,assistant,0.8181818181818182,GPT,GPT,GPT,Library
0.8887888614539827,0.04569194622890813,0.4108265780648233,1.8606622154152903,0.29740166848190713,0.013658722839559162,1.0484352287540482,none,none,4635,431,user,0.8484848484848485,GPT,GPT,GPT,Library
0.6988731949957814,1.3636613912804858,0.0,2.4057778595215917,0.8639925253633505,0.005415328812313373,1.9640653623115247,none,none,4636,431,assistant,0.8787878787878788,GPT,GPT,GPT,Library
0.46125442486896895,0.279267578936916,0.0,1.924150368189688,0.45270042428530793,0.0,0.9209957634984546,none,clarify,4647,431,user,0.9090909090909091,GPT,GPT,GPT,Library
0.42664979163711747,1.454984616160514,0.0,2.2061431965035854,0.9360053664604314,0.002497816989347047,1.5305271511752572,none,none,4648,431,assistant,0.9393939393939394,GPT,GPT,GPT,Library
0.2410180350513358,0.6394583086354643,1.0998917296715416,1.353597330864128,0.5989218033501854,0.03026447569532761,1.41318004442117,neutral,none,4653,431,user,0.9696969696969697,GPT,GPT,GPT,Library
0.7260041044968508,1.5569848089287774,0.0,2.340407179976808,0.5453658697769406,0.0,1.589255857396002,none,none,4654,431,assistant,1.0,GPT,GPT,GPT,Library
0.01264105741708566,0.00482232955218618,0.0010127110821249242,1.022429168313831,0.001494180507970417,0.0,0.01304334431689544,none,none,4531,432,user,0.0,GPT,GPT,GPT,Library
0.0,0.010089302446681409,0.0,1.0033228817489568,0.0,0.0,0.0,none,clarify,4532,432,assistant,0.06666666666666667,GPT,GPT,GPT,Library
0.017391577180013443,0.9864908639138626,0.0,2.0231320623003413,0.0,0.0,0.0,none,clarify,4547,432,user,0.13333333333333333,GPT,GPT,GPT,Library
0.3891445318345984,1.8564922231809267,0.0,2.4364540408936604,0.45301852444073665,0.16834660106952262,2.021128564772806,none,none,4549,432,assistant,0.2,GPT,GPT,GPT,Library
0.9281761652164616,0.12949255158861972,0.005287455614531738,1.9698707916749836,0.008679771672973182,0.0,0.17270469371971134,none,clarify,4573,432,user,0.26666666666666666,GPT,GPT,GPT,Library
0.7443058828926618,1.3646159250048735,0.00714368970778513,2.154293084244045,0.6958571176336035,0.06907563542386684,1.4692151980674542,none,none,4574,432,assistant,0.3333333333333333,GPT,GPT,GPT,Library
0.2187046195701197,0.6035487879099138,0.32694611444538957,1.972307478746202,0.0,0.0,0.47844648032804654,none,clarify,4594,432,user,0.4,GPT,GPT,GPT,Library
0.4899363999680508,1.7399345537107582,0.013140949446926748,2.3893002517386126,0.34738680781006576,0.16697534920520363,2.2714524545840775,none,none,4596,432,assistant,0.4666666666666667,GPT,GPT,GPT,Library
0.8947916553547831,0.6506503143106008,0.0080624662255843,2.1016067386937984,0.22057562050602117,0.24495703128203444,1.5247186418087288,none,none,4617,432,user,0.5333333333333333,GPT,GPT,GPT,Library
0.6081043353595076,1.6768382638725818,0.06454057662781894,2.2400092881902234,0.5310039397103734,0.10183700595113106,2.514229298175692,none,none,4618,432,assistant,0.6,GPT,GPT,GPT,Library
0.8432448544372688,0.7372706761801227,0.20155705341977104,2.0112550584127615,0.16650936223688273,0.029340839557025405,1.440263190662083,none,none,4629,432,user,0.6666666666666666,GPT,GPT,GPT,Library
0.6090968310219279,1.7535940925017086,0.0,2.2880988436938168,0.3900020293928685,0.1060461786940585,1.816377801929599,none,none,4630,432,assistant,0.7333333333333333,GPT,GPT,GPT,Library
0.03863745960607213,0.9504312210511394,0.20602200136486434,1.7526405995050613,0.26793871513568013,0.00033194869814550136,1.0343592525141994,none,none,4649,432,user,0.8,GPT,GPT,GPT,Library
0.27150429646858126,2.0638623272752583,0.005640978826820925,2.329314216637523,0.7542222558023416,0.023914540862839367,1.4769116845518706,none,none,4650,432,assistant,0.8666666666666667,GPT,GPT,GPT,Library
0.3441976695078897,0.4920175298881045,0.0,1.621283663427737,0.26995617609651146,0.0,0.21589031623765126,none,none,4657,432,user,0.9333333333333333,GPT,GPT,GPT,Library
0.5834116003129094,1.720909159611539,0.0,2.353303123266186,0.492491408947431,0.34248524916135753,1.9623719361123422,none,none,4658,432,assistant,1.0,GPT,GPT,GPT,Library
0.01264105741708566,0.00482232955218618,0.0010127110821249242,1.022429168313831,0.001494180507970417,0.0,0.01304334431689544,none,none,4533,433,user,0.0,GPT,GPT,GPT,Library
0.0,0.010089302446681409,0.0,1.0033228817489568,0.0,0.0,0.0,none,clarify,4534,433,assistant,0.05263157894736842,GPT,GPT,GPT,Library
0.017391577180013443,0.9864908639138626,0.0,2.0231320623003413,0.0,0.0,0.0,none,clarify,4538,433,user,0.10526315789473684,GPT,GPT,GPT,Library
0.5920345132083553,1.1156325647805219,0.0,2.3143088595186305,0.46743974518163955,0.019990053795208323,1.7664862380515707,none,none,4539,433,assistant,0.15789473684210525,GPT,GPT,GPT,Library
0.3365567068373451,0.7494366354638599,0.17648824133895616,1.8662247309456907,0.05736353331559801,0.03407329176176191,0.970239634232133,none,clarify,4563,433,user,0.21052631578947367,GPT,GPT,GPT,Library
0.5783738293378824,1.5749335988169497,0.003021411527317745,2.3355280205731463,0.4261603474688512,0.0,2.1619512765936073,none,none,4564,433,assistant,0.2631578947368421,GPT,GPT,GPT,Library
0.6655577282991912,0.06403122272379888,0.388709940512576,1.4449839657873698,0.0,0.046183393773756194,0.7323249351835077,none,clarify,4571,433,user,0.3157894736842105,GPT,GPT,GPT,Library
0.5607967619665578,1.5345186404516116,0.0,2.3813598512665983,0.9501426662696645,0.2600446524900216,1.9877514654127661,none,none,4572,433,assistant,0.3684210526315789,GPT,GPT,GPT,Library
0.34523207477036555,0.5250060877404782,0.01182552722450825,1.4483111152702521,0.0,0.0,0.4945272766369683,none,clarify,4585,433,user,0.42105263157894735,GPT,GPT,GPT,Library
0.7308924857230473,1.331578156743462,0.0,2.3045266449941364,0.6121252957499658,0.31925046118368205,1.988180676084381,none,none,4587,433,assistant,0.47368421052631576,GPT,GPT,GPT,Library
0.47604719507878795,0.297261684485449,0.5061120839521951,1.4414404459338637,0.14221949845801976,0.29300602635499134,0.2946770401183319,none,clarify,4597,433,user,0.5263157894736842,GPT,GPT,GPT,Library
0.32863313300805275,1.3946360987200852,0.0,2.3492105889493167,0.8470218164877693,0.0011163054523244409,1.576505321535649,none,none,4598,433,assistant,0.5789473684210527,GPT,GPT,GPT,Library
0.067764853767525,0.3625408484691344,0.0,1.7405270325665496,0.3859156689613283,0.04965036757836063,1.2538081160337948,none,clarify,4613,433,user,0.631578947368421,GPT,GPT,GPT,Library
0.6406370693992314,1.3715432695635148,0.0,2.285357050804047,0.7550276022809193,0.0,1.6346216645937113,none,none,4614,433,assistant,0.6842105263157895,GPT,GPT,GPT,Library
0.2540095013148353,0.10059273313790294,0.0,1.492524866459351,0.16476759849120787,0.002356169761408081,0.810632170232579,none,clarify,4621,433,user,0.7368421052631579,GPT,GPT,GPT,Library
0.6296365998161619,1.3187711151914123,0.0,2.290588760031492,1.0366461148385167,0.0,2.1220600655509396,none,none,4622,433,assistant,0.7894736842105263,GPT,GPT,GPT,Library
0.10697198861879603,0.14908030311279458,0.023518152727020677,1.7086439238585318,0.20887862664194173,0.0,0.432812636013438,none,clarify,4631,433,user,0.8421052631578947,GPT,GPT,GPT,Library
0.6844039848555188,1.3977986071287503,0.0,2.2543771969879436,0.7909602668094704,0.338618483897492,2.284749052508136,none,none,4632,433,assistant,0.8947368421052632,GPT,GPT,GPT,Library
0.7713500238776676,0.1347178522404958,0.0,1.9292621880153547,0.39697024946277004,0.01718517597783791,0.720892840467792,none,none,4643,433,user,0.9473684210526315,GPT,GPT,GPT,Library
0.7816018811200991,1.394512142743489,0.01117412000444883,2.2134972471192635,0.7342046181928525,0.44256332660790426,2.098904265309981,none,none,4644,433,assistant,1.0,GPT,GPT,GPT,Library
0.01264105741708566,0.00482232955218618,0.0010127110821249242,1.022429168313831,0.001494180507970417,0.0,0.01304334431689544,none,none,4535,434,user,0.0,GPT,GPT,GPT,Library
0.0,0.010089302446681409,0.0,1.0033228817489568,0.0,0.0,0.0,none,clarify,4536,434,assistant,0.058823529411764705,GPT,GPT,GPT,Library
0.017391577180013443,0.9864908639138626,0.0,2.0231320623003413,0.0,0.0,0.0,none,clarify,4548,434,user,0.11764705882352941,GPT,GPT,GPT,Library
0.45972379396815444,1.8087989264443423,0.0,2.2645454817846,0.4139245017249298,0.017139730620917313,1.8765983375172088,none,none,4550,434,assistant,0.17647058823529413,GPT,GPT,GPT,Library
0.9511401647342381,0.28776181595976497,0.25617267947106204,1.8777481099552868,0.012047086558799266,0.34612845795605107,0.7727253067283084,none,none,4567,434,user,0.23529411764705882,GPT,GPT,GPT,Library
1.135687703409656,1.8583663893202886,0.2569918181618047,2.215407890526659,0.4240586720534188,0.44473536729791113,1.2396711361085029,none,none,4568,434,assistant,0.29411764705882354,GPT,GPT,GPT,Library
0.20533513520662847,0.1431783443781568,0.5680780494357687,1.2440904017119334,0.268453608199686,0.12871999883560287,0.2822014243792673,none,none,4580,434,user,0.35294117647058826,GPT,GPT,GPT,Library
0.6535313789078849,2.2995737768017315,0.0,2.1812231873796875,0.04099142506260098,0.0,0.9487235280841121,none,open_what_if,4582,434,assistant,0.4117647058823529,GPT,GPT,GPT,Library
0.39718428364620484,0.9910941614963726,0.009125886688926518,1.9503253161229535,0.31222314092781844,0.0,1.20563010285506,none,clarify,4593,434,user,0.47058823529411764,GPT,GPT,GPT,Library
0.4183606890123341,1.3385940492969315,0.03705645599004259,2.4862207178451823,0.5447376674822705,0.08010682987274566,0.9807105943432418,none,none,4595,434,assistant,0.5294117647058824,GPT,GPT,GPT,Library
0.323787084255279,1.225757328897641,0.014165926582744898,2.2024737478341394,0.32609419804498313,0.042532009051576745,0.693087804509284,none,none,4623,434,user,0.5882352941176471,GPT,GPT,GPT,Library
0.4316983946878152,1.7086408270407616,0.0,2.338064107250875,0.5462574221718307,0.02295675571450409,2.1364488756573894,none,none,4625,434,assistant,0.6470588235294118,GPT,GPT,GPT,Library
0.16583192267248156,1.1743489163038998,0.0,1.287086114230389,0.052981891706818024,0.0,1.0769167986465669,none,none,4633,434,user,0.7058823529411765,GPT,GPT,GPT,Library
1.1232839425379437,1.553604339797017,0.0,2.383038349215816,0.43171467123002233,0.22011866088901316,1.8153753050182528,none,none,4634,434,assistant,0.7647058823529411,GPT,GPT,GPT,Library
0.4155999655698523,1.0113456278190018,0.5778990372749796,1.2544359564309109,0.25100368958712016,0.3674713941822122,0.33746941475429687,none,clarify,4641,434,user,0.8235294117647058,GPT,GPT,GPT,Library
0.7028229540989545,1.7007032618988212,0.0,2.252294577383083,0.5204671061330844,0.0,2.1136706135128343,none,none,4642,434,assistant,0.8823529411764706,GPT,GPT,GPT,Library
0.34699470993744225,0.04688038442978438,0.0,1.6933177807656534,0.43757065261739003,0.0023707092540210086,1.3311358502433432,none,none,4651,434,user,0.9411764705882353,GPT,GPT,GPT,Library
0.8220414546502339,1.516309805352971,0.0,2.347479412338897,0.859228766836209,0.20966019330148786,1.6342226649529985,none,none,4652,434,assistant,1.0,GPT,GPT,GPT,Library
0.01264105741708566,0.00482232955218618,0.0010127110821249242,1.022429168313831,0.001494180507970417,0.0,0.01304334431689544,none,none,4545,436,user,0.0,GPT,GPT,GPT,Library
0.0,0.010089302446681409,0.0,1.0033228817489568,0.0,0.0,0.0,none,clarify,4546,436,assistant,0.09090909090909091,GPT,GPT,GPT,Library
0.038702918011374446,0.3114827396664101,0.01709159731007193,1.4341067396995997,0.16192572764864674,0.21657518677777535,0.5087756461650087,none,none,4551,436,user,0.18181818181818182,GPT,GPT,GPT,Library
0.0018005199589440184,0.32501739326265056,0.008916655199557044,2.014549521762292,0.028809775118601836,0.10352473729321493,0.14212016905914188,none,clarify,4553,436,assistant,0.2727272727272727,GPT,GPT,GPT,Library
0.017391577180013443,0.9864908639138626,0.0,2.0231320623003413,0.0,0.0,0.0347353438150406,none,clarify,4557,436,user,0.36363636363636365,GPT,GPT,GPT,Library
0.800979330372276,1.7602355049101206,0.011177512532831337,2.4108178750757356,0.36576289108682747,0.024856011098519214,2.00979842560089,none,none,4558,436,assistant,0.45454545454545453,GPT,GPT,GPT,Library
0.4694962441556586,0.21944272046916904,0.14052971223909314,1.9088657858327192,0.3306054667046151,0.05396434854509503,0.9674903559313615,none,none,4603,436,user,0.5454545454545454,GPT,GPT,GPT,Library
0.7955843039908473,2.0983927293612727,0.0033387216747617302,2.475944445096416,0.4300278355455142,0.03777602722433251,1.2217073555890734,none,none,4604,436,assistant,0.6363636363636364,GPT,GPT,GPT,Library
0.17579502763294783,1.0527294901547315,0.11450690208366565,1.981806243101515,0.1184816313806806,0.09121619213644495,0.6023414334439473,none,none,4624,436,user,0.7272727272727273,GPT,GPT,GPT,Library
0.4021701890705772,2.0496160736256335,0.4556856170932245,2.517012692900499,0.7022934347240294,0.08807820028962504,1.5918450843283478,none,none,4626,436,assistant,0.8181818181818182,GPT,GPT,GPT,Library
0.38875093520158277,0.2927186164043613,0.05855523751956549,2.1638028978335746,0.24013053373451304,0.0,0.38011121660711866,none,none,4639,436,user,0.9090909090909091,GPT,GPT,GPT,Library
0.2518148364326436,1.6833821411639875,0.01672402226524731,2.49987879432404,0.7082426559734009,0.0,1.7944057506762383,none,none,4640,436,assistant,1.0,GPT,GPT,GPT,Library
0.01264105741708566,0.00482232955218618,0.0010127110821249242,1.022429168313831,0.001494180507970417,0.0,0.01304334431689544,none,none,4577,437,user,0.0,GPT,GPT,GPT,Library
0.0,0.010089302446681409,0.0,1.0033228817489568,0.0,0.0,0.0,none,clarify,4578,437,assistant,0.2,GPT,GPT,GPT,Library
0.017391577180013443,0.9864908639138626,0.0,2.0231320623003413,0.0,0.0,0.06933959369207929,none,clarify,4583,437,user,0.4,GPT,GPT,GPT,Library
0.66751606513217,1.7051761544794577,0.0,2.4967817495777727,0.49325955963071866,0.10943004551519228,2.4958380244163902,none,none,4584,437,assistant,0.6,GPT,GPT,GPT,Library
0.4726781643309816,0.6792997792545302,0.28761399626628437,1.492503738236088,0.09364307060090139,0.2178312275049646,1.2337862801776938,none,none,4610,437,user,0.8,GPT,GPT,GPT,Library
0.5105824295361543,1.6308315732033867,0.0,2.2713938931696966,0.873677855306099,0.0960789410892502,1.74054306529508,none,none,4612,437,assistant,1.0,GPT,GPT,GPT,Library
0.01264105741708566,0.00482232955218618,0.0010127110821249242,1.022429168313831,0.0005745043820882738,0.0025480940261159287,0.01304334431689544,none,none,4660,439,user,0.0,Divergent,Persona,Divergent,Bicycle
0.0,0.010089302446681409,0.0,1.000250467143594,0.0,0.020284981117467665,0.0,none,clarify,4662,439,assistant,0.04,Divergent,Persona,Divergent,Bicycle
0.015808800612270347,0.9878818465632595,0.0,1.9784027023075073,0.0039453103672834125,0.0,0.010197506841155037,none,clarify,4667,439,user,0.08,Divergent,Persona,Divergent,Bicycle
2.9358522936733413,0.9297594178604569,0.0,1.9918537679709216,0.020473275601957313,2.0115776996407613,1.8238328598144549,none,open_what_if,4669,439,assistant,0.12,Divergent,Persona,Divergent,Bicycle
0.33859689981295005,0.0,0.09434094656388707,2.0478416706526117,0.08823093603431853,0.049140461373281256,1.4596776735579173,none,none,4687,439,user,0.16,Divergent,Persona,Divergent,Bicycle
2.1433233985342133,0.9687034901268585,0.003021411527317745,1.8356039740941645,0.3232752929812262,0.9641308135046196,1.5947972649892288,none,open_what_if,4689,439,assistant,0.2,Divergent,Persona,Divergent,Bicycle
0.5740044810054928,0.5524590085906625,0.0,1.7078883167147056,0.13901259797703558,0.3730903459207686,1.1566966022785217,none,none,4695,439,user,0.24,Divergent,Persona,Divergent,Bicycle
2.226473156988117,0.6401963333344286,0.2241447899346476,2.0927959199915698,0.06657389275594278,1.4546154305795747,2.1657068893598037,none,open_what_if,4696,439,assistant,0.28,Divergent,Persona,Divergent,Bicycle
0.05937277377699816,0.30667604315906966,0.012107341561574095,1.7508111810053588,0.20984155494449197,0.050369857285221274,0.2498684308437792,none,clarify,4697,439,user,0.32,Divergent,Persona,Divergent,Bicycle
2.93238410159334,0.9143087046328304,0.0,1.9998704038869715,0.010194297999934926,0.9858020530623207,1.9728856438381719,none,open_what_if,4698,439,assistant,0.36,Divergent,Persona,Divergent,Bicycle
0.31701906180143313,0.4103641170999667,0.01755201789686503,2.2331793755843727,0.4107566198339098,0.18556392185205,1.1367920179834825,none,none,4705,439,user,0.4,Divergent,Persona,Divergent,Bicycle
2.2844410467490683,1.1289378089933386,0.0,1.8331129377632853,0.2696318995141729,1.5610173247896033,1.2974009671923332,none,open_what_if,4706,439,assistant,0.44,Divergent,Persona,Divergent,Bicycle
0.7321464785586791,0.6784729714732637,0.32638810219351017,1.9625071508470893,0.08234512470933011,0.16235108910297472,0.921324712979366,none,none,4713,439,user,0.48,Divergent,Persona,Divergent,Bicycle
2.398988783644742,1.1441758877951924,0.0,2.074141035556688,0.22297482830937285,1.0184929542678358,1.1484208016794513,none,open_what_if,4714,439,assistant,0.52,Divergent,Persona,Divergent,Bicycle
0.50106206909174,0.789856498674391,0.41309797000075404,2.1447554761638603,0.5212403176834043,0.03810741132959505,1.6761417398692646,none,none,4721,439,user,0.56,Divergent,Persona,Divergent,Bicycle
0.9034883156966854,1.6399357104343555,0.0,2.6154712229110055,0.5681522360488727,0.9456758625004267,2.032425065722889,none,open_what_if,4722,439,assistant,0.6,Divergent,Persona,Divergent,Bicycle
0.23969460468379652,0.9452594004660844,0.0,2.019862884206641,0.20415344715483086,0.051115814451307556,0.9986668046524747,none,none,4729,439,user,0.64,Divergent,Persona,Divergent,Bicycle
2.1796670615821854,0.795279707607013,0.0,2.15918296128813,0.37203081806346344,0.47724878617344035,1.5745541609453246,none,open_what_if,4730,439,assistant,0.68,Divergent,Persona,Divergent,Bicycle
0.40683383873547835,0.0,0.20753620418550967,2.055178020807197,0.5380817611353205,0.0819956151953256,1.0509274363902232,none,none,4736,439,user,0.72,Divergent,Persona,Divergent,Bicycle
1.802303241474944,1.1021611858582274,0.0,2.2284851710693814,0.23514891800330948,0.865037275749695,1.9556301350619423,none,open_what_if,4737,439,assistant,0.76,Divergent,Persona,Divergent,Bicycle
0.0,0.08785568444210509,0.0,2.057534289447426,0.06249094786112231,0.0,2.040972531247079,none,none,4749,439,user,0.8,Divergent,Persona,Divergent,Bicycle
1.7060441186003277,1.2140066448924538,0.14003113805972073,2.117288870905231,0.05345188291507254,0.8067642348656083,1.891128717947745,none,open_what_if,4750,439,assistant,0.84,Divergent,Persona,Divergent,Bicycle
0.6548122261080431,0.4502444126914064,0.0,2.1694312149630095,0.9032748159523554,0.03579846908091559,0.4632911119406298,none,none,4759,439,user,0.88,Divergent,Persona,Divergent,Bicycle
1.9742075759984983,1.2743799446433777,0.13851582058322903,2.1477155847715013,0.3849104034224498,0.64956913310269,1.7625765113927305,none,open_what_if,4760,439,assistant,0.92,Divergent,Persona,Divergent,Bicycle
0.16114409416522546,0.21501577179383052,0.20004729843647148,1.3976776866326857,0.7006964475425623,0.06385669186243613,0.5705057859807071,none,none,4766,439,user,0.96,Divergent,Persona,Divergent,Bicycle
1.9783068731250968,1.253700978906496,0.2660579373873904,2.016737574027567,0.17407236003701346,0.799353222034025,2.13874646514576,none,open_what_if,4768,439,assistant,1.0,Divergent,Persona,Divergent,Bicycle
0.01264105741708566,0.00482232955218618,0.0010127110821249242,1.022429168313831,0.0005745043820882738,0.0025480940261159287,0.01304334431689544,none,none,4663,440,user,0.0,Divergent,Persona,Divergent,Bicycle
0.0,0.010089302446681409,0.0,1.000250467143594,0.0,0.020284981117467665,0.0,none,clarify,4664,440,assistant,0.07692307692307693,Divergent,Persona,Divergent,Bicycle
0.015808800612270347,0.9878818465632595,0.0,1.9784027023075073,0.0039453103672834125,0.0,0.010197506841155037,none,clarify,4670,440,user,0.15384615384615385,Divergent,Persona,Divergent,Bicycle
3.0,0.929659122413682,0.0,1.9999019685277002,0.014191502251322114,1.9517772566149239,1.1921698462551549,none,open_what_if,4672,440,assistant,0.23076923076923078,Divergent,Persona,Divergent,Bicycle
0.2813425709897041,0.5460349848101186,0.0,2.1253003584580474,0.4845592201178257,0.04021751634749203,1.5432310147585429,none,none,4701,440,user,0.3076923076923077,Divergent,Persona,Divergent,Bicycle
2.5092725820607487,1.1560638019522906,0.00026948956362060384,2.1078732057844674,0.18455255359854011,1.8613910818483566,1.5419913336872415,none,open_what_if,4702,440,assistant,0.38461538461538464,Divergent,Persona,Divergent,Bicycle
0.5551320827417998,0.7634850277987129,0.13613091551019302,2.5609263978507313,0.3735847732930484,0.05646898669113675,1.3400781055392184,none,none,4715,440,user,0.46153846153846156,Divergent,Persona,Divergent,Bicycle
2.0276510177882785,1.2031476018241363,0.17227792499964037,2.206544111695601,0.1471209585253369,0.9960028564343301,1.3886901836280792,none,open_what_if,4716,440,assistant,0.5384615384615384,Divergent,Persona,Divergent,Bicycle
0.9224420558029006,0.9691814279683333,0.004383382071057957,2.34608602883619,0.18527572245386809,0.07408679364270142,0.857455899139966,none,none,4741,440,user,0.6153846153846154,Divergent,Persona,Divergent,Bicycle
2.336162544998022,0.9831413340646373,0.0065874742669021855,2.069277979796392,0.3390388419133604,1.1202231585725988,1.2303781545948667,none,open_what_if,4742,440,assistant,0.6923076923076923,Divergent,Persona,Divergent,Bicycle
0.7720969887316178,0.4191610311295649,0.03461615652224832,1.9133695849493255,0.1552273323918425,0.1437329448329112,1.1155531051654304,none,none,4753,440,user,0.7692307692307693,Divergent,Persona,Divergent,Bicycle
1.8627499837258485,0.9626133432201494,0.0014191078569182516,2.1378482622633426,0.1491760948713833,0.9505931382158315,1.3042747141398114,none,open_what_if,4756,440,assistant,0.8461538461538461,Divergent,Persona,Divergent,Bicycle
0.09455143551205752,0.0,0.01002516567635595,1.0425910198926454,0.05785803446227813,0.0075890954851155655,0.03103296850589565,none,none,4761,440,user,0.9230769230769231,Divergent,Persona,Divergent,Bicycle
2.8494862716256533,0.7353249675922088,0.07506113016342707,2.129306105912747,0.25483687041103625,1.6718291208532723,1.3394936401393762,none,open_what_if,4764,440,assistant,1.0,Divergent,Persona,Divergent,Bicycle
0.01264105741708566,0.00482232955218618,0.0010127110821249242,1.022429168313831,0.0005745043820882738,0.0025480940261159287,0.01304334431689544,none,none,4665,441,user,0.0,Divergent,Persona,Divergent,Bicycle
0.0,0.010089302446681409,0.0,1.000250467143594,0.0,0.020284981117467665,0.0,none,clarify,4666,441,assistant,0.058823529411764705,Divergent,Persona,Divergent,Bicycle
0.015808800612270347,0.9878818465632595,0.0,1.9784027023075073,0.0039453103672834125,0.0,0.010197506841155037,none,clarify,4679,441,user,0.11764705882352941,Divergent,Persona,Divergent,Bicycle
2.266172086677344,1.2491382883071687,0.0,2.1787261934931554,0.010030545250732954,1.1078507032309384,1.1231209930617505,none,open_what_if,4680,441,assistant,0.17647058823529413,Divergent,Persona,Divergent,Bicycle
0.9925994311134447,1.5522575887896406,0.011732376182843483,2.3112318918238675,0.377173608410532,0.6698396838863215,1.6668217408215216,none,none,4688,441,user,0.23529411764705882,Divergent,Persona,Divergent,Bicycle
2.936176455514173,1.0301549804092949,0.0,2.0852712469410934,0.0,1.9721424961044993,1.0342350115277754,none,open_what_if,4690,441,assistant,0.29411764705882354,Divergent,Persona,Divergent,Bicycle
0.8970599316736579,0.9640706685288488,0.0,2.1807059100657114,0.3238633054237064,0.6958908458048862,2.0981313576109697,none,none,4703,441,user,0.35294117647058826,Divergent,Persona,Divergent,Bicycle
2.431085357774309,0.8287094082706927,0.0,2.041557018009545,0.14411540487054805,1.1116453980727823,1.865142897075689,none,open_what_if,4704,441,assistant,0.4117647058823529,Divergent,Persona,Divergent,Bicycle
1.0536281989694236,1.1711405612691392,0.0,2.0985679708902296,0.06438727670806704,0.627572662279473,2.1803796153034605,none,none,4711,441,user,0.47058823529411764,Divergent,Persona,Divergent,Bicycle
1.7463281129906163,1.1263179331918367,0.10241383374402747,1.9988544910797295,0.1674157226777408,0.9364807709501439,1.5930323739869758,none,open_what_if,4712,441,assistant,0.5294117647058824,Divergent,Persona,Divergent,Bicycle
0.9798289496997091,1.0145016647328127,0.0,1.9970311317685674,0.9005264452655393,0.05176450037178055,2.818028031602218,none,none,4723,441,user,0.5882352941176471,Divergent,Persona,Divergent,Bicycle
2.3183069098941638,1.0532625377425782,0.0,2.1006759950059832,0.15537286972398054,0.9728889866816072,1.8313722195053084,none,open_what_if,4724,441,assistant,0.6470588235294118,Divergent,Persona,Divergent,Bicycle
0.8276018484039733,1.577026324005922,0.01609087358824507,2.1619930383025108,0.9178948881678949,0.40808507520204873,2.4705089508306797,none,none,4733,441,user,0.7058823529411765,Divergent,Persona,Divergent,Bicycle
2.669791322912754,0.795630571484001,0.0,2.0449848883137545,0.2450412854863243,1.8255679198282313,1.5715331526799756,none,open_what_if,4734,441,assistant,0.7647058823529411,Divergent,Persona,Divergent,Bicycle
0.3539816086100332,0.6671002631823493,0.0,1.8208837522632582,0.4267540202124507,0.16595525117373874,1.0049137484413464,none,none,4757,441,user,0.8235294117647058,Divergent,Persona,Divergent,Bicycle
2.494330933757271,1.261965547935808,0.0,1.995486785415191,0.11424603020473899,1.0228860691723245,1.8973930941831838,none,open_what_if,4758,441,assistant,0.8823529411764706,Divergent,Persona,Divergent,Bicycle
0.9715679812063386,1.0727342321552376,0.0,2.050578249167083,0.7068915012050772,0.4951589645950933,2.039105688468713,none,none,4769,441,user,0.9411764705882353,Divergent,Persona,Divergent,Bicycle
2.791404519052106,0.9796586472288893,0.0,2.0411548562587565,0.03842931823153541,1.279539361111826,1.783695788822891,none,open_what_if,4770,441,assistant,1.0,Divergent,Persona,Divergent,Bicycle
0.01264105741708566,0.00482232955218618,0.0010127110821249242,1.022429168313831,0.0005745043820882738,0.0025480940261159287,0.01304334431689544,none,none,4668,442,user,0.0,Divergent,Persona,Divergent,Bicycle
0.0,0.010089302446681409,0.0,1.000250467143594,0.0,0.020284981117467665,0.0,none,clarify,4671,442,assistant,0.07692307692307693,Divergent,Persona,Divergent,Bicycle
0.015808800612270347,0.9878818465632595,0.0,1.9784027023075073,0.0039453103672834125,0.0,0.010197506841155037,none,clarify,4676,442,user,0.15384615384615385,Divergent,Persona,Divergent,Bicycle
2.2592576476997506,1.1345716371371726,0.0,2.1065441412434107,0.026044701265697752,0.931211861937144,1.2015461760373283,none,open_what_if,4678,442,assistant,0.23076923076923078,Divergent,Persona,Divergent,Bicycle
0.8467565905885159,0.46856300611409374,0.0021445897332949587,2.022527457153388,0.31229415606491884,0.15251471914710918,1.1132275526297477,none,none,4699,442,user,0.3076923076923077,Divergent,Persona,Divergent,Bicycle
2.895272000175633,1.014738856819985,0.0,2.0312687598635857,0.06906884224869791,1.043462404733649,1.06933692464279,none,open_what_if,4700,442,assistant,0.38461538461538464,Divergent,Persona,Divergent,Bicycle
0.550998747559691,0.53356917265865,0.03828899742284995,1.9372803580296358,0.39875668959457183,0.012570812842346244,1.212510918453182,none,none,4719,442,user,0.46153846153846156,Divergent,Persona,Divergent,Bicycle
2.7160510698424774,1.3363290812444888,0.0,2.032924878666907,0.0,1.7527510213013946,1.7269946905439,none,open_what_if,4720,442,assistant,0.5384615384615384,Divergent,Persona,Divergent,Bicycle
0.3487588828179205,0.0,0.014286108032844807,1.7617771619454161,0.1417205379464575,0.15338937245399648,0.5251580470445388,none,none,4738,442,user,0.6153846153846154,Divergent,Persona,Divergent,Bicycle
2.101868723245107,1.1375644783025234,0.3084405392064428,1.8780676092465314,0.01502547253248426,0.6613863438530913,1.2580179419355484,none,open_what_if,4740,442,assistant,0.6923076923076923,Divergent,Persona,Divergent,Bicycle
1.107660659711024,0.41560570976889033,0.024034357252009295,1.7800288461202227,0.12061783957123978,0.08224677443700916,0.6980873159648456,none,none,4747,442,user,0.7692307692307693,Divergent,Persona,Divergent,Bicycle
2.1883233846312993,1.2966503985137003,0.0,1.792386344123924,0.11880675156870588,1.1382361253288944,1.0612531028252152,none,open_what_if,4748,442,assistant,0.8461538461538461,Divergent,Persona,Divergent,Bicycle
0.3662481933242083,0.2590207062480121,0.126777068484134,1.897055120604301,0.36518334291304233,0.014813245717310556,0.7660187962964289,none,none,4765,442,user,0.9230769230769231,Divergent,Persona,Divergent,Bicycle
2.0747653814818356,1.622642998833124,0.00864874575663173,2.2281263190320892,0.5382833998594603,1.4491788132145598,1.6508668283707537,none,open_what_if,4767,442,assistant,1.0,Divergent,Persona,Divergent,Bicycle
0.01264105741708566,0.00482232955218618,0.0010127110821249242,1.022429168313831,0.0005745043820882738,0.0025480940261159287,0.01304334431689544,none,none,4673,443,user,0.0,Divergent,Persona,Divergent,Bicycle
0.0,0.010089302446681409,0.0,1.000250467143594,0.0,0.020284981117467665,0.0,none,clarify,4674,443,assistant,0.058823529411764705,Divergent,Persona,Divergent,Bicycle
0.015808800612270347,0.9878818465632595,0.0,1.9784027023075073,0.0039453103672834125,0.0,0.010197506841155037,none,clarify,4675,443,user,0.11764705882352941,Divergent,Persona,Divergent,Bicycle
2.87798413810479,0.7954453188400691,0.0,1.868811163163677,0.030802597596968607,1.837702976371374,0.8527767530037283,none,open_what_if,4677,443,assistant,0.17647058823529413,Divergent,Persona,Divergent,Bicycle
0.5338302042409501,0.31302822732272023,0.035719835937243836,1.4935503174559115,0.05177618092269471,0.22769387366717367,0.7148865340602558,none,none,4693,443,user,0.23529411764705882,Divergent,Persona,Divergent,Bicycle
2.409262568250413,0.8390480276830293,0.0,1.94897993111279,0.03244587896947257,1.6897367333399178,1.5821060258151243,none,open_what_if,4694,443,assistant,0.29411764705882354,Divergent,Persona,Divergent,Bicycle
0.15762431625015966,0.8403630977504686,0.014943100060742566,1.8721270066379776,0.640853782389787,0.10048426964752005,1.4192292730911298,none,none,4707,443,user,0.35294117647058826,Divergent,Persona,Divergent,Bicycle
2.2578735214086008,0.7729000603967219,0.0,2.202238901465974,0.0,1.5838713179316934,1.9335920498524006,none,open_what_if,4708,443,assistant,0.4117647058823529,Divergent,Persona,Divergent,Bicycle
0.6427317447519122,0.3215090049763768,0.13821839700859637,2.106422340995805,0.11034232122004005,0.0,0.5585929731305703,none,none,4725,443,user,0.47058823529411764,Divergent,Persona,Divergent,Bicycle
2.368282005452185,1.184137204079547,0.0,2.0025360970660384,0.0,1.8358005209017771,1.5759491021790433,none,open_what_if,4726,443,assistant,0.5294117647058824,Divergent,Persona,Divergent,Bicycle
0.7393864453165433,0.9857123945050895,0.003974320362496926,1.8143100862976251,0.23925994146044033,0.19023828987081937,0.8844855678217693,none,none,4735,443,user,0.5882352941176471,Divergent,Persona,Divergent,Bicycle
2.533826775231842,1.2066752980891433,0.0,2.1174928367001202,0.13505405372770957,1.7369910567303122,2.0528728870076294,none,open_what_if,4739,443,assistant,0.6470588235294118,Divergent,Persona,Divergent,Bicycle
0.0,0.028485930414122333,0.0,1.0585237856907768,0.028318412209147294,0.0,0.0,none,clarify,4743,443,user,0.7058823529411765,Divergent,Persona,Divergent,Bicycle
2.486828265009281,0.9736880365433676,0.0,2.084087814955257,0.021883593309866646,1.9499595960377145,1.5940300149854876,none,open_what_if,4744,443,assistant,0.7647058823529411,Divergent,Persona,Divergent,Bicycle
0.16675791038157226,0.23224666145748177,0.012873642886514837,1.6235728779709626,0.0011812406548345773,0.166873235830318,0.36626622866572917,none,none,4754,443,user,0.8235294117647058,Divergent,Persona,Divergent,Bicycle
2.7627847359758806,1.3044790654887939,0.0,2.0661505021887634,0.16857723793065985,1.7991997936464907,1.8653605342260662,none,open_what_if,4755,443,assistant,0.8823529411764706,Divergent,Persona,Divergent,Bicycle
0.044598854546410056,0.02274582660129126,0.0,1.9989525689179108,0.07290133838173761,0.00146298890528652,0.9876131342071458,none,none,4762,443,user,0.9411764705882353,Divergent,Persona,Divergent,Bicycle
2.400380225730317,0.9656496479847477,0.0,2.0738912596556336,0.16690823017227835,1.4732113198094465,1.7969814986139387,none,open_what_if,4763,443,assistant,1.0,Divergent,Persona,Divergent,Bicycle
0.01264105741708566,0.00482232955218618,0.0010127110821249242,1.022429168313831,0.0005745043820882738,0.0025480940261159287,0.01304334431689544,none,none,4681,444,user,0.0,Divergent,Persona,Divergent,Bicycle
0.0,0.010089302446681409,0.0,1.000250467143594,0.0,0.020284981117467665,0.0,none,clarify,4682,444,assistant,0.09090909090909091,Divergent,Persona,Divergent,Bicycle
0.015808800612270347,0.9878818465632595,0.0,1.9784027023075073,0.0039453103672834125,0.0,0.010197506841155037,none,clarify,4683,444,user,0.18181818181818182,Divergent,Persona,Divergent,Bicycle
2.9269752350571783,0.9754230432974175,0.0,2.017561424439595,0.0,1.9839188687358935,1.8729730740878654,none,open_what_if,4684,444,assistant,0.2727272727272727,Divergent,Persona,Divergent,Bicycle
1.4500229348404403,0.9269735631822411,0.004605632303129864,1.730957476456784,0.2515512527219467,0.5012957744726713,1.2117686800769059,none,none,4709,444,user,0.36363636363636365,Divergent,Persona,Divergent,Bicycle
2.284197343607238,1.6568811365765055,0.25099587929763395,2.0431811189605344,0.040411835899061846,1.527980338259671,1.6917159311966556,none,open_what_if,4710,444,assistant,0.45454545454545453,Divergent,Persona,Divergent,Bicycle
1.2953199624515903,1.1433372644199107,0.32540292192576553,1.8489894030236094,0.18559953473059898,0.7281674769776459,1.5094307116366188,none,open_what_if,4731,444,user,0.5454545454545454,Divergent,Persona,Divergent,Bicycle
1.8725884123039889,1.0052247761278548,0.020555111814019988,1.8794974667959476,0.2703941332588875,1.3845975913526138,1.3765170753732017,none,open_what_if,4732,444,assistant,0.6363636363636364,Divergent,Persona,Divergent,Bicycle
1.708546900099286,1.2057280017346217,0.019840528207601044,1.959673725778718,0.1277445361097509,0.8697236921894193,0.8211840639861021,none,none,4751,444,user,0.7272727272727273,Divergent,Persona,Divergent,Bicycle
2.5323771620535673,1.5013611287873607,0.0006108196209982901,2.186852594211211,0.45572881393793196,1.5222471830812603,1.5553529270110833,none,open_what_if,4752,444,assistant,0.8181818181818182,Divergent,Persona,Divergent,Bicycle
0.0,0.6210444362438132,0.4883132775790986,1.8310098501068386,0.1162228943739618,0.0,0.5735661113124417,none,none,4771,444,user,0.9090909090909091,Divergent,Persona,Divergent,Bicycle
2.0414445814493236,1.007405117901101,0.039259356615178084,1.925360081237107,0.004272463212620897,1.732314177817673,1.3445339657476167,none,open_what_if,4772,444,assistant,1.0,Divergent,Persona,Divergent,Bicycle
0.01264105741708566,0.00482232955218618,0.0010127110821249242,1.022429168313831,0.0005745043820882738,0.0025480940261159287,0.01304334431689544,none,none,4685,445,user,0.0,Divergent,Persona,Divergent,Bicycle
0.0,0.010089302446681409,0.0,1.000250467143594,0.0,0.020284981117467665,0.0,none,clarify,4686,445,assistant,0.1111111111111111,Divergent,Persona,Divergent,Bicycle
0.015808800612270347,0.9878818465632595,0.0,1.9784027023075073,0.0039453103672834125,0.0,0.010197506841155037,none,clarify,4691,445,user,0.2222222222222222,Divergent,Persona,Divergent,Bicycle
2.554466516944418,1.200502609269684,0.027508047431389078,2.141771016243654,0.173701517230899,1.5040419678730628,1.2837035908854655,none,open_what_if,4692,445,assistant,0.3333333333333333,Divergent,Persona,Divergent,Bicycle
0.5943688804862685,0.3665935932409333,0.0,1.2481835549192457,0.06134429927704867,0.016214425728183293,0.40622091583122266,none,clarify,4717,445,user,0.4444444444444444,Divergent,Persona,Divergent,Bicycle
2.923631301143062,0.9830864853571161,0.03828899742284995,1.910082089802439,0.21254443643387663,1.869614645876887,1.2948242131309669,none,open_what_if,4718,445,assistant,0.5555555555555556,Divergent,Persona,Divergent,Bicycle
0.37126753215709246,0.2665723621162192,0.0,1.6312095751253455,0.26277149519435894,0.011745582728800111,0.29560956981725567,none,clarify,4727,445,user,0.6666666666666666,Divergent,Persona,Divergent,Bicycle
2.9890419933443204,0.24369550976794244,0.0,2.0136075553246138,0.012908597851987613,1.968654939316877,1.037019682980124,none,open_what_if,4728,445,assistant,0.7777777777777778,Divergent,Persona,Divergent,Bicycle
0.914186919832303,0.0,0.0,1.7421741625808662,0.44149696406645783,0.497352694096909,0.40526073859793155,none,clarify,4745,445,user,0.8888888888888888,Divergent,Persona,Divergent,Bicycle
2.6362978429808517,0.41609745655649766,0.0,1.9773428677451503,0.24997550581702183,1.744444456710033,1.3275243339025251,none,open_what_if,4746,445,assistant,1.0,Divergent,Persona,Divergent,Bicycle
0.01264105741708566,0.004634286728304182,0.0010127110821249242,1.022429168313831,0.0005745043820882738,0.0,0.01304334431689544,none,none,5029,466,user,0.0,Convergent,Persona,Convergent,Bicycle
0.0,0.009901259622799415,0.0,1.000250467143594,0.0,0.0,0.0,none,clarify,5030,466,assistant,0.07692307692307693,Convergent,Persona,Convergent,Bicycle
0.057778501014069485,1.1062914759335354,0.0,1.9621005826207196,0.03390359983858661,0.0,0.30144744392904416,none,clarify,5037,466,user,0.15384615384615385,Convergent,Persona,Convergent,Bicycle
0.7542955423055553,0.9537862318572835,0.0,2.248353274271667,0.09716634640404352,0.02243133871753785,0.28445535674882383,none,clarify,5038,466,assistant,0.23076923076923078,Convergent,Persona,Convergent,Bicycle
0.516034467818595,0.37910561588659397,0.18645920625152945,1.4568240122204434,0.06787118525162077,0.0024393961484196367,0.07215674824198665,none,none,5047,466,user,0.3076923076923077,Convergent,Persona,Convergent,Bicycle
1.1403138872611276,1.7521544350743194,0.015512233404596967,2.583412144838193,0.06376394955449599,0.27752559953426675,1.000059384198544,none,criteria_setting,5048,466,assistant,0.38461538461538464,Convergent,Persona,Convergent,Bicycle
0.7237259436444627,0.06697473103877724,0.18483079252925685,1.9810694524241552,0.41589882523171967,0.009681546297680551,0.8057683874687143,none,none,5057,466,user,0.46153846153846156,Convergent,Persona,Convergent,Bicycle
0.9176319696714117,2.0487885134287254,0.013544052327344465,2.1056275623595284,0.6361175873007863,0.004881606825022671,1.3896406353702961,none,open_what_if,5058,466,assistant,0.5384615384615384,Convergent,Persona,Convergent,Bicycle
0.8365058653102383,0.24049535383576384,0.10610862541327853,1.748342143769381,0.04217658339177624,0.050574926831178924,0.1916528318225663,none,none,5061,466,user,0.6153846153846154,Convergent,Persona,Convergent,Bicycle
0.30319120832753554,1.569239963921302,0.2168415490001207,2.3324658935483153,0.07565724828521561,0.05602748531376477,0.74083018527738,none,open_what_if,5062,466,assistant,0.6923076923076923,Convergent,Persona,Convergent,Bicycle
0.6876414070687955,1.1487733488246046,0.07332009370406774,2.3819594126995867,0.6587779515703055,0.7497897564853759,0.8386590843506091,none,none,5073,466,user,0.7692307692307693,Convergent,Persona,Convergent,Bicycle
0.9831263401787764,1.5645755711535074,0.15868339054285344,2.4881153612038336,0.5858581025470179,0.21747468767109698,1.2721311894622513,none,open_what_if,5074,466,assistant,0.8461538461538461,Convergent,Persona,Convergent,Bicycle
0.04668535508732351,0.6719029521449554,0.25977580538788203,2.26894157213675,0.5465732214624424,0.039748567060951534,0.45367313226590544,none,none,5083,466,user,0.9230769230769231,Convergent,Persona,Convergent,Bicycle
0.9583185979181832,1.525123081955379,0.0,2.5008654624673485,0.261311619111038,0.658187269150705,1.3987596328116765,none,open_what_if,5084,466,assistant,1.0,Convergent,Persona,Convergent,Bicycle
0.01264105741708566,0.004634286728304182,0.0010127110821249242,1.022429168313831,0.0005745043820882738,0.0,0.01304334431689544,none,none,5031,467,user,0.0,Convergent,Persona,Convergent,Bicycle
0.0,0.009901259622799415,0.0,1.000250467143594,0.0,0.0,0.0,none,clarify,5032,467,assistant,0.058823529411764705,Convergent,Persona,Convergent,Bicycle
0.015808800612270347,0.9941145514815137,0.0,1.9784027023075073,0.0039453103672834125,0.001571199774892238,0.010197506841155037,none,clarify,5043,467,user,0.11764705882352941,Convergent,Persona,Convergent,Bicycle
0.8444646925473819,1.688602095436911,0.0,1.77178139453235,0.1347471417020739,0.0,0.9244176367944688,none,open_what_if,5044,467,assistant,0.17647058823529413,Convergent,Persona,Convergent,Bicycle
0.3377388892478341,0.5325804568318634,0.0231386249671983,1.8067539947239664,0.1718689401769415,0.0,0.32566364501231804,none,none,5045,467,user,0.23529411764705882,Convergent,Persona,Convergent,Bicycle
1.4389328575500298,1.505151070635136,0.034373694412908995,1.92431279259954,0.3353674198913988,0.8480214871743874,0.8765541325947497,none,open_what_if,5046,467,assistant,0.29411764705882354,Convergent,Persona,Convergent,Bicycle
0.07797791571971988,0.05024391873821029,0.901467906906783,2.017052217689867,0.09127992701731755,0.0,0.13320771402748063,neutral,none,5053,467,user,0.35294117647058826,Convergent,Persona,Convergent,Bicycle
1.5602459129698354,1.1313567745182382,0.0,2.081126906077465,0.031342082566429265,0.046230361559967174,1.0656133444803189,none,open_what_if,5054,467,assistant,0.4117647058823529,Convergent,Persona,Convergent,Bicycle
0.043730410124177034,0.07537758210674386,0.011043912257312861,1.576005957002076,0.3496910652365062,0.0,0.15080125787742568,none,none,5055,467,user,0.47058823529411764,Convergent,Persona,Convergent,Bicycle
1.8754572220910872,1.494314272984202,0.0,2.172204891426205,0.0,1.0604686080876227,1.7410803648014472,none,open_what_if,5056,467,assistant,0.5294117647058824,Convergent,Persona,Convergent,Bicycle
0.895379637524688,0.9188648858862808,0.01958928474548063,1.9488534162509679,0.06173594999160073,0.0,1.0218685754405188,none,none,5063,467,user,0.5882352941176471,Convergent,Persona,Convergent,Bicycle
1.29199770129877,1.5718636752738246,0.12731019039906885,2.016229048255956,0.26055991308374293,0.15512119109083716,1.3818094586426388,none,open_what_if,5064,467,assistant,0.6470588235294118,Convergent,Persona,Convergent,Bicycle
0.0541801993971962,0.0,0.1563185774809349,1.4866004771741335,0.08599373525338669,0.37555219446750504,0.20587969412484453,none,none,5067,467,user,0.7058823529411765,Convergent,Persona,Convergent,Bicycle
1.056890501761828,1.4277563714860353,0.035437910146976136,2.19572585017985,0.04148653648177414,0.5380784973894394,1.2494751794761316,none,none,5068,467,assistant,0.7647058823529411,Convergent,Persona,Convergent,Bicycle
0.10200812252410622,0.8579719826163298,0.03172503201043673,1.9831268418831771,0.8761726697347064,0.0,1.8473929227766992,none,none,5079,467,user,0.8235294117647058,Convergent,Persona,Convergent,Bicycle
1.3291967565801774,1.8007905713691954,0.07785173792135394,2.051486040425572,0.17580743870354273,0.022983200957509043,1.8126352855516288,none,open_what_if,5080,467,assistant,0.8823529411764706,Convergent,Persona,Convergent,Bicycle
0.17159209904860656,0.14765521076599394,0.0,1.4273821551043624,0.5049594768028243,0.2903186728847939,0.919079375147542,none,clarify,5081,467,user,0.9411764705882353,Convergent,Persona,Convergent,Bicycle
0.8889688582377235,1.5719856131487104,0.0,2.154901583400412,0.4921205270485627,0.550925140373626,1.415486591891787,none,open_what_if,5082,467,assistant,1.0,Convergent,Persona,Convergent,Bicycle
0.01264105741708566,0.004634286728304182,0.0010127110821249242,1.022429168313831,0.0005745043820882738,0.0,0.01304334431689544,none,none,5033,468,user,0.0,Convergent,Persona,Convergent,Bicycle
0.0,0.009901259622799415,0.0,1.000250467143594,0.0,0.0,0.0,none,clarify,5034,468,assistant,0.06666666666666667,Convergent,Persona,Convergent,Bicycle
0.015808800612270347,0.9941145514815137,0.0,1.9784027023075073,0.0039453103672834125,0.001571199774892238,0.010197506841155037,none,clarify,5041,468,user,0.13333333333333333,Convergent,Persona,Convergent,Bicycle
0.7743387326420205,1.5104228771857173,0.0,1.8657162636054008,0.5403833128905564,0.3467995389016141,0.6528384006010177,none,open_what_if,5042,468,assistant,0.2,Convergent,Persona,Convergent,Bicycle
0.42722369098984214,0.5484741673804859,0.010936857251082507,2.3232316089456506,0.2996695936282915,0.0008473741567369951,1.2920273564877158,none,none,5049,468,user,0.26666666666666666,Convergent,Persona,Convergent,Bicycle
1.1646939262458034,1.8627681274997139,0.0,2.479334464441833,0.29404641152738425,0.7471450886909734,1.4159736472463627,none,open_what_if,5050,468,assistant,0.3333333333333333,Convergent,Persona,Convergent,Bicycle
0.12944715312371796,0.24943672183642762,0.0,2.0169887671764104,0.05590116688488031,0.005015802229733914,0.2340305433543712,none,none,5051,468,user,0.4,Convergent,Persona,Convergent,Bicycle
1.2647667476242548,1.6725249214844022,0.00026948956362060384,2.3908999232299464,0.7262460606073773,0.027121280688462774,1.8248329986660208,none,open_what_if,5052,468,assistant,0.4666666666666667,Convergent,Persona,Convergent,Bicycle
0.1159561872478794,0.21401736040838948,0.07363665957989772,1.511923187230455,0.003715246347932653,0.0,0.5142951784104214,none,clarify,5065,468,user,0.5333333333333333,Convergent,Persona,Convergent,Bicycle
1.0447896001197619,1.8776817962162373,0.03828899742284995,2.0458083946833923,0.15334606665022718,0.8074400497334918,1.3406283008666398,none,open_what_if,5066,468,assistant,0.6,Convergent,Persona,Convergent,Bicycle
0.33451777904439595,0.7662213799972888,0.21027826674884334,2.121581302308877,0.16012076544341425,0.43269831982610046,0.7738680883603551,none,clarify,5071,468,user,0.6666666666666666,Convergent,Persona,Convergent,Bicycle
0.8777412019129706,2.0541129320486844,0.044842472602874474,2.409517087856464,0.1168794928450154,0.4349766826788974,1.675480265328581,none,open_what_if,5072,468,assistant,0.7333333333333333,Convergent,Persona,Convergent,Bicycle
0.09464098331025986,0.06695886729957672,0.05442726901465856,1.7582296525514143,0.32851461488982747,0.0,0.4657198577075843,none,clarify,5077,468,user,0.8,Convergent,Persona,Convergent,Bicycle
0.7477228273620057,1.9609531881758768,0.0065874742669021855,2.3859326135163026,0.2146846484088857,0.030610990032873018,1.5904664955547174,none,open_what_if,5078,468,assistant,0.8666666666666667,Convergent,Persona,Convergent,Bicycle
0.24969928001163352,0.26176365458559353,0.22691205964392594,2.2186574326611077,0.21239415671413847,0.0,0.5405034504119955,none,none,5087,468,user,0.9333333333333333,Convergent,Persona,Convergent,Bicycle
0.952878126320142,2.0309901930242886,0.0018160815418946136,2.7936845990864847,0.7803854656606621,0.32807674220380134,2.4600504085524704,none,none,5088,468,assistant,1.0,Convergent,Persona,Convergent,Bicycle
0.01264105741708566,0.004634286728304182,0.0010127110821249242,1.022429168313831,0.0005745043820882738,0.0,0.01304334431689544,none,none,5035,469,user,0.0,Convergent,Persona,Convergent,Bicycle
0.0,0.009901259622799415,0.0,1.000250467143594,0.0,0.0,0.0,none,clarify,5036,469,assistant,0.07692307692307693,Convergent,Persona,Convergent,Bicycle
0.015808800612270347,0.9941145514815137,0.0,1.9784027023075073,0.0039453103672834125,0.001571199774892238,0.010197506841155037,none,clarify,5039,469,user,0.15384615384615385,Convergent,Persona,Convergent,Bicycle
1.0931661773057213,0.25063459117031894,0.010465690597863859,2.2411972403008904,0.10337974101674755,0.47582177007053444,0.19865117689371725,none,open_what_if,5040,469,assistant,0.23076923076923078,Convergent,Persona,Convergent,Bicycle
0.03502474647558645,1.8827711524170125,0.029453913964558955,2.0128867711498755,0.9594620688339428,0.005180222182538116,1.9396888383036168,none,none,5059,469,user,0.3076923076923077,Convergent,Persona,Convergent,Bicycle
1.0809513889718165,1.5284898236551563,0.0,2.302223544728216,0.6748360008726032,0.3531314740390531,1.0548893845862966,none,open_what_if,5060,469,assistant,0.38461538461538464,Convergent,Persona,Convergent,Bicycle
0.39040406291220425,0.8574740533711674,1.1309112329417705,2.200504887206715,0.3092451661433275,0.0,0.5944874286027028,neutral,none,5069,469,user,0.46153846153846156,Convergent,Persona,Convergent,Bicycle
0.3675931745859682,1.28676455541583,0.0,2.55488804000448,0.643787188742158,0.500295892420269,0.6192294328923487,none,clarify,5070,469,assistant,0.5384615384615384,Convergent,Persona,Convergent,Bicycle
0.4485523149814675,1.5087278967658821,0.025789675187271557,2.325175781538982,0.4002002786049999,0.0,1.6616306525183953,none,none,5075,469,user,0.6153846153846154,Convergent,Persona,Convergent,Bicycle
0.1711423246053657,2.823471188307421,0.013140949446926748,2.849914047437953,0.8754554005631563,0.0022184625527126253,1.1650353643112992,none,criteria_setting,5076,469,assistant,0.6923076923076923,Convergent,Persona,Convergent,Bicycle
0.41180773815566585,0.2521001824329403,0.0,2.0938944151936187,0.44754110477698344,0.008764681262646687,0.5570171242889748,none,none,5085,469,user,0.7692307692307693,Convergent,Persona,Convergent,Bicycle
0.4470169884900503,1.8938061936106165,0.0,2.5901149686458442,0.541074905521105,0.04854347199534532,1.1542837672040147,none,open_what_if,5086,469,assistant,0.8461538461538461,Convergent,Persona,Convergent,Bicycle
0.6025199860564976,0.6464639830852981,0.1925145798302534,1.613132007808786,0.6393361656837993,0.034019728837360604,0.4394663977431426,none,none,5089,469,user,0.9230769230769231,Convergent,Persona,Convergent,Bicycle
0.7208647982601241,1.5763884408068465,0.1112653159805472,2.5240557699020245,0.6550579513403315,0.021952839314575,0.6785145197973168,none,none,5090,469,assistant,1.0,Convergent,Persona,Convergent,Bicycle
0.01264105741708566,0.00482232955218618,0.0010127110821249242,1.022429168313831,0.001494180507970417,0.0,0.01304334431689544,none,none,5091,470,user,0.0,GPT,GPT,GPT,Library
0.0,0.010089302446681409,0.0,1.0033228817489568,0.0,0.0,0.0,none,clarify,5092,470,assistant,0.058823529411764705,GPT,GPT,GPT,Library
0.017391577180013443,0.9864908639138626,0.0,2.0231320623003413,0.0,0.0,0.0,none,clarify,5099,470,user,0.11764705882352941,GPT,GPT,GPT,Library
0.47859688697481595,1.7643849160425953,0.0,2.401941373049662,0.5232652864513236,0.15036135051973032,2.0539636122101825,none,none,5100,470,assistant,0.17647058823529413,GPT,GPT,GPT,Library
0.1350219560605369,0.0,0.0,1.9279669447368328,0.33108135612619205,0.0,0.5694384954442004,none,none,5105,470,user,0.23529411764705882,GPT,GPT,GPT,Library
0.3918045637174669,1.3530227798405894,0.006433463118724098,2.2900405626803573,0.5744223599912759,0.13365716556616222,1.7265681234051327,none,none,5106,470,assistant,0.29411764705882354,GPT,GPT,GPT,Library
0.38982119275318006,0.18686222282943446,0.38643174864825386,1.806065406018558,0.07828223486775036,0.2833752473603045,0.7037277091847599,none,none,5111,470,user,0.35294117647058826,GPT,GPT,GPT,Library
0.335579292065324,1.449314471730387,0.017540516290532396,2.335437371599671,0.6634602245324192,0.22953389438557387,1.8763026039361308,none,none,5112,470,assistant,0.4117647058823529,GPT,GPT,GPT,Library
0.2572885934393068,0.32403976094518866,0.17151108874580695,1.7475402428153584,0.0,0.002024642365124342,0.7977892366853024,none,none,5115,470,user,0.47058823529411764,GPT,GPT,GPT,Library
0.36872994225245526,1.2675033495275827,0.0,2.3991646659431467,0.9476763236481252,0.0025491176463077084,1.8585475038924992,none,none,5116,470,assistant,0.5294117647058824,GPT,GPT,GPT,Library
0.3625973846705716,0.11497271603753716,0.3432149892271662,1.7997668667173639,0.5756829972541948,0.0,0.9311272723417091,none,none,5117,470,user,0.5882352941176471,GPT,GPT,GPT,Library
0.4323238902737922,1.343246285818644,0.0009172342759983568,2.216538026028221,0.8246332577029015,0.38989258949469413,1.5737295705209353,none,none,5118,470,assistant,0.6470588235294118,GPT,GPT,GPT,Library
0.6237640747830894,0.11293231318098428,0.004817456825526082,2.21975593161103,0.33221894218754516,0.14717581715184838,1.5939777411370208,none,none,5127,470,user,0.7058823529411765,GPT,GPT,GPT,Library
0.2684920333928577,1.8162074477546741,0.04180315079665306,2.349981619419908,0.7299142882165203,0.0,1.7578904660466697,none,none,5128,470,assistant,0.7647058823529411,GPT,GPT,GPT,Library
0.6606289286440679,0.10452944971440792,0.31026693617599627,1.4813905618009593,0.061410284836850695,0.01618539124614895,0.6625081107968589,none,clarify,5135,470,user,0.8235294117647058,GPT,GPT,GPT,Library
0.5887373021808303,1.3991853042728624,0.0009172342759983568,2.264865555660756,0.8726950778718935,0.03430236231811143,2.0969719365931727,none,none,5136,470,assistant,0.8823529411764706,GPT,GPT,GPT,Library
0.27005633030346315,0.19014900479582836,0.41582587650237396,1.3749151714925667,0.12743495545108877,0.0,0.4195110593319451,none,none,5139,470,user,0.9411764705882353,GPT,GPT,GPT,Library
0.7010792662421,2.0776471185000718,0.11496028301408319,2.3553590601599903,0.8972345926979826,0.012711408919767245,1.8525550712866672,none,none,5140,470,assistant,1.0,GPT,GPT,GPT,Library
0.01264105741708566,0.00482232955218618,0.0010127110821249242,1.022429168313831,0.001494180507970417,0.0,0.01304334431689544,none,none,5093,471,user,0.0,GPT,GPT,GPT,Library
0.0,0.010089302446681409,0.0,1.0033228817489568,0.0,0.0,0.0,none,clarify,5094,471,assistant,0.09090909090909091,GPT,GPT,GPT,Library
0.017391577180013443,0.9864908639138626,0.0,2.0231320623003413,0.0,0.0,0.0,none,clarify,5101,471,user,0.18181818181818182,GPT,GPT,GPT,Library
0.21750160293730564,1.841256108969925,0.0986997768654451,2.2973384254866365,0.39001679209796053,0.11155966369692687,1.9140020096535757,none,none,5102,471,assistant,0.2727272727272727,GPT,GPT,GPT,Library
0.0,0.7680151234431356,0.0147576833523063,2.0804759930770698,0.23065895691582586,0.030635565948015142,0.4904926869125772,none,none,5109,471,user,0.36363636363636365,GPT,GPT,GPT,Library
0.16892353100517893,1.1052680328414513,0.012873642886514837,2.387851751411493,0.7515347799767663,0.0,1.734706783392881,none,none,5110,471,assistant,0.45454545454545453,GPT,GPT,GPT,Library
0.23879221766321612,0.8918312888565012,0.3625637122486083,2.273684911012214,0.026114941050505498,0.15012189006369855,0.950546860677043,none,none,5119,471,user,0.5454545454545454,GPT,GPT,GPT,Library
0.6354438300017718,1.8222523535824462,0.01300724316203331,2.3433326722771444,0.4924646771460661,0.030776702472359203,1.4082682769542854,none,none,5120,471,assistant,0.6363636363636364,GPT,GPT,GPT,Library
0.2536978012928224,1.1935329848150358,0.0026705764651169506,2.2389325068864143,0.7413692316674617,0.4857900793515153,1.5868826448816808,none,none,5123,471,user,0.7272727272727273,GPT,GPT,GPT,Library
0.40606894262671284,1.6095396580228303,0.6121541042113557,2.7772595474694035,0.5908170768854827,0.015111397019455604,1.3520811417714738,none,none,5124,471,assistant,0.8181818181818182,GPT,GPT,GPT,Library
0.4873937336877142,0.6792491453098128,0.043341567570010564,2.1053809572965014,0.2014261298158945,0.5675378171077418,1.5311010583354927,none,none,5137,471,user,0.9090909090909091,GPT,GPT,GPT,Library
0.5598708010490446,1.703974702020675,0.9572359304434224,2.2775225184347185,0.4637521138403302,0.03424184248945292,1.5128035607654704,none,none,5138,471,assistant,1.0,GPT,GPT,GPT,Library
0.01264105741708566,0.00482232955218618,0.0010127110821249242,1.022429168313831,0.001494180507970417,0.0,0.01304334431689544,none,none,5095,472,user,0.0,GPT,GPT,GPT,Library
0.0,0.010089302446681409,0.0,1.0033228817489568,0.0,0.0,0.0,none,clarify,5096,472,assistant,0.06666666666666667,GPT,GPT,GPT,Library
0.017391577180013443,0.9864908639138626,0.0,2.0231320623003413,0.0,0.0,0.0,none,clarify,5097,472,user,0.13333333333333333,GPT,GPT,GPT,Library
0.6079631956571594,1.8829745550661006,0.0,2.509287634203815,0.5575024207526847,0.275927179032182,2.5078517127537916,none,none,5098,472,assistant,0.2,GPT,GPT,GPT,Library
0.5680814151975035,0.45973790252584623,0.11408338137218023,1.4842445041622285,0.0,0.017453737167383705,0.06354172911490842,none,clarify,5103,472,user,0.26666666666666666,GPT,GPT,GPT,Library
0.5623284693391136,1.8066819463574795,0.003178197618647614,2.488219598879145,0.4481371137014383,0.211208971759662,2.482903492569131,none,none,5104,472,assistant,0.3333333333333333,GPT,GPT,GPT,Library
0.15935292628246947,0.21996827666880883,0.05593489749419854,1.7961823390286935,0.03507726009654203,0.14862174521831867,0.5682941723178739,none,none,5107,472,user,0.4,GPT,GPT,GPT,Library
0.7754398602725244,1.590561471128854,0.0,2.3243747068688174,0.38976860224247084,0.13723296574667804,2.1538592224766147,none,none,5108,472,assistant,0.4666666666666667,GPT,GPT,GPT,Library
0.4737760036508876,0.17015437690372442,0.0,1.9395810871828643,0.0,0.0,0.7716893206706924,none,clarify,5113,472,user,0.5333333333333333,GPT,GPT,GPT,Library
0.8862897779666603,1.6235865509703542,0.0,2.3775938670633376,0.4821442081116303,0.12330894752471294,2.5368989855037705,none,none,5114,472,assistant,0.6,GPT,GPT,GPT,Library
0.3728492289541666,0.5512633648831774,0.012950440621890453,1.8827955262433662,0.051397847582491635,0.007128433098479413,0.48834993061607074,none,none,5121,472,user,0.6666666666666666,GPT,GPT,GPT,Library
0.5903444834351046,1.805377995978506,0.009541201376348658,2.5423085854416594,0.637752135586252,0.2196646056324648,2.3680443209488806,none,none,5122,472,assistant,0.7333333333333333,GPT,GPT,GPT,Library
0.13022838197078845,0.2566134613925418,0.0009172342759983568,2.1041772203743125,0.10555641191407297,0.2672195889613544,0.22624851975716118,none,none,5125,472,user,0.8,GPT,GPT,GPT,Library
0.39435306120016245,2.0636669062266613,0.0,2.344951514046464,0.4849521147611622,0.2379867739325428,2.4113248427107354,none,none,5126,472,assistant,0.8666666666666667,GPT,GPT,GPT,Library
0.41850392937636277,0.4126114213357997,0.05521762761675555,1.9017881889925767,0.23125255086658678,0.0,0.5115761753919393,none,none,5133,472,user,0.9333333333333333,GPT,GPT,GPT,Library
0.0,0.010089302446681409,0.0,1.0033228817489568,0.01606953261471452,0.0,0.0024746292299324835,none,clarify,5134,472,assistant,1.0,GPT,GPT,GPT,Library
0.01264105741708566,0.00482232955218618,0.0010127110821249242,1.022429168313831,0.001494180507970417,0.0,0.01304334431689544,none,none,5129,473,user,0.0,GPT,GPT,GPT,Library
0.0,0.010089302446681409,0.0,1.0033228817489568,0.0,0.0,0.0,none,clarify,5130,473,assistant,0.06666666666666667,GPT,GPT,GPT,Library
0.017391577180013443,0.9864908639138626,0.0,2.0231320623003413,0.0,0.0,0.0,none,clarify,5131,473,user,0.13333333333333333,GPT,GPT,GPT,Library
0.2730482743817424,1.3348549553607465,0.0,2.5829756017139567,0.5718468690635051,0.30750463427657787,1.8870171446579196,none,none,5132,473,assistant,0.2,GPT,GPT,GPT,Library
0.16346294731370287,0.16848609593876357,0.2187044973847586,1.3082694666668182,0.1278144876532832,0.0385018795232908,0.26079328089211157,none,clarify,5141,473,user,0.26666666666666666,GPT,GPT,GPT,Library
0.5230843353826976,1.1228597435395054,0.0,2.4167124358043233,0.5549895645048254,0.17108324809723433,1.8538474793287536,none,none,5142,473,assistant,0.3333333333333333,GPT,GPT,GPT,Library
0.08633746409207065,0.6991187709599054,0.0,2.111126752836458,0.10037479752539447,0.13758892972388417,1.2256590072096105,none,clarify,5143,473,user,0.4,GPT,GPT,GPT,Library
0.26718478284006025,2.0300221976501143,0.0011694971734547963,2.1902626603681035,0.5145277402446986,0.15753288082909925,1.3942790774974936,none,none,5144,473,assistant,0.4666666666666667,GPT,GPT,GPT,Library
0.5062256114111449,0.5750615905141875,0.0,1.6056330215875085,0.28273824691290217,0.0,0.7921256382525742,none,clarify,5145,473,user,0.5333333333333333,GPT,GPT,GPT,Library
0.13031855811384918,1.6757588154099456,0.2193528299448258,2.3068417843121534,0.40965053207760943,0.0,1.6760672554073142,none,none,5146,473,assistant,0.6,GPT,GPT,GPT,Library
0.10464755141875799,0.13104930982589752,0.14397643127850515,1.5132009406126978,0.1245000829195482,0.1478619467322446,0.5699857928664961,none,clarify,5147,473,user,0.6666666666666666,GPT,GPT,GPT,Library
0.22322789148922448,1.4915613946821855,0.0,2.663460573476848,0.6499487673742845,0.2977339901852332,1.408627869117654,none,none,5148,473,assistant,0.7333333333333333,GPT,GPT,GPT,Library
0.2700032681956604,0.5472845327926558,0.018823009092126516,1.9806191658582355,0.19858808574663653,0.004648843878856022,0.8623348629821189,none,clarify,5149,473,user,0.8,GPT,GPT,GPT,Library
0.5371028929841171,2.374171148065409,0.006053765780391477,2.3057935915170784,0.30900540050991104,0.03843789929190043,1.1457596936585943,none,open_what_if,5150,473,assistant,0.8666666666666667,GPT,GPT,GPT,Library
0.017992313095115346,0.5294367109595765,0.0,1.8495052760999027,0.1269620129804523,0.06944857571307901,0.7816630733833281,none,clarify,5151,473,user,0.9333333333333333,GPT,GPT,GPT,Library
0.5463489170823868,1.4756427641049603,0.0,2.278184978609315,0.8463758511214275,0.12503714380266634,1.7369296528713278,none,none,5152,473,assistant,1.0,GPT,GPT,GPT,Library
0.01264105741708566,0.004634286728304182,0.0010127110821249242,1.022429168313831,0.0005745043820882738,0.0,0.01304334431689544,none,none,5153,474,user,0.0,Convergent,Persona,Convergent,Bicycle
0.0,0.009901259622799415,0.0,1.000250467143594,0.0,0.0,0.0,none,clarify,5154,474,assistant,0.07692307692307693,Convergent,Persona,Convergent,Bicycle
0.015808800612270347,0.9941145514815137,0.0,1.9784027023075073,0.0039453103672834125,0.001571199774892238,0.010197506841155037,none,clarify,5155,474,user,0.15384615384615385,Convergent,Persona,Convergent,Bicycle
1.1700923324774872,0.8868333728291541,0.0,2.179880369270907,0.06714988658287509,0.4575238345349033,0.31095848473227716,none,open_what_if,5156,474,assistant,0.23076923076923078,Convergent,Persona,Convergent,Bicycle
0.0,1.0181255226894736,0.05692605290229682,2.19227342766833,0.06811685700314823,0.002153634731521665,1.9748873585171418,none,none,5157,474,user,0.3076923076923077,Convergent,Persona,Convergent,Bicycle
1.5232725667997216,1.6597610223519814,0.054726761254507136,1.9568534068175434,0.007435057994145124,0.12262770485702436,0.8919548038583969,none,open_what_if,5158,474,assistant,0.38461538461538464,Convergent,Persona,Convergent,Bicycle
0.10421359605902673,0.6545945539318556,0.0,1.7538742591404812,0.26314357776449665,0.0,0.1819487416479415,none,none,5159,474,user,0.46153846153846156,Convergent,Persona,Convergent,Bicycle
0.7186693634984385,1.3950640912855596,0.3102758363480013,1.8623241248361675,0.32054388643573845,0.10492648082799254,0.8706259349810322,none,open_what_if,5160,474,assistant,0.5384615384615384,Convergent,Persona,Convergent,Bicycle
0.4637775679243175,1.043248687986471,0.05550351052091107,2.0881231107153893,0.1696063812449639,0.020272980012030282,1.7262852864288296,none,none,5161,474,user,0.6153846153846154,Convergent,Persona,Convergent,Bicycle
0.6016410707038852,1.4377163878356523,0.09764828359970024,2.103953832025554,0.3104833281158419,0.019875821219564202,1.0741307373542528,none,open_what_if,5162,474,assistant,0.6923076923076923,Convergent,Persona,Convergent,Bicycle
0.02721653764828455,1.810498696968671,0.0008948588282429204,2.8875322218712083,1.8819951026103086,0.0,0.12474834995056541,none,none,5163,474,user,0.7692307692307693,Convergent,Persona,Convergent,Bicycle
0.7134171383401253,1.7600651543986552,0.057580871425867784,2.1078967864385887,0.2882952291762473,0.0,1.3267013675934871,none,none,5164,474,assistant,0.8461538461538461,Convergent,Persona,Convergent,Bicycle
0.02721653764828455,1.810498696968671,0.0008948588282429204,2.8875322218712083,1.8819951026103086,0.0,0.12474834995056541,none,none,5165,474,user,0.9230769230769231,Convergent,Persona,Convergent,Bicycle
0.5151522353643749,1.7572350659247657,0.06887691493831899,2.0313245917941067,0.14956687934348667,0.0851030599699878,1.532754334403557,none,none,5166,474,assistant,1.0,Convergent,Persona,Convergent,Bicycle
0.01264105741708566,0.00482232955218618,0.0010127110821249242,1.022429168313831,0.001494180507970417,0.0,0.01304334431689544,none,none,5167,475,user,0.0,GPT,GPT,GPT,Library
0.0,0.010089302446681409,0.0,1.0033228817489568,0.0,0.0,0.0,none,clarify,5168,475,assistant,0.1111111111111111,GPT,GPT,GPT,Library
0.017391577180013443,0.9864908639138626,0.0,2.0231320623003413,0.0,0.0,0.0,none,clarify,5169,475,user,0.2222222222222222,GPT,GPT,GPT,Library
0.32114224225474874,1.631564827778658,0.0015089910455597635,2.3588637560740793,0.4885380432855685,0.16570237438698812,1.947000852253883,none,none,5170,475,assistant,0.3333333333333333,GPT,GPT,GPT,Library
0.3920961735799166,1.1735575735404993,0.0,2.1486001391597913,0.36653994479155233,0.07853323784396855,1.9771422563369732,none,none,5171,475,user,0.4444444444444444,GPT,GPT,GPT,Library
0.5468464350879485,1.3280923881284739,0.0,2.2011357359173145,0.7153407695910002,0.3920369101323191,2.130750824830078,none,none,5172,475,assistant,0.5555555555555556,GPT,GPT,GPT,Library
0.508062612532253,0.9923461789275674,0.0,2.123646450065758,0.2183626190717106,0.06930637348174483,1.3043949162030322,none,none,5173,475,user,0.6666666666666666,GPT,GPT,GPT,Library
0.4548696462797578,1.3994887755233005,0.1585495109552655,2.2213409113513487,0.70628425497211,0.09125126062651728,1.9368862629918535,none,none,5174,475,assistant,0.7777777777777778,GPT,GPT,GPT,Library
0.6973163375318477,0.4127500520926251,0.2640593814257806,2.2532539387799506,0.31686908556067445,0.0,1.0162057540438172,none,none,5175,475,user,0.8888888888888888,GPT,GPT,GPT,Library
0.5454966234688307,1.4374035205657683,0.004383382071057957,2.2973863701552344,0.6298640164197805,0.04316003714924781,2.207793244677163,none,none,5176,475,assistant,1.0,GPT,GPT,GPT,Library
