exp,con,cri,cer,com,ref,prop,tone_pred,qtype_pred,message_id,conversation_id,message_src,turn_frac,family,condition,Persona_type,challenge
0.01865218883355573,0.0,0.0010127110821249315,1.0166032990601537,0.0002259198392978267,0.0,0.01399661955312207,none,none,730,154,user,0.0,GPT,GPT,GPT,Bicycle
0.0,0.003892670705103831,0.0,0.9990955079944592,0.0,0.0,0.0,none,clarify,731,154,assistant,0.0476190476190476,GPT,GPT,GPT,Bicycle
0.5997875626393361,0.3662587925100299,0.0,1.2025748944353127,0.06275235686390802,0.015343623734828378,0.4067291282803871,none,clarify,762,154,user,0.0952380952380952,GPT,GPT,GPT,Bicycle
1.4469786749417823,1.4483210762685361,0.0,1.8768040713554193,0.13119792027079366,0.3598867535579447,0.7672311239084213,none,open_what_if,765,154,assistant,0.1428571428571428,GPT,GPT,GPT,Bicycle
0.46323279322680233,0.3737031211184689,0.0,1.6644386392234911,0.08429928352172635,0.003860380714136601,0.40856059071400497,none,clarify,777,154,user,0.1904761904761904,GPT,GPT,GPT,Bicycle
0.8023645865511324,1.2919929254384164,0.16220148348346178,2.2215701955355653,0.02521952477265034,0.2701935640834119,0.7271506090906216,none,open_what_if,778,154,assistant,0.238095238095238,GPT,GPT,GPT,Bicycle
0.9145352520040944,0.3463613496707506,0.004780456232262412,1.6652950559229287,0.493600062987925,0.029733058795683234,0.3675410017488754,none,clarify,793,154,user,0.2857142857142857,GPT,GPT,GPT,Bicycle
1.7793562966934544,1.0267485998341168,0.02190525940330021,1.9711445865727617,0.0,0.9372973331979141,1.0054644064897746,none,open_what_if,794,154,assistant,0.3333333333333333,GPT,GPT,GPT,Bicycle
0.5746521603758181,1.1013722931057535,0.2230493365357088,1.981337951461404,0.18308748912613607,0.057196969539034095,1.3166906874705802,none,open_what_if,807,154,user,0.3809523809523809,GPT,GPT,GPT,Bicycle
1.1916627473440797,1.6859659646667853,0.0,2.2520559185337965,0.12430883964103277,0.4913061112568815,1.4322962541489723,none,none,808,154,assistant,0.4285714285714285,GPT,GPT,GPT,Bicycle
0.3041427690372589,0.5231431598856546,0.08527623281826897,1.8229018353914195,0.031225113514128457,0.0,1.3654546839831252,none,clarify,817,154,user,0.4761904761904761,GPT,GPT,GPT,Bicycle
1.86522080588361,1.5771600961221763,0.014682131015424437,2.0808963304256216,0.11548904729424382,0.14779375904244765,1.2552049541477661,none,open_what_if,818,154,assistant,0.5238095238095238,GPT,GPT,GPT,Bicycle
0.2995447280191857,0.028239201767526752,0.09562870996205838,1.7346810343667551,0.0762644222572696,0.07942141679330036,0.8944748990821471,none,none,829,154,user,0.5714285714285714,GPT,GPT,GPT,Bicycle
1.1527114693727467,1.4957246379514355,0.0024407595949950006,2.0558833217707684,0.08318441281039764,0.028627344472765187,1.0275080058894037,none,open_what_if,830,154,assistant,0.6190476190476191,GPT,GPT,GPT,Bicycle
0.3109293993638878,0.3064028146823135,0.9895368066062412,1.4231400191594379,0.24659701915505008,0.2078074501695201,0.0,neutral,none,837,154,user,0.6666666666666666,GPT,GPT,GPT,Bicycle
1.3422941944870475,1.3702193090782373,0.0,2.0646453365300466,0.34173969766808243,0.3179030139009473,1.135147620881906,none,open_what_if,838,154,assistant,0.7142857142857143,GPT,GPT,GPT,Bicycle
0.4110851202755043,0.30792876985864065,0.232608413720421,1.9596510227360389,0.4292271341125202,0.0,0.6070292446072831,none,none,843,154,user,0.7619047619047619,GPT,GPT,GPT,Bicycle
1.836210578953995,1.131343740784052,0.0,2.0502627850717983,0.06411567934205437,0.9626357338931872,1.0406032532562413,none,open_what_if,844,154,assistant,0.8095238095238095,GPT,GPT,GPT,Bicycle
0.17707949450612143,0.054348382855572606,0.01956071834205785,1.8206012203473632,0.06752528095797779,0.005108543580253367,0.2808961656219923,none,none,853,154,user,0.8571428571428571,GPT,GPT,GPT,Bicycle
0.9606690584584864,1.9723611964710692,0.05951265168244858,2.905859735145205,0.8797108312641219,0.0,1.8945696829035508,none,criteria_setting,854,154,assistant,0.9047619047619048,GPT,GPT,GPT,Bicycle
0.4177773638605442,0.0756294398943907,0.18122779591262272,1.78742412052278,0.0,0.00260535886868529,0.6732778176778396,none,clarify,869,154,user,0.9523809523809524,GPT,GPT,GPT,Bicycle
1.1970324556713285,1.6515117840247275,0.0049600347143196515,2.1758771170257405,0.5050910613227749,0.5035941282992473,1.890119960016625,none,open_what_if,870,154,assistant,1.0,GPT,GPT,GPT,Bicycle
0.01865218883355573,0.0,0.0010127110821249315,1.0166032990601537,0.0002259198392978267,0.0,0.01399661955312207,none,none,733,155,user,0.0,GPT,GPT,GPT,Bicycle
0.0,0.003892670705103831,0.0,0.9990955079944592,0.0,0.0,0.0,none,clarify,735,155,assistant,0.0769230769230769,GPT,GPT,GPT,Bicycle
0.03049838401600156,0.9893643612695656,0.0,1.9835241770621765,0.004235966895978697,0.0,0.006937027005586032,none,clarify,755,155,user,0.1538461538461538,GPT,GPT,GPT,Bicycle
1.8715911937724559,0.19123075254612207,0.0,1.1346902311366032,0.0,0.9230877295539285,0.08421835133627917,none,open_what_if,757,155,assistant,0.2307692307692307,GPT,GPT,GPT,Bicycle
0.6139248009624808,0.31237975821309444,0.012317427445631895,2.219647317730174,0.5036463744300704,0.03294459410791577,0.7653286999707712,none,none,789,155,user,0.3076923076923077,GPT,GPT,GPT,Bicycle
1.3696595960291524,0.2574280366828337,0.0,1.905151180035851,0.21003265064581136,0.346962441428532,0.4981822680988552,none,open_what_if,791,155,assistant,0.3846153846153846,GPT,GPT,GPT,Bicycle
0.18119102581914398,0.4844661533573706,0.06426691166962634,2.031090009024609,0.21859184465448164,0.0,1.1452425532710424,none,none,801,155,user,0.4615384615384615,GPT,GPT,GPT,Bicycle
0.8921910754614838,1.2371042321707464,0.0,2.3413471014373948,0.12812506622620107,0.0,1.6843954547013713,none,open_what_if,802,155,assistant,0.5384615384615384,GPT,GPT,GPT,Bicycle
0.44381858735588453,0.2936355290845676,0.003332536139366372,2.1167728195155506,0.4519288484885901,0.0,1.0844585790289667,none,none,819,155,user,0.6153846153846154,GPT,GPT,GPT,Bicycle
0.9495074764469837,0.9795910106655186,0.062119353163065556,2.1723975287868806,0.2262004607274699,0.06061213888650397,1.403022654981464,none,open_what_if,820,155,assistant,0.6923076923076923,GPT,GPT,GPT,Bicycle
0.3705094711682844,0.5977498036966657,0.0,2.065291896446801,0.06381656421138365,0.017676178758358658,2.0550784028573936,none,none,855,155,user,0.7692307692307693,GPT,GPT,GPT,Bicycle
1.8431167389759837,1.2360013968852852,0.0,1.8928616272164986,0.3393760697572493,0.49613661663689274,1.5642400240808703,none,open_what_if,856,155,assistant,0.8461538461538461,GPT,GPT,GPT,Bicycle
0.6936702880792404,1.0285203103813343,0.0012620442190406133,2.1576436080956887,0.48088524387070103,0.0,1.742332507966675,none,none,872,155,user,0.9230769230769232,GPT,GPT,GPT,Bicycle
0.9751408772456207,1.2800198768718303,0.0,2.115909966708387,0.021966916910421602,0.2902678721039303,0.913246415861113,none,open_what_if,874,155,assistant,1.0,GPT,GPT,GPT,Bicycle
0.01865218883355573,0.0,0.0010127110821249315,1.0166032990601537,0.0002259198392978267,0.0,0.01399661955312207,none,none,737,157,user,0.0,GPT,GPT,GPT,Bicycle
0.0,0.003892670705103831,0.0,0.9990955079944592,0.0,0.0,0.0,none,clarify,738,157,assistant,0.0666666666666666,GPT,GPT,GPT,Bicycle
0.03049838401600156,0.9893643612695656,0.0,1.9835241770621765,0.004235966895978697,0.0,0.006937027005586032,none,clarify,769,157,user,0.1333333333333333,GPT,GPT,GPT,Bicycle
1.3943027815664337,1.4077048060621498,0.03829902085948656,2.0227451293324057,0.36847561329459905,0.21032752028444157,0.5961437026817246,none,open_what_if,770,157,assistant,0.2,GPT,GPT,GPT,Bicycle
0.634520781063735,0.34040408609362605,0.0,1.6639179114563851,0.2918081318737658,0.0,1.1490735841995807,none,none,779,157,user,0.2666666666666666,GPT,GPT,GPT,Bicycle
1.4397517010603824,1.4906561788253385,0.26513728650399576,2.0413531673284075,0.3190361496015396,0.13480095016012977,1.3323040051135853,none,open_what_if,781,157,assistant,0.3333333333333333,GPT,GPT,GPT,Bicycle
0.48455775597915757,0.7248920880307483,0.11993042446106514,1.9513895865173063,0.30155381934384967,0.2039141914767259,1.713117953199153,none,none,797,157,user,0.4,GPT,GPT,GPT,Bicycle
0.5745776199563432,1.424984184950201,0.0,2.076033512560798,0.1793444305632393,0.0,1.357332965632419,none,open_what_if,798,157,assistant,0.4666666666666667,GPT,GPT,GPT,Bicycle
0.9120033820045024,1.2501745412668268,0.07182532982511095,2.439874182199991,0.28802683343136987,0.10010643409538364,1.8249256670953342,none,open_what_if,823,157,user,0.5333333333333333,GPT,GPT,GPT,Bicycle
0.3194674660221109,1.4447656053553344,0.0,2.1990674728664312,0.3863082734099602,0.0,1.8274597952835792,none,open_what_if,824,157,assistant,0.6,GPT,GPT,GPT,Bicycle
0.3743847102238962,1.0687955963574147,0.20183680601923024,2.445154716860846,0.7400606544965826,0.0,2.010452127472548,none,none,847,157,user,0.6666666666666666,GPT,GPT,GPT,Bicycle
0.8022959559286535,1.6110766616484318,0.010879948701564703,2.249517264518069,0.6691935927747029,0.11207601632033273,1.4218569060695967,none,open_what_if,848,157,assistant,0.7333333333333333,GPT,GPT,GPT,Bicycle
0.04749310361021309,0.0,0.0025536514418559968,1.5202664511652764,0.2796820901099668,0.007705666839576942,0.5120515662520969,none,none,865,157,user,0.8,GPT,GPT,GPT,Bicycle
0.9515139704616616,1.4457869366803668,0.01478017125109243,2.1969321092378444,0.21212288939924262,0.027673444921611008,1.3624987079614137,none,open_what_if,866,157,assistant,0.8666666666666667,GPT,GPT,GPT,Bicycle
0.39627939499697756,0.47541123532969276,0.04791559787023392,1.7457660504242374,0.1331201492977384,0.02156498240222802,0.9117058841980841,none,none,885,157,user,0.9333333333333332,GPT,GPT,GPT,Bicycle
0.9747448762946668,1.0461395757904177,0.03685709459081191,1.9823429395646412,0.03870797709276777,0.0,1.1326994087396811,none,open_what_if,886,157,assistant,1.0,GPT,GPT,GPT,Bicycle
0.01865218883355573,0.0,0.0010127110821249315,1.0166032990601537,0.0002259198392978267,0.0,0.01399661955312207,none,none,739,158,user,0.0,GPT,GPT,GPT,Bicycle
0.0,0.003892670705103831,0.0,0.9990955079944592,0.0,0.0,0.0,none,clarify,740,158,assistant,0.0769230769230769,GPT,GPT,GPT,Bicycle
0.03049838401600156,0.9893643612695656,0.0,1.9835241770621765,0.004235966895978697,0.0,0.006937027005586032,none,clarify,767,158,user,0.1538461538461538,GPT,GPT,GPT,Bicycle
0.5855939376409471,0.691960731421402,0.0,1.7537035935292604,0.2580629919029467,0.18970328340807874,0.14101917848290454,none,clarify,768,158,assistant,0.2307692307692307,GPT,GPT,GPT,Bicycle
0.6938429969798371,0.7693253439297729,0.0023202469471382357,1.9853244734885394,0.34612754228570425,0.21169462872725875,1.4188859955937685,none,none,795,158,user,0.3076923076923077,GPT,GPT,GPT,Bicycle
1.8708205359183585,0.9878353232029841,0.0,1.1396631859777353,0.04775649410166401,0.9792570397408722,0.15854071335652967,none,open_what_if,796,158,assistant,0.3846153846153846,GPT,GPT,GPT,Bicycle
1.0880949175753547,0.25395760278646956,0.0029129151488491325,2.142456392715315,0.11166151197955175,0.0,1.4632298379851525,none,none,811,158,user,0.4615384615384615,GPT,GPT,GPT,Bicycle
0.7828630765276756,1.792086519532727,0.09101942624166973,2.335244200549298,0.22917810661922097,0.027860007501835912,1.5952494301692126,none,open_what_if,812,158,assistant,0.5384615384615384,GPT,GPT,GPT,Bicycle
0.767757824595269,0.8910167131649828,0.0,2.0384851540859428,0.42167580910129215,0.0,0.6209404784253025,none,none,827,158,user,0.6153846153846154,GPT,GPT,GPT,Bicycle
0.4358981272849266,0.8139249948876328,0.12530789251182028,2.4179370613309503,0.4504587651937296,0.0,0.45902294384642034,none,criteria_setting,828,158,assistant,0.6923076923076923,GPT,GPT,GPT,Bicycle
0.720894345687223,1.2343228484700068,0.023997750056896743,1.8692735509005107,0.18573000511879806,0.00023504798964986117,0.9333381538720573,none,none,850,158,user,0.7692307692307693,GPT,GPT,GPT,Bicycle
0.7793613483744178,1.6345966825339222,0.03341278776712274,2.2030295735380854,0.26431138763421874,0.06352069088253497,1.376268141468003,none,open_what_if,852,158,assistant,0.8461538461538461,GPT,GPT,GPT,Bicycle
0.8877102913461108,0.4921928129409276,0.1647616972636756,1.886445261928987,0.17691271349333648,0.0,1.1034887923790337,none,none,867,158,user,0.9230769230769232,GPT,GPT,GPT,Bicycle
1.1897443367407334,1.1892304669712226,0.0011694971734548007,2.0476673158983245,0.3005867291657431,0.05374393026861318,1.3151710345529413,none,open_what_if,868,158,assistant,1.0,GPT,GPT,GPT,Bicycle
0.01865218883355573,0.0,0.0010127110821249315,1.0166032990601537,0.0002259198392978267,0.0,0.01399661955312207,none,none,741,159,user,0.0,GPT,GPT,GPT,Bicycle
0.0,0.003892670705103831,0.0,0.9990955079944592,0.0,0.0,0.0,none,clarify,742,159,assistant,0.0666666666666666,GPT,GPT,GPT,Bicycle
0.5997875626393361,0.3662587925100299,0.0,1.2025748944353127,0.06275235686390802,0.015343623734828378,0.4067291282803871,none,clarify,771,159,user,0.1333333333333333,GPT,GPT,GPT,Bicycle
1.7887578595142353,0.05533934121629603,0.0,1.0638920504232334,0.044946313684139164,0.0,0.02199507750089665,none,open_what_if,772,159,assistant,0.2,GPT,GPT,GPT,Bicycle
0.5343062561539537,0.9679425200521039,0.133562099862921,2.0927356318407706,0.18681415993892164,0.08663413734815054,1.378918521298976,none,none,805,159,user,0.2666666666666666,GPT,GPT,GPT,Bicycle
0.6939803596111529,0.5375298964344449,0.06118638537739619,2.581607473240135,0.5052334332070371,0.018322919720437078,0.6111284559633247,none,open_what_if,806,159,assistant,0.3333333333333333,GPT,GPT,GPT,Bicycle
0.4992614989708264,0.9341727705573553,0.029025552699612198,1.9974539880800304,0.5417492837773265,0.27376734332166686,1.4515506038048382,none,none,825,159,user,0.4,GPT,GPT,GPT,Bicycle
0.5386079541991386,0.44779288215940616,0.31091983849091165,2.0175506491079265,0.1690625198873932,0.020276093468092195,0.6062963804980541,none,clarify,826,159,assistant,0.4666666666666667,GPT,GPT,GPT,Bicycle
0.37085118601577555,0.4965533117172585,0.15268441106256614,1.9966235027544088,0.34428426497793974,0.0,0.711531957061824,none,none,835,159,user,0.5333333333333333,GPT,GPT,GPT,Bicycle
0.8276804784836529,0.584210132152435,0.01495536691685801,2.3816443096467292,0.3504135761978798,0.0,0.9319280958226702,none,open_what_if,836,159,assistant,0.6,GPT,GPT,GPT,Bicycle
0.03049838401600156,0.9893643612695656,0.0,1.9835241770621765,0.04158294485278208,0.0,0.05023325142105613,none,clarify,841,159,user,0.6666666666666666,GPT,GPT,GPT,Bicycle
1.3767874512801235,1.6576543237442227,0.06329519386310992,1.7496930996055926,0.37134989204892577,0.3281899881903602,1.0025605382477252,none,open_what_if,842,159,assistant,0.7333333333333333,GPT,GPT,GPT,Bicycle
0.6903688828652015,1.255898421765695,0.0327063494631146,2.075376565317702,0.3870146420723956,0.3422377809486648,0.9630017747899807,none,none,857,159,user,0.8,GPT,GPT,GPT,Bicycle
0.12998895521282303,0.7853420386077333,0.03379102060759229,1.9605541320576945,0.24722616312634355,0.02089771023961058,0.4979975027464189,none,open_what_if,858,159,assistant,0.8666666666666667,GPT,GPT,GPT,Bicycle
0.42336441611607895,0.09448151521199792,0.4832085758097689,1.7912972592249368,0.28292980653646543,0.03057728073703408,0.768803194216384,neutral,none,876,159,user,0.9333333333333332,GPT,GPT,GPT,Bicycle
0.8952568167444583,1.683420620534116,0.002095949651952745,2.1917687601382507,0.4171844975150603,0.0,1.1976394929211396,none,open_what_if,881,159,assistant,1.0,GPT,GPT,GPT,Bicycle
0.01865218883355573,0.0,0.0010127110821249315,1.0166032990601537,0.0002259198392978267,0.0,0.01399661955312207,none,none,744,160,user,0.0,GPT,GPT,GPT,Bicycle
0.0,0.003892670705103831,0.0,0.9990955079944592,0.0,0.0,0.0,none,clarify,746,160,assistant,0.0666666666666666,GPT,GPT,GPT,Bicycle
0.03049838401600156,0.9893643612695656,0.0,1.9835241770621765,0.004235966895978697,0.0,0.006937027005586032,none,clarify,761,160,user,0.1333333333333333,GPT,GPT,GPT,Bicycle
0.8555046284631276,1.617609107751374,0.0,1.9261721856228282,0.0801334515164425,0.3455215979425558,0.6417651557300085,none,open_what_if,764,160,assistant,0.2,GPT,GPT,GPT,Bicycle
0.2174529495160162,0.08414306653224878,0.0,2.311699281672405,0.3013995869595644,0.19571408790798084,0.5467139035724163,none,none,773,160,user,0.2666666666666666,GPT,GPT,GPT,Bicycle
1.086838399311994,1.6152343314369468,0.0,2.1464668794491955,0.4703889024163258,0.8226388168268476,0.632938454604194,none,open_what_if,776,160,assistant,0.3333333333333333,GPT,GPT,GPT,Bicycle
0.5603244331240057,0.13307775982049674,0.01117751253283134,2.3746480760840454,0.2768481872118429,0.0021346937820315337,1.511466161114811,none,none,790,160,user,0.4,GPT,GPT,GPT,Bicycle
0.6645121189177926,1.4786539808637458,0.016538847213891168,2.4873576411694245,0.26673996895560825,0.49368877400414773,1.3235031963162047,none,open_what_if,792,160,assistant,0.4666666666666667,GPT,GPT,GPT,Bicycle
0.3984656104504945,0.9900782953061388,0.14416183282181003,2.24801663900215,0.10755988268833963,0.00013841926005174108,1.6533577646010613,none,none,813,160,user,0.5333333333333333,GPT,GPT,GPT,Bicycle
0.8219957912816559,1.6683978768923768,0.04443621294743317,2.1722073756187483,0.011508936451023011,0.2729461317406991,1.3718509920724387,none,open_what_if,814,160,assistant,0.6,GPT,GPT,GPT,Bicycle
0.822445919916529,1.0276362413473454,0.0,2.231080762117768,0.351084248002853,0.060379315765662904,1.939772951078834,none,none,833,160,user,0.6666666666666666,GPT,GPT,GPT,Bicycle
0.8340694758745193,1.2944746438961037,0.0,2.3362191626344058,0.22192199052188977,0.4166929213304957,1.3063686501340548,none,open_what_if,834,160,assistant,0.7333333333333333,GPT,GPT,GPT,Bicycle
0.563786736863155,0.9859503083392317,0.0,2.071032209109274,0.4501600992670158,0.19711639730813516,1.966658854847741,none,none,859,160,user,0.8,GPT,GPT,GPT,Bicycle
1.8581629678032847,1.4333842108423434,0.02933777806059104,2.343348277122634,0.24659540807400002,0.4111705527906991,1.7868611994784558,none,open_what_if,861,160,assistant,0.8666666666666667,GPT,GPT,GPT,Bicycle
0.9206464970627306,0.059442502718021005,0.0025805099232764825,2.033158693461655,0.10782230421068073,0.0,0.9615403570042408,none,none,879,160,user,0.9333333333333332,GPT,GPT,GPT,Bicycle
1.6226320462302715,1.332483915756755,0.10005815529455966,1.9844800748486435,0.09594460751589605,0.651668059067946,0.9083368146602517,none,open_what_if,882,160,assistant,1.0,GPT,GPT,GPT,Bicycle
0.01865218883355573,0.0,0.0010127110821249315,1.0166032990601537,0.0002259198392978267,0.0,0.01399661955312207,none,none,743,161,user,0.0,GPT,GPT,GPT,Bicycle
0.0,0.003892670705103831,0.0,0.9990955079944592,0.0,0.0,0.0,none,clarify,745,161,assistant,0.0588235294117647,GPT,GPT,GPT,Bicycle
0.03049838401600156,0.9893643612695656,0.0,1.9835241770621765,0.004235966895978697,0.0,0.006937027005586032,none,clarify,753,161,user,0.1176470588235294,GPT,GPT,GPT,Bicycle
0.9997229637406642,1.4645319502994374,0.020273702238145248,2.2246393624151746,0.5089333662902562,0.1750258065712342,0.9795879990092489,none,open_what_if,754,161,assistant,0.1764705882352941,GPT,GPT,GPT,Bicycle
0.17306250843683751,0.07845688273123341,0.06356427626009312,1.5231888506441593,0.527543572959575,0.050529569132557274,0.050366909266168866,none,none,785,161,user,0.2352941176470588,GPT,GPT,GPT,Bicycle
2.0826147422662395,1.3054440341345348,0.0,1.5844332187916057,0.04487330261022491,0.6834359214104939,0.7666882905123167,none,open_what_if,786,161,assistant,0.2941176470588235,GPT,GPT,GPT,Bicycle
0.8432184254259809,0.40693796932315984,0.06704580272831796,1.763147626143277,0.24392916949911223,0.059875113305697725,0.30163847453933834,none,none,787,161,user,0.3529411764705882,GPT,GPT,GPT,Bicycle
0.7124901353118104,1.8421965960392361,0.053369230872618446,2.3141085644471344,0.3579875526128908,0.05960670030876823,0.7264395485301824,none,open_what_if,788,161,assistant,0.4117647058823529,GPT,GPT,GPT,Bicycle
0.13793739767976257,0.8015105320436611,0.22505152158021288,2.018523635635936,0.12952698373900914,0.04822815015869823,0.5411013800415247,none,none,799,161,user,0.4705882352941176,GPT,GPT,GPT,Bicycle
1.3059924513993895,1.6056211569451897,0.22730362000750423,1.9889455818713464,0.622693396257441,0.4847585077187984,1.2380876691028222,none,open_what_if,800,161,assistant,0.5294117647058824,GPT,GPT,GPT,Bicycle
0.7690842850303732,1.099502700685336,0.060470301759237996,2.2505065026526805,0.2540059097614176,0.0003942253223020469,2.128083262030018,none,none,821,161,user,0.5882352941176471,GPT,GPT,GPT,Bicycle
1.6249978820782673,1.615848139711301,0.007960249654013225,2.2858260982355345,0.2889965273734658,0.34813518797581333,1.1734248012718205,none,open_what_if,822,161,assistant,0.6470588235294118,GPT,GPT,GPT,Bicycle
0.16705873316424547,1.251733127862185,0.03432850295693937,2.5105788803697155,0.4339375028965808,0.0016615360170146064,1.56926482744496,none,none,845,161,user,0.7058823529411765,GPT,GPT,GPT,Bicycle
1.306120016201598,1.7941673347662714,0.16981133191303482,1.9460961464436497,0.2638224882540833,0.11284780795819148,0.8745457177140189,none,open_what_if,846,161,assistant,0.7647058823529411,GPT,GPT,GPT,Bicycle
0.0,0.22091197665309778,0.13386795651872124,1.9699942887712283,0.5421235611154795,0.00672470145442717,0.8110565491706457,none,none,860,161,user,0.8235294117647058,GPT,GPT,GPT,Bicycle
0.9580148536915526,1.8864293655951363,0.05311202665929525,2.0556604298630385,0.5036319471557643,0.6323524223484736,1.234845885964828,none,open_what_if,862,161,assistant,0.8823529411764706,GPT,GPT,GPT,Bicycle
0.08537617603683716,0.3867262981471612,0.11687814517488099,2.142831855215818,0.3886841841970497,0.2698878028076001,0.5153097881883821,none,none,880,161,user,0.9411764705882352,GPT,GPT,GPT,Bicycle
1.163552676254794,1.4646630977629127,0.02485386697961834,2.0952307861004633,0.3462327514885687,0.7737001871180337,0.7142087771795896,none,open_what_if,883,161,assistant,1.0,GPT,GPT,GPT,Bicycle
0.01865218883355573,0.0,0.0010127110821249315,1.0166032990601537,0.0002259198392978267,0.0,0.01399661955312207,none,none,747,162,user,0.0,GPT,GPT,GPT,Bicycle
0.0,0.003892670705103831,0.0,0.9990955079944592,0.0,0.0,0.0,none,clarify,748,162,assistant,0.0769230769230769,GPT,GPT,GPT,Bicycle
0.03049838401600156,0.9893643612695656,0.0,1.9835241770621765,0.004235966895978697,0.0,0.006937027005586032,none,clarify,756,162,user,0.1538461538461538,GPT,GPT,GPT,Bicycle
1.600000945515522,1.5019260053423171,0.02885418895572392,1.9719436370501924,0.2114817438840063,0.2571018446704911,0.5823452878858031,none,open_what_if,759,162,assistant,0.2307692307692307,GPT,GPT,GPT,Bicycle
0.3679800243611949,0.13939414718804216,0.573265807383193,1.881170293810463,0.026284650857047065,0.10294156636756698,0.8345333153226905,none,none,774,162,user,0.3076923076923077,GPT,GPT,GPT,Bicycle
1.4567205474046487,1.721803638951622,0.015663958298903036,1.8579973842410873,0.09783063349445895,0.4012296817163217,1.7641867828218398,none,open_what_if,775,162,assistant,0.3846153846153846,GPT,GPT,GPT,Bicycle
0.09152014096063388,0.8949402687993175,0.0,1.9493350846331352,0.019993179233955546,0.0,0.9097619909013572,none,none,780,162,user,0.4615384615384615,GPT,GPT,GPT,Bicycle
1.1372313250525443,1.9444222618943274,0.22193045505761216,2.3257870560413147,0.44523098103457787,0.4308742048645415,1.840983875217563,none,open_what_if,782,162,assistant,0.5384615384615384,GPT,GPT,GPT,Bicycle
0.5101549933866788,1.0171446884631192,0.614263364316476,2.4447045684384294,0.36039581867372894,0.0,2.003512589297267,none,none,803,162,user,0.6153846153846154,GPT,GPT,GPT,Bicycle
1.2412595959672574,1.653089092872645,0.12720363130886322,2.12302208040567,0.03365976014385132,0.3255399026084347,1.53615784264737,none,open_what_if,804,162,assistant,0.6923076923076923,GPT,GPT,GPT,Bicycle
0.7954046700135824,0.8480758333045035,0.0353476434139022,2.026272927915776,0.051544228913193484,0.2115067182921299,2.0418112660510013,none,none,863,162,user,0.7692307692307693,GPT,GPT,GPT,Bicycle
1.1684972092870545,1.6380165648461007,0.13866323463899052,1.9843765346385531,0.13799168307548398,0.5440537836088022,1.5737298269940432,none,open_what_if,864,162,assistant,0.8461538461538461,GPT,GPT,GPT,Bicycle
0.6053607747092313,0.061296263717974836,0.056344413166899796,1.9075829879447863,0.32432251962802794,0.03999690746419292,0.5937476816381386,none,none,871,162,user,0.9230769230769232,GPT,GPT,GPT,Bicycle
1.474580566098818,1.5391912027783212,0.0068229647436451515,1.9593368265191433,0.24647441517769655,0.5567988688073681,1.674044567414439,none,open_what_if,873,162,assistant,1.0,GPT,GPT,GPT,Bicycle
0.01865218883355573,0.0,0.0010127110821249315,1.0166032990601537,0.0002259198392978267,0.0,0.01399661955312207,none,none,751,164,user,0.0,GPT,GPT,GPT,Bicycle
0.0,0.003892670705103831,0.0,0.9990955079944592,0.0,0.0,0.0,none,clarify,752,164,assistant,0.1111111111111111,GPT,GPT,GPT,Bicycle
0.03049838401600156,0.9893643612695656,0.0,1.9835241770621765,0.004235966895978697,0.0,0.006937027005586032,none,clarify,758,164,user,0.2222222222222222,GPT,GPT,GPT,Bicycle
0.967387636522047,0.827300299080396,0.006186738989928041,1.6632987079606112,0.23119127820394625,0.08030825567247755,0.21980526748870954,none,clarify,760,164,assistant,0.3333333333333333,GPT,GPT,GPT,Bicycle
0.1988145989941933,0.679119484498462,0.32473347812030634,1.777631608432373,0.2875058841665088,0.002713885445971059,1.11178907360797,none,none,815,164,user,0.4444444444444444,GPT,GPT,GPT,Bicycle
1.3460314391505388,1.636428621882978,0.16092453183115205,2.0255352544642267,0.022705636712788146,0.09461643489049007,1.6558300589366646,none,open_what_if,816,164,assistant,0.5555555555555556,GPT,GPT,GPT,Bicycle
0.11673471321226894,0.5925220613924057,0.18611059367842048,2.2776982065957125,0.3324430889220769,0.15277935756053806,1.2686029876881912,none,none,839,164,user,0.6666666666666666,GPT,GPT,GPT,Bicycle
0.4650671994122301,1.9695741661598152,0.011766455677866475,2.2036497420426495,0.24267335244115382,0.16373707068778376,1.4443643155298207,none,open_what_if,840,164,assistant,0.7777777777777778,GPT,GPT,GPT,Bicycle
0.5663200765943819,0.8384382131710287,0.023581453539442337,2.1131941246675754,0.2863906406607546,0.0,1.4441232900034187,none,clarify,875,164,user,0.8888888888888888,GPT,GPT,GPT,Bicycle
1.4040515491296717,1.5459511775613162,0.030134928719466873,2.1318174148392957,0.2698174259876185,0.428392666546405,1.4479746912519063,none,open_what_if,878,164,assistant,1.0,GPT,GPT,GPT,Bicycle
0.01865218883355573,0.0,0.0010127110821249315,1.0166032990601537,0.0002259198392978267,0.0,0.01399661955312207,none,none,889,166,user,0.0,Convergent,Persona,Convergent,Library
0.0,0.003892670705103831,0.0,0.9990955079944592,0.0,0.0,0.0,none,clarify,895,166,assistant,0.1111111111111111,Convergent,Persona,Convergent,Library
0.008715222563156034,0.9966724427189927,0.0,1.9869316469784641,0.0,0.002672053286864946,0.0,none,clarify,915,166,user,0.2222222222222222,Convergent,Persona,Convergent,Library
0.5969620951264103,0.940071707847829,0.01119637860925229,2.097131624193104,0.12422545380840305,0.1462300018027906,0.794911520816966,none,open_what_if,918,166,assistant,0.3333333333333333,Convergent,Persona,Convergent,Library
0.13397466732820426,0.9884058831077474,0.0,2.2224080541706774,0.05047097319071613,0.11964119420410517,0.5672347914037835,none,clarify,967,166,user,0.4444444444444444,Convergent,Persona,Convergent,Library
1.6970865824467347,2.0162924534817455,0.014418189480201325,2.0047501942345485,0.0,0.3131279484433575,1.1179920420796994,none,open_what_if,968,166,assistant,0.5555555555555556,Convergent,Persona,Convergent,Library
0.7910023025359332,0.7173860810051291,0.28021248455037884,2.309571359996687,0.44801010361558136,0.3243017415624485,0.9153059970977747,neutral,none,999,166,user,0.6666666666666666,Convergent,Persona,Convergent,Library
0.7811355100873506,1.5378328369036007,0.3636087872641462,1.9430771466936843,0.4422569100721809,0.31044615447784485,1.089635098217457,none,open_what_if,1001,166,assistant,0.7777777777777778,Convergent,Persona,Convergent,Library
0.9058180433530537,1.000295625191611,0.0,2.020482603596435,0.06271071666472285,0.048294869338274364,1.9395038186435207,none,none,1056,166,user,0.8888888888888888,Convergent,Persona,Convergent,Library
1.1311095999494547,1.8410165844711417,0.0,2.163569125672786,0.2444278679633706,0.0907959783491103,1.690391498680209,none,open_what_if,1057,166,assistant,1.0,Convergent,Persona,Convergent,Library
0.01865218883355573,0.0,0.0010127110821249315,1.0166032990601537,0.0002259198392978267,0.0,0.01399661955312207,none,none,890,167,user,0.0,Convergent,Persona,Convergent,Library
0.0,0.003892670705103831,0.0,0.9990955079944592,0.0,0.0,0.0,none,clarify,893,167,assistant,0.0769230769230769,Convergent,Persona,Convergent,Library
0.008715222563156034,0.9966724427189927,0.0,1.9869316469784641,0.0,0.002672053286864946,0.0,none,clarify,913,167,user,0.1538461538461538,Convergent,Persona,Convergent,Library
0.4820858668868685,2.2045876644708313,0.01865790590183403,2.099055227260701,0.0,0.151135276682698,0.16497690514932295,none,criteria_setting,917,167,assistant,0.2307692307692307,Convergent,Persona,Convergent,Library
0.47310425216084234,1.2390957443786785,0.0,1.8476097863111456,0.3431128437350537,0.26180876797119607,1.6841761064535332,none,none,941,167,user,0.3076923076923077,Convergent,Persona,Convergent,Library
1.3195950294033265,1.7555336579579495,0.01435639800506839,2.161462582677019,0.0,0.9680638084923333,1.2659704484584393,none,open_what_if,942,167,assistant,0.3846153846153846,Convergent,Persona,Convergent,Library
0.9194231518198775,0.8323592230778852,0.3550284099464084,1.9113377608818687,0.5776764331940494,0.3517238651183701,1.185925225620776,none,none,977,167,user,0.4615384615384615,Convergent,Persona,Convergent,Library
0.7223086572002246,1.5427474292106045,0.3113279457196854,2.1709382809132616,0.1107546199105418,0.5708639845806273,1.0996886609628191,none,criteria_setting,978,167,assistant,0.5384615384615384,Convergent,Persona,Convergent,Library
0.9743308554247986,0.614090107381567,0.0,2.013093087908326,0.10678881989705816,0.3174309769931768,1.1738986574967927,none,none,1000,167,user,0.6153846153846154,Convergent,Persona,Convergent,Library
1.4253537352426893,1.3768055093316005,0.20337257293410604,2.056383215367567,0.033214171592867214,0.9349903808287886,1.2245316138853104,none,open_what_if,1003,167,assistant,0.6923076923076923,Convergent,Persona,Convergent,Library
0.6115362506879679,0.7811150710714737,0.00969596375754072,2.040076496464605,0.5065271546046933,0.14117295366739627,1.7340331333619772,none,none,1032,167,user,0.7692307692307693,Convergent,Persona,Convergent,Library
1.0456031343848453,2.0207479665170087,0.016058967515241763,2.197816533086892,0.2614297292728732,0.15851706669045604,1.3977223163677472,none,open_what_if,1034,167,assistant,0.8461538461538461,Convergent,Persona,Convergent,Library
0.9305758985800481,0.6940037865285879,0.011394907735750484,2.143819246990117,0.3323435876266483,0.05028240458836669,1.519145837133422,none,none,1045,167,user,0.9230769230769232,Convergent,Persona,Convergent,Library
0.9644046283822361,1.5628518600644483,0.0,2.1141226292726287,0.07535133591760122,0.20826671845314343,1.260619085090199,none,open_what_if,1046,167,assistant,1.0,Convergent,Persona,Convergent,Library
0.01865218883355573,0.0,0.0010127110821249315,1.0166032990601537,0.0002259198392978267,0.0,0.01399661955312207,none,none,891,168,user,0.0,Convergent,Persona,Convergent,Library
0.0,0.003892670705103831,0.0,0.9990955079944592,0.0,0.0,0.0,none,clarify,892,168,assistant,0.0909090909090909,Convergent,Persona,Convergent,Library
0.008715222563156034,0.9966724427189927,0.0,1.9869316469784641,0.0,0.002672053286864946,0.0,none,clarify,912,168,user,0.1818181818181818,Convergent,Persona,Convergent,Library
0.5245671237393933,1.1077762174478412,0.0015089910455597703,2.083017238096009,0.0,0.12522422093103355,0.5302104298298174,none,criteria_setting,916,168,assistant,0.2727272727272727,Convergent,Persona,Convergent,Library
1.2710181159580973,0.8847415675602394,0.36417451608973317,2.075023586740546,0.6043457629138882,0.2741974209372742,1.3700618101270545,none,none,957,168,user,0.3636363636363636,Convergent,Persona,Convergent,Library
0.9194220549799383,2.011809169660432,0.018889671133567477,2.2931457142325664,0.021284051260029562,0.3169661919624663,1.2490647270858932,none,open_what_if,958,168,assistant,0.4545454545454545,Convergent,Persona,Convergent,Library
1.0617035204421357,1.1995070652202833,0.08259518659582595,2.0274422686319595,0.6846573823196593,0.09676792422543241,1.7492591172829965,none,none,993,168,user,0.5454545454545454,Convergent,Persona,Convergent,Library
1.3466600843799486,2.0285577991913595,0.5272256884650847,2.3082353180334403,0.08976020904934098,0.5125937989713529,1.4046119476551977,constructive,open_what_if,994,168,assistant,0.6363636363636364,Convergent,Persona,Convergent,Library
0.9344829354755922,0.9039886082147788,0.08103769988658613,2.1769434580105074,0.6256624696173567,0.10320666634798466,1.8580869248398373,none,none,1027,168,user,0.7272727272727273,Convergent,Persona,Convergent,Library
1.3681703179652662,1.5066386921936539,0.49865231626408635,1.9357855433770772,0.10550369760115519,0.5786878922819186,1.5750500399116494,constructive,open_what_if,1028,168,assistant,0.8181818181818182,Convergent,Persona,Convergent,Library
0.9247181109064757,0.3633862805019629,0.41015083658901313,2.0370924044852416,0.2657652207302647,0.013442967485396473,1.0658931815082295,none,none,1055,168,user,0.9090909090909092,Convergent,Persona,Convergent,Library
1.5812976101311322,1.3161196890291076,0.20571000192547614,1.8323068169841066,0.06504084474988371,1.1548193027517177,1.701484129598273,none,open_what_if,1058,168,assistant,1.0,Convergent,Persona,Convergent,Library
0.01865218883355573,0.0,0.0010127110821249315,1.0166032990601537,0.0002259198392978267,0.0,0.01399661955312207,none,none,894,169,user,0.0,Convergent,Persona,Convergent,Library
0.0,0.003892670705103831,0.0,0.9990955079944592,0.0,0.0,0.0,none,clarify,898,169,assistant,0.0769230769230769,Convergent,Persona,Convergent,Library
0.008715222563156034,0.9966724427189927,0.0,1.9869316469784641,0.0,0.002672053286864946,0.0,none,clarify,927,169,user,0.1538461538461538,Convergent,Persona,Convergent,Library
0.318803370610389,0.792179214856983,0.0,2.012807922634979,0.03989009302102976,0.14901161864527537,0.5196141143980294,none,open_what_if,928,169,assistant,0.2307692307692307,Convergent,Persona,Convergent,Library
0.8551025771446604,0.7281937129513423,0.1145758880228218,2.2491945842655667,0.22146513154773093,0.24398027933118863,1.7759278325599959,none,none,943,169,user,0.3076923076923077,Convergent,Persona,Convergent,Library
1.5532913985931416,1.5440116159689177,0.5692649614381374,2.3148603712761644,0.41495947063878574,0.3628052341251844,1.5972577409003068,constructive,open_what_if,944,169,assistant,0.3846153846153846,Convergent,Persona,Convergent,Library
0.673782477495909,1.0138243548887182,0.3072847203963477,2.052669401584082,0.10366548324227216,0.3546404159182142,1.845505745025757,neutral,none,965,169,user,0.4615384615384615,Convergent,Persona,Convergent,Library
1.4575782414842329,1.5463455770152983,0.005794222379851017,2.047968916574765,0.3167263612692938,0.20978749049112644,1.5836848041650107,none,open_what_if,966,169,assistant,0.5384615384615384,Convergent,Persona,Convergent,Library
0.6357799224113968,1.0371355093902626,0.46885702449177163,2.0978172493530858,0.19410717949199777,0.23926342412700002,1.124637356406717,neutral,none,996,169,user,0.6153846153846154,Convergent,Persona,Convergent,Library
0.9876892820931873,1.9954046001339203,0.007669322549525366,2.0327492435154393,0.9406689746339194,0.02128060257632939,1.1470083911648852,none,open_what_if,998,169,assistant,0.6923076923076923,Convergent,Persona,Convergent,Library
0.7858930421710838,1.2054204329372589,0.0915109899065632,2.242137081412191,0.39962883092868656,0.06249943952965666,2.0588929245169934,none,none,1021,169,user,0.7692307692307693,Convergent,Persona,Convergent,Library
2.1260549865012828,1.4283492741770785,0.0,2.281361644709321,0.14681518468171723,0.9953161614497409,1.3028435966730192,none,open_what_if,1025,169,assistant,0.8461538461538461,Convergent,Persona,Convergent,Library
0.8599292122738594,1.0700240905255154,0.25405991425026614,2.0444660900968072,0.0763461668249607,0.25538598935681367,1.4924545268637073,none,none,1051,169,user,0.9230769230769232,Convergent,Persona,Convergent,Library
1.616624943100977,1.5470675840890415,0.23843968422514183,2.109338465797059,0.04521906064047807,0.27012673071222276,1.5688660358490933,none,open_what_if,1053,169,assistant,1.0,Convergent,Persona,Convergent,Library
0.01865218883355573,0.0,0.0010127110821249315,1.0166032990601537,0.0002259198392978267,0.0,0.01399661955312207,none,none,896,170,user,0.0,Convergent,Persona,Convergent,Library
0.0,0.003892670705103831,0.0,0.9990955079944592,0.0,0.0,0.0,none,clarify,899,170,assistant,0.0666666666666666,Convergent,Persona,Convergent,Library
0.008715222563156034,0.9966724427189927,0.0,1.9869316469784641,0.0,0.002672053286864946,0.0,none,clarify,924,170,user,0.1333333333333333,Convergent,Persona,Convergent,Library
0.9362631321763585,1.4843447407694657,0.018319930857891013,2.033782519661682,0.0,0.28933282901137963,1.2883377501269986,none,open_what_if,926,170,assistant,0.2,Convergent,Persona,Convergent,Library
1.1915860643193201,1.4622376484476156,0.0,2.147990121969499,0.17588819699114325,0.1198673244148062,0.924354762743544,none,none,947,170,user,0.2666666666666666,Convergent,Persona,Convergent,Library
1.212630344336351,1.4760496862687158,0.0,1.9723913468395335,0.05882173595176911,0.5063392336653865,1.8416523885796041,none,open_what_if,948,170,assistant,0.3333333333333333,Convergent,Persona,Convergent,Library
0.01865218883355573,0.0,0.0010127110821249315,1.0166032990601537,0.0002259198392978267,0.0,0.043381653483268105,none,none,984,170,user,0.4,Convergent,Persona,Convergent,Library
1.4250939561409801,1.4124620292946566,0.49243962865669444,1.9360980634990577,0.1466144728571386,0.8462755419229446,1.0929074018249416,none,open_what_if,986,170,assistant,0.4666666666666667,Convergent,Persona,Convergent,Library
1.8677699682208333,0.9444114375080229,0.012347697559875564,2.030852924370574,0.04147169852230405,0.9713137557580878,1.9192806000237177,none,none,1017,170,user,0.5333333333333333,Convergent,Persona,Convergent,Library
0.6426700441418357,1.9089983359216904,0.008302373128496722,1.8156715505546543,0.05878959116550516,0.5588571186058578,1.1056747970746357,none,open_what_if,1018,170,assistant,0.6,Convergent,Persona,Convergent,Library
0.18578711484663307,0.25695805828873547,0.0,1.9172226787435533,0.07275362825633389,0.0,0.30801908810051704,none,none,1029,170,user,0.6666666666666666,Convergent,Persona,Convergent,Library
1.2640384976396248,1.5564172900543467,0.0,2.081210200075524,0.08870657035384427,0.23138928275809933,1.9568778052522835,none,open_what_if,1031,170,assistant,0.7333333333333333,Convergent,Persona,Convergent,Library
1.2935078856553741,0.32897258754523506,0.06970608106556644,1.1040424169542147,0.3055559826205202,0.3978456148795482,0.5140986596171394,none,none,1037,170,user,0.8,Convergent,Persona,Convergent,Library
1.6070378633889608,1.750738669114867,0.010723860527260097,2.044545402547027,0.26478098766526903,0.7199057518814654,1.4865505022103445,none,open_what_if,1038,170,assistant,0.8666666666666667,Convergent,Persona,Convergent,Library
0.5559448145746498,0.7763181526774473,0.11012927824420504,1.9789589343430858,0.37872152517328067,0.08733284012796415,1.4086217673717514,none,none,1048,170,user,0.9333333333333332,Convergent,Persona,Convergent,Library
1.1593837845036452,1.978095268876445,0.003436886630976688,2.132996105985082,0.35363982120904436,0.29964805422919494,1.3208274281529955,none,open_what_if,1050,170,assistant,1.0,Convergent,Persona,Convergent,Library
0.01865218883355573,0.0,0.0010127110821249315,1.0166032990601537,0.0002259198392978267,0.0,0.01399661955312207,none,none,897,171,user,0.0,Convergent,Persona,Convergent,Library
0.0,0.003892670705103831,0.0,0.9990955079944592,0.0,0.0,0.0,none,clarify,900,171,assistant,0.04,Convergent,Persona,Convergent,Library
0.4004035536883398,0.5859319681099945,0.012179242631437033,1.2776985302197434,0.20586784170415945,0.031239861183116727,0.238704806499305,none,clarify,923,171,user,0.08,Convergent,Persona,Convergent,Library
0.4639077224604762,1.1236601073427086,0.0,2.1859817099987278,0.0,0.0,0.07641478833541988,none,criteria_setting,925,171,assistant,0.12,Convergent,Persona,Convergent,Library
0.034882308215358634,0.5271771240967896,0.007238944224289461,2.0055341678092526,0.0,0.007285701093212332,0.10503963372826355,none,clarify,929,171,user,0.16,Convergent,Persona,Convergent,Library
0.9963897796857916,1.2167219285037734,0.0666162229978599,2.34992441127257,0.0,0.3163323758296193,0.7302374096382036,none,open_what_if,930,171,assistant,0.2,Convergent,Persona,Convergent,Library
0.5363314261252663,0.976353357883079,0.013506693465486193,2.478606551400706,0.0,0.37643722035209226,1.0157958329426866,none,clarify,935,171,user,0.24,Convergent,Persona,Convergent,Library
0.9427367103192941,1.9671754632162433,0.5077061103097528,1.9826705209588902,0.009893915796574308,0.31307624839107373,1.2054281824426216,constructive,open_what_if,936,171,assistant,0.28,Convergent,Persona,Convergent,Library
1.146172696976646,1.2587927287885825,0.008973420336987102,2.204553774196272,0.392941653207423,0.6775206207499452,1.3472220122689174,none,open_what_if,953,171,user,0.32,Convergent,Persona,Convergent,Library
1.9488335721355168,0.9432805970966847,0.6248973662642597,2.0748014583022276,0.1380558726013726,0.20398145659572453,1.482626106321901,none,open_what_if,954,171,assistant,0.36,Convergent,Persona,Convergent,Library
1.2457661210040727,0.23054389349156165,0.0,1.9019681488668827,0.10326079034326616,0.088500476865197,0.4578068336758692,none,none,961,171,user,0.4,Convergent,Persona,Convergent,Library
1.2969582386424685,1.5732174928098228,0.37046826560145485,2.1913336864593727,0.20867603114791453,0.6771341140170974,1.1574628610954012,none,open_what_if,962,171,assistant,0.44,Convergent,Persona,Convergent,Library
0.022557863660986544,0.0,0.0023784908210492074,1.0773142826592357,0.028839254558961344,0.0,0.050721992017829474,none,clarify,975,171,user,0.48,Convergent,Persona,Convergent,Library
0.7000208830102548,0.7317188822547145,0.008973420336987102,2.1713147899070253,0.07219208885185956,0.08209918905852971,1.297815974733166,none,open_what_if,976,171,assistant,0.52,Convergent,Persona,Convergent,Library
0.11474997860365913,0.4287859442867637,0.013711140617140329,1.542200541453853,0.3397053488074107,0.0,0.8436349978032671,none,clarify,987,171,user,0.56,Convergent,Persona,Convergent,Library
1.0261386575021683,1.6219663026187205,0.007143689707785132,2.0043009513336227,0.2441525013679418,0.46523756208250355,1.4315343248078767,none,open_what_if,988,171,assistant,0.6,Convergent,Persona,Convergent,Library
0.18578711484663307,0.25695805828873547,0.0,1.9172226787435533,0.055395577853723656,0.0,0.30801908810051704,none,none,991,171,user,0.64,Convergent,Persona,Convergent,Library
1.2962643920181036,1.5726076013717103,0.6181856374900853,2.1414984509180006,0.2714116864278935,0.22165194652381112,1.3638276772258908,constructive,open_what_if,992,171,assistant,0.68,Convergent,Persona,Convergent,Library
0.6572732425457187,0.8961781400021581,0.014506838478758725,2.0267106052016763,0.10803776825808027,0.17798304590697858,1.7751407946810163,none,none,1009,171,user,0.72,Convergent,Persona,Convergent,Library
0.8349969634069672,2.0984881347823614,0.0,2.014606687948248,0.1194949198413182,0.380170238137849,1.0149511454435194,none,open_what_if,1010,171,assistant,0.76,Convergent,Persona,Convergent,Library
0.08886234913217757,0.17493494755511915,0.16011727642326523,1.5096678388804605,0.0896847068024102,0.0,0.05806378600781201,none,none,1011,171,user,0.8,Convergent,Persona,Convergent,Library
1.1191902104997173,1.5996878781099348,0.007143689707785132,2.140379200590126,0.1283698295424731,0.5531519369813144,1.3871917922608124,none,open_what_if,1012,171,assistant,0.84,Convergent,Persona,Convergent,Library
0.18578711484663307,0.25695805828873547,0.0,1.9172226787435533,0.18420426230688586,0.0,0.30801908810051704,none,none,1015,171,user,0.88,Convergent,Persona,Convergent,Library
1.6114936376287203,1.7421473827201766,0.052093591594017705,2.0253978964410146,0.29133420019098616,0.012271669897256803,1.380695004186921,none,open_what_if,1016,171,assistant,0.92,Convergent,Persona,Convergent,Library
0.20264523320926303,0.331187156680993,0.0002694895636206088,1.3588479281899721,0.2778729779907615,0.2680552629157066,0.22908642858094386,none,none,1019,171,user,0.96,Convergent,Persona,Convergent,Library
1.0556337439038346,2.003694465138396,0.016336569107960698,2.3992840171263574,0.16308694338098248,0.1489534840088295,1.284013893773927,none,open_what_if,1022,171,assistant,1.0,Convergent,Persona,Convergent,Library
0.01865218883355573,0.0,0.0010127110821249315,1.0166032990601537,0.0002259198392978267,0.0,0.01399661955312207,none,none,901,172,user,0.0,Convergent,Persona,Convergent,Library
0.0,0.003892670705103831,0.0,0.9990955079944592,0.0,0.0,0.0,none,clarify,902,172,assistant,0.0588235294117647,Convergent,Persona,Convergent,Library
0.008715222563156034,0.9966724427189927,0.0,1.9869316469784641,0.0,0.002672053286864946,0.0,none,clarify,911,172,user,0.1176470588235294,Convergent,Persona,Convergent,Library
0.837619736711014,2.085609288093365,0.0,2.296196692892415,0.23087754249535009,0.1693284300457723,0.7382586756008043,none,open_what_if,914,172,assistant,0.1764705882352941,Convergent,Persona,Convergent,Library
0.5429116424171325,0.42273034715106905,0.11458423247281291,1.945418221168638,0.09286650311917805,0.03459539084621046,1.028107005197752,none,none,931,172,user,0.2352941176470588,Convergent,Persona,Convergent,Library
0.8265479233508726,1.9215651924552741,0.005640978826820924,2.043751383871582,0.0,0.0006132287612908785,0.09948361554652446,none,criteria_setting,932,172,assistant,0.2941176470588235,Convergent,Persona,Convergent,Library
0.5207775586553576,0.9211521745291247,0.1742772377926878,1.8626520256639603,0.24970676765983502,0.0575181805929037,1.0708375466381337,none,none,951,172,user,0.3529411764705882,Convergent,Persona,Convergent,Library
1.0100424157715415,1.9153793981143077,0.01359899993159472,2.004728646761162,0.035343514849785984,0.0,1.0532623724669745,none,open_what_if,952,172,assistant,0.4117647058823529,Convergent,Persona,Convergent,Library
1.0416594417345657,0.9314426039815671,0.6379394078580776,1.8105761985843025,0.1656020283498484,0.39964601817684836,1.3470349370014647,none,none,969,172,user,0.4705882352941176,Convergent,Persona,Convergent,Library
0.8426283942510487,1.5997068242116803,0.006385979149412418,2.02143285126658,0.6529687019736504,0.09967552597028226,1.2384284821362992,none,open_what_if,972,172,assistant,0.5294117647058824,Convergent,Persona,Convergent,Library
0.14747589397772595,0.6958785939469332,0.14398822214063453,2.2074399370488864,0.1346424214588097,0.08416397471773614,1.203078907745811,none,none,981,172,user,0.5882352941176471,Convergent,Persona,Convergent,Library
1.3315207609135635,1.7606568433693603,0.1123333704400493,2.0858621475544408,0.40760260844405427,0.024724109453434655,1.4324040651260666,none,open_what_if,982,172,assistant,0.6470588235294118,Convergent,Persona,Convergent,Library
0.5344074719040227,0.21683723183629933,0.004332880945938461,2.010750677431493,0.25665935018732267,0.04341516686656113,0.7334581927294284,none,none,1005,172,user,0.7058823529411765,Convergent,Persona,Convergent,Library
0.7301969860195784,1.798054538432329,0.0052902379579689435,2.2518775281005037,0.35972809071962425,0.3651864391886839,1.2782374830622356,none,open_what_if,1006,172,assistant,0.7647058823529411,Convergent,Persona,Convergent,Library
0.5147737870171589,0.26238970481103113,0.0752357807284802,2.029125802102298,0.4390915244045455,0.2705405341933964,0.479253827261983,none,none,1020,172,user,0.8235294117647058,Convergent,Persona,Convergent,Library
0.9450771018153498,2.391001352062539,0.0033387216747617415,2.071120244893002,0.38138957207880614,0.6645245608333579,1.4971868237986732,none,open_what_if,1023,172,assistant,0.8823529411764706,Convergent,Persona,Convergent,Library
0.5064235895474364,0.3687348658802176,0.07478666071817047,1.862479299794065,0.08166473796638687,0.19455291876941325,0.5059721907009159,none,none,1043,172,user,0.9411764705882352,Convergent,Persona,Convergent,Library
1.0209636939319846,1.5680333881296333,0.015168096943984959,2.139512329366753,0.3542563571841343,0.5542227229955397,0.7414285208997815,none,open_what_if,1044,172,assistant,1.0,Convergent,Persona,Convergent,Library
0.01865218883355573,0.0,0.0010127110821249315,1.0166032990601537,0.0002259198392978267,0.0,0.01399661955312207,none,none,907,175,user,0.0,Convergent,Persona,Convergent,Library
0.0,0.003892670705103831,0.0,0.9990955079944592,0.0,0.0,0.0,none,clarify,908,175,assistant,0.0588235294117647,Convergent,Persona,Convergent,Library
0.008715222563156034,0.9966724427189927,0.0,1.9869316469784641,0.0,0.002672053286864946,0.0,none,clarify,919,175,user,0.1176470588235294,Convergent,Persona,Convergent,Library
1.5369348573775778,2.0541960105749166,0.0,2.447117961373811,0.05670361277055774,0.08503082048510975,1.1541900798224407,none,open_what_if,921,175,assistant,0.1764705882352941,Convergent,Persona,Convergent,Library
1.3820295760874781,0.9721442402491121,0.09833848047847052,2.298128699695009,0.1992584391163434,0.22117111763675765,1.4552007943382974,none,none,939,175,user,0.2352941176470588,Convergent,Persona,Convergent,Library
1.7396371672877555,1.7592919825235303,0.23092860671753482,2.140048540839326,0.18414650997747847,0.7654910975738011,1.5897760924289825,none,open_what_if,940,175,assistant,0.2941176470588235,Convergent,Persona,Convergent,Library
0.43632435103803097,0.8390691051300209,0.41159281756810634,2.194086615192041,0.4161541291596158,0.05951298996949935,1.8099514912279577,none,none,955,175,user,0.3529411764705882,Convergent,Persona,Convergent,Library
1.03933921593901,1.5162341177878456,0.4553403007846366,2.116169625679283,0.1472275742205799,0.9039200857273044,0.8830377136220448,none,open_what_if,956,175,assistant,0.4117647058823529,Convergent,Persona,Convergent,Library
0.7770024919241589,0.771887761739641,0.0,2.141352043808273,0.4202063081325367,0.058334876798563945,1.7063514210308475,none,none,970,175,user,0.4705882352941176,Convergent,Persona,Convergent,Library
1.75114921010097,2.0943985784581076,0.3278739833634365,2.2363253940034515,0.29690081719316264,1.1643597878157124,1.4732530202639518,none,open_what_if,971,175,assistant,0.5294117647058824,Convergent,Persona,Convergent,Library
0.6885816218344823,0.8708369941557201,0.0,1.9523653834656944,0.6286017148504315,0.0,1.675657512084139,none,none,979,175,user,0.5882352941176471,Convergent,Persona,Convergent,Library
1.0431649668474274,1.4311364427524196,0.0,1.9375541442346982,0.4480582641646377,0.8417440173318204,1.7257989431408907,none,open_what_if,980,175,assistant,0.6470588235294118,Convergent,Persona,Convergent,Library
0.2980070254648953,0.6795135779554529,0.24100127557180034,2.0450945867741694,0.053680294300229886,0.030869332825409376,1.1907140593350232,none,none,995,175,user,0.7058823529411765,Convergent,Persona,Convergent,Library
0.8251665433913058,1.7077880623275516,0.0,2.04726676017912,0.5464118263461751,0.9731123870207076,1.5665274087700054,none,open_what_if,997,175,assistant,0.7647058823529411,Convergent,Persona,Convergent,Library
0.14012461105966456,0.5697121410233268,0.03950313649561573,2.294592667895301,0.48047864520543415,0.00031207321114333595,0.8485908872120284,none,none,1024,175,user,0.8235294117647058,Convergent,Persona,Convergent,Library
0.9903292323683562,1.8575014184845018,0.060152730293578094,2.053047484049099,0.31383554155856325,0.11095096496990112,1.482866167578158,none,open_what_if,1026,175,assistant,0.8823529411764706,Convergent,Persona,Convergent,Library
0.4389389294432366,0.15960368301416689,0.0,2.1320404441742666,0.31015810777899716,0.1596852094670628,1.5227307617814252,none,none,1039,175,user,0.9411764705882352,Convergent,Persona,Convergent,Library
1.382504676346688,1.2156178901360715,0.0,2.105458996250284,0.29802524235833483,0.35905091790316335,1.728567657342859,none,open_what_if,1040,175,assistant,1.0,Convergent,Persona,Convergent,Library
0.01865218883355573,0.0,0.0010127110821249315,1.0166032990601537,0.0002259198392978267,0.0,0.01399661955312207,none,none,909,176,user,0.0,Convergent,Persona,Convergent,Library
0.0,0.003892670705103831,0.0,0.9990955079944592,0.0,0.0,0.0,none,clarify,910,176,assistant,0.0769230769230769,Convergent,Persona,Convergent,Library
0.008715222563156034,0.9966724427189927,0.0,1.9869316469784641,0.0,0.002672053286864946,0.0,none,clarify,933,176,user,0.1538461538461538,Convergent,Persona,Convergent,Library
0.5444702169777516,1.1522347391606624,0.0,2.0860853657272727,0.022186161110209827,0.2031434428417474,0.5689070933076573,none,open_what_if,934,176,assistant,0.2307692307692307,Convergent,Persona,Convergent,Library
0.6708356350679779,1.1910539673776281,0.0008759404665884302,2.0114006636236765,0.15543270630655384,0.11593012256981364,1.4895559549982131,none,none,949,176,user,0.3076923076923077,Convergent,Persona,Convergent,Library
1.2939089361709242,1.8682992925067656,0.27032228612492626,2.0981219009715515,0.10308922309783086,0.32025107113817886,1.0092929196026117,none,open_what_if,950,176,assistant,0.3846153846153846,Convergent,Persona,Convergent,Library
0.3349024788484625,0.7573044365478013,0.0,2.007604716118371,0.4572569078228261,0.07878667326723668,1.4439867739559442,none,none,983,176,user,0.4615384615384615,Convergent,Persona,Convergent,Library
1.113143783794904,1.771376380876199,0.005973192195841871,2.1724004460077584,0.20009445223784386,0.2057628733098815,1.0733121468724216,none,open_what_if,985,176,assistant,0.5384615384615384,Convergent,Persona,Convergent,Library
0.7236982908938115,1.1160041655250224,0.0,2.222190665548623,0.17240233219847587,0.211088483588977,1.0564347772399834,none,none,1007,176,user,0.6153846153846154,Convergent,Persona,Convergent,Library
1.0284293956387178,1.567199272474624,0.1296329438215952,2.084415519607299,0.034312124374991294,0.20917364254193796,1.3731800896865507,none,open_what_if,1008,176,assistant,0.6923076923076923,Convergent,Persona,Convergent,Library
0.5407749884273888,0.4664558969697215,0.0,2.1457757963162027,0.5773023727095489,1.3041615252110867,1.6681042247748985,none,none,1035,176,user,0.7692307692307693,Convergent,Persona,Convergent,Library
1.7436141895278128,1.6273064381680244,0.01435639800506839,2.146075323766002,0.2768505974634726,0.2525675209572221,1.2850766600539962,none,open_what_if,1036,176,assistant,0.8461538461538461,Convergent,Persona,Convergent,Library
0.7688476740160756,0.7191774756697646,0.5873498156295828,1.9395295286400138,0.29870566762425926,0.005434938925047787,1.0991082285378277,none,none,1052,176,user,0.9230769230769232,Convergent,Persona,Convergent,Library
0.9329733851918367,1.2361578212571425,0.0,2.1152636654903123,0.5793537898036402,0.05396669964303446,0.7890612718650015,none,open_what_if,1054,176,assistant,1.0,Convergent,Persona,Convergent,Library
0.01865218883355573,0.0,0.0010127110821249315,1.0166032990601537,0.0002259198392978267,0.0,0.01399661955312207,none,none,1069,180,user,0.0,GPT,GPT,GPT,Library
0.0,0.003892670705103831,0.0,0.9990955079944592,0.0,0.0,0.0,none,clarify,1070,180,assistant,0.0666666666666666,GPT,GPT,GPT,Library
0.008715222563156034,0.9966724427189927,0.0,1.9869316469784641,0.0,0.002672053286864946,0.0,none,clarify,1081,180,user,0.1333333333333333,GPT,GPT,GPT,Library
0.338403518961901,1.381292662204524,0.0,2.5261393762619573,0.36923388471300994,0.030611035013695314,2.1024780175780955,none,none,1082,180,assistant,0.2,GPT,GPT,GPT,Library
0.17309862994040387,1.386614494231585,0.06807417321988193,2.0073031999226765,0.19995262124910915,0.025283205666380804,1.243206323779366,none,none,1092,180,user,0.2666666666666666,GPT,GPT,GPT,Library
0.4694146727130054,1.9993481893208924,0.4320652359975014,2.2957668786265293,0.47928444627286515,0.1455333761391263,1.6042078265086865,none,none,1094,180,assistant,0.3333333333333333,GPT,GPT,GPT,Library
0.5180115425912931,1.0877251781442185,0.6925908265642646,2.04494051705031,0.021144190606038744,0.040216047909738824,0.8778314628586359,none,open_what_if,1103,180,user,0.4,GPT,GPT,GPT,Library
0.4629627812735381,1.2463274411629763,0.0,2.273263549304768,0.9788202982448343,0.0,1.840190045466498,none,none,1104,180,assistant,0.4666666666666667,GPT,GPT,GPT,Library
0.2859404900061464,0.7833873102898723,0.0,1.9218302807471543,0.18303866050982973,0.009896805517976337,1.0298300556405764,none,none,1114,180,user,0.5333333333333333,GPT,GPT,GPT,Library
0.9155436055309732,1.1357880336230137,0.0,2.3082685077743625,1.0149744228488593,0.05863836953081142,1.5658716091453275,none,none,1115,180,assistant,0.6,GPT,GPT,GPT,Library
0.28589113660978605,0.7052679154290568,0.3828037792368763,1.881791718677271,0.6712095185281667,0.16455397394146185,1.1396112192603343,none,none,1126,180,user,0.6666666666666666,GPT,GPT,GPT,Library
0.5734090524928955,1.3648748283413306,0.00436085676955904,2.270483138844097,0.5460195433631865,0.05304908543141526,1.2464303535351615,none,none,1128,180,assistant,0.7333333333333333,GPT,GPT,GPT,Library
0.13496598482210453,0.06707117934272569,0.0,2.068139948470318,0.2539905723233509,0.0,0.5013114467903513,none,clarify,1135,180,user,0.8,GPT,GPT,GPT,Library
0.2977895753124854,1.650880598926553,0.04872262637688759,2.479416089264716,0.6301427375072016,0.11765707572509325,1.5897177302405945,none,none,1136,180,assistant,0.8666666666666667,GPT,GPT,GPT,Library
0.16494161094989876,0.2816768926187673,0.04433013300461115,2.208163395916899,0.09996248431654942,0.0,0.4354603560535699,none,none,1141,180,user,0.9333333333333332,GPT,GPT,GPT,Library
0.4086686329756762,1.6824632891445745,0.11516681324576841,2.406501896195606,0.3804842327799811,0.1022920965860744,1.1548146032617082,none,none,1142,180,assistant,1.0,GPT,GPT,GPT,Library
0.01865218883355573,0.0,0.0010127110821249315,1.0166032990601537,0.0002259198392978267,0.0,0.01399661955312207,none,none,1072,182,user,0.0,GPT,GPT,GPT,Library
0.0,0.003892670705103831,0.0,0.9990955079944592,0.0,0.0,0.0,none,clarify,1074,182,assistant,0.0769230769230769,GPT,GPT,GPT,Library
0.008715222563156034,0.9966724427189927,0.0,1.9869316469784641,0.0,0.002672053286864946,0.0,none,clarify,1085,182,user,0.1538461538461538,GPT,GPT,GPT,Library
0.31714242561750494,1.7190546884553615,0.007143689707785132,2.19436065687109,0.3436539456979374,0.015227926081363604,2.1104334876902455,none,none,1086,182,assistant,0.2307692307692307,GPT,GPT,GPT,Library
0.7243526521450999,0.6580013696966089,0.0015089910455597703,2.098479211960323,0.1912041406297502,0.0012548080573325086,1.0443254839530565,none,clarify,1099,182,user,0.3076923076923077,GPT,GPT,GPT,Library
0.07650522320322004,1.8024161424996041,0.5960530855418888,2.455324048531164,0.827450930424335,0.0770037840991535,1.5500139829064423,none,none,1100,182,assistant,0.3846153846153846,GPT,GPT,GPT,Library
0.5420009593326919,1.2236815673359893,0.004769563291996144,2.124137144012412,0.5163651763688868,0.3001788512928224,1.4975765197865325,none,clarify,1123,182,user,0.4615384615384615,GPT,GPT,GPT,Library
0.5492251778192936,1.0985153528787717,0.3649223811745172,2.3062139782629956,0.6676104192899022,0.39841705006278694,1.420029195088507,none,none,1124,182,assistant,0.5384615384615384,GPT,GPT,GPT,Library
0.05501900331020224,0.2857765544120206,0.0,1.419897830166101,0.2980779796192793,0.017272464669201786,0.860353600075179,none,clarify,1129,182,user,0.6153846153846154,GPT,GPT,GPT,Library
0.4921200065043102,1.5100405968467512,0.0,2.3988559805463145,0.9112517135335536,0.17840540961809642,2.4028492783446316,none,none,1131,182,assistant,0.6923076923076923,GPT,GPT,GPT,Library
0.053256453869652554,0.8117598188996381,0.0,1.1485154221889995,0.009867271560045006,0.05304384090469395,0.12547301589498186,none,clarify,1137,182,user,0.7692307692307693,GPT,GPT,GPT,Library
0.08000593113187598,1.7897248290796322,0.01773098771285588,2.4500153422813074,0.885671586482544,0.0,2.041256606853613,none,none,1138,182,assistant,0.8461538461538461,GPT,GPT,GPT,Library
0.204896994636035,0.01721401810964286,0.012930854721949929,1.0276101993312898,0.19428951047383033,0.0,0.5730317675555968,none,clarify,1145,182,user,0.9230769230769232,GPT,GPT,GPT,Library
0.6426827919045349,1.463518306997285,0.0,2.3286975652862134,0.7142595120785823,0.10184137980324443,2.1568621169511535,none,none,1146,182,assistant,1.0,GPT,GPT,GPT,Library
0.01865218883355573,0.0,0.0010127110821249315,1.0166032990601537,0.0002259198392978267,0.0,0.01399661955312207,none,none,1075,183,user,0.0,GPT,GPT,GPT,Library
0.0,0.003892670705103831,0.0,0.9990955079944592,0.0,0.0,0.0,none,clarify,1076,183,assistant,0.1111111111111111,GPT,GPT,GPT,Library
0.008715222563156034,0.9966724427189927,0.0,1.9869316469784641,0.0,0.002672053286864946,0.0,none,clarify,1087,183,user,0.2222222222222222,GPT,GPT,GPT,Library
0.7353678725779266,1.889354940533865,0.0,2.258018427196185,0.36651798567810256,0.07393767479750521,1.7949590091067695,none,none,1088,183,assistant,0.3333333333333333,GPT,GPT,GPT,Library
0.19129296459295372,0.5418651177383658,0.5796987505030847,2.0883250750731412,0.08176960371565893,0.0,0.7355672604493915,none,clarify,1097,183,user,0.4444444444444444,GPT,GPT,GPT,Library
0.8102484816953385,1.6433333684221247,0.0,2.402813367022081,0.5563217947642071,0.0895711141350749,1.8278311385048316,none,none,1098,183,assistant,0.5555555555555556,GPT,GPT,GPT,Library
0.4143808509131679,0.565466439663231,0.0,1.4644813999572674,0.5891201566119859,0.16156542286784564,1.0658805977347203,none,none,1109,183,user,0.6666666666666666,GPT,GPT,GPT,Library
1.1994153650987034,1.3723305177483263,0.2472918026735726,2.492262471425836,1.0107642881726542,0.41536421528987566,1.8304553832455168,none,none,1110,183,assistant,0.7777777777777778,GPT,GPT,GPT,Library
0.37402877502278625,1.3885715548842525,0.21144440629386518,2.3003099830538423,0.045144732326319166,0.11893500577121507,0.8238194395410481,none,open_what_if,1117,183,user,0.8888888888888888,GPT,GPT,GPT,Library
0.22993661569337906,1.5531417418524638,0.0,2.453279394862466,0.4525535825359519,0.0,2.172595846541275,none,none,1118,183,assistant,1.0,GPT,GPT,GPT,Library
0.01865218883355573,0.0,0.0010127110821249315,1.0166032990601537,0.0002259198392978267,0.0,0.01399661955312207,none,none,1077,184,user,0.0,GPT,GPT,GPT,Library
0.0,0.10121064550591875,0.0,1.0291512241046563,0.06720552494724967,0.011607594286263645,0.0,none,clarify,1078,184,assistant,0.0526315789473684,GPT,GPT,GPT,Library
0.008715222563156034,0.9966724427189927,0.0,1.9869316469784641,0.0,0.002672053286864946,0.0,none,clarify,1083,184,user,0.1052631578947368,GPT,GPT,GPT,Library
0.34691321770624445,1.6538491279340608,0.06745225374920263,2.29801473066484,0.4409556446950074,0.345348927546828,2.1325311701407954,none,none,1084,184,assistant,0.1578947368421052,GPT,GPT,GPT,Library
0.2805916352629456,0.5225998819656889,0.27756748912489015,2.1076295047802764,0.012051107231343814,0.6368270112630698,0.9571230792683164,neutral,clarify,1091,184,user,0.2105263157894736,GPT,GPT,GPT,Library
0.0,1.7923818003464604,0.0,2.1355410662246754,0.510678725179692,0.0,1.157905953081553,none,none,1093,184,assistant,0.2631578947368421,GPT,GPT,GPT,Library
0.06991803794728994,0.6336263239701962,0.11263130535560593,1.82845553115354,0.0,0.10622108550407329,0.3770390208072365,none,clarify,1101,184,user,0.3157894736842105,GPT,GPT,GPT,Library
0.13971687938263327,1.922653088983298,0.14074176105557368,2.3614035950107577,0.41552066665699516,0.1953930115722208,1.0998890793503904,none,none,1102,184,assistant,0.3684210526315789,GPT,GPT,GPT,Library
0.337213587863305,0.7230733033042902,0.08036768473391971,1.9279248703062148,0.1625420930073088,0.19921030713547191,0.8967437074197788,none,clarify,1107,184,user,0.4210526315789473,GPT,GPT,GPT,Library
0.4214336770529433,1.5742907202665106,0.0,2.2562984805108144,0.3867912875818839,0.0250906219023276,0.8928057739736258,none,none,1108,184,assistant,0.4736842105263157,GPT,GPT,GPT,Library
0.025957900617124403,0.2940803332902934,0.0711876095812968,1.9064411224620006,0.11856971000230791,0.051217148237829004,0.3165861304676624,none,clarify,1111,184,user,0.5263157894736842,GPT,GPT,GPT,Library
0.6007961416474282,1.510195549219276,0.2386932687376899,2.4468233271167787,0.9094208682590703,0.0,1.3211623730446795,none,none,1112,184,assistant,0.5789473684210527,GPT,GPT,GPT,Library
0.13464800002770644,1.0058336312170453,0.7485134668599169,2.2541651819179878,0.04311554235462389,0.008867104407407024,1.2872123312576262,none,clarify,1119,184,user,0.631578947368421,GPT,GPT,GPT,Library
0.3587321368515148,1.254495260330365,0.0,2.494297882667752,0.520299750809191,0.0,2.074845198597084,none,none,1122,184,assistant,0.6842105263157895,GPT,GPT,GPT,Library
0.0,0.827378747094976,0.08136354601135508,1.7694415947978581,0.05346157372330162,0.31799747837352765,0.5186143803882473,none,clarify,1125,184,user,0.7368421052631579,GPT,GPT,GPT,Library
0.1550576416954504,0.6127677057599935,0.007143689707785132,2.6130466967087504,0.6823703272106242,0.10337452951440446,0.8587131922463639,none,none,1127,184,assistant,0.7894736842105263,GPT,GPT,GPT,Library
0.130847252635608,0.7960127904743194,0.3500600179142288,1.999052388956689,0.03951681161437557,0.17974044826186056,0.3966293111749385,neutral,clarify,1133,184,user,0.8421052631578947,GPT,GPT,GPT,Library
0.19874364748030274,1.585114832039754,0.0,2.4511878980941346,0.6219946704214194,0.04299252314691525,1.4064077317128256,none,none,1134,184,assistant,0.8947368421052632,GPT,GPT,GPT,Library
0.22617122993566782,1.3419671701015832,0.6103898948715166,1.570309021199593,0.43691051880319126,0.32916890166736884,1.2478090286643668,none,clarify,1143,184,user,0.9473684210526316,GPT,GPT,GPT,Library
0.12068536015282445,1.6592507453064178,0.0,2.2217446363904316,0.5619342716287445,0.04746005033365197,1.0378922123128822,none,none,1144,184,assistant,1.0,GPT,GPT,GPT,Library
0.01865218883355573,0.0,0.0010127110821249315,1.0166032990601537,0.0002259198392978267,0.0,0.01399661955312207,none,none,1079,185,user,0.0,GPT,GPT,GPT,Library
0.0,0.003892670705103831,0.0,0.9990955079944592,0.0,0.0,0.0,none,clarify,1080,185,assistant,0.1111111111111111,GPT,GPT,GPT,Library
0.008715222563156034,0.9966724427189927,0.0,1.9869316469784641,0.0,0.002672053286864946,0.0,none,clarify,1089,185,user,0.2222222222222222,GPT,GPT,GPT,Library
0.4544224144391344,1.4880726377498517,0.0,2.372104866265465,0.3475944498114441,0.05182939026669939,1.6698954595188276,none,none,1090,185,assistant,0.3333333333333333,GPT,GPT,GPT,Library
0.4110848307523826,0.8194734204005829,0.6348502119186415,1.9945904819351499,0.03699334049404574,0.2899013911556856,0.6929310513373242,none,clarify,1095,185,user,0.4444444444444444,GPT,GPT,GPT,Library
0.5893488906738186,1.0649761239830933,0.0,2.449696587479138,0.5395572311195217,0.09458086213582993,1.8946903815641538,none,none,1096,185,assistant,0.5555555555555556,GPT,GPT,GPT,Library
0.3892049279477256,0.0,0.006599293921198114,2.0371741266842043,0.44349271785339484,0.0,0.6479582205024477,none,none,1105,185,user,0.6666666666666666,GPT,GPT,GPT,Library
0.4242404140691839,1.608747154858988,0.0,2.3222149046628537,0.9772673279834003,0.0605714576971591,2.416512298859896,none,none,1106,185,assistant,0.7777777777777778,GPT,GPT,GPT,Library
0.2841189693866296,0.8613834370449891,0.04791559787023392,1.910815819182872,0.8911586224294546,0.19234880507794264,1.0882689367204688,none,none,1113,185,user,0.8888888888888888,GPT,GPT,GPT,Library
0.12085363184119667,1.9171229464402837,0.0,2.8992760870400627,0.9178425806817049,0.02568877820686086,2.9304628763360188,none,none,1116,185,assistant,1.0,GPT,GPT,GPT,Library
0.01865218883355573,0.0,0.0010127110821249315,1.0166032990601537,0.0002259198392978267,0.0,0.01399661955312207,none,none,1147,187,user,0.0,Divergent,Persona,Divergent,Bicycle
0.0,0.003892670705103831,0.0,0.9990955079944592,0.0,0.0,0.0,none,clarify,1150,187,assistant,0.0909090909090909,Divergent,Persona,Divergent,Bicycle
0.03049838401600156,0.9893643612695656,0.0,1.9835241770621765,0.004235966895978697,0.0,0.006937027005586032,none,clarify,1161,187,user,0.1818181818181818,Divergent,Persona,Divergent,Bicycle
2.2839961590706315,1.415698309809288,0.0102985779168056,2.056386804465623,0.06328280355433835,0.6901506759239626,1.1195679764440707,none,open_what_if,1166,187,assistant,0.2727272727272727,Divergent,Persona,Divergent,Bicycle
0.413911332126006,0.31657863437097367,0.0,1.611926441411686,0.287392630906927,0.4922689850492965,0.49254138362679833,none,none,1175,187,user,0.3636363636363636,Divergent,Persona,Divergent,Bicycle
2.295662796177115,1.143049786219566,0.0005500488852006648,2.1603354286563374,0.23289500711307684,1.3284051546022388,1.5491933266084614,none,open_what_if,1176,187,assistant,0.4545454545454545,Divergent,Persona,Divergent,Bicycle
0.633828510294718,0.3485322069313887,0.024790225024222533,1.926935208504538,0.19330211432552902,0.05743194169297778,0.6732908554202724,none,none,1181,187,user,0.5454545454545454,Divergent,Persona,Divergent,Bicycle
2.0061970209214466,1.1543733787663406,0.0,2.3445892114280626,0.13612170286039046,1.5064159405847877,1.013710712848909,none,open_what_if,1182,187,assistant,0.6363636363636364,Divergent,Persona,Divergent,Bicycle
0.3556901353645779,0.27535168408450356,0.12383375974819048,1.8726188885140833,0.11279421150585243,0.19754081940033558,0.6029408094902217,none,none,1191,187,user,0.7272727272727273,Divergent,Persona,Divergent,Bicycle
2.027821424594256,1.1446158383673992,0.0,2.1272452807771067,0.024207133998877063,1.5190554189939198,1.7921578537627847,none,open_what_if,1192,187,assistant,0.8181818181818182,Divergent,Persona,Divergent,Bicycle
0.31232031441111346,0.015920490364380264,0.16701121069118202,1.9513719187984213,0.47664691695205036,0.08855050379296624,0.5437319554155535,none,none,1201,187,user,0.9090909090909092,Divergent,Persona,Divergent,Bicycle
1.9219418949965448,1.1874555405370928,0.0,2.011845736119232,0.06278177892828385,0.9676935400070352,1.522779080664867,none,open_what_if,1203,187,assistant,1.0,Divergent,Persona,Divergent,Bicycle
0.01865218883355573,0.0,0.0010127110821249315,1.0166032990601537,0.0002259198392978267,0.0,0.01399661955312207,none,none,1148,188,user,0.0,Divergent,Persona,Divergent,Bicycle
0.0,0.003892670705103831,0.0,0.9990955079944592,0.0,0.0,0.0,none,clarify,1151,188,assistant,0.1111111111111111,Divergent,Persona,Divergent,Bicycle
0.03049838401600156,0.9893643612695656,0.0,1.9835241770621765,0.004235966895978697,0.0,0.006937027005586032,none,clarify,1167,188,user,0.2222222222222222,Divergent,Persona,Divergent,Bicycle
1.2529520872669024,1.2169747445796182,0.0,2.0349162827400415,0.15063848426692256,0.12547769316256627,0.5834063266801613,none,open_what_if,1168,188,assistant,0.3333333333333333,Divergent,Persona,Divergent,Bicycle
1.81868049915113,0.5653319830379621,0.08295095300395246,1.8438863729948054,0.37688189380821724,0.5276233601439422,1.3353045868146012,none,open_what_if,1179,188,user,0.4444444444444444,Divergent,Persona,Divergent,Bicycle
2.133344277797428,1.359173612862496,0.050792921429305436,2.319672785483502,0.1439694082838861,1.1604390157849975,1.08692920238648,none,open_what_if,1180,188,assistant,0.5555555555555556,Divergent,Persona,Divergent,Bicycle
0.795887726176173,0.6977559043660977,0.008504100268286963,2.1340242803483207,0.14326533254841142,0.08774863574103092,1.4077209888063726,none,none,1195,188,user,0.6666666666666666,Divergent,Persona,Divergent,Bicycle
2.1778502060674847,1.2639727889291494,0.17071156186819111,1.8830962481745952,0.054151613428948156,0.9432592642125325,1.3493114486328515,none,open_what_if,1196,188,assistant,0.7777777777777778,Divergent,Persona,Divergent,Bicycle
1.1867817298590744,1.2605435437874801,0.003548111458739732,2.1563630923460724,0.5669628320649209,0.2096463950404241,1.3300445441990625,none,none,1210,188,user,0.8888888888888888,Divergent,Persona,Divergent,Bicycle
1.7893689134273467,1.2092588694222366,0.0,2.106174243145653,0.02791480561670756,0.7149878396406741,1.0758478131919753,none,open_what_if,1211,188,assistant,1.0,Divergent,Persona,Divergent,Bicycle
0.01865218883355573,0.0,0.0010127110821249315,1.0166032990601537,0.0002259198392978267,0.0,0.01399661955312207,none,none,1149,189,user,0.0,Divergent,Persona,Divergent,Bicycle
0.0,0.003892670705103831,0.0,0.9990955079944592,0.0,0.0,0.0,none,clarify,1152,189,assistant,0.0666666666666666,Divergent,Persona,Divergent,Bicycle
0.03049838401600156,0.9893643612695656,0.0,1.9835241770621765,0.004235966895978697,0.0,0.006937027005586032,none,clarify,1159,189,user,0.1333333333333333,Divergent,Persona,Divergent,Bicycle
1.5644817308538435,1.1014928636134356,0.0,1.9273333979219252,0.05203803063662527,0.7080203953868924,1.0129338094008988,none,open_what_if,1160,189,assistant,0.2,Divergent,Persona,Divergent,Bicycle
0.8706558011849695,0.9856082559526299,0.008957406589797837,2.0086172804709883,0.3396827443155619,0.44481006166344,1.3325495503649327,none,open_what_if,1171,189,user,0.2666666666666666,Divergent,Persona,Divergent,Bicycle
2.917484118225015,1.079266904923702,0.0,1.9559225633338164,0.0,1.9618679552338376,1.0297663134682822,none,open_what_if,1172,189,assistant,0.3333333333333333,Divergent,Persona,Divergent,Bicycle
0.7235716034951281,1.0441338724709732,0.0074000442954062036,1.8699406285366191,0.0,0.2143526510342896,0.9189921116719286,none,clarify,1183,189,user,0.4,Divergent,Persona,Divergent,Bicycle
1.978470494069752,1.411213186836928,0.01010141408446772,1.8555958597788547,0.0,1.0097882152188808,1.3601648027559285,none,open_what_if,1184,189,assistant,0.4666666666666667,Divergent,Persona,Divergent,Bicycle
0.30397360010925023,0.25426607216006253,0.013272842333799566,1.9514399033755057,0.21368828115116603,0.009153397598723783,1.4158521586749384,none,none,1189,189,user,0.5333333333333333,Divergent,Persona,Divergent,Bicycle
2.5736448487497756,1.092308028036605,0.13413920464307783,2.126912881469456,0.0741163528693993,0.9483508900143643,1.971305499104176,none,open_what_if,1190,189,assistant,0.6,Divergent,Persona,Divergent,Bicycle
1.001632138120617,0.9731504400987848,0.011090497410852513,1.9934594672353703,0.0,0.0,1.9657292538630347,none,clarify,1202,189,user,0.6666666666666666,Divergent,Persona,Divergent,Bicycle
2.0325320014605714,1.1561703674885626,0.0,2.090959831875505,0.10714058480210682,0.8065162422152382,1.9262983193524876,none,open_what_if,1204,189,assistant,0.7333333333333333,Divergent,Persona,Divergent,Bicycle
0.23244638745348387,0.3734613999094904,0.12497293808953731,1.331769133806492,0.3914319593111767,0.004373634779856953,0.4252096414170925,none,none,1205,189,user,0.8,Divergent,Persona,Divergent,Bicycle
1.5134756821153277,1.4781633140625012,0.0,2.0099046547908426,0.023476893497123758,0.6046614250505019,1.4059768237951398,none,open_what_if,1206,189,assistant,0.8666666666666667,Divergent,Persona,Divergent,Bicycle
0.6062227629830732,0.48976924155360974,0.03780495906961144,1.8602121449165046,0.0,0.0,1.274345914877673,none,none,1209,189,user,0.9333333333333332,Divergent,Persona,Divergent,Bicycle
1.401759291884766,1.8556448942099142,0.0,2.599906107465646,0.418738833975295,0.26882030037322807,1.9706923735790356,none,open_what_if,1212,189,assistant,1.0,Divergent,Persona,Divergent,Bicycle
0.01865218883355573,0.0,0.0010127110821249315,1.0166032990601537,0.0002259198392978267,0.0,0.01399661955312207,none,none,1153,190,user,0.0,Divergent,Persona,Divergent,Bicycle
0.0,0.003892670705103831,0.0,0.9990955079944592,0.0,0.0,0.0,none,clarify,1154,190,assistant,0.0769230769230769,Divergent,Persona,Divergent,Bicycle
0.03049838401600156,0.9893643612695656,0.0,1.9835241770621765,0.004235966895978697,0.0,0.006937027005586032,none,clarify,1163,190,user,0.1538461538461538,Divergent,Persona,Divergent,Bicycle
1.7288974909462675,1.4705712659325538,0.02750804743138907,2.2702359999814683,0.445335945357922,0.5908867845007986,1.0447959093818604,none,open_what_if,1165,190,assistant,0.2307692307692307,Divergent,Persona,Divergent,Bicycle
0.4624295598428109,1.0590393969262737,0.3287443708385466,1.8682472121365408,0.18977580972639865,0.20058652988962292,1.4845462664866569,none,open_what_if,1177,190,user,0.3076923076923077,Divergent,Persona,Divergent,Bicycle
1.3313366091049195,1.2030254306118005,0.5249654270874938,2.250816443694709,0.2670549570842385,1.408149051501721,1.0403947761787011,none,open_what_if,1178,190,assistant,0.3846153846153846,Divergent,Persona,Divergent,Bicycle
0.7310048266306309,0.9565442937308446,0.0,1.9429163900927444,0.12215581030932,0.42101769136484807,1.3716809882681114,none,open_what_if,1187,190,user,0.4615384615384615,Divergent,Persona,Divergent,Bicycle
1.6903752225319926,1.2382430298705658,0.3739727395981607,2.1437635100288657,0.3235236392853839,1.3608210624396135,1.4719933048354346,none,open_what_if,1188,190,assistant,0.5384615384615384,Divergent,Persona,Divergent,Bicycle
0.4824402200565948,1.1996866418964562,0.0,2.100969228672245,0.5620719357866053,0.28033292264535664,1.859440398651892,none,clarify,1199,190,user,0.6153846153846154,Divergent,Persona,Divergent,Bicycle
2.2056581815058807,1.2085602123769816,0.1407099173189954,2.1441612590749655,0.09510445206435382,1.0549189080188575,1.6048810834936216,none,open_what_if,1200,190,assistant,0.6923076923076923,Divergent,Persona,Divergent,Bicycle
0.746619215289679,0.7219812700381197,0.010746348426046222,1.9699566462258722,0.3814561078448636,0.016846826668350006,1.4065716957910066,none,clarify,1213,190,user,0.7692307692307693,Divergent,Persona,Divergent,Bicycle
1.6543742340452328,1.6047042352921854,0.0,2.163135565021035,0.12298891892764739,1.2524611898906493,1.627267009174474,none,open_what_if,1214,190,assistant,0.8461538461538461,Divergent,Persona,Divergent,Bicycle
1.805800347590485,0.9629347985894703,0.010746348426046222,2.0579115823332477,0.026765453072417865,0.0466407184562508,2.018355570400393,none,none,1217,190,user,0.9230769230769232,Divergent,Persona,Divergent,Bicycle
2.8670132914190334,1.081430128807925,0.0,2.0370320323322377,0.019174550876026198,1.9261530470983637,1.8479872119196923,none,open_what_if,1218,190,assistant,1.0,Divergent,Persona,Divergent,Bicycle
0.01865218883355573,0.0,0.0010127110821249315,1.0166032990601537,0.0002259198392978267,0.0,0.01399661955312207,none,none,1157,192,user,0.0,Divergent,Persona,Divergent,Bicycle
0.0,0.003892670705103831,0.0,0.9990955079944592,0.0,0.0,0.0,none,clarify,1158,192,assistant,0.0588235294117647,Divergent,Persona,Divergent,Bicycle
0.03049838401600156,0.9893643612695656,0.0,1.9835241770621765,0.004235966895978697,0.0,0.006937027005586032,none,clarify,1162,192,user,0.1176470588235294,Divergent,Persona,Divergent,Bicycle
1.6969471938997776,0.2782414332030503,0.0,1.783838530036143,0.14016132163741182,0.11842565246625977,0.4697938059031121,none,open_what_if,1164,192,assistant,0.1764705882352941,Divergent,Persona,Divergent,Bicycle
0.14858044003747678,0.05776079536108005,0.0,1.8000778623723088,0.11837402290334721,0.3462040121979471,0.30119597359957984,none,none,1169,192,user,0.2352941176470588,Divergent,Persona,Divergent,Bicycle
1.4836834194084279,1.5413316645488695,0.04421434235223104,2.184917448743064,0.10717564383477984,0.19198468513482791,1.7083268502114302,none,open_what_if,1170,192,assistant,0.2941176470588235,Divergent,Persona,Divergent,Bicycle
0.29143913773753577,0.2886216584821528,0.051610525018576256,1.0646758746513514,0.10791880607654461,0.08102112404353105,0.7940083848955448,none,clarify,1173,192,user,0.3529411764705882,Divergent,Persona,Divergent,Bicycle
2.885520569460475,0.15089861134879837,0.0,2.028174728058728,0.0,1.9647968920103598,1.8340597700689578,none,open_what_if,1174,192,assistant,0.4117647058823529,Divergent,Persona,Divergent,Bicycle
0.6990279227471198,0.5301243793051794,0.0,1.8468112546730748,0.4409538931265489,0.14540843313394655,1.1324609093100635,none,none,1185,192,user,0.4705882352941176,Divergent,Persona,Divergent,Bicycle
1.342978000621775,1.192323898817027,0.0,2.068061505967455,0.22726934170877816,0.35043476812192703,1.746233482273212,none,open_what_if,1186,192,assistant,0.5294117647058824,Divergent,Persona,Divergent,Bicycle
0.18531099960746794,0.25535406418865203,0.001565862192364796,1.8721553973916634,0.12547034089966963,0.2545188300900834,0.9097623263072324,none,clarify,1193,192,user,0.5882352941176471,Divergent,Persona,Divergent,Bicycle
1.7124425177096014,1.3027402571775843,0.0,2.2919227416527397,0.0,0.7280229854535657,1.5797533446515066,none,open_what_if,1194,192,assistant,0.6470588235294118,Divergent,Persona,Divergent,Bicycle
0.6720051875531485,0.0,0.0,1.431197563681049,0.047779426775751574,0.18681523830592467,0.13978629130977663,none,clarify,1197,192,user,0.7058823529411765,Divergent,Persona,Divergent,Bicycle
1.286171276371684,1.3403132531791222,0.0,2.036332519278008,0.06796229168248394,0.15196736381245063,1.1457507620674547,none,open_what_if,1198,192,assistant,0.7647058823529411,Divergent,Persona,Divergent,Bicycle
0.773668630608393,0.0922065488370732,0.018879369625123384,2.0078490378949514,0.2817856363366187,0.0,1.3187192509343428,none,none,1207,192,user,0.8235294117647058,Divergent,Persona,Divergent,Bicycle
0.5924233116536982,1.7958388700510648,0.005016395247316519,1.9603487456362985,0.09828108827251371,0.0949163599343447,1.7528518495637446,none,open_what_if,1208,192,assistant,0.8823529411764706,Divergent,Persona,Divergent,Bicycle
0.6539596466552987,0.4261204332315408,0.3395990923918777,1.7778004978940192,0.07147276669574161,0.3168594065996614,0.6814780680033555,none,clarify,1215,192,user,0.9411764705882352,Divergent,Persona,Divergent,Bicycle
0.6100030651258108,0.7566680205548978,0.10423224410367235,1.7851458616500444,0.0,0.07966733767808161,1.2010883183111156,none,open_what_if,1216,192,assistant,1.0,Divergent,Persona,Divergent,Bicycle
0.01865218883355573,0.0,0.0010127110821249315,1.0166032990601537,0.0002259198392978267,0.0,0.01399661955312207,none,none,1220,194,user,0.0,BoundedRational,Persona,bounded rationality,Bicycle
0.0,0.003892670705103831,0.0,0.9990955079944592,0.0,0.0,0.0,none,clarify,1224,194,assistant,0.0476190476190476,BoundedRational,Persona,bounded rationality,Bicycle
0.03049838401600156,0.9893643612695656,0.0,1.9835241770621765,0.004235966895978697,0.0,0.006937027005586032,none,clarify,1253,194,user,0.0952380952380952,BoundedRational,Persona,bounded rationality,Bicycle
1.933668553362504,1.5838228033467732,0.03524251839632471,1.9163345170808967,0.07703344154317773,0.33045242796308316,1.0439569133447801,none,open_what_if,1254,194,assistant,0.1428571428571428,BoundedRational,Persona,bounded rationality,Bicycle
0.04433888802869375,0.012910583426644917,0.0,1.9302669889753217,0.9195782579978555,0.0,0.9223190900214475,none,none,1265,194,user,0.1904761904761904,BoundedRational,Persona,bounded rationality,Bicycle
1.572424943076873,1.1267360287627626,0.0,2.080628402972312,0.3391056800321914,0.4665904873965081,1.360223197081954,none,open_what_if,1266,194,assistant,0.238095238095238,BoundedRational,Persona,bounded rationality,Bicycle
0.0,0.0,0.017440601346007542,1.0646242356932076,0.000742533027392927,0.0,0.005492502472453135,none,clarify,1268,194,user,0.2857142857142857,BoundedRational,Persona,bounded rationality,Bicycle
1.5478598288387417,1.0455681591911998,0.0,2.104273515101717,0.10081973764391007,0.5205060908107995,1.0846040529547172,none,open_what_if,1271,194,assistant,0.3333333333333333,BoundedRational,Persona,bounded rationality,Bicycle
0.13988026312437166,0.8429642487282079,0.0900208924400069,1.291047258388706,0.1622259494941302,0.0,0.7690165821290407,none,clarify,1281,194,user,0.3809523809523809,BoundedRational,Persona,bounded rationality,Bicycle
1.1357445664366603,1.8681872607923105,0.0,2.0128874542366395,0.9150818810329171,0.03206395522303111,1.0867975584139173,none,open_what_if,1283,194,assistant,0.4285714285714285,BoundedRational,Persona,bounded rationality,Bicycle
0.43971341022044214,0.6864325611033646,1.017310014129658,1.9269226355390727,0.07465928077599125,0.0,1.078966549851073,constructive,clarify,1295,194,user,0.4761904761904761,BoundedRational,Persona,bounded rationality,Bicycle
0.1325251924007305,2.0029533062027642,1.9040433992772585,2.0532266701385127,0.01660211269962266,0.0,0.17455923739880963,constructive,criteria_setting,1296,194,assistant,0.5238095238095238,BoundedRational,Persona,bounded rationality,Bicycle
0.5508755537869958,0.1448744421782804,0.06732772141990395,2.0691821178955,0.13389816044733122,0.018196099607308665,1.385880754747041,none,clarify,1305,194,user,0.5714285714285714,BoundedRational,Persona,bounded rationality,Bicycle
1.9493667140184248,1.0151614440452772,0.06354647450749477,1.9769955941965816,0.0,0.978943980098227,1.1602743230517363,none,open_what_if,1306,194,assistant,0.6190476190476191,BoundedRational,Persona,bounded rationality,Bicycle
0.1493500072254301,0.9358332178470781,0.9564266678776778,1.9747136621270163,0.06302418140971307,0.06829915463312948,1.8662689972950774,constructive,none,1325,194,user,0.6666666666666666,BoundedRational,Persona,bounded rationality,Bicycle
0.9528809266572905,1.9955806333164956,0.04218921997237766,2.064697865842099,0.9536445028101512,0.0065444306534312695,2.8952879210114237,none,none,1327,194,assistant,0.7142857142857143,BoundedRational,Persona,bounded rationality,Bicycle
0.007224624729415589,0.10008243990632348,0.0,1.0861196115118552,0.06920722161759464,0.0,0.0619768948005637,none,clarify,1335,194,user,0.7619047619047619,BoundedRational,Persona,bounded rationality,Bicycle
0.8931594037913637,1.2034944752068697,0.0,2.1432089441987294,0.3945503798193152,0.09833661590906209,1.9265409513937874,none,open_what_if,1336,194,assistant,0.8095238095238095,BoundedRational,Persona,bounded rationality,Bicycle
0.5585296144965891,0.9350730014070985,0.016113577973592474,1.8976107749828406,0.1875752240750371,0.0,1.3120665721927083,none,criteria_setting,1350,194,user,0.8571428571428571,BoundedRational,Persona,bounded rationality,Bicycle
0.7681144075403046,1.8158002105503,0.010941740176697634,2.4029340101876637,0.14592156695547948,0.2063638435530438,1.958256099571303,none,open_what_if,1352,194,assistant,0.9047619047619048,BoundedRational,Persona,bounded rationality,Bicycle
0.0,0.9137587563465085,0.0007836340004798879,1.9542013390596082,0.0,0.0013987969093354426,0.06946996219402181,none,clarify,1359,194,user,0.9523809523809524,BoundedRational,Persona,bounded rationality,Bicycle
1.1951182982107629,1.53264028521268,0.0,2.0809040404428365,0.27689871934925653,0.15276527844922813,1.2582413297117865,none,open_what_if,1360,194,assistant,1.0,BoundedRational,Persona,bounded rationality,Bicycle
0.01865218883355573,0.0,0.0010127110821249315,1.0166032990601537,0.0002259198392978267,0.0,0.01399661955312207,none,none,1221,195,user,0.0,BoundedRational,Persona,bounded rationality,Bicycle
0.0,0.10121064550591875,0.0,1.0291512241046563,0.06720552494724967,0.011607594286263645,0.0,none,clarify,1223,195,assistant,0.0769230769230769,BoundedRational,Persona,bounded rationality,Bicycle
0.03049838401600156,0.9893643612695656,0.0,1.9835241770621765,0.004235966895978697,0.0,0.006937027005586032,none,clarify,1243,195,user,0.1538461538461538,BoundedRational,Persona,bounded rationality,Bicycle
1.0588435418571385,1.964785884073869,0.0,2.0388889760877653,0.9144347892067489,0.03709788689650185,1.0181629799595286,none,open_what_if,1244,195,assistant,0.2307692307692307,BoundedRational,Persona,bounded rationality,Bicycle
0.471300528237838,0.3804762188874101,0.0,1.9042685998553877,0.042568945697299666,0.024295652749250714,1.135204161806457,none,clarify,1273,195,user,0.3076923076923077,BoundedRational,Persona,bounded rationality,Bicycle
1.858806624499867,1.628656173016094,0.0,1.9317951043644472,0.1299511629320637,0.3122706264194012,1.729097134224423,none,open_what_if,1274,195,assistant,0.3846153846153846,BoundedRational,Persona,bounded rationality,Bicycle
0.7546535630614901,1.0469052552925437,0.031211808357204007,2.1071342274449183,0.4703451989960292,0.0,1.9371681650670192,none,none,1317,195,user,0.4615384615384615,BoundedRational,Persona,bounded rationality,Bicycle
1.5584415961936944,1.252196899781581,0.0002362901634970797,1.8259920920460142,0.2723288717896922,0.8152830007335993,1.3518130177471621,none,open_what_if,1318,195,assistant,0.5384615384615384,BoundedRational,Persona,bounded rationality,Bicycle
0.4456905367986098,0.16437210199808064,0.1284909621733795,1.8502712129039232,0.4125158694558064,0.16239691269970527,1.3188269731167186,none,none,1337,195,user,0.6153846153846154,BoundedRational,Persona,bounded rationality,Bicycle
2.1558282939662874,1.148281829923667,0.0,1.810249184591557,0.2686921120775443,1.1503179838665312,1.4211080673541594,none,open_what_if,1338,195,assistant,0.6923076923076923,BoundedRational,Persona,bounded rationality,Bicycle
0.1638699378215232,0.061665362566764935,0.057263083131765515,1.9777776716143298,0.040908464004961745,0.027779430103352713,1.144923846549345,none,none,1363,195,user,0.7692307692307693,BoundedRational,Persona,bounded rationality,Bicycle
1.5496351369317714,1.1292301634326882,0.0,1.898780831294387,0.2243523530313474,0.6073825519277557,1.5729960122177524,none,open_what_if,1365,195,assistant,0.8461538461538461,BoundedRational,Persona,bounded rationality,Bicycle
0.4081387351685164,0.26105729025819674,0.06644681351789435,2.226730476325388,0.24319250784454394,0.042689185950342795,2.0000564647927104,none,none,1378,195,user,0.9230769230769232,BoundedRational,Persona,bounded rationality,Bicycle
1.2789908347410537,1.565648561559324,0.052249679330144246,2.0210115790407706,0.06620723956576588,0.5085913270388565,1.5964388661327027,none,open_what_if,1381,195,assistant,1.0,BoundedRational,Persona,bounded rationality,Bicycle
0.01865218883355573,0.0,0.0010127110821249315,1.0166032990601537,0.0002259198392978267,0.0,0.01399661955312207,none,none,1225,196,user,0.0,BoundedRational,Persona,bounded rationality,Bicycle
0.0,0.2089447837591961,0.08162193576794667,0.9827920699740001,0.10724982899195973,0.0,0.0,none,clarify,1227,196,assistant,0.0909090909090909,BoundedRational,Persona,bounded rationality,Bicycle
0.03049838401600156,0.9893643612695656,0.0,1.9835241770621765,0.004235966895978697,0.0,0.006937027005586032,none,clarify,1250,196,user,0.1818181818181818,BoundedRational,Persona,bounded rationality,Bicycle
1.4890254384317403,1.6013897063089364,0.0,2.0013304589663377,0.03483220406053153,0.24463065402954393,0.863604386166169,none,open_what_if,1251,196,assistant,0.2727272727272727,BoundedRational,Persona,bounded rationality,Bicycle
0.38764633991544245,0.5381045049876859,0.006340604908869039,1.9950969714408455,0.0,0.02087848845049567,0.6394121286411445,none,criteria_setting,1277,196,user,0.3636363636363636,BoundedRational,Persona,bounded rationality,Bicycle
1.9133386636476477,1.2481302322293009,0.038288997422849934,2.0743912733864964,0.2616716595997328,0.6176003383413976,0.9592850029531399,none,open_what_if,1278,196,assistant,0.4545454545454545,BoundedRational,Persona,bounded rationality,Bicycle
1.8953517134376665,0.1631754278403929,0.010252370318030982,1.0874024410283671,0.033476906240810574,0.9360200421616746,0.8453369218842175,none,open_what_if,1309,196,user,0.5454545454545454,BoundedRational,Persona,bounded rationality,Bicycle
2.337230991057436,1.5948953034456004,0.3027715717419341,1.8974825255433958,0.09862430867387252,0.771726245442652,1.2133652215050832,none,open_what_if,1310,196,assistant,0.6363636363636364,BoundedRational,Persona,bounded rationality,Bicycle
0.31243639177346383,0.45934843389726293,0.07319106478024885,1.5054773996885582,0.0,0.05498338874793798,0.5194245156960722,none,open_what_if,1323,196,user,0.7272727272727273,BoundedRational,Persona,bounded rationality,Bicycle
1.9521595941908805,1.8685512986934374,0.0025536514418559968,2.066214089739326,0.08324419670202864,1.022847420762181,1.021595587834656,none,open_what_if,1324,196,assistant,0.8181818181818182,BoundedRational,Persona,bounded rationality,Bicycle
0.9738624237294236,1.7775094788384884,0.0,1.9812605399882022,0.8922830051891082,0.022352078996398562,1.904960761941681,none,none,1349,196,user,0.9090909090909092,BoundedRational,Persona,bounded rationality,Bicycle
1.769794068561716,1.570367310209469,0.0,2.4150493390310546,0.09629457165460138,0.8155397209248518,1.2690910509163469,none,open_what_if,1351,196,assistant,1.0,BoundedRational,Persona,bounded rationality,Bicycle
0.01865218883355573,0.0,0.0010127110821249315,1.0166032990601537,0.0002259198392978267,0.0,0.01399661955312207,none,none,1231,199,user,0.0,BoundedRational,Persona,bounded rationality,Bicycle
0.0,0.003892670705103831,0.0,0.9990955079944592,0.0,0.0,0.0,none,clarify,1232,199,assistant,0.0476190476190476,BoundedRational,Persona,bounded rationality,Bicycle
0.03049838401600156,0.9893643612695656,0.0,1.9835241770621765,0.004235966895978697,0.0,0.006937027005586032,none,clarify,1241,199,user,0.0952380952380952,BoundedRational,Persona,bounded rationality,Bicycle
1.0907519641970882,1.9071065924502275,0.03437369441290898,1.9886433875123888,0.9626477252527154,0.007088371535850583,1.0680215469484866,none,open_what_if,1242,199,assistant,0.1428571428571428,BoundedRational,Persona,bounded rationality,Bicycle
0.5953740931835,0.07821117527395222,0.17211565312560528,1.9158626062546662,0.0,0.14077115239938634,0.7820500209544506,none,none,1263,199,user,0.1904761904761904,BoundedRational,Persona,bounded rationality,Bicycle
0.4664067357593692,0.6849248563077822,0.6626301251374968,1.954069779656996,0.11960066410992876,0.25918466042721744,0.562125421357993,none,open_what_if,1264,199,assistant,0.238095238095238,BoundedRational,Persona,bounded rationality,Bicycle
0.6519293882646012,0.3911309684008149,0.4900319353402257,1.6267937104965373,0.0,0.0,0.503119639356155,neutral,clarify,1275,199,user,0.2857142857142857,BoundedRational,Persona,bounded rationality,Bicycle
2.0140284507685404,1.030097875662318,0.050943739974824064,2.016748771348809,0.006760537002892413,0.04792190178619592,0.9390575414688402,none,open_what_if,1276,199,assistant,0.3333333333333333,BoundedRational,Persona,bounded rationality,Bicycle
1.8115206562013628,0.06570970683371653,0.004188583235661745,2.0747068767459664,0.040566586883673886,0.0033905947525118925,1.8595940283268253,none,none,1297,199,user,0.3809523809523809,BoundedRational,Persona,bounded rationality,Bicycle
1.3152689381828029,1.727193223635933,1.1632946930449024,2.195202807025267,0.09312338904071751,0.0,1.7805205712819339,constructive,open_what_if,1298,199,assistant,0.4285714285714285,BoundedRational,Persona,bounded rationality,Bicycle
0.005106218903649524,0.15343538710267102,0.004851142156519713,2.0123576722107455,0.01110512294163199,0.0,1.829484346564899,none,none,1307,199,user,0.4761904761904761,BoundedRational,Persona,bounded rationality,Bicycle
0.9099898848842728,1.587135048229464,0.0,2.0930354706014858,0.5533712686250828,0.013688580513670025,0.8381334502602094,none,open_what_if,1308,199,assistant,0.5238095238095238,BoundedRational,Persona,bounded rationality,Bicycle
1.0577883766472143,1.1560531898781436,0.029438830010607583,2.1380050849264607,0.37624709441410825,0.03354820026462823,1.1869884427696689,none,none,1326,199,user,0.5714285714285714,BoundedRational,Persona,bounded rationality,Bicycle
0.33981892918499446,1.5812604171102447,0.0,2.0688733404446866,0.32070609744859446,0.03371714956574087,1.5614032253998626,none,open_what_if,1328,199,assistant,0.6190476190476191,BoundedRational,Persona,bounded rationality,Bicycle
0.8613480243163695,0.02253636297816709,0.0533673586423074,1.989379450477416,0.07662683274408416,0.0,1.878793397054893,none,none,1339,199,user,0.6666666666666666,BoundedRational,Persona,bounded rationality,Bicycle
0.6410887391363266,1.7822869025610228,0.016904073183178527,2.2325609388190806,0.09596432960185446,0.04343937715159188,1.068205593897477,none,open_what_if,1340,199,assistant,0.7142857142857143,BoundedRational,Persona,bounded rationality,Bicycle
0.814625690154362,0.8740114197733051,0.002445938481301394,1.9402510842334626,0.9475190020220274,0.0,0.048342246104620845,none,none,1353,199,user,0.7619047619047619,BoundedRational,Persona,bounded rationality,Bicycle
1.7390351851191428,1.2056815577683895,0.17653984414923396,2.026112357887849,0.04507851272542486,0.36650774522972746,1.6044227391395196,none,open_what_if,1354,199,assistant,0.8095238095238095,BoundedRational,Persona,bounded rationality,Bicycle
0.8315634735887711,0.925229130800779,0.0,1.9690557798913972,0.925293356734194,0.0,1.8856337041707933,none,none,1362,199,user,0.8571428571428571,BoundedRational,Persona,bounded rationality,Bicycle
0.39744401751355046,1.316567242277709,0.2374895597891025,2.3568846572179747,0.3239348631390121,0.04929311900061364,1.4003159520088464,none,open_what_if,1366,199,assistant,0.9047619047619048,BoundedRational,Persona,bounded rationality,Bicycle
0.21537296141096682,0.025408352334718116,0.26627667250021103,1.8626245044079965,0.570533242441837,0.0,0.34596121636587707,none,none,1373,199,user,0.9523809523809524,BoundedRational,Persona,bounded rationality,Bicycle
0.8073399385069064,1.8744263409428286,0.9013898081111783,1.9876659904715583,0.055909698632359,0.0,1.0359834247088886,constructive,open_what_if,1374,199,assistant,1.0,BoundedRational,Persona,bounded rationality,Bicycle
0.01865218883355573,0.0,0.0010127110821249315,1.0166032990601537,0.0002259198392978267,0.0,0.01399661955312207,none,none,1233,200,user,0.0,BoundedRational,Persona,bounded rationality,Bicycle
0.0,0.06714534328817741,0.0,1.4718325393494291,0.0,0.007039672039653966,0.0,none,clarify,1234,200,assistant,0.0476190476190476,BoundedRational,Persona,bounded rationality,Bicycle
0.03049838401600156,0.9893643612695656,0.0,1.9835241770621765,0.004235966895978697,0.0,0.006937027005586032,none,clarify,1256,200,user,0.0952380952380952,BoundedRational,Persona,bounded rationality,Bicycle
1.766755330397839,1.1612044036478746,0.0,1.9966594015465258,0.9182898938623562,0.0,0.9934675931244418,none,open_what_if,1258,200,assistant,0.1428571428571428,BoundedRational,Persona,bounded rationality,Bicycle
0.07937571578598007,0.0662524288091953,0.0,1.0456735665209664,0.08901112243302187,0.0,0.145981617205652,none,clarify,1261,200,user,0.1904761904761904,BoundedRational,Persona,bounded rationality,Bicycle
1.1488353827331481,1.12123221529071,0.0025536514418559968,2.0158370588071595,0.08658563754195812,0.053104698859974576,1.0458578072485443,none,open_what_if,1262,200,assistant,0.238095238095238,BoundedRational,Persona,bounded rationality,Bicycle
0.698708997380518,0.3185460324982149,0.0,1.9473538283925331,0.13333664208283372,0.0,0.5663580032449962,none,clarify,1282,200,user,0.2857142857142857,BoundedRational,Persona,bounded rationality,Bicycle
1.1007001144916901,1.9470371570905254,0.03437369441290898,2.0477110669407685,0.012103551878042457,0.02983662231469421,1.0150952052490414,none,open_what_if,1284,200,assistant,0.3333333333333333,BoundedRational,Persona,bounded rationality,Bicycle
0.9214511389605213,0.18004788522991186,0.06940185945040302,2.0995840616306043,0.5249233121425441,0.47069723681856596,1.3885098740057706,none,none,1288,200,user,0.3809523809523809,BoundedRational,Persona,bounded rationality,Bicycle
1.4218355706543153,1.632468082937335,0.08868747899369671,2.0637475992190506,0.30507888381063974,0.6014361999823921,1.1285704077551757,none,open_what_if,1290,200,assistant,0.4285714285714285,BoundedRational,Persona,bounded rationality,Bicycle
0.2828681673719143,0.34699465762911413,0.07092342736446008,2.2314095620086403,0.30946677857072,0.08959307604626435,0.6326308070640937,none,none,1301,200,user,0.4761904761904761,BoundedRational,Persona,bounded rationality,Bicycle
1.9525463927149094,1.1499191887400115,0.03620342504211095,2.048806637173887,0.020063523108222278,0.973123800664678,0.9271086537948948,none,open_what_if,1302,200,assistant,0.5238095238095238,BoundedRational,Persona,bounded rationality,Bicycle
0.15371147351118777,0.0,0.04728800728408262,1.0226937759414374,0.007938306662279923,0.004297503508732804,0.033591730133565915,none,clarify,1311,200,user,0.5714285714285714,BoundedRational,Persona,bounded rationality,Bicycle
2.0359727402678933,1.5406924296363633,0.0,1.9306371526389636,0.01779713739347176,0.7442739134936638,1.1016126350534827,none,open_what_if,1312,200,assistant,0.6190476190476191,BoundedRational,Persona,bounded rationality,Bicycle
0.4350719185098702,0.03791009390306668,0.0,1.617546155297953,0.440921206320089,0.03812464225687731,0.7757081790085515,none,none,1319,200,user,0.6666666666666666,BoundedRational,Persona,bounded rationality,Bicycle
0.8959780991551906,2.017311870303529,0.05951265168244858,2.0451510008965084,0.9652723840958489,0.0,1.8543408228567873,none,open_what_if,1320,200,assistant,0.7142857142857143,BoundedRational,Persona,bounded rationality,Bicycle
0.4182037674418399,1.1828463481278995,0.9482098871140565,2.0253367482223075,0.4511493281400401,0.0,1.3888119543075008,constructive,none,1329,200,user,0.7619047619047619,BoundedRational,Persona,bounded rationality,Bicycle
1.2303155966439123,1.074840530231386,0.048127719954321524,2.0187470565429857,0.07258161591428891,0.017041525503448732,1.9643426162180453,none,open_what_if,1331,200,assistant,0.8095238095238095,BoundedRational,Persona,bounded rationality,Bicycle
0.08469731024403895,0.18113841274670944,0.06354647450749477,1.992444883664175,0.03764902482962027,0.0,1.0795320230614267,none,none,1344,200,user,0.8571428571428571,BoundedRational,Persona,bounded rationality,Bicycle
0.7500751451994282,1.4633398486866547,0.19336355511479303,2.242753312950553,0.0,0.07088372319475217,1.7681617566472763,none,open_what_if,1345,200,assistant,0.9047619047619048,BoundedRational,Persona,bounded rationality,Bicycle
0.6824126619369759,1.4586857966717979,0.0756322893006364,2.1341427018355645,0.03817869506292641,0.026245726295697634,1.6258025306348816,none,none,1361,200,user,0.9523809523809524,BoundedRational,Persona,bounded rationality,Bicycle
0.9935002374456364,1.4264291440564265,0.0011694971734548007,2.1125692254870825,0.07385427041260381,0.09055584452798746,1.3520006365688977,none,open_what_if,1364,200,assistant,1.0,BoundedRational,Persona,bounded rationality,Bicycle
0.01865218883355573,0.0,0.0010127110821249315,1.0166032990601537,0.0002259198392978267,0.0,0.01399661955312207,none,none,1235,201,user,0.0,BoundedRational,Persona,bounded rationality,Bicycle
0.0,0.003892670705103831,0.0,0.9990955079944592,0.0,0.0,0.0,none,clarify,1237,201,assistant,0.0434782608695652,BoundedRational,Persona,bounded rationality,Bicycle
0.03049838401600156,0.9893643612695656,0.0,1.9835241770621765,0.004235966895978697,0.0,0.006937027005586032,none,clarify,1247,201,user,0.0869565217391304,BoundedRational,Persona,bounded rationality,Bicycle
1.8190519351341747,1.225428498669636,0.0,1.9452323425184703,0.13604945765909746,0.4251172322066224,1.538015563726515,none,open_what_if,1248,201,assistant,0.1304347826086956,BoundedRational,Persona,bounded rationality,Bicycle
0.18578711484663307,0.25695805828873547,0.0,1.9172226787435533,0.05085900068583219,0.0,0.3029943272718154,none,none,1259,201,user,0.1739130434782608,BoundedRational,Persona,bounded rationality,Bicycle
1.9977789047153653,1.0859643752455732,0.0,1.9731445220292472,0.019284897920236424,0.07352951483233565,1.0212127056919365,none,open_what_if,1260,201,assistant,0.217391304347826,BoundedRational,Persona,bounded rationality,Bicycle
0.9417386419566248,0.09334944455996837,0.0,1.9948480950434786,0.02564191090936789,0.0,1.833175373392147,none,none,1267,201,user,0.2608695652173913,BoundedRational,Persona,bounded rationality,Bicycle
2.073357621740745,1.056260744985821,0.2697333746112574,2.0248986359325793,0.06955822805175865,0.7921610249863518,0.914332596869743,none,open_what_if,1269,201,assistant,0.3043478260869565,BoundedRational,Persona,bounded rationality,Bicycle
0.6195065772779463,0.20777738848799912,0.005016395247316519,2.219109934213327,0.24564614171207144,0.5383202540741688,0.9878869219981873,none,none,1291,201,user,0.3478260869565217,BoundedRational,Persona,bounded rationality,Bicycle
1.030448939975222,1.880340864261106,0.011420150395258365,1.9662254132270043,0.0273624853786578,1.0022182783531957,1.098582710997758,none,open_what_if,1293,201,assistant,0.391304347826087,BoundedRational,Persona,bounded rationality,Bicycle
0.3077707380302821,0.5701790673665453,0.0,2.0124958419502588,0.09602820628678088,0.0,1.1286273508508975,none,none,1303,201,user,0.4347826086956521,BoundedRational,Persona,bounded rationality,Bicycle
1.8214991902494788,0.9057898226433191,0.0,1.884123685857602,0.01175432220722331,1.1434897205678172,1.3162090289538857,none,open_what_if,1304,201,assistant,0.4782608695652174,BoundedRational,Persona,bounded rationality,Bicycle
0.013388967045125636,0.05951887852458256,0.05726758119183509,1.984252709582419,0.0,0.007193134401054893,1.9110408693888872,none,none,1321,201,user,0.5217391304347826,BoundedRational,Persona,bounded rationality,Bicycle
1.8945031745202505,1.9617330516802594,0.0,2.0030224010748,0.12091682080598677,0.06339132866845676,1.191570228920181,none,open_what_if,1322,201,assistant,0.5652173913043478,BoundedRational,Persona,bounded rationality,Bicycle
0.3562674006627063,0.7319076949609671,0.0,2.2555267981159166,0.23371478272656215,0.0,1.5187663676572127,none,none,1343,201,user,0.6086956521739131,BoundedRational,Persona,bounded rationality,Bicycle
0.6856299703618088,1.7536023499794329,0.03731301031665046,2.089227257501585,0.5709008638992054,0.04287057702388242,1.9840223693934256,none,open_what_if,1346,201,assistant,0.6521739130434783,BoundedRational,Persona,bounded rationality,Bicycle
0.504243806801684,0.3007601933892823,0.0,1.9968504480207363,0.39907968052678056,0.001462951677603813,2.04826535091527,none,none,1367,201,user,0.6956521739130435,BoundedRational,Persona,bounded rationality,Bicycle
1.4176195907101965,1.1652865813833506,0.010822764539579085,2.3443221552788476,0.10136151739149317,0.06305345044220875,1.5871948103792708,none,open_what_if,1368,201,assistant,0.7391304347826086,BoundedRational,Persona,bounded rationality,Bicycle
0.09803430297385733,0.8485437776213303,0.0068229647436451515,2.9541207930865445,0.9428918017414291,0.049058212836001876,0.0,none,none,1371,201,user,0.782608695652174,BoundedRational,Persona,bounded rationality,Bicycle
1.9618352222920685,1.1019910100521106,0.0,2.035510091351032,0.08873098029253351,0.047069567864233976,2.0265641694013574,none,open_what_if,1372,201,assistant,0.8260869565217391,BoundedRational,Persona,bounded rationality,Bicycle
0.18749253479761654,0.013508822575005717,0.0,1.9910010302886332,0.5578521178301187,0.0,0.5949170404181121,none,none,1379,201,user,0.8695652173913043,BoundedRational,Persona,bounded rationality,Bicycle
0.9544883096308778,1.5540184280124092,0.0,2.087134334102694,0.09365958390718707,0.43204342815947505,1.3206837089929713,none,open_what_if,1382,201,assistant,0.9130434782608696,BoundedRational,Persona,bounded rationality,Bicycle
0.0665290476934632,0.31460817852587863,0.17283730680926412,1.8918698462974097,0.3191794335610629,0.0361845424630005,0.8781065717417222,none,none,1385,201,user,0.9565217391304348,BoundedRational,Persona,bounded rationality,Bicycle
1.4703104254081532,1.077167976427637,0.0,2.1586902181252823,0.2293866540442024,0.15076385639407786,1.6325233626123183,none,open_what_if,1386,201,assistant,1.0,BoundedRational,Persona,bounded rationality,Bicycle
0.01865218883355573,0.0,0.0010127110821249315,1.0166032990601537,0.0002259198392978267,0.0,0.01399661955312207,none,none,1236,202,user,0.0,BoundedRational,Persona,bounded rationality,Bicycle
0.0,0.003892670705103831,0.0,0.9990955079944592,0.0,0.0,0.0,none,clarify,1238,202,assistant,0.0769230769230769,BoundedRational,Persona,bounded rationality,Bicycle
0.03049838401600156,0.9893643612695656,0.0,1.9835241770621765,0.004235966895978697,0.0,0.006937027005586032,none,clarify,1255,202,user,0.1538461538461538,BoundedRational,Persona,bounded rationality,Bicycle
1.883150487506826,1.238953415539782,0.23565847968539472,1.9024288138258507,0.06829530232006914,0.04591402959195079,1.5709210949125032,none,open_what_if,1257,202,assistant,0.2307692307692307,BoundedRational,Persona,bounded rationality,Bicycle
0.8748829785047509,0.028302433531712565,0.0,2.0035453984800293,0.02206892794230147,0.0,1.8541104705205171,none,none,1279,202,user,0.3076923076923077,BoundedRational,Persona,bounded rationality,Bicycle
1.9471692052163079,1.1111006003965787,0.0,2.073311703522426,0.06324643870730395,0.017900989467811438,1.1054603412725743,none,open_what_if,1280,202,assistant,0.3846153846153846,BoundedRational,Persona,bounded rationality,Bicycle
0.698421187102011,1.1494676026245143,0.0074000442954062036,2.239621160082426,0.5247963762929203,0.023304809735999153,1.8534308380563866,none,none,1315,202,user,0.4615384615384615,BoundedRational,Persona,bounded rationality,Bicycle
1.747267746130649,1.5517664234994022,0.0,2.231885738132242,0.008237647391404788,0.2274070387554128,0.9389836589199393,none,open_what_if,1316,202,assistant,0.5384615384615384,BoundedRational,Persona,bounded rationality,Bicycle
1.2196680587489968,0.39861987109929486,0.012424115239988005,1.9562463426977132,0.16179139150039532,0.6111020714746429,1.2717008924825994,none,none,1330,202,user,0.6153846153846154,BoundedRational,Persona,bounded rationality,Bicycle
1.9586632864076843,1.095068774191021,0.0,2.012760011268556,0.061898920100046856,0.028015249567792926,1.9239794618139605,none,open_what_if,1333,202,assistant,0.6923076923076923,BoundedRational,Persona,bounded rationality,Bicycle
1.262111988091415,1.0865501573868663,0.0,2.2889428173314625,0.701109951107567,0.4626675365680564,2.2155627941345526,none,none,1369,202,user,0.7692307692307693,BoundedRational,Persona,bounded rationality,Bicycle
1.8278607032151184,1.0381508126117103,0.006846125876518489,2.0477734410407678,0.03730938014204494,0.029598704237243558,1.9580697970568142,none,open_what_if,1370,202,assistant,0.8461538461538461,BoundedRational,Persona,bounded rationality,Bicycle
0.03000333813222859,0.028498873057941538,0.0,1.9898253620699355,0.04355406626231865,0.0,1.9344039845375884,none,none,1383,202,user,0.9230769230769232,BoundedRational,Persona,bounded rationality,Bicycle
1.130036406697982,1.049108033818995,0.005016395247316519,2.0230062262396475,0.050078891949061365,0.058030024559640285,1.896771599070218,none,open_what_if,1384,202,assistant,1.0,BoundedRational,Persona,bounded rationality,Bicycle
0.01865218883355573,0.0,0.0010127110821249315,1.0166032990601537,0.0002259198392978267,0.0,0.01399661955312207,none,none,1239,203,user,0.0,BoundedRational,Persona,bounded rationality,Bicycle
0.0,0.003892670705103831,0.0,0.9990955079944592,0.0,0.0,0.0,none,clarify,1240,203,assistant,0.0909090909090909,BoundedRational,Persona,bounded rationality,Bicycle
0.03049838401600156,0.9893643612695656,0.0,1.9835241770621765,0.004235966895978697,0.0,0.006937027005586032,none,clarify,1249,203,user,0.1818181818181818,BoundedRational,Persona,bounded rationality,Bicycle
1.7488588602224204,1.2788786768051774,0.0,1.8450412536320744,0.1131608891269348,0.6047715943007101,1.1701702058814951,none,open_what_if,1252,203,assistant,0.2727272727272727,BoundedRational,Persona,bounded rationality,Bicycle
1.8892704955509765,0.13749283949289468,0.0,1.088949011573372,0.0,0.975624697026129,0.9487274128370137,none,open_what_if,1292,203,user,0.3636363636363636,BoundedRational,Persona,bounded rationality,Bicycle
1.1984675604166612,1.857021505143477,0.0,1.9880344842753577,0.00044001304887488266,0.9675825137488264,0.9929546917196608,none,open_what_if,1294,203,assistant,0.4545454545454545,BoundedRational,Persona,bounded rationality,Bicycle
0.7280183098968519,1.0536640821988013,0.0,1.9176713870209068,0.049178188837520245,0.0,1.3025484141761043,none,open_what_if,1341,203,user,0.5454545454545454,BoundedRational,Persona,bounded rationality,Bicycle
1.0585571262690663,1.392452666360541,0.0,2.0569881019005196,0.3439291253325292,0.41732577836830975,0.9090391353299547,none,open_what_if,1342,203,assistant,0.6363636363636364,BoundedRational,Persona,bounded rationality,Bicycle
0.20408978466727237,0.6974943659510991,0.010924936620194312,2.054869662077293,0.40116046148001167,0.0,1.852830099603994,none,none,1355,203,user,0.7272727272727273,BoundedRational,Persona,bounded rationality,Bicycle
0.8764353506454818,1.1430815152988154,0.0,2.1474340969990418,0.06941645133917901,0.4447990785084168,1.2728339821791321,none,open_what_if,1356,203,assistant,0.8181818181818182,BoundedRational,Persona,bounded rationality,Bicycle
0.2624782142240411,0.5086403154514948,0.0025536514418559968,2.0470840235598002,0.2503089286753148,0.018582813746989366,1.7063249859520542,none,none,1377,203,user,0.9090909090909092,BoundedRational,Persona,bounded rationality,Bicycle
1.457949733062053,1.6175509780586774,0.0,2.0670212264160526,0.32281467969852123,0.4522148248321195,1.9613384033142207,none,open_what_if,1380,203,assistant,1.0,BoundedRational,Persona,bounded rationality,Bicycle
0.01865218883355573,0.0,0.0010127110821249315,1.0166032990601537,0.0002259198392978267,0.0,0.01399661955312207,none,none,1285,204,user,0.0,BoundedRational,Persona,bounded rationality,Bicycle
0.0,0.003892670705103831,0.0,0.9990955079944592,0.0,0.0,0.0,none,clarify,1286,204,assistant,0.0666666666666666,BoundedRational,Persona,bounded rationality,Bicycle
0.03049838401600156,0.9893643612695656,0.0,1.9835241770621765,0.004235966895978697,0.0,0.006937027005586032,none,clarify,1287,204,user,0.1333333333333333,BoundedRational,Persona,bounded rationality,Bicycle
0.9318990038393264,1.91435828371851,0.0,2.0315918831342046,0.7664287922263666,0.04547144731572136,1.3340780918546542,none,open_what_if,1289,204,assistant,0.2,BoundedRational,Persona,bounded rationality,Bicycle
0.9425815696028105,1.818061609773937,0.0,1.9782646864165314,0.9625791294262892,0.0,0.9901759014785139,none,open_what_if,1299,204,user,0.2666666666666666,BoundedRational,Persona,bounded rationality,Bicycle
1.7024014084604293,1.743870416526514,0.0,1.8213710522258613,0.23426184994591898,0.5354839019969467,1.3807006094124543,none,open_what_if,1300,204,assistant,0.3333333333333333,BoundedRational,Persona,bounded rationality,Bicycle
0.8831394883176173,0.010205278368097082,0.0,2.0120396508537097,0.05239303765285517,0.0,1.8891281252230256,none,none,1313,204,user,0.4,BoundedRational,Persona,bounded rationality,Bicycle
1.292102954613981,1.5392676387862774,0.0022614125433504614,2.2430796962793074,0.22413931280335042,0.9198366180028337,1.6322185464021932,none,open_what_if,1314,204,assistant,0.4666666666666667,BoundedRational,Persona,bounded rationality,Bicycle
0.8178905931598934,0.8273847381725239,0.02340965482967315,2.3209200534169443,0.2935542362178649,0.29763324264642704,1.6995663257904827,none,none,1332,204,user,0.5333333333333333,BoundedRational,Persona,bounded rationality,Bicycle
1.2019591096343472,1.2324211679818287,0.0029256217060105913,2.159971941278059,0.022552800897294185,0.611165412288885,1.5519514427254817,none,open_what_if,1334,204,assistant,0.6,BoundedRational,Persona,bounded rationality,Bicycle
0.8524021023597022,0.0,0.0,1.9740282886999931,0.03096605786730333,0.008355937725331861,1.8407697593875876,none,none,1347,204,user,0.6666666666666666,BoundedRational,Persona,bounded rationality,Bicycle
2.272024712082676,1.1097133811784583,0.0,2.0193388696596752,0.24494694740845804,1.2968388127355066,1.284365349324866,none,open_what_if,1348,204,assistant,0.7333333333333333,BoundedRational,Persona,bounded rationality,Bicycle
0.7260238481683864,0.2657680482975046,0.05262284892641534,1.7963456112255412,0.14312681532231547,0.00654775030801039,1.1659776403395752,none,none,1357,204,user,0.8,BoundedRational,Persona,bounded rationality,Bicycle
1.8820816246953957,1.0445805155340244,0.0025536514418559968,1.9449551578486088,0.027577455457416796,0.925925872788819,1.0746803864325813,none,open_what_if,1358,204,assistant,0.8666666666666667,BoundedRational,Persona,bounded rationality,Bicycle
0.9728905549929651,0.13738899015909262,0.0,2.006063166830577,0.04828161076092177,0.010039458833584978,2.072827387851795,none,none,1375,204,user,0.9333333333333332,BoundedRational,Persona,bounded rationality,Bicycle
1.8134857056570508,1.4600047582349247,0.0,2.029950453982308,0.18545449626642974,0.10895946979100114,1.392718459157902,none,open_what_if,1376,204,assistant,1.0,BoundedRational,Persona,bounded rationality,Bicycle
0.01865218883355573,0.0,0.0010127110821249315,1.0166032990601537,0.0002259198392978267,0.0,0.01399661955312207,none,none,1387,205,user,0.0,GPT,GPT,GPT,Library
0.0,0.003892670705103831,0.0,0.9990955079944592,0.0,0.0,0.0,none,clarify,1388,205,assistant,0.0588235294117647,GPT,GPT,GPT,Library
0.008715222563156034,0.9966724427189927,0.0,1.9869316469784641,0.0,0.002672053286864946,0.0,none,clarify,1408,205,user,0.1176470588235294,GPT,GPT,GPT,Library
0.4102934404250562,1.7262139017051696,0.0,2.3124244030379315,0.4898335468850769,0.02977470238356306,2.0268056034711575,none,none,1410,205,assistant,0.1764705882352941,GPT,GPT,GPT,Library
0.10699240061833153,1.1671774602943012,0.0015089910455597703,2.01802896926712,0.3282420877563327,0.013017605509059007,1.0193278965316157,none,none,1441,205,user,0.2352941176470588,GPT,GPT,GPT,Library
0.3837528057873537,1.4848616123385463,0.0,2.1234353758505873,0.8482278534438326,0.04754568154850442,1.6061410076570464,none,none,1445,205,assistant,0.2941176470588235,GPT,GPT,GPT,Library
0.3395717574581933,0.5183420470629208,0.13747182641744807,1.7481238772683865,0.3958390381064495,0.02962199289669928,0.47083542667862377,none,clarify,1471,205,user,0.3529411764705882,GPT,GPT,GPT,Library
0.057606116318378295,2.0871304961831862,0.028400871224706376,2.3233326311680793,0.7325411779744642,0.1061149871146406,1.214691588799457,none,none,1472,205,assistant,0.4117647058823529,GPT,GPT,GPT,Library
0.22389060904257022,0.3275672278580017,0.005839591920323391,1.94476917625547,0.3824778733149485,0.07758601907172108,0.8727733142723114,none,clarify,1487,205,user,0.4705882352941176,GPT,GPT,GPT,Library
0.37816928117555737,1.5925131798086205,0.011703145374571577,2.191478501754039,0.7113901770368465,0.008826439618171157,1.965436663057842,none,none,1488,205,assistant,0.5294117647058824,GPT,GPT,GPT,Library
0.1263924129636911,0.7554253766264066,0.2610989720700629,1.7091273433314544,0.5435170984829308,0.2410132580158044,1.1359232880743186,neutral,none,1509,205,user,0.5882352941176471,GPT,GPT,GPT,Library
0.1899785469642225,1.480996700928821,0.0,2.428724321320972,0.7618537762004799,0.0,1.8769945600475888,none,none,1510,205,assistant,0.6470588235294118,GPT,GPT,GPT,Library
0.060448082011166554,0.7754180838645776,0.013003850633650803,1.785331689268293,0.32703522454505113,0.0,0.8053770095058498,none,clarify,1531,205,user,0.7058823529411765,GPT,GPT,GPT,Library
0.26506044606379914,1.8871172870794994,0.6587407790732485,2.3002202630469397,0.6357765081829748,0.028483191611265703,1.4522864632903238,none,none,1532,205,assistant,0.7647058823529411,GPT,GPT,GPT,Library
0.0815955225628309,0.543918416807245,0.49300996016283444,2.1986541844580336,0.19662957757857574,0.052895954165094225,0.12142048963445078,none,clarify,1555,205,user,0.8235294117647058,GPT,GPT,GPT,Library
0.350219919554679,1.6850285720337408,0.5265403222032113,2.3030286028265152,0.655869302479694,0.06130826599336657,1.5852838392125828,none,none,1556,205,assistant,0.8823529411764706,GPT,GPT,GPT,Library
0.0,0.33726077543669863,0.0,1.756640193810195,0.505774076517946,0.03163857617178381,0.5468271947266535,none,none,1566,205,user,0.9411764705882352,GPT,GPT,GPT,Library
0.5303873743593112,1.5435808589759275,0.016247920109403294,2.345674463954423,0.5644028504859891,0.0440781411915584,1.2673191600384979,none,none,1568,205,assistant,1.0,GPT,GPT,GPT,Library
0.01865218883355573,0.0,0.0010127110821249315,1.0166032990601537,0.0002259198392978267,0.0,0.01399661955312207,none,none,1389,206,user,0.0,GPT,GPT,GPT,Library
0.0,0.003892670705103831,0.0,0.9990955079944592,0.0,0.0,0.0,none,clarify,1390,206,assistant,0.0588235294117647,GPT,GPT,GPT,Library
0.008715222563156034,0.9966724427189927,0.0,1.9869316469784641,0.0,0.002672053286864946,0.0,none,clarify,1423,206,user,0.1176470588235294,GPT,GPT,GPT,Library
0.8796430966599356,1.5062376450264607,0.0,2.3383761837408055,0.4170529625145002,0.14940747938840712,1.8759683718456965,none,none,1424,206,assistant,0.1764705882352941,GPT,GPT,GPT,Library
0.21947175267622163,0.04933559916283321,0.6438254725304117,1.6730061078397511,0.17988780562498122,0.07235192180788053,0.34531350025900964,none,none,1431,206,user,0.2352941176470588,GPT,GPT,GPT,Library
0.46952288384986246,1.2906426872124102,0.007143689707785132,2.3930991609001095,0.5474479101290649,0.03185909544331348,1.730015269302693,none,none,1432,206,assistant,0.2941176470588235,GPT,GPT,GPT,Library
0.22753581823837415,0.12132666773077005,0.018527110456705236,1.3908925882518153,0.028367521266863833,0.17680193424843318,0.027579988740494454,none,clarify,1442,206,user,0.3529411764705882,GPT,GPT,GPT,Library
0.5331568985606887,1.52360268501244,0.0,2.259129534252199,0.6289237106275827,0.2643310746012521,1.7708584071378481,none,none,1446,206,assistant,0.4117647058823529,GPT,GPT,GPT,Library
0.38159379790424036,0.5849852697988042,0.007143689707785132,1.8920417630361857,0.0603582056689973,0.020435703434191807,0.8368380195283293,none,none,1461,206,user,0.4705882352941176,GPT,GPT,GPT,Library
0.6069817770324384,1.8108975719532192,0.008973420336987102,2.4476265861922797,0.7779010330029603,0.04711657251642112,1.4509659906568264,none,none,1462,206,assistant,0.5294117647058824,GPT,GPT,GPT,Library
0.7769611105086104,0.998408244427203,0.008973420336987102,2.0634697827346216,0.38000436137660804,0.0,1.8316906026551967,none,none,1479,206,user,0.5882352941176471,GPT,GPT,GPT,Library
0.8944606186425352,1.6206329276468798,0.0,2.357140554810059,0.5410823728376009,0.6611536572680055,2.0588557869163226,none,none,1480,206,assistant,0.6470588235294118,GPT,GPT,GPT,Library
0.4454964014522451,0.40663478129528496,0.15034765527854785,1.9391442487534538,0.12305817587727166,0.051177589108678076,1.2592165472280794,none,clarify,1489,206,user,0.7058823529411765,GPT,GPT,GPT,Library
0.6310120594638531,1.7613238380286353,0.021032649670718457,2.4658769073535987,0.5430102181808146,0.23370274305550118,2.014466482252739,none,none,1490,206,assistant,0.7647058823529411,GPT,GPT,GPT,Library
0.8989747443132945,0.8496176286376945,0.10419939319310623,2.0796274616497157,0.43507289400447396,0.1661731541943607,0.9277209111411444,none,open_what_if,1507,206,user,0.8235294117647058,GPT,GPT,GPT,Library
0.5308479210813465,1.79855060564433,0.0,2.358110231302205,0.8835708077231327,0.23559246212523732,1.4797633254643134,none,none,1508,206,assistant,0.8823529411764706,GPT,GPT,GPT,Library
0.44179932933157867,0.07928560914181347,0.3988559623425115,1.9482112856169582,0.5146847805416421,0.0,0.9511368679149833,none,clarify,1517,206,user,0.9411764705882352,GPT,GPT,GPT,Library
0.7842034165089282,1.3231770079084892,0.006385979149412418,2.3126178542888387,0.6432999393437567,0.14290283400337192,1.9498342825190564,none,none,1519,206,assistant,1.0,GPT,GPT,GPT,Library
0.01865218883355573,0.0,0.0010127110821249315,1.0166032990601537,0.0002259198392978267,0.0,0.01399661955312207,none,none,1392,208,user,0.0,GPT,GPT,GPT,Library
0.0,0.10121064550591875,0.0,1.0291512241046563,0.06720552494724967,0.011607594286263645,0.0,none,clarify,1395,208,assistant,0.04,GPT,GPT,GPT,Library
0.008715222563156034,0.9966724427189927,0.0,1.9869316469784641,0.0,0.002672053286864946,0.0,none,clarify,1419,208,user,0.08,GPT,GPT,GPT,Library
0.40256827531492245,1.5447212698327173,0.0,2.370780970087426,0.4868842720976058,0.15270005690154073,1.9366619114733938,none,none,1422,208,assistant,0.12,GPT,GPT,GPT,Library
0.3082813454067979,0.3749843137602127,0.0,1.9211132792765915,0.1460235974700556,0.1004852536937541,0.8723528922104249,none,none,1425,208,user,0.16,GPT,GPT,GPT,Library
0.35912803072528954,1.6782020178101733,0.0,2.285815890512644,0.9761853842978517,0.45302709204474256,1.5468533708909284,none,none,1426,208,assistant,0.2,GPT,GPT,GPT,Library
1.0104665322253452,0.22335678037634857,0.3489176952993098,2.0085229986873396,0.30558140003604567,0.05217067950611713,0.7957331368718923,neutral,none,1437,208,user,0.24,GPT,GPT,GPT,Library
0.4620033771483792,1.4528799583596321,0.0,2.2311918013364007,0.5582301476433277,0.277652034861012,1.8926428537095694,none,none,1438,208,assistant,0.28,GPT,GPT,GPT,Library
0.6446283724685267,0.7457343117479222,0.0,2.042154707714157,0.3464154784338307,0.45287972802376947,1.386994603047698,none,none,1453,208,user,0.32,GPT,GPT,GPT,Library
0.42583767580476134,1.8102461607414468,0.19564175963214123,2.4569169053816053,0.7737117320022792,0.0,1.1280488762741365,none,none,1454,208,assistant,0.36,GPT,GPT,GPT,Library
0.04423581756985409,1.063738685520904,0.0034005131498946748,2.1050790512028437,0.15468363001983132,0.138171869149431,0.33227545551171517,none,none,1459,208,user,0.4,GPT,GPT,GPT,Library
0.9768989825813789,1.8720772474850924,0.02320268063666577,2.496394588571645,0.3860678230075105,0.08418560908150573,1.586697972485563,none,none,1460,208,assistant,0.44,GPT,GPT,GPT,Library
0.0,0.5728020852623881,0.0,2.1011323869322283,0.04536608076686127,0.0004025006378892992,0.688827380757439,none,none,1473,208,user,0.48,GPT,GPT,GPT,Library
0.5238664062681657,1.6556633765487723,0.009565177106548512,2.3613970411503824,0.48059058376888286,0.03378310678736511,1.1961059410398622,none,none,1474,208,assistant,0.52,GPT,GPT,GPT,Library
0.5320187629434924,0.4911038246128658,0.0,1.8090332039437245,0.1204693026634488,0.0753657091792683,1.2899551595011798,none,none,1492,208,user,0.56,GPT,GPT,GPT,Library
0.6255759615291698,1.4743478109158912,0.044606040085726315,2.071281736018902,0.600688910091331,0.04485561504828109,1.040977149106668,none,none,1494,208,assistant,0.6,GPT,GPT,GPT,Library
0.5175251284148733,0.5225119754278887,0.0019393693707956648,1.914570941037769,0.25312852007643255,0.28989055640359107,0.8823462070453635,none,clarify,1518,208,user,0.64,GPT,GPT,GPT,Library
0.49872096516227904,1.5112520099925235,0.0,2.337933552005623,0.7727490831369008,0.0,1.6317901678964633,none,none,1520,208,assistant,0.68,GPT,GPT,GPT,Library
1.1313507047571016,0.3544496664795818,0.00436085676955904,2.0876745207260443,0.09616387254546004,0.026468102767320936,0.2839664745127788,none,clarify,1537,208,user,0.72,GPT,GPT,GPT,Library
0.5533342197545221,1.2497099805039948,0.059025229904416124,2.132529737655331,0.7783121923759873,0.18451860993385996,1.5539057257338373,none,none,1538,208,assistant,0.76,GPT,GPT,GPT,Library
0.3189851741459928,0.6609831108383777,0.0,1.935782790380529,0.21522552328686761,0.0,1.0571923753079644,none,none,1553,208,user,0.8,GPT,GPT,GPT,Library
0.6517803896997169,1.7246247188695238,0.0,2.3433691041128317,0.9313667506556357,0.5980193217057784,1.5936972766897954,none,none,1554,208,assistant,0.84,GPT,GPT,GPT,Library
0.40005962712448456,0.9666886438039034,0.010723860527260097,2.267843129278843,0.2248059326170691,0.014620856461798048,0.7907680438706463,none,none,1569,208,user,0.88,GPT,GPT,GPT,Library
0.3599397212174944,1.842867081402221,0.048532154954564095,2.3038371346891537,0.6944064140622009,0.0,1.6103375394037915,none,none,1570,208,assistant,0.92,GPT,GPT,GPT,Library
0.30887321065735607,0.2025879028784242,0.02736627531491053,1.3069493069662226,0.011508471601930656,0.0,0.2514098724437132,none,clarify,1571,208,user,0.96,GPT,GPT,GPT,Library
0.4652310291901441,1.5284716507185263,0.0,2.435844162317314,0.4152045406818806,0.22022782085931944,2.481738286650684,none,none,1572,208,assistant,1.0,GPT,GPT,GPT,Library
0.01865218883355573,0.0,0.0010127110821249315,1.0166032990601537,0.0002259198392978267,0.0,0.01399661955312207,none,none,1394,209,user,0.0,GPT,GPT,GPT,Library
0.0,0.003892670705103831,0.0,0.9990955079944592,0.0,0.0,0.0,none,clarify,1398,209,assistant,0.0476190476190476,GPT,GPT,GPT,Library
0.008715222563156034,0.9966724427189927,0.0,1.9869316469784641,0.0,0.002672053286864946,0.0,none,clarify,1416,209,user,0.0952380952380952,GPT,GPT,GPT,Library
0.2717091325616529,1.625153170916548,0.003178197618647623,2.3094248701142237,0.4198141222521784,0.08626866682038543,1.811536609502002,none,none,1420,209,assistant,0.1428571428571428,GPT,GPT,GPT,Library
0.6137767577430641,0.5187452185490586,0.16865679370727138,1.9446763450961169,0.2895592404973657,0.07583958068723527,0.9988006588973813,none,none,1451,209,user,0.1904761904761904,GPT,GPT,GPT,Library
0.6551396279041024,1.7912820488217005,0.01865790590183403,2.2654188076652098,1.0765992133202802,0.2589765186613906,1.3369283232155293,none,none,1452,209,assistant,0.238095238095238,GPT,GPT,GPT,Library
0.06995626514337802,0.31825177649882513,0.0,1.441306723602256,0.11884976376869626,0.0,0.7074925316856245,none,clarify,1463,209,user,0.2857142857142857,GPT,GPT,GPT,Library
1.0555906739038527,1.7616835561381055,0.0,2.357384954285178,0.6799455917783588,0.11664262837609579,1.9666888642418243,none,none,1464,209,assistant,0.3333333333333333,GPT,GPT,GPT,Library
0.41104647362117547,0.6720820318579038,0.5330137405709453,2.0345160636553103,0.2241402215910723,0.3015103858552979,0.8485590676494732,none,none,1491,209,user,0.3809523809523809,GPT,GPT,GPT,Library
0.5054802607245366,1.75111005961658,0.0,2.5739871721093563,0.5040634890768021,0.04155865760705245,1.96081852243875,none,none,1493,209,assistant,0.4285714285714285,GPT,GPT,GPT,Library
0.108707328962653,0.3095546632030395,0.24602021872036586,1.4360873139188246,0.17826825905752638,0.024250237785002578,0.7035917080117555,none,clarify,1501,209,user,0.4761904761904761,GPT,GPT,GPT,Library
0.46730091496233556,1.7776705112578919,0.0,2.5366098109707567,0.5279097450969924,0.0,1.9500014838823203,none,none,1502,209,assistant,0.5238095238095238,GPT,GPT,GPT,Library
0.19838853194349645,0.07039527186026322,0.0,1.511208924194725,0.030819365713219155,0.4482458529083713,0.7899327429743187,none,clarify,1511,209,user,0.5714285714285714,GPT,GPT,GPT,Library
0.48624593461062104,1.605330642843265,0.0,2.337257280753139,0.9615786001568762,0.11019361691422011,1.8694481299726817,none,none,1512,209,assistant,0.6190476190476191,GPT,GPT,GPT,Library
0.3747529743316338,0.38501385547582684,0.0,1.8634601333197098,0.22003043395498875,0.6066410429581787,0.6461335883509016,none,clarify,1527,209,user,0.6666666666666666,GPT,GPT,GPT,Library
0.991059997385313,1.3182110236693885,0.0,2.5582142736037965,0.541417944123112,0.7580013088198084,1.3810396972004484,none,none,1528,209,assistant,0.7142857142857143,GPT,GPT,GPT,Library
0.1592976397684955,0.37520310087830994,0.005235339880449928,1.221321405006119,0.3480218850226383,0.012401516980517164,0.6409158660499948,none,clarify,1539,209,user,0.7619047619047619,GPT,GPT,GPT,Library
0.7468704187801829,1.4649687984152686,0.017087430816333352,2.2637742829795577,1.0489183366016095,0.0611172993326051,2.354075193328634,none,none,1540,209,assistant,0.8095238095238095,GPT,GPT,GPT,Library
0.10529042900315316,0.0628783003814249,0.02604906056870308,0.9811476638418666,0.19548592047544067,0.030638588597200804,0.12269696036597745,none,clarify,1542,209,user,0.8571428571428571,GPT,GPT,GPT,Library
0.6132740882799897,1.7284647882477036,0.0,2.1995361373297615,0.7556926539388016,0.04868578216128151,2.0776016491830425,none,none,1544,209,assistant,0.9047619047619048,GPT,GPT,GPT,Library
0.9734564095431516,0.13322142957814606,0.10956665565765394,1.282980533693946,0.12462671646238946,0.06755593967065206,0.47420324500009486,none,clarify,1559,209,user,0.9523809523809524,GPT,GPT,GPT,Library
0.9312428694738958,1.6433588114573021,0.0,2.296843146377268,0.6311440942200169,0.4043537448824975,2.076237002089961,none,none,1560,209,assistant,1.0,GPT,GPT,GPT,Library
0.01865218883355573,0.0,0.0010127110821249315,1.0166032990601537,0.0002259198392978267,0.0,0.01399661955312207,none,none,1396,210,user,0.0,GPT,GPT,GPT,Library
0.0,0.003892670705103831,0.0,0.9990955079944592,0.0,0.0,0.0,none,clarify,1401,210,assistant,0.04,GPT,GPT,GPT,Library
0.008715222563156034,0.9966724427189927,0.0,1.9869316469784641,0.0,0.002672053286864946,0.0,none,clarify,1415,210,user,0.08,GPT,GPT,GPT,Library
0.1647221736109185,0.6782242492618434,0.01369716488780968,2.2718429790872685,0.5006470933808693,0.008940092085937587,1.5660438980296854,none,none,1417,210,assistant,0.12,GPT,GPT,GPT,Library
0.3474792554978475,0.4600160984065696,0.1632306866683169,1.1612548289528635,0.0,0.06207602377308826,0.09989486647829172,none,clarify,1435,210,user,0.16,GPT,GPT,GPT,Library
0.5870516092354018,1.6215303498297648,0.019622509817190787,2.434396866638267,0.47457441090413904,0.07058464095166798,1.8250836106086306,none,none,1436,210,assistant,0.2,GPT,GPT,GPT,Library
0.5070126109019896,0.45646893595390076,0.003231960236605555,1.665888520254361,0.40272408841083795,0.0,0.3965214253451313,none,none,1449,210,user,0.24,GPT,GPT,GPT,Library
0.19630173746363358,1.4707682367000097,0.0,2.3709337689149166,0.8092861469939743,0.1055044947955365,1.653297911842194,none,none,1450,210,assistant,0.28,GPT,GPT,GPT,Library
0.08695158737938502,0.6250634027873521,0.004383382071057962,1.9818117004329707,0.3674293484362336,0.0,1.1655023317563153,none,none,1466,210,user,0.32,GPT,GPT,GPT,Library
0.7526921737801183,1.274615777658852,0.0,2.3596519531574947,0.8341548624495576,0.07852819467189669,2.0562642870780214,none,none,1468,210,assistant,0.36,GPT,GPT,GPT,Library
0.8127341775071044,0.4292260659150705,0.052812184198473354,1.3399560829715067,0.0,0.2486977222094197,0.9316822869280712,none,clarify,1475,210,user,0.4,GPT,GPT,GPT,Library
0.7088888220834074,0.49068856348914364,0.0,2.288755041295972,0.48745431503074715,0.3862712973892888,1.388131363172278,none,none,1476,210,assistant,0.44,GPT,GPT,GPT,Library
0.4360456666885394,0.3673027318131171,0.0533673586423074,2.0984869134259854,0.06638404460451293,0.0,1.0082738076363364,none,clarify,1495,210,user,0.48,GPT,GPT,GPT,Library
0.7763773612721928,1.592971804436832,0.5324416055160613,2.438623414975994,0.4518545038728705,0.12708844707260497,2.0187870232426377,constructive,none,1497,210,assistant,0.52,GPT,GPT,GPT,Library
0.3128314877183745,0.1492425519379427,0.14290355074240224,1.9257831105547722,0.05836418176409132,0.0,0.5250716107594758,none,clarify,1521,210,user,0.56,GPT,GPT,GPT,Library
0.13109642578921146,1.715676016701066,0.06496799754421384,2.1420981106713883,0.5300968622931501,0.126090653423876,1.636858406924181,none,none,1522,210,assistant,0.6,GPT,GPT,GPT,Library
0.22025556351891315,0.21790374589908082,0.008973420336987102,1.4531331730645196,0.42707080091292404,0.0172324129308867,0.26068113797770903,none,clarify,1533,210,user,0.64,GPT,GPT,GPT,Library
0.08398561757268876,1.3956430116982965,0.0,2.240558823697947,0.810613403398234,0.011077261077758848,1.7306480504610262,none,none,1534,210,assistant,0.68,GPT,GPT,GPT,Library
0.15380813896608864,0.5130396352852234,0.06586151033912577,1.5410007278802134,0.058205144566279204,0.17684304624489586,0.4644533669496307,none,clarify,1535,210,user,0.72,GPT,GPT,GPT,Library
0.5838455942773947,1.1664711943360162,0.0,2.414894089194122,0.6102264788706924,0.08956246237516127,2.229247290683938,none,none,1536,210,assistant,0.76,GPT,GPT,GPT,Library
0.2345390513314886,0.33604135761788206,0.1380268432778549,1.7359712000224554,0.2958359025102123,0.0,0.30399969207598926,none,none,1547,210,user,0.8,GPT,GPT,GPT,Library
0.6229660606210197,1.6993908761336864,0.0,2.399024472786352,0.886420416554305,0.3936032610416068,2.098113656435244,none,none,1548,210,assistant,0.84,GPT,GPT,GPT,Library
0.523564852389973,0.3627945894350087,0.045985277901852466,1.6602484416639356,0.15200909579508082,0.48370427975520647,0.39819126710701275,none,none,1551,210,user,0.88,GPT,GPT,GPT,Library
0.39431244189802234,1.6732732376690373,0.0,2.2237471268744513,1.1724043854431256,0.027544481832594774,1.6278440048170697,none,none,1552,210,assistant,0.92,GPT,GPT,GPT,Library
0.2584116664366652,0.2584797499092201,0.0002694895636206088,2.1465435554262915,0.19668664928928775,0.29068286566613016,0.3668552004120391,none,none,1557,210,user,0.96,GPT,GPT,GPT,Library
0.33150412917132943,1.6029375634546288,0.0019393693707956648,2.5333629691588033,0.7461618526184131,0.015348721329649312,1.7807599954939841,none,none,1558,210,assistant,1.0,GPT,GPT,GPT,Library
0.01865218883355573,0.0,0.0010127110821249315,1.0166032990601537,0.0002259198392978267,0.0,0.01399661955312207,none,none,1397,211,user,0.0,GPT,GPT,GPT,Library
0.0,0.003892670705103831,0.0,0.9990955079944592,0.0,0.0,0.0,none,clarify,1399,211,assistant,0.0588235294117647,GPT,GPT,GPT,Library
0.008715222563156034,0.9966724427189927,0.0,1.9869316469784641,0.0,0.002672053286864946,0.0,none,clarify,1413,211,user,0.1176470588235294,GPT,GPT,GPT,Library
0.10134095340120323,1.841942591217379,0.0,2.387111826587022,0.4359140153421718,0.12076979073901929,1.8633106478927701,none,none,1421,211,assistant,0.1764705882352941,GPT,GPT,GPT,Library
0.09774682225331953,0.4223014600938116,0.22801753062330093,1.3209281531158317,0.1619243395836746,0.07323764124626578,0.1647905598892894,none,clarify,1427,211,user,0.2352941176470588,GPT,GPT,GPT,Library
0.12197255231227265,0.4478573384870232,0.3756444533898577,1.5332739741975645,0.6036840434480951,0.25518726739073777,0.322001220116611,none,none,1428,211,assistant,0.2941176470588235,GPT,GPT,GPT,Library
0.5460870650631505,1.0868335724529505,0.20661890123160118,2.020928983272665,0.0,0.156955954817597,0.0,none,clarify,1443,211,user,0.3529411764705882,GPT,GPT,GPT,Library
0.35256988742902956,0.9582332234862948,0.0,2.3610397616778536,0.4821129931225563,0.1285595098667148,1.3829406326423919,none,none,1447,211,assistant,0.4117647058823529,GPT,GPT,GPT,Library
0.12580365888916964,1.095605902759035,0.6232579322392137,1.739761126275338,0.0,0.11571400203889012,0.6765816843200801,none,clarify,1469,211,user,0.4705882352941176,GPT,GPT,GPT,Library
0.5671052276501587,0.7403011673877653,0.003590984572218179,2.387155672012145,0.48632003714479605,0.0868260891752938,1.5024611703381974,none,none,1470,211,assistant,0.5294117647058824,GPT,GPT,GPT,Library
0.6924477137615216,0.2868933476339789,0.2037203736725264,1.1234849890558327,0.12317447986373949,0.05771150287175618,0.2836813818802557,none,clarify,1482,211,user,0.5882352941176471,GPT,GPT,GPT,Library
0.5199095114105163,1.606687720854779,0.0,2.3606822540901145,0.38707905146217214,0.19872917857519773,1.382038462218973,none,none,1484,211,assistant,0.6470588235294118,GPT,GPT,GPT,Library
0.28293474368012056,0.20590414997392853,0.043362698725890485,1.8573945932734282,0.07196079169726811,0.0,0.6607232065839211,none,clarify,1503,211,user,0.7058823529411765,GPT,GPT,GPT,Library
0.3906296506321192,1.6149634528279992,0.5824536224163698,2.345594970148865,0.7342104428300557,0.06490320820793705,1.7961306749529158,none,none,1504,211,assistant,0.7647058823529411,GPT,GPT,GPT,Library
0.3392397598735824,0.5880986313602642,0.0,1.7584093426770335,0.4366297718245341,0.0,0.7668326113937909,none,clarify,1523,211,user,0.8235294117647058,GPT,GPT,GPT,Library
0.5062652652560108,1.6013801103538772,0.23376125181473514,2.376832658948402,0.5016479773186865,0.13509677285365637,2.3449465329983705,none,none,1526,211,assistant,0.8823529411764706,GPT,GPT,GPT,Library
0.1418598033273291,0.2684242532535785,0.06443829054558846,1.586405978912282,0.41344789645613506,0.0,0.36807284209419755,none,none,1541,211,user,0.9411764705882352,GPT,GPT,GPT,Library
0.7691533535468278,1.3820220956263543,0.0,2.6755085193363715,0.40570984817932504,0.3040814536653928,1.254166625245531,none,none,1543,211,assistant,1.0,GPT,GPT,GPT,Library
0.01865218883355573,0.0,0.0010127110821249315,1.0166032990601537,0.0002259198392978267,0.0,0.01399661955312207,none,none,1400,212,user,0.0,GPT,GPT,GPT,Library
0.0,0.003892670705103831,0.0,0.9990955079944592,0.0,0.0,0.0,none,clarify,1402,212,assistant,0.0588235294117647,GPT,GPT,GPT,Library
0.008715222563156034,0.9966724427189927,0.0,1.9869316469784641,0.0,0.002672053286864946,0.0,none,clarify,1411,212,user,0.1176470588235294,GPT,GPT,GPT,Library
0.44448359355064143,1.5871284893417255,0.0,2.2048573805134932,0.34855014941302853,0.0446446268430318,1.8153904927439186,none,none,1412,212,assistant,0.1764705882352941,GPT,GPT,GPT,Library
0.12856036786852976,0.15020431179793134,0.22360249041371705,1.6727254062563692,0.04407839455229532,0.019552060463862077,1.0908288749795434,none,clarify,1433,212,user,0.2352941176470588,GPT,GPT,GPT,Library
0.0,1.5549231068793106,0.7243715125070722,2.398100938839746,0.35512158906024477,0.012461144032680128,1.6259644947742289,constructive,none,1434,212,assistant,0.2941176470588235,GPT,GPT,GPT,Library
0.23477113014993117,0.652036150444928,0.8587525147963841,2.025995630182728,0.24478072789373753,0.06947728174203108,0.4846804863122892,none,none,1455,212,user,0.3529411764705882,GPT,GPT,GPT,Library
0.7172289553748614,1.8236978767944652,0.9492113856220368,2.465717198897603,0.48395584845909084,0.08136187822961267,1.8826782765972983,neutral,none,1456,212,assistant,0.4117647058823529,GPT,GPT,GPT,Library
0.44208474646294055,0.34467245807647834,0.44561283817575625,1.8098223674892506,0.15251424630306215,0.06323149414666447,0.4958364620273241,none,none,1481,212,user,0.4705882352941176,GPT,GPT,GPT,Library
1.2668314576599569,1.5163224824996204,0.23847101909039142,2.6065510349093266,0.5497591513234698,0.011964350927951097,1.5419981247991315,none,none,1483,212,assistant,0.5294117647058824,GPT,GPT,GPT,Library
0.4931647666679494,0.6749321388680911,0.38381036632849835,1.9963521900849095,0.0,0.3199954962459406,0.8747204792678452,none,clarify,1499,212,user,0.5882352941176471,GPT,GPT,GPT,Library
0.6585100521589907,1.5754837422761925,0.2631576457383249,2.274118579667913,0.480454820216589,0.10503345157042669,1.7811772689207443,none,none,1500,212,assistant,0.6470588235294118,GPT,GPT,GPT,Library
0.37915236159541427,0.5375505226425492,0.007439432076294165,0.9333333061117803,0.09350359343726913,0.004274169337836061,0.4941391382039233,none,clarify,1505,212,user,0.7058823529411765,GPT,GPT,GPT,Library
0.5668085345634835,2.0064497126913294,0.012157226137552074,2.41883697488077,0.9466553143811085,0.2346814884525032,1.9089124710418217,none,none,1506,212,assistant,0.7647058823529411,GPT,GPT,GPT,Library
0.3967745013789586,0.38812077309097204,0.004578773821709379,1.0951243143748064,0.113670711757346,0.016503416211467534,0.9970275558139599,none,clarify,1515,212,user,0.8235294117647058,GPT,GPT,GPT,Library
0.9820637529429233,1.3887617627601219,0.16027871400397672,2.262053750024255,0.8489930998334437,0.24829782372457773,1.7736874567035648,none,none,1516,212,assistant,0.8823529411764706,GPT,GPT,GPT,Library
0.015135717995698267,0.6110452339987779,0.0,1.8088391988011012,0.05851153742420102,0.0,1.284780066098801,none,none,1545,212,user,0.9411764705882352,GPT,GPT,GPT,Library
0.15953264676878526,1.4147979397978125,0.30185306080131125,2.3076102432141186,0.44100900242725205,0.03838971107066876,1.3042113209847597,none,none,1546,212,assistant,1.0,GPT,GPT,GPT,Library
0.01865218883355573,0.0,0.0010127110821249315,1.0166032990601537,0.0002259198392978267,0.0,0.01399661955312207,none,none,1403,213,user,0.0,GPT,GPT,GPT,Library
0.0,0.003892670705103831,0.0,0.9990955079944592,0.0,0.0,0.0,none,clarify,1404,213,assistant,0.0769230769230769,GPT,GPT,GPT,Library
0.008715222563156034,0.9966724427189927,0.0,1.9869316469784641,0.0,0.002672053286864946,0.0,none,clarify,1414,213,user,0.1538461538461538,GPT,GPT,GPT,Library
0.6231419339420368,1.7318789100206662,0.0,2.390565756376024,0.3796357937081266,0.4331176529033074,2.1418751296279277,none,none,1418,213,assistant,0.2307692307692307,GPT,GPT,GPT,Library
0.02768863014017174,0.8866638445471088,0.12058297597375725,2.059922943894613,0.23733539778025234,0.08420391584059055,0.7481381976969289,none,clarify,1444,213,user,0.3076923076923077,GPT,GPT,GPT,Library
0.2511752748296371,1.5608066629487196,0.0,2.233347307866545,0.785553538478118,0.047500964487104703,1.25839597954665,none,none,1448,213,assistant,0.3846153846153846,GPT,GPT,GPT,Library
0.23744405905985058,0.8460551604830934,0.0,2.041287308072627,0.42217101472404645,0.0043164465571623985,1.178275824974363,none,clarify,1496,213,user,0.4615384615384615,GPT,GPT,GPT,Library
0.01122965416443163,1.6339325642317188,0.006959444531056786,2.265948589044589,0.49879376857626334,0.08453766250725317,1.9724696329844857,none,none,1498,213,assistant,0.5384615384615384,GPT,GPT,GPT,Library
0.38450081564933203,0.20866589224459625,0.13476990478799689,1.8510254761096891,0.11388111496735324,0.6530170714313122,0.7764018398697478,none,clarify,1529,213,user,0.6153846153846154,GPT,GPT,GPT,Library
0.6591454280328214,0.5622602088696692,0.0,2.266237360671346,0.6416301644909258,0.6289090736323641,1.3376597167440492,none,none,1530,213,assistant,0.6923076923076923,GPT,GPT,GPT,Library
0.6702164775092094,0.7229114159492538,0.1000649018697937,1.841422613420128,0.2590747004264797,0.0,1.2227764606853198,none,none,1563,213,user,0.7692307692307693,GPT,GPT,GPT,Library
0.8329128069802006,1.828524007649143,0.052978764733180854,2.198989208448943,0.7569484361272951,0.10245777916972391,1.5105287629735291,none,none,1564,213,assistant,0.8461538461538461,GPT,GPT,GPT,Library
0.01865218883355573,0.0,0.0010127110821249315,1.0166032990601537,0.07295680567039538,0.0,0.057292843968592244,none,none,1573,213,user,0.9230769230769232,GPT,GPT,GPT,Library
0.9411015777844448,1.3297925951330924,0.48567283717495935,2.3784935005695877,0.5942220845513274,0.17947729843757962,2.008189457455822,none,none,1574,213,assistant,1.0,GPT,GPT,GPT,Library
0.01865218883355573,0.0,0.0010127110821249315,1.0166032990601537,0.0002259198392978267,0.0,0.01399661955312207,none,none,1405,214,user,0.0,GPT,GPT,GPT,Library
0.0,0.10121064550591875,0.0,1.0291512241046563,0.06720552494724967,0.011607594286263645,0.0,none,clarify,1406,214,assistant,0.04,GPT,GPT,GPT,Library
0.008715222563156034,0.9966724427189927,0.0,1.9869316469784641,0.0,0.002672053286864946,0.0,none,clarify,1407,214,user,0.08,GPT,GPT,GPT,Library
0.40165918277324336,1.629677106203565,0.0,2.3850762438058037,0.3457247592729717,0.4000330736786246,2.271855028288077,none,none,1409,214,assistant,0.12,GPT,GPT,GPT,Library
0.4586416662451472,0.5217668064955565,0.0,2.2100687345905192,0.20152538282519306,0.004179679065344641,0.8327749660094299,none,none,1429,214,user,0.16,GPT,GPT,GPT,Library
0.3040365612190497,1.4579165085271357,0.0,2.3909165588403236,0.4071588500855072,0.08724297642510634,2.115338092350471,none,none,1430,214,assistant,0.2,GPT,GPT,GPT,Library
0.1358977241179095,0.09366908158883167,0.09596484339362082,1.5541395607079658,0.23962493387534597,0.0,0.5916500588263116,none,clarify,1439,214,user,0.24,GPT,GPT,GPT,Library
0.5814211639275003,1.8345616223283259,0.0,2.3616014154156235,0.6305561869956418,0.11826880771677659,2.0611157507211524,none,none,1440,214,assistant,0.28,GPT,GPT,GPT,Library
0.19089240875421365,0.767309522734499,0.4311284849005529,1.6970367384272875,0.5672685382212334,0.0010852401575952178,1.3609730395502044,none,none,1457,214,user,0.32,GPT,GPT,GPT,Library
0.39759134970886695,1.6748898421290552,0.22806722592403775,2.337846932247204,0.5513784968974847,0.3211661503177622,1.5527761880970479,none,none,1458,214,assistant,0.36,GPT,GPT,GPT,Library
0.43929753504370916,0.3070141765835169,0.17982102957439525,2.031366824431768,0.06353949938834973,0.08066217376702832,0.8888799758004662,none,none,1465,214,user,0.4,GPT,GPT,GPT,Library
0.8269934786380418,1.9220532478429486,0.007238944224289461,2.4144422092358884,0.509753194788767,0.2745923702061397,1.1709345372229363,none,none,1467,214,assistant,0.44,GPT,GPT,GPT,Library
0.13638092164804783,0.15731507703760195,0.04419427357671643,1.4459322042433054,0.3277256287545928,0.0,0.3183356631160668,none,none,1477,214,user,0.48,GPT,GPT,GPT,Library
0.4423463890771736,1.539792459308298,0.0229963538110539,2.1342466894189207,0.8720833894487682,0.12939270881599244,1.9892580921817575,none,none,1478,214,assistant,0.52,GPT,GPT,GPT,Library
0.2110440232820824,0.8554639143754135,0.05303211921343247,1.597813305439922,0.465899495541225,0.01019465381966351,0.3109460665511361,none,none,1485,214,user,0.56,GPT,GPT,GPT,Library
0.3900196750743928,1.6721776726215367,0.01915792273665911,2.4336666119938006,0.6975378104633663,0.060595647685784695,2.3219692767379043,none,none,1486,214,assistant,0.6,GPT,GPT,GPT,Library
0.14336173731434518,0.6012350683053992,0.20676368044856427,2.066983232329657,0.08115927170607681,0.05816835594162808,0.5339828673077248,none,clarify,1513,214,user,0.64,GPT,GPT,GPT,Library
0.3124083618753756,1.7544533533641122,0.011370932005550633,2.2288256521021834,0.5070413543932826,0.01996205035360924,1.5638082840960759,none,none,1514,214,assistant,0.68,GPT,GPT,GPT,Library
0.10406949491055136,0.6328074277238648,0.0,1.4320114703469735,0.27300146462308644,0.06834028228934971,0.7319563575977576,none,none,1524,214,user,0.72,GPT,GPT,GPT,Library
0.46458657141676607,1.4209223859258961,0.0,2.2565054434627703,1.0004300661073944,0.11284451282856561,1.8128849561133484,none,none,1525,214,assistant,0.76,GPT,GPT,GPT,Library
0.43410944236221183,0.16972062357292153,0.0,1.8941024667644824,0.02558535527655511,0.18220355730657756,0.18175252891713622,none,clarify,1549,214,user,0.8,GPT,GPT,GPT,Library
0.41890978663200773,1.6062102433005148,0.0,2.348578725726024,0.47756647497172494,0.2611555376144735,1.844640216938349,none,none,1550,214,assistant,0.84,GPT,GPT,GPT,Library
0.4046297185508122,0.0,0.2766081829593656,1.5008487600536153,0.33451607767625,0.03981625397050556,0.47955618722741067,none,none,1561,214,user,0.88,GPT,GPT,GPT,Library
0.8068183105781311,1.2744213106974223,0.0019393693707956648,2.382316893083916,1.0401428179103966,0.23900363465069463,2.212542992821175,none,none,1562,214,assistant,0.92,GPT,GPT,GPT,Library
0.5187695039897587,0.47526697364017695,0.4609689688355803,1.7859984836433498,0.14500282049836855,0.021184330525639217,0.8044297706320388,none,none,1565,214,user,0.96,GPT,GPT,GPT,Library
0.0,0.003892670705103831,0.0,0.9990955079944592,0.01598666013084448,0.0,0.03426493776945377,none,clarify,1567,214,assistant,1.0,GPT,GPT,GPT,Library
0.01865218883355573,0.0,0.0010127110821249315,1.0166032990601537,0.0002259198392978267,0.0,0.01399661955312207,none,none,1577,216,user,0.0,Rational,Persona,strictly rational,Library
0.0,0.003892670705103831,0.0,0.9990955079944592,0.0,0.0,0.0,none,clarify,1579,216,assistant,0.0666666666666666,Rational,Persona,strictly rational,Library
0.008715222563156034,0.9966724427189927,0.0,1.9869316469784641,0.0,0.002672053286864946,0.0,none,clarify,1597,216,user,0.1333333333333333,Rational,Persona,strictly rational,Library
0.749143083830579,1.8380734483576795,0.00954120137634866,2.293945042014795,0.0,0.2546913496035093,0.8098502551774661,none,clarify,1598,216,assistant,0.2,Rational,Persona,strictly rational,Library
0.749143083830579,1.4777688050718158,0.00954120137634866,2.2590415664520016,0.0,0.2546913496035093,0.8098502551774661,none,clarify,1619,216,user,0.2666666666666666,Rational,Persona,strictly rational,Library
1.6642443707001267,1.4385064577100248,0.0,2.141613206179234,0.08251549239073819,0.27888232098875027,1.2533892555834327,none,open_what_if,1620,216,assistant,0.3333333333333333,Rational,Persona,strictly rational,Library
0.09959475942135242,1.9063247223705273,0.0009172342759983645,2.0177358430971117,0.10672210538422543,0.013107243220477868,1.064040475475358,none,criteria_setting,1631,216,user,0.4,Rational,Persona,strictly rational,Library
1.0274047917117486,2.8741761671530837,0.014165926582744905,2.8982619954934714,0.0,0.043370878847039995,0.07982049934192592,none,criteria_setting,1632,216,assistant,0.4666666666666667,Rational,Persona,strictly rational,Library
0.3231914975456409,0.5660542530588281,0.0,2.0581522564003203,0.5378698320861641,0.07244891573667618,1.4778832625536782,none,none,1657,216,user,0.5333333333333333,Rational,Persona,strictly rational,Library
1.030465802599346,1.6270669027144744,0.010300263851560913,1.9994364877015125,0.26095798292821026,0.7064678473507766,1.599987283884382,none,open_what_if,1659,216,assistant,0.6,Rational,Persona,strictly rational,Library
0.1368599632510661,0.053077320721164944,0.0,1.1182429634335187,0.024578473373751457,0.04788189824618561,1.9056953160379213,none,none,1681,216,user,0.6666666666666666,Rational,Persona,strictly rational,Library
1.6081287481071205,1.3965060338174407,0.01412463277333495,1.9831741247917587,0.46499568261188634,0.9630961108291354,1.2501257342009704,none,open_what_if,1683,216,assistant,0.7333333333333333,Rational,Persona,strictly rational,Library
0.8024560622406088,0.9050366201937027,0.0,2.081602072002445,0.09351837041770368,0.0,1.9110916629062824,none,none,1713,216,user,0.8,Rational,Persona,strictly rational,Library
1.0988689299941068,1.1382015648440327,0.0,1.978031162459101,0.009139117271828333,0.012671364280335946,0.1369267801393014,none,open_what_if,1714,216,assistant,0.8666666666666667,Rational,Persona,strictly rational,Library
0.3092384695111429,0.11116441170463394,0.0,1.893134033280633,0.3762626598236384,0.371536725945049,0.7140231576046214,none,none,1739,216,user,0.9333333333333332,Rational,Persona,strictly rational,Library
0.9818790361622394,2.0189579485904203,0.0,2.0241802161896296,0.8630507590099394,0.054426835004700566,1.0428744264866017,none,open_what_if,1742,216,assistant,1.0,Rational,Persona,strictly rational,Library
0.01865218883355573,0.0,0.0010127110821249315,1.0166032990601537,0.0002259198392978267,0.0,0.01399661955312207,none,none,1578,217,user,0.0,Rational,Persona,strictly rational,Library
0.0,0.003892670705103831,0.0,0.9990955079944592,0.0,0.0,0.0,none,clarify,1580,217,assistant,0.0769230769230769,Rational,Persona,strictly rational,Library
0.008715222563156034,0.9966724427189927,0.0,1.9869316469784641,0.0,0.002672053286864946,0.0,none,clarify,1614,217,user,0.1538461538461538,Rational,Persona,strictly rational,Library
0.10030190714608384,0.8788596180813948,0.8948474176797094,2.2174024862436283,0.02113566769111113,0.00985969815180172,0.1059037129308053,none,criteria_setting,1616,217,assistant,0.2307692307692307,Rational,Persona,strictly rational,Library
0.4542963900436213,0.3237708889379627,0.3123331967090838,1.9670080410516406,0.15885165386759906,0.01341635067357958,0.49154255518152534,none,none,1647,217,user,0.3076923076923077,Rational,Persona,strictly rational,Library
0.8296811431526078,1.6404122190120687,0.18149380012750907,2.171282785619044,0.0,0.07283108765424058,1.0950208922735798,none,open_what_if,1648,217,assistant,0.3846153846153846,Rational,Persona,strictly rational,Library
0.16359767887162088,1.0330351028061406,0.02287335606503875,2.11468368960498,0.19136408405889105,0.0591000505074595,1.1963322950150215,none,none,1687,217,user,0.4615384615384615,Rational,Persona,strictly rational,Library
0.17476510671692944,2.8675679825881235,2.821201641813054,2.8991401734348248,0.030260289177142546,0.04770849677112853,0.9637465838298409,constructive,criteria_setting,1688,217,assistant,0.5384615384615384,Rational,Persona,strictly rational,Library
0.007205401992860279,0.1438796610695886,0.9099074345183686,1.9946480004462395,0.039077925285881075,0.0,0.17741199618244274,neutral,none,1709,217,user,0.6153846153846154,Rational,Persona,strictly rational,Library
1.0663003519910776,1.6608006915632523,0.2548812649926906,2.218877199662577,0.31580011080256165,0.4774126499672399,1.0384734085024667,none,open_what_if,1711,217,assistant,0.6923076923076923,Rational,Persona,strictly rational,Library
0.5358158743634529,0.1954092936072445,0.2616345385304929,1.8563342659677708,0.29936897389780803,0.008464805505529254,0.20946723446356638,none,none,1725,217,user,0.7692307692307693,Rational,Persona,strictly rational,Library
1.075676764564966,1.5223676020731658,0.05565497493658617,1.9033195045149156,0.048111952875414726,0.19365046191512583,0.9519627515166795,none,open_what_if,1726,217,assistant,0.8461538461538461,Rational,Persona,strictly rational,Library
0.7731237620884981,0.6121620894390011,0.0,1.623371143976055,0.18360858248443093,0.04275406028806076,1.1172266541703975,none,none,1743,217,user,0.9230769230769232,Rational,Persona,strictly rational,Library
1.373230008055846,1.6960527264986724,0.4948120670019435,1.8914539218951265,0.02491030762044808,0.7691879045001085,0.9918231715737323,none,open_what_if,1744,217,assistant,1.0,Rational,Persona,strictly rational,Library
0.01865218883355573,0.0,0.0010127110821249315,1.0166032990601537,0.0002259198392978267,0.0,0.01399661955312207,none,none,1582,218,user,0.0,Rational,Persona,strictly rational,Library
0.0,0.003892670705103831,0.0,0.9990955079944592,0.0,0.0,0.0,none,clarify,1585,218,assistant,0.0909090909090909,Rational,Persona,strictly rational,Library
0.008715222563156034,0.9966724427189927,0.0,1.9869316469784641,0.0,0.002672053286864946,0.0,none,clarify,1609,218,user,0.1818181818181818,Rational,Persona,strictly rational,Library
0.5575958826614942,2.5561454169876625,0.8688427704976672,2.1622328252334984,0.0,0.0,0.40454037653986225,none,criteria_setting,1610,218,assistant,0.2727272727272727,Rational,Persona,strictly rational,Library
0.2655335324360225,1.4782863688102983,0.34527729076512476,2.1104545579673295,0.018653404695812614,0.0,1.040947947860261,none,none,1629,218,user,0.3636363636363636,Rational,Persona,strictly rational,Library
0.9462441030632623,2.245919496083226,0.01865790590183403,2.1564330165762855,0.1296563026923688,0.2889768658188766,0.7015049486478631,none,criteria_setting,1630,218,assistant,0.4545454545454545,Rational,Persona,strictly rational,Library
0.7362584618715073,1.0351802302669662,0.0,2.2291346778821124,0.05341003677842822,0.19860517109483336,0.8838738074489673,none,none,1669,218,user,0.5454545454545454,Rational,Persona,strictly rational,Library
1.0279440756621185,1.9379895016178361,0.002987726196324122,2.0171915978436212,0.0,0.01129953703251011,1.849077241054527,none,open_what_if,1670,218,assistant,0.6363636363636364,Rational,Persona,strictly rational,Library
0.26031064108374596,0.12217599366931806,0.4332775894976044,1.8016837180862435,0.265367364031086,0.002128483246343735,0.5354446630223769,none,none,1699,218,user,0.7272727272727273,Rational,Persona,strictly rational,Library
1.040514096542653,1.7976609168302427,0.008062466225584309,2.114287923057958,0.11102095307950854,0.19481766857858535,0.9965723914883614,none,open_what_if,1700,218,assistant,0.8181818181818182,Rational,Persona,strictly rational,Library
0.10511535939450606,0.7252632774388621,0.020487636531036,1.965488220091116,0.2517012397188664,0.01878852940135731,0.7369708780298836,none,none,1740,218,user,0.9090909090909092,Rational,Persona,strictly rational,Library
1.5183158934143974,1.9259873212347516,0.007470709456022901,2.427826626262806,0.0,0.8812738774520027,1.0437393172536724,none,open_what_if,1741,218,assistant,1.0,Rational,Persona,strictly rational,Library
0.01865218883355573,0.0,0.0010127110821249315,1.0166032990601537,0.0002259198392978267,0.0,0.01399661955312207,none,none,1581,219,user,0.0,Rational,Persona,strictly rational,Library
0.0,0.003892670705103831,0.0,0.9990955079944592,0.0,0.0,0.0,none,clarify,1583,219,assistant,0.0434782608695652,Rational,Persona,strictly rational,Library
0.008715222563156034,0.9966724427189927,0.0,1.9869316469784641,0.0,0.002672053286864946,0.0,none,clarify,1603,219,user,0.0869565217391304,Rational,Persona,strictly rational,Library
0.896560918600308,2.46328757149079,0.35841502484255294,2.38753355629987,0.0,0.9553149383621438,0.10371242131697622,none,criteria_setting,1604,219,assistant,0.1304347826086956,Rational,Persona,strictly rational,Library
0.5104963019257547,0.5081700145565571,0.0618637878810885,2.1026719488516905,0.09457262203809379,0.6644537753528849,0.9324001207130448,none,none,1617,219,user,0.1739130434782608,Rational,Persona,strictly rational,Library
1.9995790673570104,1.125678206258867,0.018722502207356644,1.8682406457811724,0.10544237318088817,0.8407023338823417,0.9858092859246452,none,open_what_if,1618,219,assistant,0.217391304347826,Rational,Persona,strictly rational,Library
1.4252849010056816,1.0493850765566468,0.35173537395922816,1.7152384948195292,0.2750391910034607,0.39544925831835126,1.3865591966020632,none,none,1633,219,user,0.2608695652173913,Rational,Persona,strictly rational,Library
1.8818215072879743,1.6027237407783224,0.026790266837512976,1.9041271576437417,0.0,0.8887806368984551,0.9006167275188801,none,open_what_if,1635,219,assistant,0.3043478260869565,Rational,Persona,strictly rational,Library
1.9178207322422092,1.0024443762169941,0.012573232102860737,2.0335244734106173,0.015826458003710683,0.9571912461189401,1.8563818096546487,none,none,1644,219,user,0.3478260869565217,Rational,Persona,strictly rational,Library
1.3318405121413495,1.3145885167561748,0.5204958030837941,2.1243358855666856,0.051978223614517136,0.9150298460116152,0.747595864791118,none,open_what_if,1646,219,assistant,0.391304347826087,Rational,Persona,strictly rational,Library
0.07373434997580068,0.16520156434765845,0.020254701564797653,1.9670853943886035,0.02578870589248082,0.927112232100947,1.8350787619752589,none,none,1662,219,user,0.4347826086956521,Rational,Persona,strictly rational,Library
1.4163501117849628,1.5496735307281275,0.20830532232623145,2.202167547992365,0.016035907266401344,1.1233879688076427,1.3594473199042818,none,open_what_if,1663,219,assistant,0.4782608695652174,Rational,Persona,strictly rational,Library
0.031084361353291158,0.043061917197914606,0.0,1.0179635361948967,0.016730766583863955,0.011838756321198515,0.014422452748277885,none,clarify,1671,219,user,0.5217391304347826,Rational,Persona,strictly rational,Library
1.8869736947387061,2.79435488437816,0.003178197618647623,2.8468457181809996,0.0,0.9393673669964026,0.1878664586740155,none,criteria_setting,1672,219,assistant,0.5652173913043478,Rational,Persona,strictly rational,Library
0.019525007094230162,0.0665172755410489,0.030412068684911375,1.0713058766754402,0.015665640611490717,0.042079791937889605,0.016250081279479363,none,none,1677,219,user,0.6086956521739131,Rational,Persona,strictly rational,Library
0.9014962998102822,1.9872249895348388,0.029415855479944988,1.9904427488005974,0.8722938801083558,0.07041216174089016,1.8929515120233804,none,open_what_if,1679,219,assistant,0.6521739130434783,Rational,Persona,strictly rational,Library
0.7669025030149497,1.023404556388263,0.005230243779096647,2.0011290898085523,0.1063941766793773,0.012410738629402557,1.819297165447598,none,none,1689,219,user,0.6956521739130435,Rational,Persona,strictly rational,Library
1.091151743420456,1.6677302033012478,0.0008759404665884302,1.9497064646380315,0.3694634954348392,0.47594093482929717,0.8193332203406118,none,open_what_if,1690,219,assistant,0.7391304347826086,Rational,Persona,strictly rational,Library
0.06347154177165859,0.649756309273774,0.010327495508350106,1.7295295910574597,0.5687240172002281,0.01095253236876415,0.33320917871958233,none,none,1695,219,user,0.782608695652174,Rational,Persona,strictly rational,Library
1.1316437003599515,2.01779948800199,0.007470709456022901,2.0188049114079107,0.03654734145633657,1.0197506355977937,1.9265395654489361,none,open_what_if,1696,219,assistant,0.8260869565217391,Rational,Persona,strictly rational,Library
0.0015376921599318796,0.8457621298547212,0.017540516290532392,1.9378044886272787,0.9383696944519897,0.0,0.0670380795534959,none,none,1703,219,user,0.8695652173913043,Rational,Persona,strictly rational,Library
1.0225399840389473,1.9061473853259772,0.0,2.021188210573268,0.02182082538862487,0.03031631692955223,1.9432498100030426,none,open_what_if,1704,219,assistant,0.9130434782608696,Rational,Persona,strictly rational,Library
0.7953063107248677,1.2892004631950955,0.012744062578785562,2.174263164215653,0.3140480383536097,0.20791095121895856,1.667868309959214,none,none,1727,219,user,0.9565217391304348,Rational,Persona,strictly rational,Library
0.6877585387967026,1.6332419695424145,0.02346094089158558,2.014594151947793,0.14883591775221058,0.1143808032139598,1.3204382976199245,none,open_what_if,1729,219,assistant,1.0,Rational,Persona,strictly rational,Library
0.01865218883355573,0.0,0.0010127110821249315,1.0166032990601537,0.0002259198392978267,0.0,0.01399661955312207,none,none,1584,220,user,0.0,Rational,Persona,strictly rational,Library
0.0,0.003892670705103831,0.0,0.9990955079944592,0.0,0.0,0.0,none,clarify,1586,220,assistant,0.0588235294117647,Rational,Persona,strictly rational,Library
0.008715222563156034,0.9966724427189927,0.0,1.9869316469784641,0.0,0.002672053286864946,0.0,none,clarify,1601,220,user,0.1176470588235294,Rational,Persona,strictly rational,Library
0.9089720273549502,2.0279335745153104,0.0015089910455597703,2.012662830172455,0.0,0.049912045277796704,0.044877962092760654,none,criteria_setting,1602,220,assistant,0.1764705882352941,Rational,Persona,strictly rational,Library
0.2806816935128546,0.39894571815823304,0.25473555123334946,2.0883163562388445,0.1987648677008035,0.06855012444976906,0.31478870714265517,neutral,none,1625,220,user,0.2352941176470588,Rational,Persona,strictly rational,Library
1.0360371743943952,1.9166583060328375,0.040958594161395065,2.0411956623583114,0.03721040755432054,0.939027809006151,0.1802721640789206,none,criteria_setting,1626,220,assistant,0.2941176470588235,Rational,Persona,strictly rational,Library
0.0019760151377192304,0.16060711069805023,0.9186618399762623,2.0440838034463744,0.048602183848890354,0.0,0.16242228111805612,neutral,none,1649,220,user,0.3529411764705882,Rational,Persona,strictly rational,Library
1.1135006437621349,2.816311356622959,0.0,2.9016141351857807,0.025924351314847282,0.03577394628046269,1.8364491270647003,none,criteria_setting,1650,220,assistant,0.4117647058823529,Rational,Persona,strictly rational,Library
0.37729104188640533,0.40392125635903203,0.40557214312045126,1.8338477196598058,0.1668889980225483,0.015270501807549373,0.882232419967445,none,none,1658,220,user,0.4705882352941176,Rational,Persona,strictly rational,Library
1.5335379249178749,1.7069776579904834,0.01196268877511204,2.219959162445514,0.04407150244964453,0.6577921798067818,1.5690816968613015,none,open_what_if,1660,220,assistant,0.5294117647058824,Rational,Persona,strictly rational,Library
0.8262560311542693,0.8996925373632734,0.40051156078891303,1.9261198387483993,0.06922746557497467,0.0,1.9471862289888646,none,none,1675,220,user,0.5882352941176471,Rational,Persona,strictly rational,Library
0.20013201988590185,2.876357856418513,1.9394899603903661,2.9052493461667734,0.010705849114831932,0.051855787950638124,0.16529923441559302,constructive,criteria_setting,1676,220,assistant,0.6470588235294118,Rational,Persona,strictly rational,Library
0.9207832073531498,0.991487126395273,0.06404300579048185,2.0438542680269753,0.8959119046018884,0.0,2.0679965834416776,none,none,1715,220,user,0.7058823529411765,Rational,Persona,strictly rational,Library
0.9655050488825343,2.079277495873758,0.5282142235075925,2.120233425160312,0.3465726519296496,0.06681533422894476,1.1568914893867281,none,none,1716,220,assistant,0.7647058823529411,Rational,Persona,strictly rational,Library
0.23903696195738067,0.722380127653177,0.49682029171066955,1.9334843686861638,0.5886135887192843,0.005689167870336676,1.1591429548810377,none,none,1733,220,user,0.8235294117647058,Rational,Persona,strictly rational,Library
0.9073727469564615,2.080217843328396,0.020487636531036,2.0552418357790714,0.06028141587081976,0.0,1.870581487767915,none,open_what_if,1734,220,assistant,0.8823529411764706,Rational,Persona,strictly rational,Library
0.21185857179628678,0.6656707100652773,0.10908341150574932,2.0073156484239694,0.3179041140275523,0.0,1.220843648207561,none,none,1745,220,user,0.9411764705882352,Rational,Persona,strictly rational,Library
1.022122592988584,1.969206519282969,0.03685709459081191,2.015974572355797,0.02916969304412663,0.010993668444038247,1.055873174049297,none,open_what_if,1746,220,assistant,1.0,Rational,Persona,strictly rational,Library
0.01865218883355573,0.0,0.0010127110821249315,1.0166032990601537,0.0002259198392978267,0.0,0.01399661955312207,none,none,1587,221,user,0.0,Rational,Persona,strictly rational,Library
0.0,0.003892670705103831,0.0,0.9990955079944592,0.0,0.0,0.0,none,clarify,1588,221,assistant,0.0434782608695652,Rational,Persona,strictly rational,Library
0.008715222563156034,0.9966724427189927,0.0,1.9869316469784641,0.0,0.002672053286864946,0.0,none,clarify,1605,221,user,0.0869565217391304,Rational,Persona,strictly rational,Library
0.045971016718687585,2.927015616728804,0.01865790590183403,2.948585839636343,0.0,0.007034609277897971,0.0,none,criteria_setting,1606,221,assistant,0.1304347826086956,Rational,Persona,strictly rational,Library
0.1193728834172811,1.0376076996972996,0.9008962596045654,2.882789958447619,0.015722577221227836,0.0,0.0963288037483541,neutral,none,1627,221,user,0.1739130434782608,Rational,Persona,strictly rational,Library
0.4285165750414597,2.1978929469063884,0.17210608264902766,2.5673549364415944,0.0,0.11315622896167014,0.6799535496964768,none,criteria_setting,1628,221,assistant,0.217391304347826,Rational,Persona,strictly rational,Library
0.0,0.027480364354973873,0.010025165676355958,1.9750621378980155,0.04401749007336851,0.0021042551257783515,0.05055574188800425,none,none,1639,221,user,0.2608695652173913,Rational,Persona,strictly rational,Library
1.8314206800302695,1.14828041780302,0.0,2.226971074730944,0.09965272642149701,0.25679038328210063,0.9498693647583988,none,open_what_if,1640,221,assistant,0.3043478260869565,Rational,Persona,strictly rational,Library
0.284690396791111,1.2007360581122932,0.7516417303006004,2.2610014773382705,0.0029066936001152363,0.07034766511243397,0.5004005483416109,none,none,1661,221,user,0.3478260869565217,Rational,Persona,strictly rational,Library
0.7149634269402573,1.9345023254552276,1.3085724470415554,2.473334554521119,0.0,0.015014724838406709,1.044801813542823,constructive,open_what_if,1664,221,assistant,0.391304347826087,Rational,Persona,strictly rational,Library
0.20159172641507367,0.8830626566835121,1.0362613108878322,2.1993455905776647,0.30005560954948873,0.04418779184374531,0.5289408794655115,neutral,none,1673,221,user,0.4347826086956521,Rational,Persona,strictly rational,Library
1.788934426439385,1.5125030259792287,0.0,2.109427682673678,0.1016448411505851,0.6915442177863009,1.32651340825652,none,open_what_if,1674,221,assistant,0.4782608695652174,Rational,Persona,strictly rational,Library
0.13977637293009423,0.5299757437138152,0.5053009951282588,2.037765746524128,0.13242702865545136,0.0,1.3453694868578026,none,none,1685,221,user,0.5217391304347826,Rational,Persona,strictly rational,Library
1.5168005727124456,1.7172675263317672,0.5358059049242213,2.0356892503601554,0.17557316172444978,0.35602687305305075,1.661434184303211,none,open_what_if,1686,221,assistant,0.5652173913043478,Rational,Persona,strictly rational,Library
1.0648873469178333,0.26124239856907705,0.0,1.7952562687706064,0.4333237812130578,0.3527746233094756,1.5511076101875514,none,none,1697,221,user,0.6086956521739131,Rational,Persona,strictly rational,Library
1.078189520933103,1.9428671854049653,0.0,2.005749572738521,0.9167483546645407,0.0020427077441796883,1.9346771190377388,none,open_what_if,1698,221,assistant,0.6521739130434783,Rational,Persona,strictly rational,Library
0.6433693735639471,0.7383004258573147,0.11809460754785711,1.8589852444333534,0.14774299938758312,0.031161078481240816,1.0476333783578344,none,clarify,1705,221,user,0.6956521739130435,Rational,Persona,strictly rational,Library
1.7082451354209127,1.7476552502504816,0.007802922825043844,2.155791052010127,0.28102953353490606,0.421161871515558,1.4999703596007503,none,open_what_if,1706,221,assistant,0.7391304347826086,Rational,Persona,strictly rational,Library
0.3727723590686342,0.22789882881763998,0.5567474210639699,1.6843089370166557,0.26818549693598437,0.10006321538164407,0.9631264149839546,none,none,1710,221,user,0.782608695652174,Rational,Persona,strictly rational,Library
1.6468730021452285,1.4215502748914353,0.3735532183879669,1.914409955399358,0.363289299247865,0.08294599331955842,1.2772481640162123,none,open_what_if,1712,221,assistant,0.8260869565217391,Rational,Persona,strictly rational,Library
0.017341548515243173,0.08269580521360592,0.01507773508235907,2.000959116896893,0.9276215794806683,0.0,0.04285214527174897,none,none,1720,221,user,0.8695652173913043,Rational,Persona,strictly rational,Library
1.676047635178405,1.56075689048899,0.0,1.9405659981280632,0.13127792784723463,0.36547229076770904,1.6701313968035452,none,open_what_if,1722,221,assistant,0.9130434782608696,Rational,Persona,strictly rational,Library
0.3718730456158487,0.1482717142455538,0.057948638097733846,1.3866870614371514,0.5429985554122301,0.4439850663832307,0.7722581790534769,none,none,1735,221,user,0.9565217391304348,Rational,Persona,strictly rational,Library
1.0985851777417805,1.2034743631608662,0.0,2.01452843148176,0.6163164463903618,0.6674100985199403,1.475246675303249,none,open_what_if,1736,221,assistant,1.0,Rational,Persona,strictly rational,Library
0.01865218883355573,0.0,0.0010127110821249315,1.0166032990601537,0.0002259198392978267,0.0,0.01399661955312207,none,none,1589,222,user,0.0,Rational,Persona,strictly rational,Library
0.0,0.003892670705103831,0.0,0.9990955079944592,0.0,0.0,0.0,none,clarify,1590,222,assistant,0.1428571428571428,Rational,Persona,strictly rational,Library
0.008715222563156034,0.9966724427189927,0.0,1.9869316469784641,0.0,0.002672053286864946,0.0,none,clarify,1611,222,user,0.2857142857142857,Rational,Persona,strictly rational,Library
0.39775307241464797,2.128104577855986,0.0054092135950875,2.34993340743406,0.0,0.1617749579402236,0.8458703833183401,none,criteria_setting,1612,222,assistant,0.4285714285714285,Rational,Persona,strictly rational,Library
0.4181709848839813,1.2532772531347318,0.1575750242767276,2.525035110855814,0.03640716971454014,0.06821553270847583,1.6071211426483833,none,none,1655,222,user,0.5714285714285714,Rational,Persona,strictly rational,Library
0.9502443189176959,2.920366789886389,0.01196268877511204,2.8974088502029733,0.008780127265770224,0.05415482005423773,1.912546082894302,none,criteria_setting,1656,222,assistant,0.7142857142857143,Rational,Persona,strictly rational,Library
0.1381201927557198,0.9216061082354751,0.9584291497876619,2.0750917816461407,0.038633074882832484,0.009899087869728389,1.9765750879644688,constructive,none,1717,222,user,0.8571428571428571,Rational,Persona,strictly rational,Library
0.983090565812976,2.869611082167918,2.9021451831765446,2.9176610650864796,0.0,0.011221026166231135,1.026188855612881,constructive,criteria_setting,1718,222,assistant,1.0,Rational,Persona,strictly rational,Library
0.01865218883355573,0.0,0.0010127110821249315,1.0166032990601537,0.0002259198392978267,0.0,0.01399661955312207,none,none,1591,223,user,0.0,Rational,Persona,strictly rational,Library
0.0,0.003892670705103831,0.0,0.9990955079944592,0.0,0.0,0.0,none,clarify,1592,223,assistant,0.0769230769230769,Rational,Persona,strictly rational,Library
0.008715222563156034,0.9966724427189927,0.0,1.9869316469784641,0.0,0.002672053286864946,0.0,none,clarify,1607,223,user,0.1538461538461538,Rational,Persona,strictly rational,Library
0.6729308578102138,1.6126410448376547,0.0,1.9826221075589192,0.11365752570545914,0.06548287691525882,0.3492539509997309,none,open_what_if,1608,223,assistant,0.2307692307692307,Rational,Persona,strictly rational,Library
0.8518069595213066,0.9456894001296592,0.04921312002343099,1.9994956106997301,0.0,0.0009556454436117858,0.12831502341231496,none,open_what_if,1634,223,user,0.3076923076923077,Rational,Persona,strictly rational,Library
1.4160225292769903,1.4592672259874115,0.0,2.062770416184494,0.0,0.49035827793061637,0.9390460373127717,none,open_what_if,1636,223,assistant,0.3846153846153846,Rational,Persona,strictly rational,Library
0.0,0.9091126066070815,0.005233045243555467,1.904058927572127,0.030176723684993717,0.0,0.151490519345932,none,clarify,1643,223,user,0.4615384615384615,Rational,Persona,strictly rational,Library
0.839905326522844,1.1640455013724194,0.014948154774629798,2.0383174299909785,0.0,0.0021084877090714765,0.1037500195237018,none,open_what_if,1645,223,assistant,0.5384615384615384,Rational,Persona,strictly rational,Library
0.4321953050251071,0.33150702269587257,0.30719241393023916,1.9977655968103023,0.2577347847479233,0.22143206316015465,0.861275999524677,neutral,none,1665,223,user,0.6153846153846154,Rational,Persona,strictly rational,Library
0.1385566249186096,2.0261438260450118,1.9574178941172977,2.015677733757319,0.019192039754124684,0.010813920646428363,0.06756081848326005,neutral,criteria_setting,1666,223,assistant,0.6923076923076923,Rational,Persona,strictly rational,Library
0.01412351127628509,0.8989305706484969,0.03239641853617771,1.960801991127022,0.04597851120851088,0.0,0.9190204523432898,none,clarify,1682,223,user,0.7692307692307693,Rational,Persona,strictly rational,Library
0.7030386729278921,1.8327834777143517,0.10862254276932881,2.2880579346279664,0.0438520172528517,0.30813749953400943,0.8847597691251449,none,open_what_if,1684,223,assistant,0.8461538461538461,Rational,Persona,strictly rational,Library
0.6675776557405985,0.5551817866622227,0.528898003385638,2.063532675642406,0.167746381604559,0.017896125550160263,0.7688384911050299,none,none,1723,223,user,0.9230769230769232,Rational,Persona,strictly rational,Library
0.9028100525123286,1.5404142314795424,0.0,2.2668100849689536,0.15737719956872265,0.07392953958237597,0.7154054313820615,none,open_what_if,1724,223,assistant,1.0,Rational,Persona,strictly rational,Library
0.01865218883355573,0.0,0.0010127110821249315,1.0166032990601537,0.0002259198392978267,0.0,0.01399661955312207,none,none,1593,224,user,0.0,Rational,Persona,strictly rational,Library
0.0,0.003892670705103831,0.0,0.9990955079944592,0.0,0.0,0.0,none,clarify,1594,224,assistant,0.0344827586206896,Rational,Persona,strictly rational,Library
0.008715222563156034,0.9966724427189927,0.0,1.9869316469784641,0.0,0.002672053286864946,0.0,none,clarify,1599,224,user,0.0689655172413793,Rational,Persona,strictly rational,Library
0.24498141742079102,0.9336137632395343,0.01196268877511204,2.2064542516252805,0.03543689481670575,0.01838243616561181,0.0,none,clarify,1600,224,assistant,0.1034482758620689,Rational,Persona,strictly rational,Library
0.032543132945457416,0.9533935282739596,0.0019393693707956648,2.002991193649464,0.05328606563348674,0.953119637284516,0.04861720680668279,none,none,1621,224,user,0.1379310344827586,Rational,Persona,strictly rational,Library
0.5195064515285472,1.4899207047426806,0.019622509817190787,2.1039664070994766,0.046972247187850695,0.6360374755479539,0.31522451559197484,none,open_what_if,1622,224,assistant,0.1724137931034483,Rational,Persona,strictly rational,Library
0.24890487045699866,0.35354516998629054,0.11475485783881267,2.160102611282267,0.17909424761294274,0.0,1.5437371831010451,none,none,1623,224,user,0.2068965517241379,Rational,Persona,strictly rational,Library
1.0994607359040742,1.6832018910149675,0.0,2.1947846244523346,0.1803703396271147,0.30209037007535955,1.2434195247056843,none,open_what_if,1624,224,assistant,0.2413793103448276,Rational,Persona,strictly rational,Library
0.10816847413625919,0.10862326191855128,1.9062195936920119,1.0902791173664663,0.8857601820495359,0.0,0.042374466741392405,neutral,none,1637,224,user,0.2758620689655172,Rational,Persona,strictly rational,Library
1.2497220050731335,1.8022775373826248,0.47953214894850543,2.054211723657776,0.11938611214320925,0.48068334800157503,1.0134647402479848,none,open_what_if,1638,224,assistant,0.3103448275862069,Rational,Persona,strictly rational,Library
1.5880574253707194,0.604325707011534,0.0009172342759983645,2.111658906495271,0.2807991606154483,0.2292164083626049,1.7853512470979396,none,none,1641,224,user,0.3448275862068966,Rational,Persona,strictly rational,Library
1.097410477371114,1.6883330145431183,0.1532622249330585,2.0848878784128195,0.12359408201261775,0.5668770278353301,1.9508495598959232,none,open_what_if,1642,224,assistant,0.3793103448275862,Rational,Persona,strictly rational,Library
0.4335582736705348,0.32777092388683693,0.01965544371237938,1.9633168813501816,0.47032456265622724,0.0,0.5582322071058556,none,none,1651,224,user,0.4137931034482758,Rational,Persona,strictly rational,Library
0.8856163628544939,1.6864820772043785,1.2620939097098303,2.277608719593234,0.023492267241747716,0.4564320816413108,0.9898727902175748,constructive,open_what_if,1652,224,assistant,0.4482758620689655,Rational,Persona,strictly rational,Library
0.8362444020068612,0.5713255598801655,0.3255117349606825,1.9645633459955416,0.24659218114373235,0.06013555901618961,0.5875059543324427,none,open_what_if,1667,224,user,0.4827586206896552,Rational,Persona,strictly rational,Library
1.6126584575940894,1.7858803350581434,0.850442892269651,2.071172517368655,0.10958999155148152,0.6406982956091254,1.8118431391434044,none,open_what_if,1668,224,assistant,0.5172413793103449,Rational,Persona,strictly rational,Library
0.550540601627577,0.7934538695811583,0.0,2.0062478718394234,0.4677604910341029,0.1448669107429201,0.795017711715239,none,none,1678,224,user,0.5517241379310345,Rational,Persona,strictly rational,Library
1.8851252038275275,1.0737811003653424,0.0,2.034887390365423,0.041598876919246186,0.04045831062386409,1.9409533541796289,none,open_what_if,1680,224,assistant,0.5862068965517241,Rational,Persona,strictly rational,Library
0.12238203222863452,0.9487350316165178,1.8989371607543133,2.025440509528246,0.05986629193569057,0.003317615706113748,0.13169915560516604,neutral,none,1693,224,user,0.6206896551724138,Rational,Persona,strictly rational,Library
1.1891176857294836,2.0373171459750963,0.5114271098985189,2.001003508329144,0.2104969491212256,0.1414232404416097,1.3970579119762014,none,open_what_if,1694,224,assistant,0.6551724137931034,Rational,Persona,strictly rational,Library
0.3472155928784828,0.839471294817983,0.0,2.0653480020681867,0.1216324732992121,0.031194634121486202,0.3566579539369324,none,clarify,1701,224,user,0.6896551724137931,Rational,Persona,strictly rational,Library
0.968370474446705,1.8081897526336257,0.0,2.0948421552191787,0.3900594716515072,0.001421613246660608,1.6601941397067084,none,open_what_if,1702,224,assistant,0.7241379310344828,Rational,Persona,strictly rational,Library
0.128788961591029,0.03481769432729424,0.0010127110821249315,1.9472599627840306,0.9292143303871273,0.0,0.0779852004227108,none,none,1707,224,user,0.7586206896551724,Rational,Persona,strictly rational,Library
1.4820633596798782,1.4924826975574697,0.0,2.1224134053632944,0.15089866099514354,0.6191490272554111,1.639371414234459,none,open_what_if,1708,224,assistant,0.7931034482758621,Rational,Persona,strictly rational,Library
0.021707144444381474,0.07713682652851411,0.0,1.9677774441482525,0.9440530718520077,0.014652866214808703,0.10481690435179483,none,none,1719,224,user,0.8275862068965517,Rational,Persona,strictly rational,Library
0.566371889498316,1.3478734378468198,0.0019393693707956648,1.8832463205299883,0.6811089197565802,0.0750020052550145,0.9971864882095405,none,open_what_if,1721,224,assistant,0.8620689655172413,Rational,Persona,strictly rational,Library
0.0480572121223821,0.0630333010538709,0.04401895060157964,1.9473863680830694,0.07584633244339949,0.015290627330743156,0.022754015205073107,none,none,1728,224,user,0.896551724137931,Rational,Persona,strictly rational,Library
1.675120974908525,2.179050626715369,0.0,2.178628744023002,0.10390813056264227,0.4387011833563579,1.3115946528005415,none,open_what_if,1730,224,assistant,0.9310344827586208,Rational,Persona,strictly rational,Library
0.7846331070606682,0.12354834641815467,0.015996863024928226,1.6049748850347723,0.5455376645914749,0.0067671332902863235,0.5574114514141644,none,none,1737,224,user,0.9655172413793104,Rational,Persona,strictly rational,Library
0.9208942602004487,1.8631926700670258,0.0,2.0945716590149757,1.8869313040459128,0.0018324477069607418,2.056428501095368,none,none,1738,224,assistant,1.0,Rational,Persona,strictly rational,Library
0.01865218883355573,0.0,0.0010127110821249315,1.0166032990601537,0.0002259198392978267,0.0,0.01399661955312207,none,none,1747,226,user,0.0,GPT,GPT,GPT,Bicycle
0.0,0.003892670705103831,0.0,0.9990955079944592,0.0,0.0,0.0,none,clarify,1750,226,assistant,0.0909090909090909,GPT,GPT,GPT,Bicycle
0.03049838401600156,0.9893643612695656,0.0,1.9835241770621765,0.004235966895978697,0.0,0.006937027005586032,none,clarify,1771,226,user,0.1818181818181818,GPT,GPT,GPT,Bicycle
0.0,1.0902558882053346,0.0,3.0,0.9069519072083815,0.018247651350914853,2.2852327327763784,none,none,1773,226,assistant,0.2727272727272727,GPT,GPT,GPT,Bicycle
0.0019427202419267145,0.23389700992039028,0.061132860680095956,1.7208150291448152,0.27962836181421097,0.0,0.19725940769189193,none,none,1787,226,user,0.3636363636363636,GPT,GPT,GPT,Bicycle
0.83687260149369,1.0452136292608059,0.00905021807236273,2.7574440750307607,0.30190351291393497,0.07808949462163106,1.9901842269039636,none,none,1788,226,assistant,0.4545454545454545,GPT,GPT,GPT,Bicycle
0.7441374352783713,0.19679503052909955,0.14246655429580973,1.828217515402471,0.40360109533653526,0.16668517545904807,0.19082789126114955,none,none,1793,226,user,0.5454545454545454,GPT,GPT,GPT,Bicycle
0.7673643082103891,1.142467438246582,0.0,2.5611526577479027,0.4460607021579082,0.14530320485739268,2.240597846642274,none,none,1794,226,assistant,0.6363636363636364,GPT,GPT,GPT,Bicycle
0.7025839953580331,0.37092606291117364,0.0030214115273177445,1.6323380643207586,0.16521065192940879,0.368879403822052,0.5378202920710375,none,none,1802,226,user,0.7272727272727273,GPT,GPT,GPT,Bicycle
1.0607482006152777,1.7377026696231754,0.0,2.7344200599140085,0.73618089892373,0.04363664263919508,2.3205793898400007,none,none,1804,226,assistant,0.8181818181818182,GPT,GPT,GPT,Bicycle
0.5353092651230495,0.3165540447269264,0.0007498081276178986,1.2901263583106155,0.40057928933908504,0.035079790615865886,0.2747137872782637,none,none,1807,226,user,0.9090909090909092,GPT,GPT,GPT,Bicycle
0.48373312097472654,1.3659482920227985,0.0,2.532659218188763,0.3866275997722533,0.0,2.087498501601948,none,none,1808,226,assistant,1.0,GPT,GPT,GPT,Bicycle
0.01865218883355573,0.0,0.0010127110821249315,1.0166032990601537,0.0002259198392978267,0.0,0.01399661955312207,none,none,1748,227,user,0.0,GPT,GPT,GPT,Bicycle
0.0,0.003892670705103831,0.0,0.9990955079944592,0.0,0.0,0.0,none,clarify,1749,227,assistant,0.0526315789473684,GPT,GPT,GPT,Bicycle
0.03049838401600156,0.9893643612695656,0.0,1.9835241770621765,0.004235966895978697,0.0,0.006937027005586032,none,clarify,1769,227,user,0.1052631578947368,GPT,GPT,GPT,Bicycle
0.4993710392622748,1.8475194565525925,0.1147044712598622,2.496776312146417,0.2978526528731423,0.0,2.194552807730694,none,none,1770,227,assistant,0.1578947368421052,GPT,GPT,GPT,Bicycle
0.9880149419311454,1.1422556870961107,0.0710828673781172,2.15280306329449,0.05905224407950678,0.1318705673797971,1.2524854846713929,none,none,1797,227,user,0.2105263157894736,GPT,GPT,GPT,Bicycle
0.8911983382399727,0.654268011501157,0.08274475489996694,2.4940489261857692,0.8891810076917527,0.2521204676402744,1.1751951465046404,none,none,1798,227,assistant,0.2631578947368421,GPT,GPT,GPT,Bicycle
0.08494901645060557,0.15798393013645196,0.0011077056983218652,1.3516256791682348,0.2795239632803649,0.0018840707054333327,0.423868242724047,none,clarify,1805,227,user,0.3157894736842105,GPT,GPT,GPT,Bicycle
0.7573583795093091,1.5386744747851404,0.005016395247316519,2.4881450980905457,0.6759553663519918,0.0009518660418570038,2.660655872661537,none,none,1806,227,assistant,0.3684210526315789,GPT,GPT,GPT,Bicycle
0.2996693937917207,0.22039627596777328,0.0011077056983218652,1.3875876809363934,0.32236816629006465,0.00024729934950656787,0.20828500750900453,none,none,1820,227,user,0.4210526315789473,GPT,GPT,GPT,Bicycle
0.49433647675481135,1.1374997938279157,0.005016395247316519,2.3946419939199473,0.3897045833112916,0.0,1.6120651164031448,none,none,1821,227,assistant,0.4736842105263157,GPT,GPT,GPT,Bicycle
0.1877272103572818,0.10979059767133059,0.7310784543915716,1.3427551066760433,0.0821509873363776,0.0,0.43716113473281315,neutral,none,1827,227,user,0.5263157894736842,GPT,GPT,GPT,Bicycle
0.33225728318385633,1.6047984260038328,0.0807534336191228,2.507146201795861,0.6573417178801201,0.004224540189913982,2.48819519382286,none,none,1828,227,assistant,0.5789473684210527,GPT,GPT,GPT,Bicycle
0.5152774633347047,0.08253464361092284,0.0,1.440882971519229,0.08218823165090446,0.11471230326768017,0.2714251636302674,none,none,1839,227,user,0.631578947368421,GPT,GPT,GPT,Bicycle
0.4765211432105782,0.7885053389727026,0.005016395247316519,2.4001373835042394,0.6187108158334973,0.0783742718460626,2.0525079715382573,none,none,1840,227,assistant,0.6842105263157895,GPT,GPT,GPT,Bicycle
0.3358424485461074,0.16332321765169183,7.409781296919671e-05,1.3801347265710155,0.2184307406585304,0.0,0.40326584634517965,none,none,1879,227,user,0.7368421052631579,GPT,GPT,GPT,Bicycle
0.33270690581334295,1.7893641046477682,0.012841944243421836,2.4594216636375705,0.5023108415579626,0.07855065610442931,2.5578119762419775,none,none,1880,227,assistant,0.7894736842105263,GPT,GPT,GPT,Bicycle
0.38309932914862493,0.19616176199046526,0.058803154510168765,1.193415093275683,0.07541810133629231,0.011287045516457015,0.375873565069338,none,none,1885,227,user,0.8421052631578947,GPT,GPT,GPT,Bicycle
0.12842107712465797,1.889621947624578,0.007041517627169902,2.5805390916159463,0.606018978301415,0.0,2.556526414243427,none,none,1886,227,assistant,0.8947368421052632,GPT,GPT,GPT,Bicycle
0.8429431691172239,0.05424925431532182,0.0,1.9608736082819995,0.04544047167302884,0.0,0.04598566210043441,none,none,1891,227,user,0.9473684210526316,GPT,GPT,GPT,Bicycle
0.30190252348626123,1.753441947432185,0.15523941965632185,2.585638450997891,1.117649243607797,0.02152129193362483,2.493734953377406,none,none,1892,227,assistant,1.0,GPT,GPT,GPT,Bicycle
0.01865218883355573,0.0,0.0010127110821249315,1.0166032990601537,0.0002259198392978267,0.0,0.01399661955312207,none,none,1752,229,user,0.0,GPT,GPT,GPT,Bicycle
0.0,0.003892670705103831,0.0,0.9990955079944592,0.0,0.0,0.0,none,clarify,1757,229,assistant,0.0588235294117647,GPT,GPT,GPT,Bicycle
0.03049838401600156,0.9893643612695656,0.0,1.9835241770621765,0.004235966895978697,0.0,0.006937027005586032,none,clarify,1775,229,user,0.1176470588235294,GPT,GPT,GPT,Bicycle
0.27901326447656444,1.746343501534826,0.0,2.9958443322954524,0.6930025535153644,0.0,2.5230066270825944,none,none,1778,229,assistant,0.1764705882352941,GPT,GPT,GPT,Bicycle
0.07218977794467778,0.4470193950596425,0.013209129634219535,1.6955915915796806,0.0,0.0,0.821281213392945,none,clarify,1785,229,user,0.2352941176470588,GPT,GPT,GPT,Bicycle
1.0702631488548988,1.8366891153070943,0.04646133532728655,2.6184981850230535,0.3780366557392978,0.0237331183740299,2.6594332924320243,none,none,1786,229,assistant,0.2941176470588235,GPT,GPT,GPT,Bicycle
1.726456721045087,0.9142019967328547,0.0,1.8429682064352209,0.016050046565477573,0.4351535923181699,1.4282338818693008,none,none,1817,229,user,0.3529411764705882,GPT,GPT,GPT,Bicycle
0.31868715408635645,1.7519602887851982,0.0,2.65720619617286,0.38513592265039404,0.026729715877694835,2.071576039348917,none,none,1818,229,assistant,0.4117647058823529,GPT,GPT,GPT,Bicycle
0.39341027016545355,0.5007462684114695,0.0577958718029469,2.0115334105225933,0.6152993035416259,0.0,0.5777468035874,none,clarify,1835,229,user,0.4705882352941176,GPT,GPT,GPT,Bicycle
0.3053880988538198,1.4566254400181287,0.0,2.592892099659829,0.6581061826251401,0.03350115944974326,1.9192449304061128,none,none,1837,229,assistant,0.5294117647058824,GPT,GPT,GPT,Bicycle
0.09377369272449883,0.0,0.01040634232383796,1.0909831579968117,0.0,0.0,0.08072032685771574,none,clarify,1846,229,user,0.5882352941176471,GPT,GPT,GPT,Bicycle
0.7126592032481965,1.954609363978413,0.0,2.42775748032114,0.5499359297435237,0.16997799245634,1.9476616467111596,none,none,1848,229,assistant,0.6470588235294118,GPT,GPT,GPT,Bicycle
0.45934758656565183,0.33130576847267257,1.0720476315475094,1.731563532694107,0.30617943952550314,0.0027991323274546265,0.48506633211442496,neutral,none,1852,229,user,0.7058823529411765,GPT,GPT,GPT,Bicycle
0.3090430484789356,1.9904378108809229,0.0,2.7273783820037476,0.44216839070461295,0.0,2.809562572596073,none,none,1854,229,assistant,0.7647058823529411,GPT,GPT,GPT,Bicycle
1.053130788987042,0.6075043998751385,0.0,1.488867838141601,0.2756017929974196,0.0,0.7291305169272201,none,none,1857,229,user,0.8235294117647058,GPT,GPT,GPT,Bicycle
0.48806140882336096,2.048098411106054,0.11165868304365216,2.316806992246818,0.47762640453046706,0.0,1.9216046470624857,none,none,1858,229,assistant,0.8823529411764706,GPT,GPT,GPT,Bicycle
0.6033592207755571,0.0,0.002099220192822579,1.7904327031264962,0.30789784685273475,0.1451763079370146,0.8927217768121981,none,clarify,1861,229,user,0.9411764705882352,GPT,GPT,GPT,Bicycle
0.36022864375887653,1.9020458345516917,0.00043168191414849383,2.658992542964538,0.5794290062524675,0.006440520033024982,2.1937237495440787,none,none,1863,229,assistant,1.0,GPT,GPT,GPT,Bicycle
0.01865218883355573,0.0,0.0010127110821249315,1.0166032990601537,0.0002259198392978267,0.0,0.01399661955312207,none,none,1753,230,user,0.0,GPT,GPT,GPT,Bicycle
0.0,0.003892670705103831,0.0,0.9990955079944592,0.0,0.0,0.0,none,clarify,1756,230,assistant,0.1428571428571428,GPT,GPT,GPT,Bicycle
0.03049838401600156,0.9893643612695656,0.0,1.9835241770621765,0.004235966895978697,0.0,0.006937027005586032,none,clarify,1772,230,user,0.2857142857142857,GPT,GPT,GPT,Bicycle
0.27404824676301437,1.7503338721539388,0.11781975704843656,2.8749286801953295,0.4635901274386625,0.16202861371553304,2.6993623655708383,none,none,1774,230,assistant,0.4285714285714285,GPT,GPT,GPT,Bicycle
0.631017951201253,0.23131767199908423,1.2567583062059988,1.4997378331107598,0.035974161763601804,0.0,0.0,neutral,clarify,1823,230,user,0.5714285714285714,GPT,GPT,GPT,Bicycle
0.7119035642398787,1.537518186829816,0.16031130285337422,2.7662832371392536,0.4687393338206964,0.017915216426308982,1.507542262256236,none,none,1824,230,assistant,0.7142857142857143,GPT,GPT,GPT,Bicycle
0.9340793406432976,0.477343722677227,0.0,1.705948083508936,0.44422655488741764,0.5345655637094615,0.7808318257021691,none,clarify,1870,230,user,0.8571428571428571,GPT,GPT,GPT,Bicycle
0.5432295685699061,1.3149006062175608,0.0,2.5030792345759734,0.5342541995477957,0.2291251894692641,2.096800365384991,none,none,1872,230,assistant,1.0,GPT,GPT,GPT,Bicycle
0.01865218883355573,0.0,0.0010127110821249315,1.0166032990601537,0.0002259198392978267,0.0,0.01399661955312207,none,none,1755,231,user,0.0,GPT,GPT,GPT,Bicycle
0.0,0.003892670705103831,0.0,0.9990955079944592,0.0,0.0,0.0,none,clarify,1758,231,assistant,0.0666666666666666,GPT,GPT,GPT,Bicycle
0.03049838401600156,0.9893643612695656,0.0,1.9835241770621765,0.004235966895978697,0.0,0.006937027005586032,none,clarify,1779,231,user,0.1333333333333333,GPT,GPT,GPT,Bicycle
0.0,1.9175195818578714,0.00043168191414849383,2.9766439566747303,0.9323849855793712,0.0001616337733991991,2.8814881547460716,none,none,1780,231,assistant,0.2,GPT,GPT,GPT,Bicycle
0.4628088626116397,0.6495185745169996,0.0,2.2860634453795123,0.303537544504468,0.045927003556587326,1.9524109506633291,none,none,1800,231,user,0.2666666666666666,GPT,GPT,GPT,Bicycle
0.3561694013679289,1.934324266570442,0.005016395247316519,2.390629133182503,0.5466475144662969,0.0,2.27342923421859,none,none,1803,231,assistant,0.3333333333333333,GPT,GPT,GPT,Bicycle
0.12631037597524053,1.2838126485310928,0.17702030722133777,2.1600146255786274,0.26424817040165516,0.0,1.7874537179174421,none,open_what_if,1829,231,user,0.4,GPT,GPT,GPT,Bicycle
0.24746234355095492,2.0083671515505093,0.14073318942106527,2.5659419058624966,0.5573655448414959,0.0,2.2724509710689715,none,none,1830,231,assistant,0.4666666666666667,GPT,GPT,GPT,Bicycle
0.04612162366114478,0.3208030908130547,0.7104328996318297,1.3568741989402986,0.7092454874993058,0.0,0.6151987707112486,none,clarify,1845,231,user,0.5333333333333333,GPT,GPT,GPT,Bicycle
0.21637203308444203,1.7004924195454016,0.0,2.3872455627514504,0.7386278920787845,0.0,2.7323709489763934,none,none,1847,231,assistant,0.6,GPT,GPT,GPT,Bicycle
0.4099669065698177,0.4563189017403289,0.0,1.9226926633547698,0.6048177712498252,0.030760664083672232,1.185160747059412,none,clarify,1851,231,user,0.6666666666666666,GPT,GPT,GPT,Bicycle
0.47263734627264054,1.7253800280164242,0.17138082396540127,2.5527234805865633,0.6442138208832805,0.016111965208640236,2.56866496757146,none,none,1853,231,assistant,0.7333333333333333,GPT,GPT,GPT,Bicycle
0.17273327690616339,0.3228202497073877,0.0,1.5854354404322817,0.20339722025954524,0.008384104475350948,0.17983395541549374,none,clarify,1875,231,user,0.8,GPT,GPT,GPT,Bicycle
0.22206602221233113,1.6058759860615053,0.13872448897587245,2.732912497473924,0.772148035186508,0.0027772279717365738,2.5665303639325496,none,none,1876,231,assistant,0.8666666666666667,GPT,GPT,GPT,Bicycle
0.07598323014051286,0.3979475338422848,0.0,1.7575601826055296,0.3267708370231451,0.002439894836661088,0.7988296411807778,none,clarify,1882,231,user,0.9333333333333332,GPT,GPT,GPT,Bicycle
0.2269100077613989,1.789921197603125,0.13669936659601906,2.4360078326460384,0.6176179071687198,0.03279039267923228,2.4594776132845215,none,none,1884,231,assistant,1.0,GPT,GPT,GPT,Bicycle
0.01865218883355573,0.0,0.0010127110821249315,1.0166032990601537,0.0002259198392978267,0.0,0.01399661955312207,none,none,1759,232,user,0.0,GPT,GPT,GPT,Bicycle
0.0,0.003892670705103831,0.0,0.9990955079944592,0.0,0.0,0.0,none,clarify,1760,232,assistant,0.1111111111111111,GPT,GPT,GPT,Bicycle
0.03049838401600156,0.9893643612695656,0.0,1.9835241770621765,0.004235966895978697,0.0,0.006937027005586032,none,clarify,1776,232,user,0.2222222222222222,GPT,GPT,GPT,Bicycle
0.03686202502214066,1.8547377592655978,0.0,2.9267077153484964,0.9762910581473321,0.0,3.0,none,none,1777,232,assistant,0.3333333333333333,GPT,GPT,GPT,Bicycle
1.0162493629712435,0.5372210723527024,0.00929156639974112,1.794957482643857,0.14619678018471063,0.09001042077110247,1.4952501368133602,none,none,1819,232,user,0.4444444444444444,GPT,GPT,GPT,Bicycle
0.6271373344878193,1.6843992168929105,0.003656607837208355,2.75884710114886,0.7074013969854354,0.0,2.4924313399986575,none,none,1822,232,assistant,0.5555555555555556,GPT,GPT,GPT,Bicycle
0.9299367220096313,0.19080113426798817,0.032992676981128725,1.763651316833992,0.31136318448894884,0.06766252553438715,0.6830818966981849,none,clarify,1843,232,user,0.6666666666666666,GPT,GPT,GPT,Bicycle
0.3487948720408718,1.502327201905588,0.0,2.6963538564550045,0.42185794666135606,0.08046790683495898,2.1701122096149854,none,none,1844,232,assistant,0.7777777777777778,GPT,GPT,GPT,Bicycle
0.2961190621595104,0.5324551580338889,0.01830117888306946,1.0236391887039065,0.22631223673272077,0.0,0.06357890735267742,none,clarify,1887,232,user,0.8888888888888888,GPT,GPT,GPT,Bicycle
0.3182257053595706,1.7351127020242305,0.24047050811791496,2.82001223623651,0.8870036096499884,0.0,2.167907085439691,none,none,1890,232,assistant,1.0,GPT,GPT,GPT,Bicycle
0.01865218883355573,0.0,0.0010127110821249315,1.0166032990601537,0.0002259198392978267,0.0,0.01399661955312207,none,none,1761,233,user,0.0,GPT,GPT,GPT,Bicycle
0.0,0.003892670705103831,0.0,0.9990955079944592,0.0,0.0,0.0,none,clarify,1765,233,assistant,0.1111111111111111,GPT,GPT,GPT,Bicycle
0.48218183075413207,0.8232986333504647,0.1147044712598622,1.66926529617184,0.35150510055352574,0.0,1.2564892816200766,none,none,1791,233,user,0.2222222222222222,GPT,GPT,GPT,Bicycle
0.11482997073739518,1.3519381216793922,0.002440382359341317,2.6073229151122668,0.5185053308666231,0.0,2.2205519438719197,none,none,1792,233,assistant,0.3333333333333333,GPT,GPT,GPT,Bicycle
0.3276996758233942,0.3455537708816804,0.08505517415626038,1.9605459468923718,0.18589893203393854,0.0,1.1419807532152018,none,none,1809,233,user,0.4444444444444444,GPT,GPT,GPT,Bicycle
0.8290300692112668,1.6221902911427395,0.016264208868679277,2.3400856994462007,0.6383581542772379,0.18224919560375213,1.8174009603908552,none,none,1810,233,assistant,0.5555555555555556,GPT,GPT,GPT,Bicycle
0.5969316309990524,0.8624209433274366,0.0,2.071581538332227,0.40760793650710075,0.004753964011898775,1.3762783029589705,none,none,1833,233,user,0.6666666666666666,GPT,GPT,GPT,Bicycle
0.22202920712669216,1.5786470629854583,0.002440382359341317,2.3638646318488123,0.7539116181846076,0.2226944418643954,2.051830176142077,none,none,1834,233,assistant,0.7777777777777778,GPT,GPT,GPT,Bicycle
0.5476865360690484,0.4720133335150112,0.24302861884210758,2.3553225946017347,0.35638984849817884,0.006976437457553626,2.0075944215067767,none,none,1864,233,user,0.8888888888888888,GPT,GPT,GPT,Bicycle
0.9579221232179842,1.4862320881197226,0.0028330858359135094,2.291226382598571,0.7025447015648162,0.03519796276390058,2.1777872331466948,none,none,1866,233,assistant,1.0,GPT,GPT,GPT,Bicycle
0.01865218883355573,0.0,0.0010127110821249315,1.0166032990601537,0.0002259198392978267,0.0,0.01399661955312207,none,none,1762,234,user,0.0,GPT,GPT,GPT,Bicycle
0.0,0.003892670705103831,0.0,0.9990955079944592,0.0,0.0,0.0,none,clarify,1768,234,assistant,0.0666666666666666,GPT,GPT,GPT,Bicycle
0.03049838401600156,0.9893643612695656,0.0,1.9835241770621765,0.004235966895978697,0.0,0.006937027005586032,none,clarify,1781,234,user,0.1333333333333333,GPT,GPT,GPT,Bicycle
0.0068424416071373615,1.894276278716576,0.0,2.867604960449479,0.8233985487746959,0.0,2.4513365601274115,none,none,1783,234,assistant,0.2,GPT,GPT,GPT,Bicycle
0.14510488950448533,0.3764271454358557,0.0025536514418559968,1.6615915154818828,0.0953192922173024,0.005139333075413544,0.960564717303,none,clarify,1795,234,user,0.2666666666666666,GPT,GPT,GPT,Bicycle
0.41319357899682413,1.5758254772090308,0.14073318942106527,2.6983274663010066,0.5353883640526713,0.0,1.5773347481183708,none,none,1796,234,assistant,0.3333333333333333,GPT,GPT,GPT,Bicycle
0.43246833139546187,0.32431640069213186,0.3762577294703282,1.8971243241147167,0.02331673520880352,0.14737186252920037,0.8265971076992992,neutral,none,1812,234,user,0.4,GPT,GPT,GPT,Bicycle
0.23302421071315566,0.31578995796932535,0.0,2.4433809895503376,0.40402091120020894,0.051980032773099344,1.6556151157885537,none,none,1814,234,assistant,0.4666666666666667,GPT,GPT,GPT,Bicycle
0.0,0.07346824449506241,0.0007498081276178986,1.5331472567554496,0.34811560258674346,0.034742172870688114,0.037937048517630835,none,clarify,1825,234,user,0.5333333333333333,GPT,GPT,GPT,Bicycle
0.8245234742250864,1.0336488814057725,0.0,2.597921435390639,0.361281481414182,0.33000829898873346,2.54887469563485,none,none,1826,234,assistant,0.6,GPT,GPT,GPT,Bicycle
0.7948209289503392,0.2413578248710237,0.0,1.9151769823546325,0.13000543180684693,0.3083726050367614,0.8861509891926717,none,clarify,1841,234,user,0.6666666666666666,GPT,GPT,GPT,Bicycle
0.9716439430583604,1.29845556307551,0.0,2.6489485062272196,0.6626258971181141,0.36632759059775666,2.4196036072439493,none,none,1842,234,assistant,0.7333333333333333,GPT,GPT,GPT,Bicycle
0.2841112359748668,0.12456697385620011,0.16941923097366968,1.6437623604818608,0.24522121463761987,0.2517704405276122,0.6799685460142115,none,clarify,1849,234,user,0.8,GPT,GPT,GPT,Bicycle
0.4292061308043322,1.1209836163506097,0.011043912257312861,2.1728543298496494,0.565786802468335,0.051162269628469065,2.2628594546738108,none,none,1850,234,assistant,0.8666666666666667,GPT,GPT,GPT,Bicycle
0.1917696370331364,0.5626716666330743,0.13650666399858155,1.9678307606737178,0.2168492147282399,0.13304349783284636,0.8884929046243221,none,none,1867,234,user,0.9333333333333332,GPT,GPT,GPT,Bicycle
0.6350075814374466,0.3972397972662447,0.0,2.8131869126096385,0.38775091678283746,0.03111125172330167,1.839786080256502,none,none,1868,234,assistant,1.0,GPT,GPT,GPT,Bicycle
0.01865218883355573,0.0,0.0010127110821249315,1.0166032990601537,0.0002259198392978267,0.0,0.01399661955312207,none,none,1764,236,user,0.0,GPT,GPT,GPT,Bicycle
0.0,0.003892670705103831,0.0,0.9990955079944592,0.0,0.0,0.0,none,clarify,1767,236,assistant,0.0434782608695652,GPT,GPT,GPT,Bicycle
0.03049838401600156,0.9893643612695656,0.0,1.9835241770621765,0.004235966895978697,0.0,0.006937027005586032,none,clarify,1782,236,user,0.0869565217391304,GPT,GPT,GPT,Bicycle
0.04012085202029068,0.8851376430478148,0.22424688010755897,2.892847408342659,1.110108825201317,0.03678577631609646,2.4254649784076365,none,none,1784,236,assistant,0.1304347826086956,GPT,GPT,GPT,Bicycle
0.6920708211676871,0.1588929803061184,0.2709115141209332,1.8793286673133773,0.20193974679772822,0.0,1.789749762008387,none,none,1789,236,user,0.1739130434782608,GPT,GPT,GPT,Bicycle
0.7522387658920153,0.6568046074095188,0.1974368033691836,2.417869151259591,0.4395336014263616,0.06527649341032102,1.9898793432953934,none,none,1790,236,assistant,0.217391304347826,GPT,GPT,GPT,Bicycle
0.7653101748820115,0.22350948190164865,0.0010033552067115388,2.050125214131792,0.061546510061386304,0.13726411319229248,1.138027799497883,none,clarify,1799,236,user,0.2608695652173913,GPT,GPT,GPT,Bicycle
0.6346411851763931,0.5078989518122843,0.12352320511538727,2.8120240682042055,0.657026198708255,0.4435909024521552,1.5108423980518741,none,none,1801,236,assistant,0.3043478260869565,GPT,GPT,GPT,Bicycle
0.5848605853803582,0.35995896588420967,0.16278007570145106,1.7329298791510304,0.3982808923900878,0.09236695004704805,0.6923628709035748,none,clarify,1815,236,user,0.3478260869565217,GPT,GPT,GPT,Bicycle
0.17960871410357143,1.7476313284406462,0.054586179831135784,2.6463495647653374,0.43304429654842796,0.0,1.7927999594187622,none,none,1816,236,assistant,0.391304347826087,GPT,GPT,GPT,Bicycle
0.43747128963763454,0.3055146687188407,0.1502511899479282,1.9262413763287005,0.1797904032257101,0.0341427095000455,1.2279634802930877,none,none,1831,236,user,0.4347826086956521,GPT,GPT,GPT,Bicycle
0.4478985313790522,1.3861988071014835,0.0,2.3679994026582234,0.3721972370876067,0.0,2.2634180858269874,none,none,1832,236,assistant,0.4782608695652174,GPT,GPT,GPT,Bicycle
0.7821988540481495,0.18672807643194,0.0,1.9471084202906257,0.141534807409839,0.0,0.7559115366186672,none,clarify,1859,236,user,0.5217391304347826,GPT,GPT,GPT,Bicycle
0.5669749986924397,1.5405642304203724,0.040118728052051904,2.651002199815449,0.6092315892246307,0.08642640862291706,1.513804101450438,none,none,1860,236,assistant,0.5652173913043478,GPT,GPT,GPT,Bicycle
0.4528205148372124,0.08402309676142272,0.16231499495796978,1.7040737066386764,0.11981089530596932,0.0,0.8942179934163376,none,none,1869,236,user,0.6086956521739131,GPT,GPT,GPT,Bicycle
1.1437696613001154,1.7618270506350109,0.07506113016342707,2.2474823353412265,0.4531919470758988,0.38321434030617046,1.686231260547985,none,open_what_if,1871,236,assistant,0.6521739130434783,GPT,GPT,GPT,Bicycle
0.7502661344550462,0.6368766938682058,0.023563575003262425,2.0206303013911113,0.2173523876444021,0.0,0.839176449954655,none,none,1877,236,user,0.6956521739130435,GPT,GPT,GPT,Bicycle
0.2987821671758406,1.4521607427772207,0.19832012303859914,2.5920266637571205,0.4922612316796053,0.0,2.108190952037127,none,none,1878,236,assistant,0.7391304347826086,GPT,GPT,GPT,Bicycle
0.37461657657230735,0.49568994050532994,0.24430325062048225,2.097304861634022,0.18066537633250299,0.013623474865975269,0.9293251981996,none,none,1893,236,user,0.782608695652174,GPT,GPT,GPT,Bicycle
0.6132744652338853,0.84062712640463,0.011994072479059434,2.649337410827317,0.9257668516978822,0.018541283343862076,2.1854309170856823,none,none,1894,236,assistant,0.8260869565217391,GPT,GPT,GPT,Bicycle
0.11447158345338818,0.6697285941097133,0.18154882426636887,1.7573803402290245,0.04122464731711425,0.33230405945491,0.6230739534144161,none,clarify,1897,236,user,0.8695652173913043,GPT,GPT,GPT,Bicycle
0.5303368736559206,1.7481837945245993,0.012766291919593211,2.3589740082945365,0.3770642851388509,0.022492787841899495,2.2687415598192695,none,none,1898,236,assistant,0.9130434782608696,GPT,GPT,GPT,Bicycle
0.49854330047866163,0.19241616070009046,0.0,1.8964791030121226,0.5636336137935466,0.0,0.1335125709127052,none,none,1899,236,user,0.9565217391304348,GPT,GPT,GPT,Bicycle
0.99333304666625,1.0202006660442537,0.020759794727558845,2.579062426762383,0.7864757944049464,0.4411729445805494,1.085711099628864,none,none,1900,236,assistant,1.0,GPT,GPT,GPT,Bicycle
0.01865218883355573,0.0,0.0010127110821249315,1.0166032990601537,0.0002259198392978267,0.0,0.01399661955312207,none,none,1909,241,user,0.0,GPT,GPT,GPT,Bicycle
0.0,0.003892670705103831,0.0,0.9990955079944592,0.0,0.0,0.0,none,clarify,1910,241,assistant,0.0588235294117647,GPT,GPT,GPT,Bicycle
0.03049838401600156,0.9893643612695656,0.0,1.9835241770621765,0.004235966895978697,0.0,0.006937027005586032,none,clarify,1920,241,user,0.1176470588235294,GPT,GPT,GPT,Bicycle
0.10727953875997036,1.9144479622794737,0.0,2.9477627294099626,0.9270603211664421,0.007312445853418355,2.9178341444723253,none,none,1921,241,assistant,0.1764705882352941,GPT,GPT,GPT,Bicycle
0.839655744166339,1.0243054447490518,0.0,1.9903031360329912,0.18140661161072308,0.04144786703845026,0.6827957169681856,none,none,1945,241,user,0.2352941176470588,GPT,GPT,GPT,Bicycle
0.8834398221446131,1.6662493443647117,0.046223042797423855,2.0039031143730917,0.04247201962874846,0.007748455756269831,1.2108900577769837,none,open_what_if,1946,241,assistant,0.2941176470588235,GPT,GPT,GPT,Bicycle
0.40333173181931464,0.7563321002251844,1.1521416261176574,2.1332365791425785,0.5023883228314984,0.0,0.5322074274786518,neutral,none,1961,241,user,0.3529411764705882,GPT,GPT,GPT,Bicycle
0.7071775078916622,1.3823603159066487,0.0,2.6621564298306786,0.9548002226229366,0.0,2.329563582902525,none,none,1962,241,assistant,0.4117647058823529,GPT,GPT,GPT,Bicycle
0.5909835294431436,0.8879784930139635,0.011043912257312861,2.17981794280621,0.1332525933979236,0.03767566976581538,0.8080224104661445,none,none,1982,241,user,0.4705882352941176,GPT,GPT,GPT,Bicycle
0.6082393895681703,1.655129329205201,0.007143689707785132,2.5349577749656373,0.4494340429290793,0.176745852802615,2.171209292412002,none,none,1985,241,assistant,0.5294117647058824,GPT,GPT,GPT,Bicycle
0.42742242339550235,0.6277017242941242,0.138352276069288,2.0002349951716054,0.05426146010002877,0.0,0.9319363339083249,none,clarify,1999,241,user,0.5882352941176471,GPT,GPT,GPT,Bicycle
0.11843237963533175,1.1458563455128077,0.0,2.5782221183901877,0.39628130811931606,0.06224872941432375,2.281772277874421,none,none,2000,241,assistant,0.6470588235294118,GPT,GPT,GPT,Bicycle
0.6096565532446041,0.2057285844874373,0.0,1.9462455168544655,0.21521924215461602,0.06351908643451469,1.4645261664002571,none,none,2015,241,user,0.7058823529411765,GPT,GPT,GPT,Bicycle
0.5139524115843419,1.0376769449883039,0.0,2.2352635794948834,0.39606822403655423,0.1185086176492798,2.1161570156331853,none,none,2016,241,assistant,0.7647058823529411,GPT,GPT,GPT,Bicycle
0.2031180324609421,0.26854319634212315,0.28391371628286555,2.025611484421113,0.15029570575714116,0.07506645876893589,0.5015386733142443,none,none,2028,241,user,0.8235294117647058,GPT,GPT,GPT,Bicycle
0.041274899281565934,1.318714894095776,0.0817115641472665,2.4196396863951035,0.820538659760752,0.10687918662556989,1.6606504031597054,none,none,2029,241,assistant,0.8823529411764706,GPT,GPT,GPT,Bicycle
0.6973116916713772,0.3302246044524684,0.05890175683957807,2.3786104944147035,0.13507194914964035,0.04850364052430809,0.5500223964183255,none,none,2037,241,user,0.9411764705882352,GPT,GPT,GPT,Bicycle
0.909127285325426,0.44704785788380763,0.0,2.5765195089274155,0.7105932598926739,0.08170402288597209,1.4698287836134962,none,none,2038,241,assistant,1.0,GPT,GPT,GPT,Bicycle
0.01865218883355573,0.0,0.0010127110821249315,1.0166032990601537,0.0002259198392978267,0.0,0.01399661955312207,none,none,1915,244,user,0.0,GPT,GPT,GPT,Bicycle
0.0,0.003892670705103831,0.0,0.9990955079944592,0.0,0.0,0.0,none,clarify,1918,244,assistant,0.0769230769230769,GPT,GPT,GPT,Bicycle
0.10643660945459199,0.9153794299892872,0.0,1.962880399073128,0.08304238192707912,0.0,0.0663729957814037,none,clarify,1933,244,user,0.1538461538461538,GPT,GPT,GPT,Bicycle
0.20814051309572038,1.8082286540749344,0.06354647450749477,2.8540859464595396,0.7623436212241557,0.011457982947264425,2.9321416354660323,none,none,1934,244,assistant,0.2307692307692307,GPT,GPT,GPT,Bicycle
0.11423476909578292,0.4211837896198937,0.9408556492783441,1.840301026619662,0.09005377102836522,0.028328132510653015,0.45476954555556354,constructive,clarify,1953,244,user,0.3076923076923077,GPT,GPT,GPT,Bicycle
0.18744300821183865,0.45435627627053915,0.0,2.406432594062636,0.5805707210325427,0.0476983443858687,1.147326965627023,none,none,1954,244,assistant,0.3846153846153846,GPT,GPT,GPT,Bicycle
0.36810818430365616,0.31069146029421774,0.06843074145519128,1.7758991014592314,0.008272260929516585,0.0,1.1313573467621925,none,criteria_setting,1975,244,user,0.4615384615384615,GPT,GPT,GPT,Bicycle
0.8838708597900911,1.2908137329478235,0.06354647450749477,2.326198921817759,0.34428139949868414,0.2837089633854445,1.7790375884312193,none,none,1976,244,assistant,0.5384615384615384,GPT,GPT,GPT,Bicycle
0.08793509688199733,0.0730054900565073,0.0,1.0234999407913357,0.0,0.009019485704200601,0.09780773567483736,none,clarify,1988,244,user,0.6153846153846154,GPT,GPT,GPT,Bicycle
1.1962997400639765,1.5661460577843693,0.2634107080232613,2.4788914157662885,0.5038746930611288,0.09478918942167784,1.6028927235280195,none,none,1989,244,assistant,0.6923076923076923,GPT,GPT,GPT,Bicycle
0.14082970997594638,0.7661386838824173,0.003178197618647623,1.588257463829672,0.312554587165317,0.010800422115554032,0.6431707699258465,none,none,2024,244,user,0.7692307692307693,GPT,GPT,GPT,Bicycle
0.0619332262173463,2.0992822176491632,0.0,2.729600288521891,0.5484131516747748,0.0038392440169229456,2.348631970749667,none,none,2026,244,assistant,0.8461538461538461,GPT,GPT,GPT,Bicycle
0.5070294219394703,0.22917381263886477,0.33667343519581155,1.387604169657491,0.19144279247452092,0.08204637019227058,0.16747589217651077,none,clarify,2041,244,user,0.9230769230769232,GPT,GPT,GPT,Bicycle
0.6598227425910071,1.4553091067596176,0.0,2.4443962650521502,0.5585707739655534,0.05906238768383592,1.7556276886887032,none,none,2043,244,assistant,1.0,GPT,GPT,GPT,Bicycle
0.01865218883355573,0.0,0.0010127110821249315,1.0166032990601537,0.0002259198392978267,0.0,0.01399661955312207,none,none,2060,261,user,0.0,Divergent,Persona,Divergent,Library
0.0,0.003892670705103831,0.0,0.9990955079944592,0.0,0.0,0.0,none,clarify,2063,261,assistant,0.1111111111111111,Divergent,Persona,Divergent,Library
0.008715222563156034,0.9966724427189927,0.0,1.9869316469784641,0.0,0.002672053286864946,0.0,none,clarify,2065,261,user,0.2222222222222222,Divergent,Persona,Divergent,Library
1.3709656549406888,1.6636056104906696,0.0,2.091039929644615,0.07142969859660599,0.31160878473426945,1.2629398513003598,none,open_what_if,2066,261,assistant,0.3333333333333333,Divergent,Persona,Divergent,Library
0.10465672476971888,0.9479038851070044,0.45021278832810585,1.5931264433187695,0.006726024054194651,0.037272666400879076,0.2792408521156502,none,clarify,2099,261,user,0.4444444444444444,Divergent,Persona,Divergent,Library
1.9724731797426138,1.0171876833825562,0.0,1.9965068663471002,0.0,0.9771706191683951,0.9816062185421611,none,open_what_if,2100,261,assistant,0.5555555555555556,Divergent,Persona,Divergent,Library
0.08808136267837054,0.8888288540451925,0.0229963538110539,1.375341841465404,0.6581777071840019,0.02547965721971922,0.896770129224171,none,clarify,2131,261,user,0.6666666666666666,Divergent,Persona,Divergent,Library
0.5978553392200602,1.7078281677786835,0.08370565025686288,2.0575959589644404,0.4936239561756668,0.2684694947856725,1.1790645145133969,none,open_what_if,2133,261,assistant,0.7777777777777778,Divergent,Persona,Divergent,Library
0.05735154200469438,0.9606959100288315,0.026413681179168674,1.934972664438883,0.045006638022900405,0.010185079526496376,0.031696355636009685,none,clarify,2153,261,user,0.8888888888888888,Divergent,Persona,Divergent,Library
0.5615558234471126,1.9762676804414738,0.20429538339044212,2.2704185030093664,0.3993435169661133,0.11772627277070219,1.3468844167922374,none,open_what_if,2154,261,assistant,1.0,Divergent,Persona,Divergent,Library
0.01865218883355573,0.0,0.0010127110821249315,1.0166032990601537,0.0002259198392978267,0.0,0.01399661955312207,none,none,2183,279,user,0.0,Divergent,Persona,Divergent,Library
0.0,0.003892670705103831,0.0,0.9990955079944592,0.0,0.0,0.0,none,clarify,2185,279,assistant,0.1111111111111111,Divergent,Persona,Divergent,Library
0.008715222563156034,0.9966724427189927,0.0,1.9869316469784641,0.0,0.002672053286864946,0.0,none,clarify,2191,279,user,0.2222222222222222,Divergent,Persona,Divergent,Library
1.1993803696191505,1.4440745439800273,0.0,2.0289974534578477,0.0,0.48696769674315965,1.188580300994016,none,open_what_if,2193,279,assistant,0.3333333333333333,Divergent,Persona,Divergent,Library
0.015449664403822408,0.43997499629882875,0.035999549954916894,1.2382819835926515,0.2413119294280861,0.0,0.42760702528377836,none,none,2198,279,user,0.4444444444444444,Divergent,Persona,Divergent,Library
1.916026739218276,1.8674186080882518,0.5272983817501472,2.387619274042585,0.23096908701794927,0.3097786356698458,1.1807509291162832,none,open_what_if,2202,279,assistant,0.5555555555555556,Divergent,Persona,Divergent,Library
0.3837936179903002,0.5993897111686741,0.008973420336987102,2.153611511530828,0.4866257864125573,0.30122143439950305,0.529021340834434,none,none,2215,279,user,0.6666666666666666,Divergent,Persona,Divergent,Library
1.2926329091800495,1.4394920726019766,0.019622509817190787,2.1771693492477997,0.12950764761344133,0.965398522294613,1.1813446402601595,none,open_what_if,2217,279,assistant,0.7777777777777778,Divergent,Persona,Divergent,Library
0.9661711677376664,0.940518588678141,0.06533836862827555,2.0265386535025147,0.030154768683585582,0.017615077720960434,1.938573479775941,none,none,2251,279,user,0.8888888888888888,Divergent,Persona,Divergent,Library
0.9292563585437364,1.4790763221247034,0.0,1.9881710968530684,0.503144879669986,0.10167932505567266,1.3884164697766084,none,open_what_if,2253,279,assistant,1.0,Divergent,Persona,Divergent,Library
0.01865218883355573,0.0,0.0010127110821249315,1.0166032990601537,0.0002259198392978267,0.0,0.01399661955312207,none,none,2282,295,user,0.0,Divergent,Persona,Divergent,Library
0.0,0.003892670705103831,0.0,0.9990955079944592,0.0,0.0,0.0,none,clarify,2284,295,assistant,0.0909090909090909,Divergent,Persona,Divergent,Library
0.008715222563156034,0.9966724427189927,0.0,1.9869316469784641,0.0,0.002672053286864946,0.0,none,clarify,2298,295,user,0.1818181818181818,Divergent,Persona,Divergent,Library
0.49095530640851226,1.1045221211356575,0.061633789434708215,2.1237649834819043,0.0,0.1166393861796041,0.7983818802270458,none,clarify,2299,295,assistant,0.2727272727272727,Divergent,Persona,Divergent,Library
0.04083349984435738,0.10590809682291438,0.0009172342759983645,2.0203726146319925,0.05184243552371947,0.0,1.9484928253280138,none,none,2327,295,user,0.3636363636363636,Divergent,Persona,Divergent,Library
1.16781476258532,1.4134741040765655,0.0,1.988129483657845,0.0081473378940854,1.0650996127815409,1.1484470750212565,none,open_what_if,2329,295,assistant,0.4545454545454545,Divergent,Persona,Divergent,Library
0.6356637871777172,1.0802435741132896,0.09122652113881248,2.1134424867202344,0.15799461897948913,0.2318552789878185,1.550871069852579,none,none,2355,295,user,0.5454545454545454,Divergent,Persona,Divergent,Library
2.5430035704644998,1.2108468779258854,0.10796212933335989,1.8267935359574425,0.4440423499235551,0.9545546997554942,1.64395776025621,none,open_what_if,2356,295,assistant,0.6363636363636364,Divergent,Persona,Divergent,Library
0.4473467042262,0.6055397191916396,0.012336195953542926,2.1188825405721703,0.34053952269189874,0.13708576479935658,1.3939173019841236,none,none,2385,295,user,0.7272727272727273,Divergent,Persona,Divergent,Library
1.320987286044013,1.0903087622807364,0.0,1.8295046096265082,0.17085279986530857,0.9135880339704708,1.299146098070845,none,open_what_if,2386,295,assistant,0.8181818181818182,Divergent,Persona,Divergent,Library
0.5174534166127701,0.8209919269437883,0.0030128300933739767,2.1912835229303664,0.739546431934714,0.13361900848627403,1.421657061273009,none,none,2407,295,user,0.9090909090909092,Divergent,Persona,Divergent,Library
1.7528503009961136,1.08389037019345,0.0,1.8604235296944762,0.37785842020286237,0.7755965357897963,1.1404732564020696,none,open_what_if,2408,295,assistant,1.0,Divergent,Persona,Divergent,Library
0.01865218883355573,0.0,0.0010127110821249315,1.0166032990601537,0.0002259198392978267,0.0,0.01399661955312207,none,none,2285,296,user,0.0,Divergent,Persona,Divergent,Library
0.0,0.003892670705103831,0.0,0.9990955079944592,0.0,0.0,0.0,none,clarify,2287,296,assistant,0.0526315789473684,Divergent,Persona,Divergent,Library
0.008715222563156034,0.9966724427189927,0.0,1.9869316469784641,0.0,0.002672053286864946,0.0,none,clarify,2297,296,user,0.1052631578947368,Divergent,Persona,Divergent,Library
0.7749930080107583,1.2359010710755465,0.0,2.413964075406552,0.022748993403886232,0.22245616765956286,0.5985422836380356,none,criteria_setting,2300,296,assistant,0.1578947368421052,Divergent,Persona,Divergent,Library
0.040937367079695745,0.9551356778372792,0.0,2.0543490287776454,0.053918371019840136,0.007440304218212999,1.1742965295823713,none,none,2335,296,user,0.2105263157894736,Divergent,Persona,Divergent,Library
1.045402584162066,1.2967317991352805,0.003178197618647623,2.1081970855626637,0.12185893091570378,0.2246642210842216,1.3525270696813276,none,open_what_if,2336,296,assistant,0.2631578947368421,Divergent,Persona,Divergent,Library
0.180627548853444,0.3679835653694414,0.3165138054717364,1.9679247102031454,0.2816577445778951,0.36040052449175,0.9003629055959942,none,none,2343,296,user,0.3157894736842105,Divergent,Persona,Divergent,Library
1.5164113611923309,1.423124980840208,0.008698064913319498,2.0911887966979985,0.022641180830911125,0.9856189886898488,1.4651028631186023,none,open_what_if,2344,296,assistant,0.3684210526315789,Divergent,Persona,Divergent,Library
0.35258409455203893,0.5247141596823053,0.0,1.9374968038391578,0.0892738140378214,0.2943891646008424,1.4290295747013313,none,none,2348,296,user,0.4210526315789473,Divergent,Persona,Divergent,Library
0.8095462303136779,1.6306423088103554,0.005007928247849588,2.0258541133024974,0.19617289941110996,0.22843194286047358,1.4215375030522979,none,open_what_if,2350,296,assistant,0.4736842105263157,Divergent,Persona,Divergent,Library
0.05162727728812111,0.3388725580640429,0.00828360462058569,1.915042813835109,0.15959818978757984,0.09374805163320482,0.5403010457522445,none,clarify,2357,296,user,0.5263157894736842,Divergent,Persona,Divergent,Library
1.6931392030801782,1.381444644892225,0.0029992278026567715,1.9852298430871111,0.026234845412179346,1.1220068888119104,1.0127636614169817,none,open_what_if,2358,296,assistant,0.5789473684210527,Divergent,Persona,Divergent,Library
0.20040908539667998,0.555227098705777,0.35215977258495806,1.8454958214438013,0.258914587567228,0.02224171230193302,0.5248858478388585,none,clarify,2372,296,user,0.631578947368421,Divergent,Persona,Divergent,Library
2.780769679762651,1.0737441460488157,0.03310599214541491,2.012294127923649,0.0,1.9226270922349868,1.038370487725519,none,open_what_if,2374,296,assistant,0.6842105263157895,Divergent,Persona,Divergent,Library
0.33299123770866795,0.1266767045621975,0.12168157176975931,1.6454970641895095,0.17319189937411775,0.0,0.523377756744233,none,none,2375,296,user,0.7368421052631579,Divergent,Persona,Divergent,Library
1.5294358034423103,1.6286237600796087,0.013518181870367177,1.888013346811869,0.22771018262554907,0.25355697534878774,1.298138596685773,none,open_what_if,2377,296,assistant,0.7894736842105263,Divergent,Persona,Divergent,Library
0.04893707140622615,0.15908566615058836,0.12076591435749044,1.7828544421142063,0.5149830519408173,0.0,0.7207834015701016,none,clarify,2391,296,user,0.8421052631578947,Divergent,Persona,Divergent,Library
1.1492251431330918,1.782047340018347,0.2910706925167345,2.008675632456132,0.23549778454913908,0.06779441782197727,0.8481645532829867,none,open_what_if,2392,296,assistant,0.8947368421052632,Divergent,Persona,Divergent,Library
0.17897692128948134,0.5045889944275794,0.4459862004085613,2.077421938402339,0.30864954728460703,0.09193559251817997,1.1546147112890763,none,clarify,2405,296,user,0.9473684210526316,Divergent,Persona,Divergent,Library
1.0458690741933847,1.5140357650431548,0.056118907468531855,1.93047391739932,0.1120988464014061,0.3658219256029933,1.1673516630740224,none,open_what_if,2406,296,assistant,1.0,Divergent,Persona,Divergent,Library
0.01865218883355573,0.0,0.0010127110821249315,1.0166032990601537,0.0002259198392978267,0.0,0.01399661955312207,none,none,2286,297,user,0.0,Divergent,Persona,Divergent,Library
0.0,0.003892670705103831,0.0,0.9990955079944592,0.0,0.0,0.0,none,clarify,2289,297,assistant,0.0588235294117647,Divergent,Persona,Divergent,Library
0.008715222563156034,0.9966724427189927,0.0,1.9869316469784641,0.0,0.002672053286864946,0.0,none,clarify,2303,297,user,0.1176470588235294,Divergent,Persona,Divergent,Library
0.9440018708111839,2.0789858954119165,0.006734082826910851,2.2375481915936652,0.04955441546668561,0.10823556696448171,0.8346357538761765,none,open_what_if,2306,297,assistant,0.1764705882352941,Divergent,Persona,Divergent,Library
0.19274364247544715,0.21067207292948967,0.0,2.026206856164777,0.25666313529246565,0.05744251460646405,0.7603796479379163,none,clarify,2315,297,user,0.2352941176470588,Divergent,Persona,Divergent,Library
2.035671821248705,1.536214607704391,0.0,2.18381646398843,0.014545079595148355,0.13078948560509504,0.8740675300172914,none,open_what_if,2316,297,assistant,0.2941176470588235,Divergent,Persona,Divergent,Library
0.689668199911711,0.3889355164417183,0.007264048121339321,1.9203192164046214,0.5322332001512641,0.2531120439697804,0.6132898288442578,none,none,2323,297,user,0.3529411764705882,Divergent,Persona,Divergent,Library
1.9357503804126353,1.4426585148737527,0.22295512233667095,2.103388494578015,0.010722962750128524,0.7645647543251457,1.50204466236546,none,open_what_if,2325,297,assistant,0.4117647058823529,Divergent,Persona,Divergent,Library
0.46111118702157133,1.1245781465783422,0.066157290510662,1.9617178070041592,0.16612345834505604,0.2859990776970399,0.861013074193566,none,clarify,2341,297,user,0.4705882352941176,Divergent,Persona,Divergent,Library
2.9641716247746075,1.061727963316514,0.019652079476169072,1.9677238309871887,0.0013878517528372251,1.9804606400373919,1.0304353378509192,none,open_what_if,2342,297,assistant,0.5294117647058824,Divergent,Persona,Divergent,Library
0.8115007617922975,0.7733276057828767,0.0,1.8539853877309302,0.8128992537618018,0.009225733299245727,1.9108721368653006,none,none,2361,297,user,0.5882352941176471,Divergent,Persona,Divergent,Library
1.3510174490581237,1.445682679078851,0.0,1.8285735050342302,0.3471756263313044,0.9574563412302278,1.7276228548375652,none,open_what_if,2362,297,assistant,0.6470588235294118,Divergent,Persona,Divergent,Library
0.8859064860247787,0.5236807030403506,0.15478000687994173,2.1177124067556234,0.5222021801513889,0.25130222911378436,1.4131699401172033,none,none,2382,297,user,0.7058823529411765,Divergent,Persona,Divergent,Library
0.6997692260567336,1.3776308524449419,0.0,2.0497379032690692,0.021412037238164674,0.4349695431241828,1.1498870232825333,none,open_what_if,2383,297,assistant,0.7647058823529411,Divergent,Persona,Divergent,Library
0.3229511122130352,0.4467048025136831,0.16686343336045917,1.95957618587284,0.04974713008216357,0.0,0.975542570156074,none,none,2400,297,user,0.8235294117647058,Divergent,Persona,Divergent,Library
0.8321679695671003,1.9096596610591479,0.006453873991383723,2.1578245936119975,0.37848925041721204,0.12703392581597717,1.5490630015301632,none,open_what_if,2402,297,assistant,0.8823529411764706,Divergent,Persona,Divergent,Library
0.895768773498576,0.5844945698809364,0.016082552584129665,2.0004115617632396,0.4931818784236144,0.36167164615161396,1.2478635786698697,none,none,2417,297,user,0.9411764705882352,Divergent,Persona,Divergent,Library
1.9634683830077455,1.3377278488953608,0.007694426446575224,1.8681669933871374,0.5817541767082353,0.38013690983310927,1.7198699014105283,none,open_what_if,2420,297,assistant,1.0,Divergent,Persona,Divergent,Library
0.01865218883355573,0.0,0.0010127110821249315,1.0166032990601537,0.0002259198392978267,0.0,0.01399661955312207,none,none,2288,298,user,0.0,Divergent,Persona,Divergent,Library
0.0,0.003892670705103831,0.0,0.9990955079944592,0.0,0.0,0.0,none,clarify,2291,298,assistant,0.0588235294117647,Divergent,Persona,Divergent,Library
0.008715222563156034,0.9966724427189927,0.0,1.9869316469784641,0.0,0.002672053286864946,0.0,none,clarify,2301,298,user,0.1176470588235294,Divergent,Persona,Divergent,Library
1.905692319528442,1.5382678625012955,0.005640978826820924,2.0988021607930176,0.02178139498043332,1.3157314389522348,1.1042724241786896,none,open_what_if,2307,298,assistant,0.1764705882352941,Divergent,Persona,Divergent,Library
0.7188924816659515,0.30543783528249946,0.011428143840985722,1.9291260064884739,0.10750523255068442,0.13159946230356764,0.947562885048034,none,none,2317,298,user,0.2352941176470588,Divergent,Persona,Divergent,Library
1.97030775022129,1.0163726916000624,0.0,1.947849493044488,0.022887003312241385,0.9383992370068424,1.1490329324847717,none,open_what_if,2318,298,assistant,0.2941176470588235,Divergent,Persona,Divergent,Library
1.2308459901345228,0.6325757121801944,0.0,2.0391330247097517,0.25309391584361507,0.04273120061499368,1.3014181658247483,none,none,2331,298,user,0.3529411764705882,Divergent,Persona,Divergent,Library
1.535896759155172,1.4015244253967063,0.11103482546450726,1.9954699356156171,0.10716281216517422,0.7975021530623043,1.1161297145914577,none,open_what_if,2332,298,assistant,0.4117647058823529,Divergent,Persona,Divergent,Library
0.5042229711274383,0.8999699923440447,0.049401389706343446,1.9881921381890801,0.6338500366401969,0.08156644022811355,1.2628066263598399,none,none,2347,298,user,0.4705882352941176,Divergent,Persona,Divergent,Library
1.1979830227657446,1.3347199738855708,0.0,2.043278089794201,0.1233402992648332,0.7131240562675913,1.4282773531460828,none,open_what_if,2349,298,assistant,0.5294117647058824,Divergent,Persona,Divergent,Library
0.7004570033397477,0.5746793108273911,0.01013210375769869,1.892242208730867,0.12009963653703887,0.375376945525051,0.9980342595856982,none,none,2368,298,user,0.5882352941176471,Divergent,Persona,Divergent,Library
2.0553625490954173,1.6890727034041275,0.0,1.8964468744825975,0.06940003961914086,0.6038826306427478,1.8951696167906873,none,open_what_if,2369,298,assistant,0.6470588235294118,Divergent,Persona,Divergent,Library
0.7224059199291777,1.0651208444779416,0.0,2.001290032893874,0.18183546865919553,0.8121171070978507,1.1587789240235191,none,none,2389,298,user,0.7058823529411765,Divergent,Persona,Divergent,Library
1.7397203670671098,1.1459625061446561,0.0,1.9924824974073918,0.28564117523808963,0.5365404700464994,1.5492329366131414,none,open_what_if,2390,298,assistant,0.7647058823529411,Divergent,Persona,Divergent,Library
0.5762322596819776,0.24015804790852624,0.07307405569779296,1.2230246481636318,0.5554553958197371,0.2873581641269089,0.6072000839947832,none,clarify,2403,298,user,0.8235294117647058,Divergent,Persona,Divergent,Library
1.3175085612814401,1.6602450343604311,0.0,2.0830656938718493,0.2217646979851255,0.43668916455608836,1.8755586080099318,none,open_what_if,2404,298,assistant,0.8823529411764706,Divergent,Persona,Divergent,Library
0.05287626513412923,0.8358085927099578,0.019571659691034294,2.8809457724273098,0.9281452504382373,0.0017644119033343323,0.9947213120137346,none,none,2413,298,user,0.9411764705882352,Divergent,Persona,Divergent,Library
1.275220428042713,1.4177111943234615,0.0,1.956384170861901,0.5189503819998277,0.1338738811112587,1.1836721239668833,none,open_what_if,2414,298,assistant,1.0,Divergent,Persona,Divergent,Library
0.01865218883355573,0.0,0.0010127110821249315,1.0166032990601537,0.0002259198392978267,0.0,0.01399661955312207,none,none,2290,299,user,0.0,Divergent,Persona,Divergent,Library
0.0,0.003892670705103831,0.0,0.9990955079944592,0.0,0.0,0.0,none,clarify,2292,299,assistant,0.0588235294117647,Divergent,Persona,Divergent,Library
0.008715222563156034,0.9966724427189927,0.0,1.9869316469784641,0.0,0.002672053286864946,0.0,none,clarify,2304,299,user,0.1176470588235294,Divergent,Persona,Divergent,Library
1.9046204737508636,1.1661876905309994,0.003178197618647623,2.049205938767434,0.0,1.003720644263601,1.0426897766708734,none,open_what_if,2309,299,assistant,0.1764705882352941,Divergent,Persona,Divergent,Library
0.4467068399367836,1.061627481367181,1.033863385915515,2.177672414727912,0.08909737248436007,0.08218944092166904,1.3949751989696058,none,none,2313,299,user,0.2352941176470588,Divergent,Persona,Divergent,Library
1.5371938357456176,1.4998770288887646,0.007470709456022901,2.0609196993763903,0.12094843982217299,0.8656723307984935,1.2370096484828668,none,open_what_if,2314,299,assistant,0.2941176470588235,Divergent,Persona,Divergent,Library
0.5890644429461536,0.9554539366342593,0.239891367764018,1.8446402427196111,0.1622901667770809,0.28282967167054984,0.6494504675523898,none,criteria_setting,2324,299,user,0.3529411764705882,Divergent,Persona,Divergent,Library
1.445507950817431,1.7931186450454173,0.12632155279845858,1.982831077224979,9.921577744863045e-05,0.5434450815231318,1.4308826875615577,none,open_what_if,2326,299,assistant,0.4117647058823529,Divergent,Persona,Divergent,Library
0.8836531327519136,0.8419169059115115,0.0,2.011085402272631,0.9119918836576459,0.0,1.8765333394046793,none,none,2337,299,user,0.4705882352941176,Divergent,Persona,Divergent,Library
2.1560911211836777,1.4026331396284424,0.01010141408446772,2.0550659965167206,0.017339591339920687,0.4087026249817506,1.5705935487325755,none,open_what_if,2338,299,assistant,0.5294117647058824,Divergent,Persona,Divergent,Library
1.1783655856567323,0.6998013519096286,0.007550346912406817,1.8052668398794762,0.17530913046101324,0.2263623799298096,1.044523420017909,none,open_what_if,2353,299,user,0.5882352941176471,Divergent,Persona,Divergent,Library
1.3560005036619762,1.3629482144919844,0.0,2.058518273260257,0.0,0.1063208987004622,1.3797656935481135,none,open_what_if,2354,299,assistant,0.6470588235294118,Divergent,Persona,Divergent,Library
0.48054474573878236,1.273129603037134,0.0,1.9774058848984064,0.20888890189813564,0.23426875024975344,0.7645415438738651,none,none,2363,299,user,0.7058823529411765,Divergent,Persona,Divergent,Library
0.9998020108805565,1.764710121325104,0.006587719626247143,1.984830462855051,0.1802898915422134,0.31519971496065186,0.6934171552120784,none,open_what_if,2364,299,assistant,0.7647058823529411,Divergent,Persona,Divergent,Library
1.607638053687456,0.6903287898235946,0.020498240667214954,1.9355467326122495,0.062108706619244274,0.23195387912404972,0.9429454061107576,none,open_what_if,2393,299,user,0.8235294117647058,Divergent,Persona,Divergent,Library
1.026550011157503,1.60974460813694,0.006385979149412418,2.0116280850175583,0.38115116649519104,0.19792432251982234,0.8758924558921147,none,open_what_if,2394,299,assistant,0.8823529411764706,Divergent,Persona,Divergent,Library
0.9425507793744485,0.6318996443681794,0.0,1.9822870990603385,0.2539333025566832,0.09881332732032161,1.1766883690686685,none,none,2415,299,user,0.9411764705882352,Divergent,Persona,Divergent,Library
1.3110368244317225,1.2466831888006793,0.48195137498143265,2.024115961846341,0.03968892182457401,0.16832274219198967,1.260179513157888,none,open_what_if,2419,299,assistant,1.0,Divergent,Persona,Divergent,Library
0.01865218883355573,0.0,0.0010127110821249315,1.0166032990601537,0.0002259198392978267,0.0,0.01399661955312207,none,none,2293,300,user,0.0,Divergent,Persona,Divergent,Library
0.0,0.003892670705103831,0.0,0.9990955079944592,0.0,0.0,0.0,none,clarify,2294,300,assistant,0.0526315789473684,Divergent,Persona,Divergent,Library
0.008715222563156034,0.9966724427189927,0.0,1.9869316469784641,0.0,0.002672053286864946,0.0,none,clarify,2311,300,user,0.1052631578947368,Divergent,Persona,Divergent,Library
0.752418474998718,0.7758941232949049,0.0,2.0573479300950037,0.02260021098026385,0.1653281594661623,1.2455056741185173,none,open_what_if,2312,300,assistant,0.1578947368421052,Divergent,Persona,Divergent,Library
0.33552554728200085,0.613754883916916,0.27658267825590543,2.081154411121085,0.25859451447028714,0.11993692933083927,1.9511714353789644,none,none,2319,300,user,0.2105263157894736,Divergent,Persona,Divergent,Library
0.9315960826760041,1.047539294514985,0.0,2.07862165057167,0.34272133859400244,0.9109608474092635,1.3223445831159322,none,open_what_if,2320,300,assistant,0.2631578947368421,Divergent,Persona,Divergent,Library
0.20440316815405166,0.566662228931454,0.01801048379844896,1.9992269440007715,0.771819284431453,0.025703574091648404,0.9772733675789886,none,none,2333,300,user,0.3157894736842105,Divergent,Persona,Divergent,Library
1.6706569861422382,1.4433059371870363,0.003178197618647623,2.0876556593332034,0.0368641894238632,0.8032669407998313,1.3389587728953738,none,open_what_if,2334,300,assistant,0.3684210526315789,Divergent,Persona,Divergent,Library
0.17425857648264437,1.2642414213781143,0.03295910563933302,1.942671524783483,0.16857506526523156,0.0,1.4706811084634202,none,open_what_if,2351,300,user,0.4210526315789473,Divergent,Persona,Divergent,Library
2.010546055140257,1.2251919672845737,0.0,2.046016097911138,0.032967006592058506,0.40492470045120244,1.7758913004437344,none,open_what_if,2352,300,assistant,0.4736842105263157,Divergent,Persona,Divergent,Library
0.3992959708850196,0.1839345155718516,0.0,1.970688265260385,0.22552687370056543,0.0057910630996340145,1.108298562649408,none,none,2365,300,user,0.5263157894736842,Divergent,Persona,Divergent,Library
2.17576712379874,1.1067443756817608,0.0,1.9865900299845942,0.1893871937461637,1.363496234813695,1.6619702941358698,none,open_what_if,2366,300,assistant,0.5789473684210527,Divergent,Persona,Divergent,Library
1.0785987982954663,1.041576913879752,0.0,2.0028428513767182,0.4073338362836059,0.17481457976834344,1.8450491420766983,none,none,2381,300,user,0.631578947368421,Divergent,Persona,Divergent,Library
2.9431047147817004,1.13287700288784,0.0,2.0116737664656843,0.04837231456680137,1.9518534384967166,1.8462713230097125,none,open_what_if,2384,300,assistant,0.6842105263157895,Divergent,Persona,Divergent,Library
0.057762017235255265,0.3651485129896115,0.0,1.741541134731769,0.46652658531484903,0.09427297714335658,1.2750183290481751,none,none,2395,300,user,0.7368421052631579,Divergent,Persona,Divergent,Library
2.0227535530275667,1.524098552476766,0.2629951653111411,2.2041313414778574,0.2357355341563583,0.8084396218828348,1.9603729275388104,none,open_what_if,2396,300,assistant,0.7894736842105263,Divergent,Persona,Divergent,Library
0.10092104485848705,0.5162231765958352,0.0,1.994574586920557,0.28723146405505984,0.03343570264259483,1.340132658761338,none,none,2409,300,user,0.8421052631578947,Divergent,Persona,Divergent,Library
1.707871620845388,1.33447270184256,0.007143689707785132,2.0967703789641017,0.2962075280014811,0.9592536425519878,1.1569467346308961,none,open_what_if,2410,300,assistant,0.8947368421052632,Divergent,Persona,Divergent,Library
0.28468544660944756,0.2735499165399516,0.3843764253186818,1.8448687165708775,0.33917165060236126,0.19030480805492445,0.6053691700717965,none,none,2423,300,user,0.9473684210526316,Divergent,Persona,Divergent,Library
1.6227738686187592,1.4847755746471583,0.0,2.216319137008774,0.042564803690816264,0.43147319660149164,1.4903155835315316,none,open_what_if,2424,300,assistant,1.0,Divergent,Persona,Divergent,Library
0.01865218883355573,0.0,0.0010127110821249315,1.0166032990601537,0.0002259198392978267,0.0,0.01399661955312207,none,none,2295,301,user,0.0,Divergent,Persona,Divergent,Library
0.0,0.003892670705103831,0.0,0.9990955079944592,0.0,0.0,0.0,none,clarify,2296,301,assistant,0.0909090909090909,Divergent,Persona,Divergent,Library
0.008715222563156034,0.9966724427189927,0.0,1.9869316469784641,0.0,0.002672053286864946,0.0,none,clarify,2302,301,user,0.1818181818181818,Divergent,Persona,Divergent,Library
1.253567471899127,1.3894467629600853,0.013069034637166247,2.0092222573312424,0.0543774953012704,0.7239545070625258,1.151510593991396,none,open_what_if,2305,301,assistant,0.2727272727272727,Divergent,Persona,Divergent,Library
0.30563092088872756,0.2719261647162218,0.0,1.8716013697597094,0.15688902771313246,0.06708380220914033,1.2113524904702324,none,none,2328,301,user,0.3636363636363636,Divergent,Persona,Divergent,Library
1.0872619583070058,1.8116877576915724,0.39964700682434806,2.165448541204102,0.09549845800503455,0.2405971996747834,1.0771503729398009,none,open_what_if,2330,301,assistant,0.4545454545454545,Divergent,Persona,Divergent,Library
0.6701929269497604,0.564629687582448,0.0,2.025434933637152,0.38479321477745787,0.1502182240998952,2.0990437730275016,none,none,2367,301,user,0.5454545454545454,Divergent,Persona,Divergent,Library
2.4396050136631926,1.113526593532418,0.0,2.015330161553501,0.0,1.116673064390698,1.9226912432797352,none,open_what_if,2370,301,assistant,0.6363636363636364,Divergent,Persona,Divergent,Library
1.2053869829736785,0.6057028034116292,0.0,1.8930984018044803,0.13351857711555143,0.11673059315189434,1.1881804817119597,none,none,2399,301,user,0.7272727272727273,Divergent,Persona,Divergent,Library
1.8608970405581793,1.560097387809563,0.0,1.890500174391686,0.11223673693040284,0.9893482026043011,1.5534645730871095,none,open_what_if,2401,301,assistant,0.8181818181818182,Divergent,Persona,Divergent,Library
0.23924588045642012,0.502251419594939,0.006385979149412418,2.034502430901708,0.27308364770072124,0.0,0.9841637008673698,none,none,2421,301,user,0.9090909090909092,Divergent,Persona,Divergent,Library
2.3879187781882334,1.0903863154882316,0.0,2.0134787263552014,0.46411851119854475,0.9234701842317286,1.478509822000442,none,open_what_if,2422,301,assistant,1.0,Divergent,Persona,Divergent,Library
0.01865218883355573,0.0,0.0010127110821249315,1.0166032990601537,0.0002259198392978267,0.0,0.01399661955312207,none,none,2427,303,user,0.0,GPT,GPT,GPT,Bicycle
0.0,0.003892670705103831,0.0,0.9990955079944592,0.0,0.0,0.0,none,clarify,2429,303,assistant,0.0526315789473684,GPT,GPT,GPT,Bicycle
0.03049838401600156,0.9893643612695656,0.0,1.9835241770621765,0.004235966895978697,0.0,0.006937027005586032,none,clarify,2447,303,user,0.1052631578947368,GPT,GPT,GPT,Bicycle
0.3329366935628803,1.0941088699305908,0.0,2.8643187597401965,0.777285567589897,0.12000885507571947,2.4438917459688656,none,none,2448,303,assistant,0.1578947368421052,GPT,GPT,GPT,Bicycle
0.23314878163562597,0.20527345158486152,0.20882717922695984,1.867393851588443,0.27267006379135444,0.04354131696278821,0.7363600076304966,none,none,2455,303,user,0.2105263157894736,GPT,GPT,GPT,Bicycle
0.2657545793438719,1.5174191710393468,0.0,2.661825632296814,0.5345426573898092,0.027365088851871187,2.4452705152758476,none,none,2456,303,assistant,0.2631578947368421,GPT,GPT,GPT,Bicycle
0.7386540542961743,0.796841819041269,0.014584807173890501,1.983452838156105,0.3104384787569241,0.4304287118137722,1.8845281475528324,none,none,2476,303,user,0.3157894736842105,GPT,GPT,GPT,Bicycle
0.4013620216343247,0.12744431167903914,0.0,2.5049133676958677,0.6458475885607861,0.0362171711411271,1.618934184404171,none,none,2478,303,assistant,0.3684210526315789,GPT,GPT,GPT,Bicycle
0.04421429568465792,0.5014618215300823,0.008127021556949665,1.4439004670860935,0.0,0.0,0.6672686589700586,none,clarify,2491,303,user,0.4210526315789473,GPT,GPT,GPT,Bicycle
0.17096244243490197,1.2424983131897336,0.0,2.5256459091026837,0.39843369833940956,0.07921023033374813,2.3772661967619606,none,none,2492,303,assistant,0.4736842105263157,GPT,GPT,GPT,Bicycle
0.3322710147266334,0.35630198130321,0.017329073389978914,1.4530566653976595,0.05860156270126246,0.0,1.0829382367845162,none,clarify,2513,303,user,0.5263157894736842,GPT,GPT,GPT,Bicycle
0.34709364690335587,1.7852376415995537,0.007041517627169902,2.8059181059447105,0.5351161462914179,0.05214585301979508,1.9844241743388542,none,none,2515,303,assistant,0.5789473684210527,GPT,GPT,GPT,Bicycle
0.5609066420380766,0.17879066008450506,0.006802658439726921,2.242577599777576,0.2783841203407278,0.010283070733004145,1.659404171215399,none,none,2539,303,user,0.631578947368421,GPT,GPT,GPT,Bicycle
0.4536230298770436,0.3996786046480062,0.13669936659601906,2.499435781265885,0.45721592652188103,0.017198420359867204,1.8145108702876236,none,none,2540,303,assistant,0.6842105263157895,GPT,GPT,GPT,Bicycle
0.014136862258199318,0.0,0.0,1.0307143727999175,0.0007608809758385977,0.0,0.015461191539860418,none,clarify,2558,303,user,0.7368421052631579,GPT,GPT,GPT,Bicycle
0.6437954476848938,0.6591202214972792,0.11067064843481601,2.4091324992553216,0.4753266209549216,0.004750615269127737,1.7078732994198895,none,none,2560,303,assistant,0.7894736842105263,GPT,GPT,GPT,Bicycle
0.5934151428210387,0.7673474499422532,0.0,2.118945565797404,0.6633058427219556,0.02507564086610732,1.7902853029575958,none,none,2573,303,user,0.8421052631578947,GPT,GPT,GPT,Bicycle
0.20651049801933796,0.4486707858077997,0.15290812140135088,2.5942296135068736,0.6551803091798812,0.022903651401788037,0.7956248816293673,none,none,2574,303,assistant,0.8947368421052632,GPT,GPT,GPT,Bicycle
0.16154060528044487,0.16812114945161113,0.0,2.056593687941193,0.6380056118207065,0.0,1.2917748936818627,none,none,2598,303,user,0.9473684210526316,GPT,GPT,GPT,Bicycle
1.5037194937602005,1.720727967247944,0.009168812087638516,2.483021530807393,0.6321191100320167,0.4794075755618415,2.093489255802114,none,none,2601,303,assistant,1.0,GPT,GPT,GPT,Bicycle
0.01865218883355573,0.0,0.0010127110821249315,1.0166032990601537,0.0002259198392978267,0.0,0.01399661955312207,none,none,2428,304,user,0.0,GPT,GPT,GPT,Bicycle
0.0,0.003892670705103831,0.0,0.9990955079944592,0.0,0.0,0.0,none,clarify,2430,304,assistant,0.032258064516129,GPT,GPT,GPT,Bicycle
0.03049838401600156,0.9893643612695656,0.0,1.9835241770621765,0.004235966895978697,0.0,0.006937027005586032,none,clarify,2443,304,user,0.064516129032258,GPT,GPT,GPT,Bicycle
0.4211542692349535,1.7016209750596045,0.15445962261428758,2.8451203949667714,0.6079524339502257,0.06001321176827642,2.904538096079981,none,none,2444,304,assistant,0.0967741935483871,GPT,GPT,GPT,Bicycle
0.25468475752881065,0.704296826921487,0.13565558434459465,1.9969040485637108,0.5027391796659267,0.0,1.0790510350324398,none,none,2453,304,user,0.1290322580645161,GPT,GPT,GPT,Bicycle
0.010499066808582829,1.9658465271354744,0.0,2.7353198727392796,0.7143062580447375,0.0,1.4568097254239876,none,none,2454,304,assistant,0.1612903225806451,GPT,GPT,GPT,Bicycle
0.3747412557638338,0.30199828558558706,0.0,1.480153641434709,0.008006856392669457,0.0,0.697915808853756,none,none,2459,304,user,0.1935483870967742,GPT,GPT,GPT,Bicycle
0.649304015727338,1.8112868287826709,0.010879948701564703,2.408445728120846,0.4141921822469565,0.019897270673910922,2.3216230592205473,none,none,2461,304,assistant,0.2258064516129032,GPT,GPT,GPT,Bicycle
0.7212007858340178,0.4305274665680981,0.04555535340146813,1.7824980080231883,0.16550050745047126,0.01597731985552783,0.5440606416186909,none,clarify,2471,304,user,0.2580645161290322,GPT,GPT,GPT,Bicycle
0.9159265587845643,0.590575281759493,0.024012981495615274,2.2473032345082493,0.5075850753808655,0.012380303053644136,1.2117361453911553,none,none,2472,304,assistant,0.2903225806451613,GPT,GPT,GPT,Bicycle
0.3293494308390336,0.4792745141243396,0.02015812848655993,1.5853501669821262,0.0,0.00814393068559208,0.48413376872064695,none,clarify,2481,304,user,0.3225806451612903,GPT,GPT,GPT,Bicycle
0.8458239703598108,1.6479746674137845,0.024742923079371548,2.43611610312536,0.49198640280884237,0.01865411881451592,2.019432095296386,none,none,2483,304,assistant,0.3548387096774194,GPT,GPT,GPT,Bicycle
0.1435567156677349,0.5521690693539124,0.0,1.5448514552356543,0.24538394265617,0.0,1.1119467046088027,none,clarify,2487,304,user,0.3870967741935484,GPT,GPT,GPT,Bicycle
0.11837895279770477,1.8806812400598023,0.14524117812976942,2.2323960470625352,0.4167201264812879,0.0016887173307772129,1.9363628422805357,none,none,2488,304,assistant,0.4193548387096774,GPT,GPT,GPT,Bicycle
0.5615989348117489,0.33947406881378783,0.007143689707785132,1.8910458031495845,0.3530092963798946,0.0,0.29916724068256373,none,none,2502,304,user,0.4516129032258064,GPT,GPT,GPT,Bicycle
1.0641552611221476,1.6576006498338416,0.007143689707785132,2.5404679227826734,0.6702909534422156,0.0,2.092321589541944,none,none,2504,304,assistant,0.4838709677419355,GPT,GPT,GPT,Bicycle
0.13860132644362236,0.22147839783883028,0.3172389614656005,1.7717470330053786,0.020717785351731653,0.0,0.19778130022872445,none,clarify,2507,304,user,0.5161290322580645,GPT,GPT,GPT,Bicycle
0.37753837039811583,1.9955360760641647,0.786097140316377,2.5554989988584405,0.385125015747605,0.0,2.291620297756373,none,none,2508,304,assistant,0.5483870967741935,GPT,GPT,GPT,Bicycle
0.32443263295117386,0.4266593202818426,0.025242764785805973,1.4202919470150188,0.1074144688113957,0.25728299436335905,0.6282093950135924,none,none,2519,304,user,0.5806451612903226,GPT,GPT,GPT,Bicycle
0.6287187620659345,1.9116167140928024,0.010879948701564703,2.346542997842494,0.4128977817934704,0.014128469182628644,1.9096225134553482,none,none,2520,304,assistant,0.6129032258064516,GPT,GPT,GPT,Bicycle
0.34467570167978634,0.4725443009218946,0.0,1.7547378505825422,0.14059451675701207,0.036358853606106974,0.9299736659405389,none,criteria_setting,2530,304,user,0.6451612903225806,GPT,GPT,GPT,Bicycle
0.48449734157757085,1.5908617252227115,0.0009741054228033893,2.320299166929529,0.5737133958727342,0.25744249222982485,2.092247839888269,none,none,2532,304,assistant,0.6774193548387096,GPT,GPT,GPT,Bicycle
0.8167221360310601,0.17363025630710657,0.0,1.2784957105406007,0.06183491185830706,0.0,0.7094721915459934,none,clarify,2547,304,user,0.7096774193548387,GPT,GPT,GPT,Bicycle
0.9882490233996372,1.4733669303341344,0.0,2.2559198599171792,0.6795512439424124,0.0,2.1464830213712127,none,none,2549,304,assistant,0.7419354838709677,GPT,GPT,GPT,Bicycle
0.822254374760583,0.01947274447261892,0.01833711007969617,1.8868920787489607,0.1326422872906629,0.027024686133311493,1.2342213416786902,none,none,2553,304,user,0.7741935483870968,GPT,GPT,GPT,Bicycle
0.5032218791094932,1.9902050780279572,0.08868251087929352,2.7394118779517154,0.7032882766461729,0.0,2.016915872534796,none,none,2555,304,assistant,0.8064516129032258,GPT,GPT,GPT,Bicycle
0.808397228677125,0.37549637645827155,0.013129997474135905,1.785615655596221,0.2630452468104215,0.0,1.1540985113442397,none,none,2569,304,user,0.8387096774193549,GPT,GPT,GPT,Bicycle
0.8513219065095732,1.4823162533917957,0.3318165912097337,2.1745024951691048,0.5160107251863814,0.02637911207482318,1.6424248769730754,none,none,2570,304,assistant,0.8709677419354839,GPT,GPT,GPT,Bicycle
0.26706713839039087,0.38650349104896936,0.2670782721566737,1.65897448453728,0.44938001994942117,0.273259877059168,0.21313784459125007,none,clarify,2575,304,user,0.9032258064516128,GPT,GPT,GPT,Bicycle
0.4571806839037998,1.6503610064197893,0.0016994624678832732,2.816028914906466,0.6089819425102576,0.014925657167474819,2.3522385628468747,none,none,2576,304,assistant,0.935483870967742,GPT,GPT,GPT,Bicycle
0.22585288387551242,0.5835436769181235,0.5832347715603785,1.5289682384423429,0.10385045677054765,0.022044689928810212,0.36025748641628563,none,clarify,2585,304,user,0.967741935483871,GPT,GPT,GPT,Bicycle
0.5118011807870162,0.7677947311152145,0.00905021807236273,2.3894771184536348,0.4834806465042944,0.0,1.8057891551798735,none,none,2586,304,assistant,1.0,GPT,GPT,GPT,Bicycle
0.01865218883355573,0.0,0.0010127110821249315,1.0166032990601537,0.0002259198392978267,0.0,0.01399661955312207,none,none,2431,305,user,0.0,GPT,GPT,GPT,Bicycle
0.0,0.003892670705103831,0.0,0.9990955079944592,0.0,0.0,0.0,none,clarify,2433,305,assistant,0.0526315789473684,GPT,GPT,GPT,Bicycle
0.03049838401600156,0.9893643612695656,0.0,1.9835241770621765,0.004235966895978697,0.0,0.006937027005586032,none,clarify,2449,305,user,0.1052631578947368,GPT,GPT,GPT,Bicycle
0.29209278393732896,1.7755768893073405,0.08868518028976129,3.0,0.9815749476504697,0.0020249959804805808,2.449492910095568,none,none,2450,305,assistant,0.1578947368421052,GPT,GPT,GPT,Bicycle
0.8230062567388838,1.3722848782631527,0.0,2.377839901795373,0.1409706222023173,0.18106672821241251,1.7260981247379759,none,open_what_if,2473,305,user,0.2105263157894736,GPT,GPT,GPT,Bicycle
0.9288659332310905,1.4386427429439435,0.13556841064186392,2.612374170374643,0.6262505641099089,0.2527667855575624,2.2560600268798976,none,none,2474,305,assistant,0.2631578947368421,GPT,GPT,GPT,Bicycle
0.7513082775464432,0.4918377281822884,0.0,1.926605980832702,0.07872756460781848,0.20930975436284685,0.7145187375986036,none,clarify,2505,305,user,0.3157894736842105,GPT,GPT,GPT,Bicycle
0.7227924331541865,1.4051107985141769,0.00043168191414849383,2.375071219708753,0.43236102206014104,0.004173026164435262,1.1979890799155122,none,none,2506,305,assistant,0.3684210526315789,GPT,GPT,GPT,Bicycle
0.09430939490305879,0.007505400251634524,0.02004259106699149,1.116466059398828,0.0,0.041071696793792904,0.16906130022196786,none,clarify,2522,305,user,0.4210526315789473,GPT,GPT,GPT,Bicycle
0.32002115180331014,1.075735931219002,0.0,2.424728492967913,0.5031392022656979,0.24228494710807585,1.970759690182066,none,none,2523,305,assistant,0.4736842105263157,GPT,GPT,GPT,Bicycle
0.8326061673375295,0.5643996829229814,0.0,1.5929229685487336,0.30285463170872845,0.0,1.5796986401370896,none,clarify,2541,305,user,0.5263157894736842,GPT,GPT,GPT,Bicycle
0.3708285297954529,1.6329238530241204,0.0,2.398484333172733,0.5328121139902935,0.032246415276725206,1.2082005926816946,none,none,2542,305,assistant,0.5789473684210527,GPT,GPT,GPT,Bicycle
0.7558711607484907,0.5092533908073416,0.006627572992993738,1.5422739061331439,0.10683858102903891,0.18712765422922936,0.9613593172610572,none,clarify,2563,305,user,0.631578947368421,GPT,GPT,GPT,Bicycle
1.3293965157694478,1.2393788881328593,0.14884361593010978,2.0711541715796273,0.573325218857732,0.32996172360617987,1.8631372795032617,none,none,2564,305,assistant,0.6842105263157895,GPT,GPT,GPT,Bicycle
0.0974524278839262,0.20667549904331228,0.2198111246176783,1.754494721090707,0.0961028172870965,0.11724937964315299,0.5142892993135106,none,clarify,2577,305,user,0.7368421052631579,GPT,GPT,GPT,Bicycle
0.6227404497549576,1.338306504524622,0.0,2.55365458375957,0.5530010569399371,0.0969206697727844,1.4903913562352615,none,none,2579,305,assistant,0.7894736842105263,GPT,GPT,GPT,Bicycle
0.37043610611618855,0.6190843186761152,0.11115226301916757,2.11575821903789,0.15583046666231534,0.05870871362163707,1.4613162063026113,none,none,2589,305,user,0.8421052631578947,GPT,GPT,GPT,Bicycle
0.5802893692274929,1.3234390269803908,0.0,2.666885295341899,0.5432143018420025,0.09152044173268434,1.609861033493956,none,none,2592,305,assistant,0.8947368421052632,GPT,GPT,GPT,Bicycle
0.12663190266336957,0.3828448817510884,0.014321686043275158,2.1479870307442557,0.3872762995844841,0.0,1.0125992259634076,none,none,2599,305,user,0.9473684210526316,GPT,GPT,GPT,Bicycle
0.7152429100424362,1.4513359472193899,0.0,2.3745405155799113,0.47888130094220177,0.010071063427992974,1.3336529209431351,none,none,2602,305,assistant,1.0,GPT,GPT,GPT,Bicycle
0.01865218883355573,0.0,0.0010127110821249315,1.0166032990601537,0.0002259198392978267,0.0,0.01399661955312207,none,none,2432,306,user,0.0,GPT,GPT,GPT,Bicycle
0.0,0.003892670705103831,0.0,0.9990955079944592,0.0,0.0,0.0,none,clarify,2434,306,assistant,0.0526315789473684,GPT,GPT,GPT,Bicycle
0.03049838401600156,0.9893643612695656,0.0,1.9835241770621765,0.004235966895978697,0.0,0.006937027005586032,none,clarify,2440,306,user,0.1052631578947368,GPT,GPT,GPT,Bicycle
0.08674838768171902,1.8613729967818364,0.002440382359341317,2.8483995019053077,0.7836991265535843,0.019425055822588033,2.962809915400815,none,none,2442,306,assistant,0.1578947368421052,GPT,GPT,GPT,Bicycle
0.27693533628865663,0.3509613579336674,0.013595607403212213,1.9279187427468663,0.0691155945439328,0.07205229829167241,0.8887713913359748,none,clarify,2460,306,user,0.2105263157894736,GPT,GPT,GPT,Bicycle
0.4812492730165277,1.406684367763232,0.0,2.729175124106322,0.9066672575586395,0.033874407655849245,1.9927334378021013,none,none,2462,306,assistant,0.2631578947368421,GPT,GPT,GPT,Bicycle
0.5342318254494794,0.5818792642369632,0.10378813628882665,2.318972357568966,0.889952139271062,0.12594225895733363,0.6356093095662615,none,open_what_if,2479,306,user,0.3157894736842105,GPT,GPT,GPT,Bicycle
1.0613597612819459,1.2175803284472573,0.0,2.695701384287293,0.5213096404475259,0.10048000124136929,2.408117303066589,none,none,2480,306,assistant,0.3684210526315789,GPT,GPT,GPT,Bicycle
0.5678408812789615,0.1128348543598538,0.0,1.824349793144029,0.022853750137357475,0.12589252202956358,0.5678612651982962,none,clarify,2499,306,user,0.4210526315789473,GPT,GPT,GPT,Bicycle
0.7004938760690085,0.11234195685592292,0.14055421960507442,2.3784084001934205,0.7600255024028646,0.13719178231829052,1.292289228704804,none,none,2501,306,assistant,0.4736842105263157,GPT,GPT,GPT,Bicycle
0.028950179407512554,0.18884064859491226,0.0,1.9706513639055252,0.04722766743613894,0.0,0.9496106017741769,none,none,2509,306,user,0.5263157894736842,GPT,GPT,GPT,Bicycle
0.505349716360283,1.3753573072009642,0.02920503452320654,2.477837140373167,0.7323339737762188,0.26036442595142506,1.702958882952711,none,none,2511,306,assistant,0.5789473684210527,GPT,GPT,GPT,Bicycle
0.6091790402541724,0.49733706153629914,0.0,1.9082348193326033,0.10184265578104482,0.03638698680301641,1.1402606305782774,none,clarify,2534,306,user,0.631578947368421,GPT,GPT,GPT,Bicycle
0.7364113538844882,1.8496688740272096,0.00905021807236273,2.7799000623222425,1.0560479288295188,0.08520651111027992,2.332504626830459,none,none,2536,306,assistant,0.6842105263157895,GPT,GPT,GPT,Bicycle
0.6522520642037767,0.2900893069980981,0.3034731340266311,2.1328540882113005,0.31759273440506247,0.0,0.6492466465294405,none,clarify,2545,306,user,0.7368421052631579,GPT,GPT,GPT,Bicycle
0.5725428622263987,1.3613380644849304,0.12241165328491527,2.562328375143829,0.7011767137899433,0.03613262927502326,2.432749623632188,none,none,2546,306,assistant,0.7894736842105263,GPT,GPT,GPT,Bicycle
0.28533899701413007,0.6810695133188283,0.0,1.8264575190179517,0.2016226840224814,0.0652745069397958,0.9278834176711572,none,clarify,2551,306,user,0.8421052631578947,GPT,GPT,GPT,Bicycle
0.004146583664983079,1.753545962671992,0.0,2.4794085736085547,0.5225457997016445,0.0,2.303992905027672,none,none,2552,306,assistant,0.8947368421052632,GPT,GPT,GPT,Bicycle
0.18134074619727727,0.8075536896153444,0.057054397596134995,2.1541708606083487,0.4910072796525933,0.0,0.6502522914643026,none,clarify,2593,306,user,0.9473684210526316,GPT,GPT,GPT,Bicycle
0.22471403382907446,1.652556465181424,0.0,2.6291349096867207,0.7318140711966378,0.0,2.2799369123666855,none,none,2594,306,assistant,1.0,GPT,GPT,GPT,Bicycle
0.01865218883355573,0.0,0.0010127110821249315,1.0166032990601537,0.0002259198392978267,0.0,0.01399661955312207,none,none,2435,307,user,0.0,GPT,GPT,GPT,Bicycle
0.0,0.003892670705103831,0.0,0.9990955079944592,0.0,0.0,0.0,none,clarify,2436,307,assistant,0.0476190476190476,GPT,GPT,GPT,Bicycle
0.03049838401600156,0.9893643612695656,0.0,1.9835241770621765,0.004235966895978697,0.0,0.006937027005586032,none,clarify,2451,307,user,0.0952380952380952,GPT,GPT,GPT,Bicycle
0.5062264921959975,1.6168020867965096,0.0,2.6688790979940964,0.8126207188557576,0.03077691151802929,2.7471231099328537,none,none,2452,307,assistant,0.1428571428571428,GPT,GPT,GPT,Bicycle
0.05993543534315331,0.12563703992127884,0.0,1.1350928802793139,0.039195877141385525,0.0,1.088227306777573,none,none,2465,307,user,0.1904761904761904,GPT,GPT,GPT,Bicycle
0.11340438144713827,1.8750178716710153,0.0,2.6590908443965007,0.628303052570121,0.009518933281397924,1.9857303669308806,none,none,2466,307,assistant,0.238095238095238,GPT,GPT,GPT,Bicycle
0.634915444268624,1.0578547103079208,0.6608338443013944,2.402473565240149,0.6256154014940604,0.019196837425720713,1.2914629302429907,none,none,2485,307,user,0.2857142857142857,GPT,GPT,GPT,Bicycle
0.5923080727356167,1.409926897078902,0.0,2.350058946894094,0.815867965831282,0.2146437075727476,1.4138298242429315,none,none,2486,307,assistant,0.3333333333333333,GPT,GPT,GPT,Bicycle
0.34045933724866545,0.7818857551242426,0.0034341984808883078,2.0451696392916294,0.467478050323434,0.0,1.7514764451539235,none,none,2500,307,user,0.3809523809523809,GPT,GPT,GPT,Bicycle
0.749610423681401,1.3689952802542786,0.0,2.5094994766627985,0.47420988040171924,0.0,2.1426796022250043,none,none,2503,307,assistant,0.4285714285714285,GPT,GPT,GPT,Bicycle
0.93704160171544,0.48707508146916056,0.0,2.0237724548297376,0.48536313620082416,0.19985752683274738,0.526628826795925,none,clarify,2517,307,user,0.4761904761904761,GPT,GPT,GPT,Bicycle
0.709199041430562,1.9639316515561644,0.002205431558712585,2.713191955129476,0.9905140276010074,0.04329852219564037,2.355457109933505,none,none,2518,307,assistant,0.5238095238095238,GPT,GPT,GPT,Bicycle
0.6001607347736773,0.6286165608511877,0.1602085187927311,2.2131540115809,0.2632110795360062,0.004318142429960419,0.9783129914772712,none,open_what_if,2548,307,user,0.5714285714285714,GPT,GPT,GPT,Bicycle
0.05075955188076461,1.104079308579579,0.21992175461241933,2.5802794951954526,0.6049032558566523,0.0,2.093580894766195,none,none,2550,307,assistant,0.6190476190476191,GPT,GPT,GPT,Bicycle
0.2973093067023919,0.3989057299466341,0.1815947495328441,1.180208637647515,0.12552083286134855,0.2017440368715713,0.25252155023453376,none,clarify,2565,307,user,0.6666666666666666,GPT,GPT,GPT,Bicycle
0.6382291188448349,0.495372611670977,0.0,2.290546226340353,0.5379422692368813,0.08102941683755321,1.3455202198389347,none,none,2566,307,assistant,0.7142857142857143,GPT,GPT,GPT,Bicycle
0.14080104446905936,0.1226401243057325,0.0,1.0399531400922606,0.03277070499353062,0.0,0.14691290954825006,none,clarify,2578,307,user,0.7619047619047619,GPT,GPT,GPT,Bicycle
0.6223901072272634,1.3662015822174187,0.0,2.4880417175516016,0.9143076480582752,0.0,2.3288357746483546,none,none,2580,307,assistant,0.8095238095238095,GPT,GPT,GPT,Bicycle
0.3907591976888226,0.3236580503065401,0.06603588246453217,1.8290689769788824,0.22544427016862612,0.0,0.2251528933549184,none,none,2595,307,user,0.8571428571428571,GPT,GPT,GPT,Bicycle
0.26768937168550605,1.5294392422685796,0.0,2.6147534980535196,0.756550875092052,0.09596809455934911,2.6530090785067593,none,none,2596,307,assistant,0.9047619047619048,GPT,GPT,GPT,Bicycle
0.01512604508667124,0.2608182293175722,0.10441294093400945,2.0817642396818226,0.35302473051613253,0.18974300999034055,0.5197529007860646,none,none,2603,307,user,0.9523809523809524,GPT,GPT,GPT,Bicycle
0.8456818422497413,1.7726718613885581,0.005016395247316519,2.419694168191526,0.7176060348699578,0.0,1.9626653341031663,none,none,2604,307,assistant,1.0,GPT,GPT,GPT,Bicycle
0.01865218883355573,0.0,0.0010127110821249315,1.0166032990601537,0.0002259198392978267,0.0,0.01399661955312207,none,none,2437,308,user,0.0,GPT,GPT,GPT,Bicycle
0.0,0.003892670705103831,0.0,0.9990955079944592,0.0,0.0,0.0,none,clarify,2438,308,assistant,0.04,GPT,GPT,GPT,Bicycle
0.03049838401600156,0.9893643612695656,0.0,1.9835241770621765,0.004235966895978697,0.0,0.006937027005586032,none,clarify,2445,308,user,0.08,GPT,GPT,GPT,Bicycle
0.7625248332690309,1.0887896211472947,0.00416971211314834,2.4470533035861317,0.6157428520401026,0.2018783288331986,2.6827340753475286,none,none,2446,308,assistant,0.12,GPT,GPT,GPT,Bicycle
1.3228806602207714,0.43368771082146773,0.0,1.824224179638238,0.09658039042612236,0.20527852674454808,0.6640407952337092,none,none,2463,308,user,0.16,GPT,GPT,GPT,Bicycle
1.0167727279010261,1.825576494994872,0.008871248256371877,2.5894349090183137,0.3582279682830229,0.06555215238906469,2.457003597643285,none,none,2464,308,assistant,0.2,GPT,GPT,GPT,Bicycle
0.3546248507694326,0.22740899102522305,0.22891963619135533,1.3051794294509067,0.3339838963062079,0.12545709911432298,0.29622677816775,none,clarify,2468,308,user,0.24,GPT,GPT,GPT,Bicycle
1.2616180805336943,1.191407018190197,0.003405609251247961,2.650277149415875,0.9714680950567884,0.19954186515899897,2.0100375906948313,none,none,2470,308,assistant,0.28,GPT,GPT,GPT,Bicycle
0.3363810038607805,0.0,0.0,1.1543414364696785,0.05495827915783481,0.3620023921958256,1.109495528351421,none,clarify,2482,308,user,0.32,GPT,GPT,GPT,Bicycle
0.52655420369154,1.4671927171436374,0.0,2.6467749433960206,0.6348206013467299,0.0,1.8817708194159493,none,none,2484,308,assistant,0.36,GPT,GPT,GPT,Bicycle
0.6019078437920043,0.9029180734109912,0.09055935381787152,2.0840154271269493,0.3524510119010873,0.3039838186679672,1.2328305640246837,none,open_what_if,2497,308,user,0.4,GPT,GPT,GPT,Bicycle
0.10883837015133578,1.8728991822511813,1.7829712670093871,2.92636488819613,0.9064981988288895,0.0,2.0052967471064487,constructive,none,2498,308,assistant,0.44,GPT,GPT,GPT,Bicycle
0.6163305564259367,0.4126841410735895,0.08622105134743936,1.8327543056372484,0.10408681335518756,0.0,1.5654713381867056,none,none,2514,308,user,0.48,GPT,GPT,GPT,Bicycle
0.0,0.003892670705103831,0.0,0.9990955079944592,0.0,0.0,0.03426493776945377,none,clarify,2516,308,assistant,0.52,GPT,GPT,GPT,Bicycle
0.8971035763768737,0.4262027290771809,0.00905021807236273,1.929890325133899,0.09869160371233694,0.0,1.0470400502764352,none,none,2521,308,user,0.56,GPT,GPT,GPT,Bicycle
0.7476654561994969,1.7734567876031158,0.032466882569887695,2.4015315394091807,0.5286380146747369,0.3253468635652123,1.996728176412462,none,none,2524,308,assistant,0.6,GPT,GPT,GPT,Bicycle
0.26260058716262075,0.3480633405643559,0.01178881506047448,1.1510642637586175,0.36279368632820946,0.0,0.48552463312369126,none,clarify,2529,308,user,0.64,GPT,GPT,GPT,Bicycle
0.25737035159913246,1.6670506816057957,0.0,2.6820003447215006,0.5213154111615852,0.0,2.3741446885919952,none,none,2531,308,assistant,0.68,GPT,GPT,GPT,Bicycle
0.12156996935689371,0.2677374458233593,0.0,1.3687838319187484,0.26171957380055905,0.4610715747885031,0.5968545119481939,none,none,2543,308,user,0.72,GPT,GPT,GPT,Bicycle
0.14955494188987728,1.8611431811343082,0.0,2.8995406225397646,0.8549784335284777,0.004476710052770562,2.820618077222918,none,none,2544,308,assistant,0.76,GPT,GPT,GPT,Bicycle
1.004856679995938,0.35232309490615177,0.0,1.2380670305933856,0.15465870000922638,0.0,0.7461789353662974,none,clarify,2554,308,user,0.8,GPT,GPT,GPT,Bicycle
0.4909479495483419,1.6201067820342776,0.0,2.6791272788995455,0.5316975497829184,0.0882105036366046,2.6414378727571757,none,none,2557,308,assistant,0.84,GPT,GPT,GPT,Bicycle
0.839577682625166,1.2262380193220928,0.10996219728240203,1.8659586911846409,0.15940280231033419,0.20339937482624887,1.3156148348356622,none,open_what_if,2581,308,user,0.88,GPT,GPT,GPT,Bicycle
0.9774401485739487,1.3665201805714098,0.11130833880673688,2.3626680082526805,0.6573432019984972,0.12555722168897165,2.085982467632584,none,none,2582,308,assistant,0.92,GPT,GPT,GPT,Bicycle
0.0,0.018216179283710325,0.0,1.964685449521655,0.9746127477607393,0.0,0.0804638081679087,none,none,2590,308,user,0.96,GPT,GPT,GPT,Bicycle
1.2191941943820348,1.4700642179017607,0.0,2.5913347267240945,0.6743090059735758,0.027020050558268293,2.569021149372033,none,none,2591,308,assistant,1.0,GPT,GPT,GPT,Bicycle
0.01865218883355573,0.0,0.0010127110821249315,1.0166032990601537,0.0002259198392978267,0.0,0.01399661955312207,none,none,2439,309,user,0.0,GPT,GPT,GPT,Bicycle
0.0,0.003892670705103831,0.0,0.9990955079944592,0.0,0.0,0.0,none,clarify,2441,309,assistant,0.0588235294117647,GPT,GPT,GPT,Bicycle
0.03049838401600156,0.9893643612695656,0.0,1.9835241770621765,0.004235966895978697,0.0,0.006937027005586032,none,clarify,2457,309,user,0.1176470588235294,GPT,GPT,GPT,Bicycle
0.10391282881848023,1.7079283892588337,0.0,2.6156724879845776,0.7530993024795992,0.016126459054530688,2.4380185718997835,none,none,2458,309,assistant,0.1764705882352941,GPT,GPT,GPT,Bicycle
0.39889760101974125,0.6506390961100271,0.0,1.9535609679955765,0.4336240122847345,0.008054938402779892,1.4406134586769272,none,none,2467,309,user,0.2352941176470588,GPT,GPT,GPT,Bicycle
0.36483272585690796,1.5349930807511014,0.12055796228693955,2.630351364580342,0.9372590273649383,0.04265203600859448,2.0738688303741712,none,none,2469,309,assistant,0.2941176470588235,GPT,GPT,GPT,Bicycle
0.42033606127316303,0.7384480175587738,0.011300266844933935,2.105492827042319,0.3629177497831515,0.0,1.2417167816498877,none,none,2495,309,user,0.3529411764705882,GPT,GPT,GPT,Bicycle
1.9155508525532634,1.4746544803344888,0.09991381954936933,2.4893893752215916,0.6351719668652803,0.18251537551750552,1.873889552067741,none,none,2496,309,assistant,0.4117647058823529,GPT,GPT,GPT,Bicycle
1.1037176319968536,0.6041560447049579,0.16350005348701285,1.9022168439173783,0.2967621604733797,0.12109375088002383,0.8988808812931386,none,clarify,2533,309,user,0.4705882352941176,GPT,GPT,GPT,Bicycle
0.5064749099172374,1.315276253981659,0.0,2.5684912395418578,0.49267051593407907,0.0,2.3546877133078503,none,none,2535,309,assistant,0.5294117647058824,GPT,GPT,GPT,Bicycle
0.05680915507215855,0.3895657600269522,0.0,1.8886452987768525,0.642637620127806,0.005374946418533069,1.093039572190297,none,none,2556,309,user,0.5882352941176471,GPT,GPT,GPT,Bicycle
0.5017898222834615,0.6635372655620841,0.005007928247849588,2.6103741136724206,0.3991324764891724,0.4960134564165392,1.7997296630210238,none,none,2559,309,assistant,0.6470588235294118,GPT,GPT,GPT,Bicycle
0.17588454344736154,0.2837765564047903,0.0,1.3709601024414058,0.8183012886100001,0.0,0.6292141025511601,none,none,2567,309,user,0.7058823529411765,GPT,GPT,GPT,Bicycle
0.9638713657595578,0.3960870003453768,0.0,2.3719976023738165,0.9305922769620232,0.3358743087795774,1.272713176944272,none,none,2568,309,assistant,0.7647058823529411,GPT,GPT,GPT,Bicycle
0.0,0.04646013832888765,0.11623359298957699,2.1971543450834123,0.30599942602767277,0.0038227410128889873,1.283386804165618,none,none,2583,309,user,0.8235294117647058,GPT,GPT,GPT,Bicycle
0.5121452578188926,0.9170959078776032,0.0,2.7191820507916646,0.5703892099013961,0.025866699586017144,1.9427684665177785,none,none,2584,309,assistant,0.8823529411764706,GPT,GPT,GPT,Bicycle
0.24484076907497776,0.5642128696201119,0.0,2.1469354052386174,0.3078251631869557,0.017843707304070994,1.403315882820467,none,none,2597,309,user,0.9411764705882352,GPT,GPT,GPT,Bicycle
0.08622690365172785,1.0968928832559928,0.0,2.905506915008675,0.9482164548206561,0.010091893429090757,1.0559016534935608,none,none,2600,309,assistant,1.0,GPT,GPT,GPT,Bicycle
0.01865218883355573,0.0,0.0010127110821249315,1.0166032990601537,0.0002259198392978267,0.0,0.01399661955312207,none,none,2605,311,user,0.0,Convergent,Persona,Convergent,Bicycle
0.0,0.003892670705103831,0.0,0.9990955079944592,0.0,0.0,0.0,none,clarify,2607,311,assistant,0.0909090909090909,Convergent,Persona,Convergent,Bicycle
0.550719455227789,0.9030159823348546,0.0,1.9058976825437037,0.024941447945599896,0.0,0.03520308696654597,none,clarify,2619,311,user,0.1818181818181818,Convergent,Persona,Convergent,Bicycle
0.913858271583677,1.1955295416006178,0.0,1.743140839246633,0.4738940378523551,0.061197149341507606,0.6891208029180635,none,open_what_if,2620,311,assistant,0.2727272727272727,Convergent,Persona,Convergent,Bicycle
1.1321341585455917,0.8342048157744296,0.0,2.1368838275145556,0.0,0.11272230422997666,1.7626527743666278,none,none,2641,311,user,0.3636363636363636,Convergent,Persona,Convergent,Bicycle
0.95185547781779,1.6903207977354004,0.0,2.0632600517423816,0.02111518474088368,0.36682112714533516,1.4685364028162082,none,open_what_if,2642,311,assistant,0.4545454545454545,Convergent,Persona,Convergent,Bicycle
1.2598017610622856,0.8067852299824574,0.04371506587152893,1.9060769578886605,0.0973208889309944,0.34992161505275576,1.8030546847513633,none,none,2659,311,user,0.5454545454545454,Convergent,Persona,Convergent,Bicycle
1.6475405975966089,1.492844692344161,0.010936857251082505,2.2098526088229304,0.011700548946929462,0.2844614378188681,1.6512135101374996,none,open_what_if,2660,311,assistant,0.6363636363636364,Convergent,Persona,Convergent,Bicycle
0.5170061997605655,1.0575593245378272,0.24004189803366513,1.944719971470749,0.39243087819625333,0.23721637153935057,1.1606740121342696,none,none,2687,311,user,0.7272727272727273,Convergent,Persona,Convergent,Bicycle
1.6411778908025902,1.6993050860165853,0.025993797555280307,2.0275808298777944,0.16422589006052687,0.7162235085551582,1.5121728271037729,none,open_what_if,2688,311,assistant,0.8181818181818182,Convergent,Persona,Convergent,Bicycle
0.7802966900816611,0.711639775463304,0.0,2.1702790889645756,0.30920538936106623,0.062489499829408796,1.7788460254623533,none,none,2708,311,user,0.9090909090909092,Convergent,Persona,Convergent,Bicycle
1.2807832411493607,1.5784017322212587,0.1828054651600394,2.190020722831998,0.004721057100342163,0.5905241856688871,1.4674072337344561,none,open_what_if,2710,311,assistant,1.0,Convergent,Persona,Convergent,Bicycle
0.01865218883355573,0.0,0.0010127110821249315,1.0166032990601537,0.0002259198392978267,0.0,0.01399661955312207,none,none,2609,313,user,0.0,Convergent,Persona,Convergent,Bicycle
0.0,0.003892670705103831,0.0,0.9990955079944592,0.0,0.0,0.0,none,clarify,2610,313,assistant,0.0769230769230769,Convergent,Persona,Convergent,Bicycle
0.03049838401600156,0.9893643612695656,0.0,1.9835241770621765,0.004235966895978697,0.0,0.006937027005586032,none,clarify,2628,313,user,0.1538461538461538,Convergent,Persona,Convergent,Bicycle
0.9287629816063352,0.4851713192497092,0.08134396852804389,2.3553030851762253,0.29789221637147684,0.18373776345336632,0.28428746641181685,none,criteria_setting,2630,313,assistant,0.2307692307692307,Convergent,Persona,Convergent,Bicycle
0.38351338449745914,0.15179636514171438,0.06300632053138497,2.0496866316781395,0.12541091073190466,0.0024508426672174744,0.29603233549604846,none,none,2643,313,user,0.3076923076923077,Convergent,Persona,Convergent,Bicycle
0.9682689557066027,2.9291504291971253,0.0,2.9473473645023938,0.0,0.02101392899858634,1.1002623551234847,none,criteria_setting,2644,313,assistant,0.3846153846153846,Convergent,Persona,Convergent,Bicycle
0.12642074518840113,0.21272496706043678,0.08057006421597256,1.6008105162136343,0.05491397413230814,0.04157600604442553,0.5096897380220822,none,none,2673,313,user,0.4615384615384615,Convergent,Persona,Convergent,Bicycle
0.8250710241180162,2.826846932607248,0.0,2.9026591784477302,0.07303130206264696,0.0,1.8844572758838463,none,criteria_setting,2674,313,assistant,0.5384615384615384,Convergent,Persona,Convergent,Bicycle
0.22971628007397313,0.36587890944680157,0.020130580123726,1.431880431728217,0.3035619970875171,0.01811290504813663,0.31152443578206723,none,none,2679,313,user,0.6153846153846154,Convergent,Persona,Convergent,Bicycle
0.3846421036249789,2.845323943274978,0.0,2.687813970129776,0.41248568698810156,0.03122108046888343,1.481257091810437,none,criteria_setting,2681,313,assistant,0.6923076923076923,Convergent,Persona,Convergent,Bicycle
0.7679225226550043,0.3447523032245658,0.0,1.833856141807563,0.06714743743891938,0.05183703804967277,0.9022607826624215,none,none,2695,313,user,0.7692307692307693,Convergent,Persona,Convergent,Bicycle
1.2540847370583847,1.6428999047731927,0.0,2.420697582104363,0.5103840827716382,0.26976808512451994,1.7400933888198482,none,open_what_if,2696,313,assistant,0.8461538461538461,Convergent,Persona,Convergent,Bicycle
0.4319018870270963,0.5062090072227419,0.07177527610081129,1.9199983799184785,0.15040148748522245,0.06436945954005008,0.6736115251394131,none,none,2711,313,user,0.9230769230769232,Convergent,Persona,Convergent,Bicycle
0.5838711593472177,2.700238086450557,0.0,2.32475552402777,0.2649752128930352,0.29625428212861316,1.5944885046034072,none,open_what_if,2712,313,assistant,1.0,Convergent,Persona,Convergent,Bicycle
0.01865218883355573,0.0,0.0010127110821249315,1.0166032990601537,0.0002259198392978267,0.0,0.01399661955312207,none,none,2611,314,user,0.0,Convergent,Persona,Convergent,Bicycle
0.0,0.003892670705103831,0.0,0.9990955079944592,0.0,0.0,0.0,none,clarify,2612,314,assistant,0.0588235294117647,Convergent,Persona,Convergent,Bicycle
0.0,0.003892670705103831,0.0,0.9990955079944592,0.0,0.0,0.0,none,clarify,2625,314,user,0.1176470588235294,Convergent,Persona,Convergent,Bicycle
0.1631299490647796,0.0905324444711561,0.07729722639545389,1.2005268014987238,0.2080798158735888,0.09936225382171728,0.0,none,clarify,2626,314,assistant,0.1764705882352941,Convergent,Persona,Convergent,Bicycle
0.1631299490647796,0.0905324444711561,0.07729722639545389,1.2005268014987238,0.2080798158735888,0.10152842235726102,0.0,none,clarify,2632,314,user,0.2352941176470588,Convergent,Persona,Convergent,Bicycle
0.26147853424857614,0.2091942276937955,0.07729722639545389,1.3871752578800185,0.26761361131481154,0.009647537026923479,0.0,none,clarify,2634,314,assistant,0.2941176470588235,Convergent,Persona,Convergent,Bicycle
0.10643660945459199,0.9153794299892872,0.0,1.962880399073128,0.08304238192707912,0.0,0.08235474639115536,none,clarify,2637,314,user,0.3529411764705882,Convergent,Persona,Convergent,Bicycle
0.7082250278086785,0.8098212340416124,0.0,1.953534464488952,0.27567943291636204,0.01021729807112807,0.5765447444392412,none,clarify,2638,314,assistant,0.4117647058823529,Convergent,Persona,Convergent,Bicycle
0.29684613275828126,1.3386640886929508,0.1250197193026824,1.9394228967815395,0.4812072465832233,0.07004351028284062,1.109314237864372,none,none,2655,314,user,0.4705882352941176,Convergent,Persona,Convergent,Bicycle
0.16002071554347372,1.9035270228422585,0.0,2.9100754290932183,0.04165334747807895,0.0370824365163249,0.9819227102887987,none,criteria_setting,2656,314,assistant,0.5294117647058824,Convergent,Persona,Convergent,Bicycle
1.1355322898924833,0.7092761433294669,0.010744341574007358,2.0672416852120103,0.06071950267478258,0.030590769703525172,1.7100420563855412,none,none,2663,314,user,0.5882352941176471,Convergent,Persona,Convergent,Bicycle
0.13808976665864273,2.8249954915419933,0.0,2.8629115003380345,0.0,0.0,0.9759724481687578,none,criteria_setting,2664,314,assistant,0.6470588235294118,Convergent,Persona,Convergent,Bicycle
0.6319661363173754,0.8629668714049264,0.47411628292150254,2.0629311471513594,0.3382989843004712,0.13764433570110943,1.7410157966620703,none,none,2675,314,user,0.7058823529411765,Convergent,Persona,Convergent,Bicycle
1.4688871535993633,1.945855818800615,0.38731512886943587,2.011790526991817,0.5453822390107746,0.3080009780607757,1.1763203346393964,none,open_what_if,2676,314,assistant,0.7647058823529411,Convergent,Persona,Convergent,Bicycle
0.26782299022607464,0.8844222455420307,0.13568714095809592,2.1742717141720003,0.07909286385176177,0.0,1.4678801361389122,none,none,2689,314,user,0.8235294117647058,Convergent,Persona,Convergent,Bicycle
0.4866920276035378,1.781969314481473,0.019647613714240644,2.1201237592343,0.22123758820854764,0.12448224911884471,1.5402635512157603,none,open_what_if,2691,314,assistant,0.8823529411764706,Convergent,Persona,Convergent,Bicycle
0.03290721371168402,0.14800698574484733,0.007143689707785132,1.9467204233394708,0.19429350162532835,0.0342460547090647,1.3342706212255508,none,none,2703,314,user,0.9411764705882352,Convergent,Persona,Convergent,Bicycle
1.0426645409501292,1.166794928645868,0.011043912257312861,2.0980857131997017,0.06740426133431654,0.0,1.5921471051638643,none,open_what_if,2704,314,assistant,1.0,Convergent,Persona,Convergent,Bicycle
0.01865218883355573,0.0,0.0010127110821249315,1.0166032990601537,0.0002259198392978267,0.0,0.01399661955312207,none,none,2613,315,user,0.0,Convergent,Persona,Convergent,Bicycle
0.0,0.003892670705103831,0.0,0.9990955079944592,0.0,0.0,0.0,none,clarify,2614,315,assistant,0.0476190476190476,Convergent,Persona,Convergent,Bicycle
0.03049838401600156,0.9893643612695656,0.0,1.9835241770621765,0.004235966895978697,0.0,0.006937027005586032,none,clarify,2623,315,user,0.0952380952380952,Convergent,Persona,Convergent,Bicycle
0.16542332445041755,1.8623026267130343,0.0,1.983642288897431,0.03566917183440135,0.08134652104384711,0.213648403098747,none,criteria_setting,2624,315,assistant,0.1428571428571428,Convergent,Persona,Convergent,Bicycle
0.4935032194582327,0.8922987039342649,0.12321342107659601,2.0170196580310376,0.042628713405487344,0.045431383757821825,1.3131998623026546,none,none,2649,315,user,0.1904761904761904,Convergent,Persona,Convergent,Bicycle
1.343657084927979,1.5698040973181673,0.12697265761854812,1.9158470876901377,0.050699332076333314,0.42165954702001374,0.7722273089825131,none,open_what_if,2650,315,assistant,0.238095238095238,Convergent,Persona,Convergent,Bicycle
0.38282624734393533,0.11610977093661362,0.08148701352482056,1.5081283194952142,0.2822688749831729,0.04375160366514033,0.24648191123102547,none,none,2652,315,user,0.2857142857142857,Convergent,Persona,Convergent,Bicycle
1.0211251371937067,1.9689665976056214,0.026117656028455307,2.0304336253079,0.0,0.006080142669597888,1.9140230539543184,none,open_what_if,2654,315,assistant,0.3333333333333333,Convergent,Persona,Convergent,Bicycle
0.10511863452569278,0.8767796960665665,0.9592525798242402,1.9816440096805008,0.0,0.0039343091967607635,0.06904041291486047,neutral,none,2661,315,user,0.3809523809523809,Convergent,Persona,Convergent,Bicycle
1.3113523009225492,0.836778374761578,0.0,1.8280250554391924,0.0,0.27087508796493703,1.0216815574727502,none,open_what_if,2662,315,assistant,0.4285714285714285,Convergent,Persona,Convergent,Bicycle
0.34639059046919707,0.3426781787452526,0.6960096161522981,1.6290899203560962,0.15912113777526515,0.17783603104854465,0.5348410520103348,none,none,2665,315,user,0.4761904761904761,Convergent,Persona,Convergent,Bicycle
0.9449483752483816,1.9700572672596006,0.00905021807236273,2.0477348037213514,0.0,0.012522581423526497,1.885456722910186,none,open_what_if,2668,315,assistant,0.5238095238095238,Convergent,Persona,Convergent,Bicycle
0.44377999954255953,0.05775751713392144,0.0,1.7197555650132665,0.17580963655897971,0.0,0.34641927529773126,none,clarify,2677,315,user,0.5714285714285714,Convergent,Persona,Convergent,Bicycle
0.9471169510577264,1.3952988145764242,0.021994107350198692,2.071090501530352,0.045732171061510736,0.1838637968373412,1.5633328843562257,none,open_what_if,2678,315,assistant,0.6190476190476191,Convergent,Persona,Convergent,Bicycle
0.13759562385644147,0.03999577971413113,0.0,1.0598438259791483,0.0,0.03900572822650188,0.9929163566392096,none,none,2685,315,user,0.6666666666666666,Convergent,Persona,Convergent,Bicycle
0.6518392575311438,2.104591246913318,0.15997573352519118,1.8058247869834005,0.12454464700756833,0.17495707175569913,1.410266735156084,none,open_what_if,2686,315,assistant,0.7142857142857143,Convergent,Persona,Convergent,Bicycle
0.035891017798543694,0.15226739857688057,0.0,1.676695771105997,0.3027701971201997,0.0,0.32831107835759793,none,clarify,2697,315,user,0.7619047619047619,Convergent,Persona,Convergent,Bicycle
1.3674754511995164,1.554064714410057,0.005170207703690645,2.385320210930861,0.13542448373504623,0.07030491682471654,1.9630031982964258,none,open_what_if,2698,315,assistant,0.8095238095238095,Convergent,Persona,Convergent,Bicycle
0.04690624522654809,0.25972630977641653,0.3150563687051616,1.7678429033551748,0.2908239759089644,0.0,0.21575485343135273,neutral,none,2705,315,user,0.8571428571428571,Convergent,Persona,Convergent,Bicycle
1.1475240621241671,1.6868862462261842,0.13098360074577045,2.181228001495545,0.025366808247604844,0.19123819378220702,1.5234972686707722,none,open_what_if,2706,315,assistant,0.9047619047619048,Convergent,Persona,Convergent,Bicycle
0.015728106753808313,0.20862027009268383,0.19634716915466208,1.116088703268652,0.49978514298696486,0.0,0.3246964971090215,none,none,2715,315,user,0.9523809523809524,Convergent,Persona,Convergent,Bicycle
1.9378982944554834,1.9565159942146433,0.005016395247316519,2.030420281506709,0.01851435633683448,0.9224897512186795,1.9265658779741428,none,open_what_if,2716,315,assistant,1.0,Convergent,Persona,Convergent,Bicycle
0.01865218883355573,0.0,0.0010127110821249315,1.0166032990601537,0.0002259198392978267,0.0,0.01399661955312207,none,none,2615,316,user,0.0,Convergent,Persona,Convergent,Bicycle
0.0,0.003892670705103831,0.0,0.9990955079944592,0.0,0.0,0.0,none,clarify,2616,316,assistant,0.0666666666666666,Convergent,Persona,Convergent,Bicycle
0.03049838401600156,0.9893643612695656,0.0,1.9835241770621765,0.004235966895978697,0.0,0.006937027005586032,none,clarify,2621,316,user,0.1333333333333333,Convergent,Persona,Convergent,Bicycle
1.1143953419924018,0.6175397164687475,0.011174120004448836,2.260975715764879,0.43935643424330467,0.1662188005690695,0.1478040916026726,none,criteria_setting,2622,316,assistant,0.2,Convergent,Persona,Convergent,Bicycle
0.1656934282231118,0.2756968620266124,0.13033531351430067,2.012880673201149,0.408717407952216,0.13457499177560048,0.816503303832845,none,none,2645,316,user,0.2666666666666666,Convergent,Persona,Convergent,Bicycle
0.8263359385186605,1.679390644032776,0.0,2.3333645246908734,0.272551714490001,0.41216472944727384,1.7302160613483037,none,open_what_if,2646,316,assistant,0.3333333333333333,Convergent,Persona,Convergent,Bicycle
0.8423852236771974,0.3625820472305878,0.0007498081276178986,2.1994853118643443,0.3973972851986372,0.0,1.4272846638934236,none,none,2657,316,user,0.4,Convergent,Persona,Convergent,Bicycle
0.20440419889754813,1.9992237433695388,0.009507662407392689,2.3860811873735863,0.4440217902322068,0.0,1.292018288480961,none,open_what_if,2658,316,assistant,0.4666666666666667,Convergent,Persona,Convergent,Bicycle
0.29001536279034384,0.6070769040610376,0.005094823620032385,2.4285955743520358,0.5099262177220028,0.3193760028011241,1.089998301377001,none,none,2671,316,user,0.5333333333333333,Convergent,Persona,Convergent,Bicycle
1.0366091230931571,1.7230976452304458,0.0,2.178944657224238,0.04029385276538742,0.7708720250991328,1.615455004667372,none,open_what_if,2672,316,assistant,0.6,Convergent,Persona,Convergent,Bicycle
0.36927785845590255,0.4104838952392549,0.009204030528736848,2.0886070355611976,0.09316323340904187,0.0,1.4404669724131103,none,none,2690,316,user,0.6666666666666666,Convergent,Persona,Convergent,Bicycle
1.7847001244635905,1.9341051541489105,0.05284866854056783,2.162585762330221,0.0423234156118164,0.5663194911265975,1.814049372105361,none,open_what_if,2692,316,assistant,0.7333333333333333,Convergent,Persona,Convergent,Bicycle
0.37853686044903595,0.2539796508992294,0.003581841504569073,2.083408992374104,0.17546681505866835,0.03746736495844408,1.3028976635393767,none,none,2701,316,user,0.8,Convergent,Persona,Convergent,Bicycle
0.48864033133687,0.4749080701749107,0.0,2.065260464650494,0.0,0.21346792144434787,1.1026293379270755,none,open_what_if,2702,316,assistant,0.8666666666666667,Convergent,Persona,Convergent,Bicycle
0.10820650809759969,1.8297446807709168,0.013655257853710218,2.9497734661964023,0.9413635206729006,0.014749896098269726,1.9552661131702702,none,none,2713,316,user,0.9333333333333332,Convergent,Persona,Convergent,Bicycle
1.128519460711347,2.044379885226956,0.006408504450911347,2.476009714576418,0.43910756887013036,0.4191062841951654,1.4627801849488453,none,open_what_if,2714,316,assistant,1.0,Convergent,Persona,Convergent,Bicycle
0.01865218883355573,0.0,0.0010127110821249315,1.0166032990601537,0.0002259198392978267,0.0,0.01399661955312207,none,none,2631,318,user,0.0,Convergent,Persona,Convergent,Bicycle
0.0,0.003892670705103831,0.0,0.9990955079944592,0.0,0.0,0.0,none,clarify,2633,318,assistant,0.1428571428571428,Convergent,Persona,Convergent,Bicycle
0.03049838401600156,0.9893643612695656,0.0,1.9835241770621765,0.004235966895978697,0.0,0.006937027005586032,none,clarify,2635,318,user,0.2857142857142857,Convergent,Persona,Convergent,Bicycle
1.009316348098999,2.317862763647052,0.011160846121492842,2.421476029157763,0.3291052771353605,0.3223630222180675,1.0382633643950412,none,open_what_if,2636,318,assistant,0.4285714285714285,Convergent,Persona,Convergent,Bicycle
0.7833634794639991,0.530230881388321,0.0,1.942055011876637,0.13154214008788764,0.0,0.6424950274836964,none,clarify,2651,318,user,0.5714285714285714,Convergent,Persona,Convergent,Bicycle
0.736159831608517,1.6982185160209378,0.04444417173321557,2.4881228637976065,0.31984522934688936,0.40831680068173287,1.5878346916285992,none,open_what_if,2653,318,assistant,0.7142857142857143,Convergent,Persona,Convergent,Bicycle
0.9488497728206324,1.0068011431305226,0.0,2.1529305846718785,0.08019250777410039,0.01343734134720409,1.9137453845288042,none,none,2699,318,user,0.8571428571428571,Convergent,Persona,Convergent,Bicycle
1.4558966275278415,1.4622926488350885,0.0,2.1217086810392205,0.14434137468345157,0.7294125030943461,1.1925620036621443,none,open_what_if,2700,318,assistant,1.0,Convergent,Persona,Convergent,Bicycle
0.01865218883355573,0.0,0.0010127110821249315,1.0166032990601537,0.0002259198392978267,0.0,0.01399661955312207,none,none,2666,319,user,0.0,Convergent,Persona,Convergent,Bicycle
0.0,0.003892670705103831,0.0,0.9990955079944592,0.0,0.0,0.0,none,clarify,2667,319,assistant,0.0909090909090909,Convergent,Persona,Convergent,Bicycle
0.03049838401600156,0.9893643612695656,0.0,1.9835241770621765,0.004235966895978697,0.0,0.006937027005586032,none,clarify,2669,319,user,0.1818181818181818,Convergent,Persona,Convergent,Bicycle
0.4910862448334524,0.5918126688398505,0.01635388002467942,2.1571611392776004,0.062185675422547375,0.0362138826428437,0.0,none,clarify,2670,319,assistant,0.2727272727272727,Convergent,Persona,Convergent,Bicycle
0.4126547307537991,0.27961204079797664,0.10571836943998411,1.5192900097151125,0.3383458541565785,0.0076167421183425035,0.2250503559618993,none,none,2680,319,user,0.3636363636363636,Convergent,Persona,Convergent,Bicycle
1.2244293367011672,1.5078674343268383,0.0,2.0139171550184676,0.0,0.0758792272247392,1.187763752176291,none,open_what_if,2682,319,assistant,0.4545454545454545,Convergent,Persona,Convergent,Bicycle
0.2092256093986296,0.28009767808977526,0.04993658319838745,1.7740881314721861,0.28989417197337436,0.10830305290872597,0.09339171803085494,none,none,2683,319,user,0.5454545454545454,Convergent,Persona,Convergent,Bicycle
0.6159687845324798,1.6757124463738875,0.0,2.1083642616302645,0.0,0.0,1.1208517017101516,none,clarify,2684,319,assistant,0.6363636363636364,Convergent,Persona,Convergent,Bicycle
0.0,0.0,0.0,2.9191028996195185,0.8807353539737467,0.03909872968084691,0.04845058011925569,none,none,2693,319,user,0.7272727272727273,Convergent,Persona,Convergent,Bicycle
0.624183638577422,0.7036249674305222,0.0,2.215556119284749,0.13386958531740217,0.0,1.1184843696774436,none,open_what_if,2694,319,assistant,0.8181818181818182,Convergent,Persona,Convergent,Bicycle
0.24275354564253718,0.3663527686905859,0.23663549944850468,1.968072037472984,0.5007889513990292,0.0,0.9597241695919934,none,none,2707,319,user,0.9090909090909092,Convergent,Persona,Convergent,Bicycle
0.7773046612717869,1.4343394179213558,0.10402062734862767,2.3639660198684984,0.21465845959555527,0.0,0.4655396045586673,none,open_what_if,2709,319,assistant,1.0,Convergent,Persona,Convergent,Bicycle
0.01865218883355573,0.0,0.0010127110821249315,1.0166032990601537,0.0002259198392978267,0.0,0.01399661955312207,none,none,2717,320,user,0.0,GPT,GPT,GPT,Library
0.0,0.003892670705103831,0.0,0.9990955079944592,0.0,0.0,0.0,none,clarify,2719,320,assistant,0.1111111111111111,GPT,GPT,GPT,Library
0.2765673777598678,0.5931269037397903,0.0,1.7521063887518102,0.14750314229986777,0.1644990201721053,0.3615829039725207,none,clarify,2741,320,user,0.2222222222222222,GPT,GPT,GPT,Library
0.2526064740414573,2.2564087954195977,0.01774985378927684,2.1820098206079064,0.39664502939430046,0.3059740336646502,1.5083552092871573,none,none,2742,320,assistant,0.3333333333333333,GPT,GPT,GPT,Library
0.008715222563156034,0.9966724427189927,0.0,1.9869316469784641,0.0,0.002672053286864946,0.07428239108027118,none,clarify,2748,320,user,0.4444444444444444,GPT,GPT,GPT,Library
0.6811411102801769,1.7727628931096708,0.0,2.4349285023372205,0.5202105462595702,0.3160223068688925,2.1047664698620268,none,none,2750,320,assistant,0.5555555555555556,GPT,GPT,GPT,Library
0.27515621397255574,0.9340223222324634,0.0,2.15434567001475,0.19635703903936524,0.04190948204120895,1.0364885022933017,none,none,2779,320,user,0.6666666666666666,GPT,GPT,GPT,Library
0.24718641128670665,1.664409890366832,0.22542191579713755,2.2867709822612983,0.5713649325252123,0.11384342153939517,2.28663470071592,none,none,2780,320,assistant,0.7777777777777778,GPT,GPT,GPT,Library
0.1250053490378464,0.44113641456846425,0.13224507557912937,1.9766312632600593,0.0,0.0003115422699483366,0.026519762219429477,none,clarify,2795,320,user,0.8888888888888888,GPT,GPT,GPT,Library
0.8689249092153727,2.5986706965068636,0.004326756283597886,2.445520184524318,0.6617599775047417,0.2726523276535572,1.5920870194382781,none,none,2796,320,assistant,1.0,GPT,GPT,GPT,Library
0.01865218883355573,0.0,0.0010127110821249315,1.0166032990601537,0.0002259198392978267,0.0,0.01399661955312207,none,none,2718,321,user,0.0,GPT,GPT,GPT,Library
0.0,0.003892670705103831,0.0,0.9990955079944592,0.0,0.0,0.0,none,clarify,2721,321,assistant,0.0909090909090909,GPT,GPT,GPT,Library
0.008715222563156034,0.9966724427189927,0.0,1.9869316469784641,0.0,0.002672053286864946,0.0,none,clarify,2733,321,user,0.1818181818181818,GPT,GPT,GPT,Library
0.1253354773444373,0.748209460535342,0.0,2.482925033809227,0.6003088807994783,0.036186702392339315,0.9864029251205026,none,none,2734,321,assistant,0.2727272727272727,GPT,GPT,GPT,Library
0.2997432006735747,0.62119742838996,0.6399371503185552,2.055405402416651,0.03992572735015962,0.07333651595212068,1.0177349951024526,none,none,2745,321,user,0.3636363636363636,GPT,GPT,GPT,Library
0.8005279706763622,1.255680200566001,0.4172215754463493,2.1821925870839713,0.40888224062932066,0.5305046083340683,0.7441478360103884,none,none,2746,321,assistant,0.4545454545454545,GPT,GPT,GPT,Library
0.16225850646786255,1.2612017397011985,0.11417457838232983,2.161278086459848,0.07502592334852849,0.06858063328955143,1.4332158927438676,none,none,2765,321,user,0.5454545454545454,GPT,GPT,GPT,Library
0.46719308467605125,2.0545722628424703,0.4783187793617033,2.3115081572621854,0.6340144111359639,0.10620645217562653,1.7293537760723008,none,none,2766,321,assistant,0.6363636363636364,GPT,GPT,GPT,Library
0.3343648630499348,0.5313221761238653,0.0,2.2562370797889835,0.0005868146525699332,0.09171138535517065,1.0128284410138182,none,none,2785,321,user,0.7272727272727273,GPT,GPT,GPT,Library
0.6274761923324959,1.6117820665712908,0.0,2.2352787590966807,0.6425158751204039,0.15118085540490186,1.8152709064398367,none,none,2786,321,assistant,0.8181818181818182,GPT,GPT,GPT,Library
0.0,0.14080024991207207,0.4693847681342675,2.0545883676387353,0.09011277831753267,0.13363398559413717,0.9670789823244492,none,none,2803,321,user,0.9090909090909092,GPT,GPT,GPT,Library
0.44009998076040135,2.006648718881511,0.1922183576895403,2.5155476009245277,0.3880341088844675,0.3425363135301378,1.1098817700858408,none,none,2804,321,assistant,1.0,GPT,GPT,GPT,Library
0.01865218883355573,0.0,0.0010127110821249315,1.0166032990601537,0.0002259198392978267,0.0,0.01399661955312207,none,none,2723,323,user,0.0,GPT,GPT,GPT,Library
0.0,0.003892670705103831,0.0,0.9990955079944592,0.0,0.0,0.0,none,clarify,2725,323,assistant,0.0588235294117647,GPT,GPT,GPT,Library
0.008715222563156034,0.9966724427189927,0.0,1.9869316469784641,0.0,0.002672053286864946,0.0,none,clarify,2729,323,user,0.1176470588235294,GPT,GPT,GPT,Library
0.5528431693431181,1.609160118582513,0.0,2.5092698324272376,0.4801858582295885,0.39008464120945757,2.049921019835929,none,none,2730,323,assistant,0.1764705882352941,GPT,GPT,GPT,Library
0.615814811503868,1.1861770437088877,0.24701814785286916,2.0556778003915483,0.1254225473918398,0.23093421943758194,1.434204368483926,none,none,2753,323,user,0.2352941176470588,GPT,GPT,GPT,Library
0.29429816219009,1.6374682824844633,0.01369716488780968,2.3533361573955522,0.46355022965900167,0.21845661036157846,1.870056554218942,none,none,2755,323,assistant,0.2941176470588235,GPT,GPT,GPT,Library
0.450653591707073,0.07868600206100154,0.05618882410173221,1.7631914988732165,0.23965691000202005,0.0,0.5622550511937565,none,none,2767,323,user,0.3529411764705882,GPT,GPT,GPT,Library
0.9324424566447489,1.6403146405658824,0.09483770712999391,2.173895608662254,0.6162195472396463,0.6918380782263333,2.0527284260192378,none,none,2768,323,assistant,0.4117647058823529,GPT,GPT,GPT,Library
0.5862471220313188,0.7805699848503468,0.7555118648640418,1.9100859283972633,0.29565684090770916,0.3201488286926841,1.7683793154842478,none,none,2783,323,user,0.4705882352941176,GPT,GPT,GPT,Library
0.6832881361082539,1.974382950099846,0.0,2.490011329997771,0.34024843948137246,0.49806626547542443,2.318832197773732,none,none,2784,323,assistant,0.5294117647058824,GPT,GPT,GPT,Library
0.42080537455929995,0.9179183031182325,0.0,1.8823115272564719,0.18091257763724464,0.027344784064731734,1.6107118679027435,none,none,2801,323,user,0.5882352941176471,GPT,GPT,GPT,Library
0.9452870376562825,1.3522282579559044,0.040264188010891905,2.285461445741831,0.8467001006732074,0.293919712323117,2.3205501880243427,none,none,2802,323,assistant,0.6470588235294118,GPT,GPT,GPT,Library
0.23263976812535594,0.33422503962258887,0.03663057192801425,1.6862295364025321,0.3452453229946889,0.0,0.6818433019945295,none,none,2805,323,user,0.7058823529411765,GPT,GPT,GPT,Library
0.4289120501106859,1.7541016938937268,0.0,2.360551464071458,0.4339501665464443,0.3306916776399743,2.2901712039714597,none,none,2806,323,assistant,0.7647058823529411,GPT,GPT,GPT,Library
0.11292965670524782,0.24467723698019667,0.029470803107661054,1.4307894204724176,0.21100175869429436,0.0,0.9132481476565959,none,clarify,2811,323,user,0.8235294117647058,GPT,GPT,GPT,Library
0.7090643094450814,1.8107749259490993,0.1311705533451522,2.1757278440456314,0.6781104493173346,0.6256111629476057,1.9334015356080676,none,none,2812,323,assistant,0.8823529411764706,GPT,GPT,GPT,Library
0.5477292919481559,1.1634204966185457,0.7897520760999862,1.9523082964722183,0.3316720747988363,0.1408652373357583,1.1208900004054045,none,none,2815,323,user,0.9411764705882352,GPT,GPT,GPT,Library
0.18431841721694123,1.3663161272112647,0.11840221796656962,2.246493708017539,0.7715624328263765,0.011700375476199478,1.0648675038965578,none,none,2816,323,assistant,1.0,GPT,GPT,GPT,Library
0.01865218883355573,0.0,0.0010127110821249315,1.0166032990601537,0.0002259198392978267,0.0,0.01399661955312207,none,none,2724,324,user,0.0,GPT,GPT,GPT,Library
0.0,0.003892670705103831,0.0,0.9990955079944592,0.0,0.0,0.0,none,clarify,2728,324,assistant,0.0666666666666666,GPT,GPT,GPT,Library
0.008715222563156034,0.9966724427189927,0.0,1.9869316469784641,0.0,0.002672053286864946,0.0,none,clarify,2739,324,user,0.1333333333333333,GPT,GPT,GPT,Library
0.41251671780557597,1.5259501895486405,0.007866233128338748,2.39823484968267,0.4195230111403552,0.12735153945958286,2.0739462649584586,none,none,2740,324,assistant,0.2,GPT,GPT,GPT,Library
0.41303089838969176,0.3769084149464062,0.24472645798659226,2.079509254830602,0.013755519866215008,0.0,0.24961253971867217,none,clarify,2751,324,user,0.2666666666666666,GPT,GPT,GPT,Library
0.8442472403217478,1.3041632986202232,0.0,2.1191581911403707,0.35552805633962287,0.0705100956558205,1.4170561724268451,none,none,2752,324,assistant,0.3333333333333333,GPT,GPT,GPT,Library
0.45114240240151643,0.12183494818410509,0.005924915346044226,1.5673583461417273,0.0,0.0,0.9344227216645921,none,clarify,2761,324,user,0.4,GPT,GPT,GPT,Library
0.23444054144590953,1.6070264643004069,0.017266400632324198,2.4346238088805756,0.715861547557507,0.0,1.8127304309989645,none,none,2762,324,assistant,0.4666666666666667,GPT,GPT,GPT,Library
0.12589212260450447,0.568556357483647,0.007169683032123962,1.441003641253803,0.11672281647778701,0.0,0.8391866424785284,none,clarify,2769,324,user,0.5333333333333333,GPT,GPT,GPT,Library
0.1007025680741045,1.8044907303700841,0.0,2.5594921709521303,0.4979940178557198,0.0,1.807458133742214,none,none,2770,324,assistant,0.6,GPT,GPT,GPT,Library
0.2131109093385825,0.24766713100671364,0.22429587487694397,1.3717291201420443,0.0,0.1920196920444011,0.5305747574128036,none,clarify,2775,324,user,0.6666666666666666,GPT,GPT,GPT,Library
0.6336927388128059,1.4520207563157377,0.0,2.328261756471022,0.8630176603528182,0.2843195702234085,2.046573311860903,none,none,2776,324,assistant,0.7333333333333333,GPT,GPT,GPT,Library
0.2693727725153136,0.24968445368449105,0.011811711653564955,1.4381477375518534,0.21701870037997925,0.012639055141255434,0.23931819547634187,none,clarify,2781,324,user,0.8,GPT,GPT,GPT,Library
0.29762982928822734,0.9284250632095372,0.004793957994534101,2.194444072797327,0.7798719857109132,0.004468610409581756,1.1956543920422587,none,none,2782,324,assistant,0.8666666666666667,GPT,GPT,GPT,Library
0.46379838332129614,0.36679347576518306,0.0009672033305370475,1.4779450480944416,0.48766663635450536,0.14261174305661747,0.625425692456883,none,none,2789,324,user,0.9333333333333332,GPT,GPT,GPT,Library
0.6811596529486439,1.1879538193080086,0.38716764445371304,2.2310431200208485,0.7043224299808601,0.12829183564834945,1.852586524355361,none,none,2790,324,assistant,1.0,GPT,GPT,GPT,Library
0.01865218883355573,0.0,0.0010127110821249315,1.0166032990601537,0.0002259198392978267,0.0,0.01399661955312207,none,none,2726,325,user,0.0,GPT,GPT,GPT,Library
0.0,0.003892670705103831,0.0,0.9990955079944592,0.0,0.0,0.0,none,clarify,2727,325,assistant,0.0666666666666666,GPT,GPT,GPT,Library
0.08465018312874091,1.083418998373852,0.0,1.9267230143088097,0.0,0.06737138634313683,0.0,none,clarify,2735,325,user,0.1333333333333333,GPT,GPT,GPT,Library
0.5555885921548682,1.880159738696091,0.0,2.3062733297614053,0.3606919849978831,0.18862193552914272,1.859881973604409,none,none,2736,325,assistant,0.2,GPT,GPT,GPT,Library
0.3285197692652454,1.143404373535336,0.0,2.1477229506039546,0.4304615923149341,0.18650794212611263,1.7084690894374537,none,clarify,2743,325,user,0.2666666666666666,GPT,GPT,GPT,Library
0.8461948086997744,1.530207887051172,0.0,2.4095407895943803,0.7691661474853912,0.43480873012912563,2.1271953509463275,none,none,2744,325,assistant,0.3333333333333333,GPT,GPT,GPT,Library
0.25472418988607337,0.4930264706205311,0.0,1.547863182456652,0.6468298393393015,0.0,0.9237592541397031,none,none,2747,325,user,0.4,GPT,GPT,GPT,Library
0.30276419392188353,1.0554818063388973,0.3974794427836746,2.264733957003124,0.4543412761272886,0.07253815641145946,0.726521140160201,none,none,2749,325,assistant,0.4666666666666667,GPT,GPT,GPT,Library
0.2890621116147328,0.7850072307655794,0.0,1.8277124764312476,0.3824017468025036,0.10546803136818489,1.320444948153194,none,clarify,2763,325,user,0.5333333333333333,GPT,GPT,GPT,Library
0.5919086722712691,2.043382959228543,0.007238944224289461,2.363287679245814,0.674923795998094,0.4969371311001072,1.8049727203257808,none,none,2764,325,assistant,0.6,GPT,GPT,GPT,Library
0.25057631981490386,0.5268709452718695,0.018660807900679637,1.2179016097403228,0.11506940064836195,0.016913168840480736,0.5914769571931213,none,clarify,2773,325,user,0.6666666666666666,GPT,GPT,GPT,Library
0.3034291632236534,1.5778851002559648,0.0,2.4523153696575517,0.5228754690794338,0.019465461607605792,1.516646508703277,none,none,2774,325,assistant,0.7333333333333333,GPT,GPT,GPT,Library
0.4707668758825418,0.7263333282166331,0.0,2.0888173585876855,0.33102363467962853,0.3637712531168979,1.6480565539053318,none,none,2791,325,user,0.8,GPT,GPT,GPT,Library
0.6869159620769174,1.462953523901,0.0,2.486653229895811,0.4899913641245937,0.3800195937843267,1.7069654144372486,none,none,2794,325,assistant,0.8666666666666667,GPT,GPT,GPT,Library
0.1221198347059226,0.21781099851806618,0.4513526877265003,1.8951717694200652,0.13574840117229017,0.1237927201310896,0.5254117447589222,none,none,2799,325,user,0.9333333333333332,GPT,GPT,GPT,Library
0.7393595027354959,1.0555181758246768,0.40157013675552583,2.1803378120063353,0.7981557198662946,0.02500689143977511,1.104253967976896,none,none,2800,325,assistant,1.0,GPT,GPT,GPT,Library
0.01865218883355573,0.0,0.0010127110821249315,1.0166032990601537,0.0002259198392978267,0.0,0.01399661955312207,none,none,2731,326,user,0.0,GPT,GPT,GPT,Library
0.0,0.003892670705103831,0.0,0.9990955079944592,0.0,0.0,0.0,none,clarify,2732,326,assistant,0.0769230769230769,GPT,GPT,GPT,Library
0.008715222563156034,0.9966724427189927,0.0,1.9869316469784641,0.0,0.002672053286864946,0.0,none,clarify,2737,326,user,0.1538461538461538,GPT,GPT,GPT,Library
0.5056269424479711,1.7060922391093574,0.0,2.3441167689420057,0.5608559445890273,0.26950736288182775,2.143172198472058,none,none,2738,326,assistant,0.2307692307692307,GPT,GPT,GPT,Library
0.8647881105345816,0.4510088362363662,0.0,1.7898203420948253,0.08396217342306193,0.0,1.2347738375776154,none,clarify,2754,326,user,0.3076923076923077,GPT,GPT,GPT,Library
0.42846024679998146,1.6605828001989547,0.0,2.3432159592588118,1.0640122815320643,0.08598486420460122,1.9319314887850183,none,none,2756,326,assistant,0.3846153846153846,GPT,GPT,GPT,Library
0.5232261606847234,0.4484962977488534,0.11853610475122178,2.2433123439168714,0.12470503858064992,0.0,0.6705241107927838,none,none,2777,326,user,0.4615384615384615,GPT,GPT,GPT,Library
0.24477995814159614,1.8822073375712502,0.4915501973455519,2.4336143435292716,0.5309675722680745,0.0005789769820171538,1.652020266731814,none,none,2778,326,assistant,0.5384615384615384,GPT,GPT,GPT,Library
0.3405083110184207,0.7182285617627603,0.17321055459460324,2.1014456416844025,0.425765502506751,0.0,1.4195490446762578,none,none,2792,326,user,0.6153846153846154,GPT,GPT,GPT,Library
0.3726167261297449,1.8219350461596477,0.016478917603039663,2.388813372207273,0.7881240840825159,0.05055181589659635,1.1676067205671545,none,none,2793,326,assistant,0.6923076923076923,GPT,GPT,GPT,Library
0.05006451367519116,0.5940233003967398,1.0367210072726871,2.0120558428131528,0.08162216790553072,0.006353649219111217,1.3516418546268192,neutral,none,2809,326,user,0.7692307692307693,GPT,GPT,GPT,Library
0.12541915700801337,1.9950666305460583,0.01475768335230631,2.3625878723162494,0.4945246193924079,0.0,1.0965535838290663,none,none,2810,326,assistant,0.8461538461538461,GPT,GPT,GPT,Library
0.6333017570803559,0.8757139665710711,0.16991714000756808,2.154279814240841,0.2704975379010531,0.020035683776156592,1.229757435779236,none,criteria_setting,2817,326,user,0.9230769230769232,GPT,GPT,GPT,Library
0.15182818629606679,1.9087620371920904,0.008302373128496722,2.4820362727271914,0.7701090412202497,0.047486913679842285,1.4919978311807707,none,none,2818,326,assistant,1.0,GPT,GPT,GPT,Library
0.01865218883355573,0.0,0.0010127110821249315,1.0166032990601537,0.0002259198392978267,0.0,0.01399661955312207,none,none,2757,327,user,0.0,GPT,GPT,GPT,Library
0.0,0.003892670705103831,0.0,0.9990955079944592,0.0,0.0,0.0,none,clarify,2758,327,assistant,0.0666666666666666,GPT,GPT,GPT,Library
0.008715222563156034,0.9966724427189927,0.0,1.9869316469784641,0.0,0.002672053286864946,0.0,none,clarify,2759,327,user,0.1333333333333333,GPT,GPT,GPT,Library
0.8565724917630585,1.756801368504352,0.007143689707785132,2.3544432463284553,0.3982971491399907,0.3936458088299752,2.0733285882707477,none,none,2760,327,assistant,0.2,GPT,GPT,GPT,Library
0.03844086159464579,0.4972490712800337,0.0,2.1216328894712007,0.7086669552239778,0.1251239003463038,0.1918507774577783,none,none,2771,327,user,0.2666666666666666,GPT,GPT,GPT,Library
0.5692997448655654,1.8523367209954364,0.5870889522017343,2.0522689965108643,0.029908367310015962,0.04015208672758309,1.4995774826437114,none,open_what_if,2772,327,assistant,0.3333333333333333,GPT,GPT,GPT,Library
0.8667453822005154,0.4833243215511431,0.0,1.9169033891779375,0.14677158127317505,0.006835284447273534,0.6978912639456009,none,clarify,2787,327,user,0.4,GPT,GPT,GPT,Library
0.42582811283891714,1.822197104541216,0.0,2.333655969380679,0.464648956540561,0.16084059188198313,2.285336605845009,none,none,2788,327,assistant,0.4666666666666667,GPT,GPT,GPT,Library
0.4245092102548535,0.15597962252548997,0.12088375130212368,1.5775025000357024,0.20999025172433614,0.0,0.9115475751268142,none,clarify,2797,327,user,0.5333333333333333,GPT,GPT,GPT,Library
0.22231453777667023,0.7352645120899315,0.007687263312347901,2.2865463946893443,0.42001734761860743,0.33123743852808585,1.6864503450295958,none,none,2798,327,assistant,0.6,GPT,GPT,GPT,Library
0.8148621195245359,0.41296222041518194,0.0,1.4719367233510248,0.2861122331718825,0.0,1.177314328910535,none,none,2807,327,user,0.6666666666666666,GPT,GPT,GPT,Library
0.44028232441205045,1.3048659872089257,0.01690746571156104,2.3844492097083885,0.587366347735378,0.0646323802239022,2.1411459231837333,none,none,2808,327,assistant,0.7333333333333333,GPT,GPT,GPT,Library
0.3728721936207495,0.7702994035478256,0.42614378169065154,2.552628769672615,0.2940879637728869,0.060978965603058634,1.1399547260531468,none,none,2813,327,user,0.8,GPT,GPT,GPT,Library
0.09795216816053494,2.0468776621101874,0.052424120565933915,2.9578327115447123,0.922483916837007,0.015720136266492366,2.8873280794268106,none,none,2814,327,assistant,0.8666666666666667,GPT,GPT,GPT,Library
0.14937344878718278,0.22140735562940642,0.0,1.531538471794787,0.12896337332175364,0.029083697906812946,0.7708512987434829,none,clarify,2819,327,user,0.9333333333333332,GPT,GPT,GPT,Library
0.27067762629857556,1.9199151711337712,0.0015089910455597703,2.5103712883682237,0.3589495867652762,0.012012011019695056,1.965414041725143,none,none,2820,327,assistant,1.0,GPT,GPT,GPT,Library
0.01865218883355573,0.0,0.0010127110821249315,1.0166032990601537,0.0002259198392978267,0.0,0.01399661955312207,none,none,2821,328,user,0.0,GPT,GPT,GPT,Bicycle
0.0,0.10121064550591875,0.0,1.0291512241046563,0.06720552494724967,0.011607594286263645,0.0,none,clarify,2823,328,assistant,0.0769230769230769,GPT,GPT,GPT,Bicycle
0.03049838401600156,0.9893643612695656,0.0,1.9835241770621765,0.004235966895978697,0.0,0.006937027005586032,none,clarify,2855,328,user,0.1538461538461538,GPT,GPT,GPT,Bicycle
0.0743449829994492,1.7946656335646554,0.0,2.8534545568264447,0.6668023359352784,0.048512656168618086,2.610658505318243,none,none,2859,328,assistant,0.2307692307692307,GPT,GPT,GPT,Bicycle
0.3323223615106893,0.33069338915806606,0.05181582041976164,1.695532114658549,0.14743240233415678,0.0,0.3225316389188575,none,clarify,2881,328,user,0.3076923076923077,GPT,GPT,GPT,Bicycle
0.09582881643939718,0.7684607466463171,0.0,2.4764951670822946,0.632484453393848,0.0559652588493019,1.567123147107262,none,none,2884,328,assistant,0.3846153846153846,GPT,GPT,GPT,Bicycle
0.31828082808574343,0.5423340663000003,0.0,1.6152906832520242,0.2032058935364642,0.04444282230040676,1.1769505554970143,none,clarify,2935,328,user,0.4615384615384615,GPT,GPT,GPT,Bicycle
0.40285696410669675,1.7266103503609829,0.0,2.7971579162173295,0.897166818723242,0.20371142448517365,2.2115983575668534,none,none,2936,328,assistant,0.5384615384615384,GPT,GPT,GPT,Bicycle
1.1513362324573557,0.4758323787081378,0.0,2.1525101838410188,0.16921476374254013,0.07194555080380076,1.4835918635408312,none,clarify,2967,328,user,0.6153846153846154,GPT,GPT,GPT,Bicycle
0.6393535721109924,1.7335760510864349,0.0,2.5138261432632034,0.7287205120967952,0.020907555903652023,1.9929798967292887,none,none,2970,328,assistant,0.6923076923076923,GPT,GPT,GPT,Bicycle
0.4853137711729177,0.30955794197925657,0.0,1.4834226165486883,0.2103305723664365,0.0,0.5838605742425845,none,clarify,2997,328,user,0.7692307692307693,GPT,GPT,GPT,Bicycle
0.3227200348295757,0.4997007101167262,0.16883248589308142,2.576907867054433,0.39970017858618034,0.0,1.5271720958081239,none,none,2998,328,assistant,0.8461538461538461,GPT,GPT,GPT,Bicycle
0.38029811636194216,0.45318139387738815,0.10519363889407309,1.9889266093673255,0.024042654974229624,0.07733192852973812,0.4696909895205043,none,clarify,3022,328,user,0.9230769230769232,GPT,GPT,GPT,Bicycle
0.20771935365181626,1.4809388270079307,0.845034885457037,2.601196747558693,1.0752890628152418,0.07132301616427003,1.5519692483275551,none,none,3024,328,assistant,1.0,GPT,GPT,GPT,Bicycle
0.01865218883355573,0.0,0.0010127110821249315,1.0166032990601537,0.0002259198392978267,0.0,0.01399661955312207,none,none,2822,329,user,0.0,GPT,GPT,GPT,Bicycle
0.0,0.003892670705103831,0.0,0.9990955079944592,0.0,0.0,0.0,none,clarify,2824,329,assistant,0.04,GPT,GPT,GPT,Bicycle
0.03049838401600156,0.9893643612695656,0.0,1.9835241770621765,0.004235966895978697,0.0,0.006937027005586032,none,clarify,2844,329,user,0.08,GPT,GPT,GPT,Bicycle
0.20351675236388847,1.7431900728280985,0.0,2.8319670845011085,0.49408504677533094,0.0,2.667802965045006,none,none,2846,329,assistant,0.12,GPT,GPT,GPT,Bicycle
0.17777263281471323,0.31030958156882565,0.0,1.846397532061899,0.5993312286297698,0.00357332193627282,0.9640558353677502,none,clarify,2869,329,user,0.16,GPT,GPT,GPT,Bicycle
0.12971747885711904,1.5749366460385108,0.0,2.669187636901561,0.7911949094343057,0.0,2.2644172514686476,none,none,2870,329,assistant,0.2,GPT,GPT,GPT,Bicycle
0.25837369253271697,0.1692248400960337,0.2636897389981943,1.4792311978426516,0.2415847678295925,0.0,0.821680978050204,none,clarify,2895,329,user,0.24,GPT,GPT,GPT,Bicycle
0.559434579048186,1.1614019841195478,0.007143689707785132,2.3446182585079276,0.6997382024474008,0.044763441878465614,2.4315453695351037,none,none,2897,329,assistant,0.28,GPT,GPT,GPT,Bicycle
0.0,0.37850508114274667,0.1691117834791719,1.3696032878216946,0.0965175990911525,0.03817370404278011,0.4184204652412061,none,none,2908,329,user,0.32,GPT,GPT,GPT,Bicycle
0.34056434804551616,1.2986458245691515,0.007143689707785132,2.5429627450704895,0.6154551993533514,0.05136585936031613,2.498006737583626,none,none,2910,329,assistant,0.36,GPT,GPT,GPT,Bicycle
0.01742469521611702,0.09020597844339259,0.0,1.016480514831024,0.07475312174420612,0.0,0.43761726220943736,none,clarify,2918,329,user,0.4,GPT,GPT,GPT,Bicycle
0.17849108878928804,0.673687010614457,0.007143689707785132,2.376536043526037,0.4925746198487428,0.0,1.8703303954349215,none,none,2920,329,assistant,0.44,GPT,GPT,GPT,Bicycle
0.749346119363965,0.36022600008267597,0.0,1.553839620482048,0.2424513290792313,0.11857415950574667,1.548281581682753,none,clarify,2933,329,user,0.48,GPT,GPT,GPT,Bicycle
0.2272406496021467,1.3638342902577008,0.0,2.4458676712599985,0.35400618063034656,0.0805116542602292,2.33796125639552,none,none,2934,329,assistant,0.52,GPT,GPT,GPT,Bicycle
0.09342734992443358,0.6321124327769967,0.0,2.31439767895795,0.33948407669393776,0.0,1.8824471559940688,none,none,2947,329,user,0.56,GPT,GPT,GPT,Bicycle
0.4165410401554551,1.0733522801927649,0.0,2.6744797880464404,0.43012510099027346,0.01576201177690713,2.554522031089014,none,none,2949,329,assistant,0.6,GPT,GPT,GPT,Bicycle
0.12295742670173623,0.11531914240193597,0.011569870427341073,1.2474752121927817,0.03491383212913067,0.0044784362282042555,0.3473001706284689,none,clarify,2952,329,user,0.64,GPT,GPT,GPT,Bicycle
0.5060527413624374,1.3819824566340408,0.007143689707785132,2.4435230892338824,0.43979712951095973,0.0,2.4612690293406625,none,none,2954,329,assistant,0.68,GPT,GPT,GPT,Bicycle
0.7337004787530353,0.3578045219280563,0.0,1.6361389093816263,0.12282987524398631,0.0016391278059182369,0.8204913230295182,none,clarify,2977,329,user,0.72,GPT,GPT,GPT,Bicycle
0.2753332680303544,1.7282838062283672,0.0807534336191228,2.592114052204858,0.7016396350664533,0.029856120365261224,2.6930380629489927,none,none,2979,329,assistant,0.76,GPT,GPT,GPT,Bicycle
0.7548157205783323,0.340000650413512,0.0,1.8884574454997392,0.0634980308016986,0.013293839823441749,1.1565141362803766,none,none,2995,329,user,0.8,GPT,GPT,GPT,Bicycle
0.6140830017685063,1.2792633774728797,0.0,2.4097604220968445,0.48473206125546064,0.0,2.4154838677105137,none,none,2996,329,assistant,0.84,GPT,GPT,GPT,Bicycle
0.21417162328421344,0.7035940953539804,0.18717468844348378,2.2982472887429526,0.3930382712136744,0.0,1.201201617066253,none,none,3016,329,user,0.88,GPT,GPT,GPT,Bicycle
0.3190031926618889,1.3256218590435482,0.0,2.492090976765023,0.4129514993134887,0.06449019369714507,2.155365836983528,none,none,3020,329,assistant,0.92,GPT,GPT,GPT,Bicycle
0.5813239970085563,0.0,0.012898746783564697,1.845135720285751,0.31359632388273295,0.0904071319123009,0.9701171108184334,none,clarify,3038,329,user,0.96,GPT,GPT,GPT,Bicycle
0.5676966743532743,1.3208181688610925,0.007143689707785132,2.225941287156294,0.4199051694801275,0.0,2.521863871120804,none,none,3040,329,assistant,1.0,GPT,GPT,GPT,Bicycle
0.01865218883355573,0.0,0.0010127110821249315,1.0166032990601537,0.0002259198392978267,0.0,0.01399661955312207,none,none,2825,330,user,0.0,GPT,GPT,GPT,Bicycle
0.0,0.003892670705103831,0.0,0.9990955079944592,0.0,0.0,0.0,none,clarify,2827,330,assistant,0.0909090909090909,GPT,GPT,GPT,Bicycle
0.03049838401600156,0.9893643612695656,0.0,1.9835241770621765,0.004235966895978697,0.0,0.006937027005586032,none,clarify,2861,330,user,0.1818181818181818,GPT,GPT,GPT,Bicycle
0.1430052233006073,1.1088890679246117,0.00043168191414849383,2.8878318259032216,0.7005185224195234,0.08054563498919395,2.464627252946508,none,none,2862,330,assistant,0.2727272727272727,GPT,GPT,GPT,Bicycle
0.4468366657010127,0.41196186754759545,0.0,1.3161161095413711,0.23482212961687735,0.41331507093429704,0.593636326612697,none,none,2880,330,user,0.3636363636363636,GPT,GPT,GPT,Bicycle
0.38959498938308534,0.5727279706274996,0.0,2.3096801459395166,0.351434683849464,0.01489732661183231,2.1356496907842994,none,none,2882,330,assistant,0.4545454545454545,GPT,GPT,GPT,Bicycle
0.39051284545653664,0.38506090023671413,0.0,1.7432615987275035,0.20305148944701618,0.031171323537835326,0.18585852704373657,none,none,2901,330,user,0.5454545454545454,GPT,GPT,GPT,Bicycle
0.5391242128951181,0.9564237885450212,0.0,2.44284408533335,0.7855675419362156,0.0062655190170261945,2.1798664657870903,none,none,2902,330,assistant,0.6363636363636364,GPT,GPT,GPT,Bicycle
0.5544416766033025,0.28554979137527464,0.012898746783564697,1.6668577087492038,0.2241175612566826,0.0,1.1721528648875357,none,clarify,2969,330,user,0.7272727272727273,GPT,GPT,GPT,Bicycle
1.3017015106898866,1.7066726858721801,0.0,2.2611856390991045,0.8535570655884821,0.4817590185458956,1.9704160659822731,none,none,2972,330,assistant,0.8181818181818182,GPT,GPT,GPT,Bicycle
0.6274423726933427,0.20335842290755465,0.011069016154362713,1.5007740691516411,0.25798690959421655,0.004234193187505179,0.6180110796759366,none,clarify,3041,330,user,0.9090909090909092,GPT,GPT,GPT,Bicycle
1.0146200322307768,0.6232819288154009,0.011069016154362713,2.246972978564033,0.5684239687241617,0.0,1.4179800453272382,none,none,3042,330,assistant,1.0,GPT,GPT,GPT,Bicycle
0.01865218883355573,0.0,0.0010127110821249315,1.0166032990601537,0.0002259198392978267,0.0,0.01399661955312207,none,none,2829,332,user,0.0,GPT,GPT,GPT,Bicycle
0.0,0.10121064550591875,0.0,1.0291512241046563,0.06720552494724967,0.011607594286263645,0.0,none,clarify,2831,332,assistant,0.0476190476190476,GPT,GPT,GPT,Bicycle
0.03049838401600156,0.9893643612695656,0.0,1.9835241770621765,0.004235966895978697,0.0,0.006937027005586032,none,clarify,2853,332,user,0.0952380952380952,GPT,GPT,GPT,Bicycle
0.09342490533861478,1.9205793202427974,0.0002694895636206088,2.8927699212289317,0.938393204355072,0.008490478173511761,2.878792096586728,none,none,2857,332,assistant,0.1428571428571428,GPT,GPT,GPT,Bicycle
0.14390418918966535,0.6234636638816722,0.0057117196935816536,1.7034312848546138,0.0,0.09129773710204957,1.0950597349657214,none,clarify,2885,332,user,0.1904761904761904,GPT,GPT,GPT,Bicycle
0.19580592581730968,1.5820195704328097,0.13438557680296964,2.292635338849847,0.3251199191001393,0.0,2.047291849252494,none,none,2886,332,assistant,0.238095238095238,GPT,GPT,GPT,Bicycle
1.030547126885161,1.0499284896646202,0.036662480553142994,2.0641186009159362,0.0,0.0,1.2632934467066497,none,clarify,2921,332,user,0.2857142857142857,GPT,GPT,GPT,Bicycle
0.7685824608046277,1.6437707777031623,0.1593293532544487,2.288361678533344,0.6089204998809672,0.0,1.706672879169409,none,none,2922,332,assistant,0.3333333333333333,GPT,GPT,GPT,Bicycle
0.19605152422714925,0.36794833192196147,0.052541177464841514,2.061136759409096,0.12603741627287998,0.0,0.4218029279453309,none,clarify,2945,332,user,0.3809523809523809,GPT,GPT,GPT,Bicycle
1.315532330915812,1.5823532727964587,0.0,2.820794308788075,0.5931960325506337,0.011389266367464243,2.2581912375510855,none,none,2946,332,assistant,0.4285714285714285,GPT,GPT,GPT,Bicycle
0.5571338168299118,1.058623285188183,0.05419816282997311,1.9467771004766432,0.21288706313232716,0.15219548706858116,1.2828848801473984,none,open_what_if,2973,332,user,0.4761904761904761,GPT,GPT,GPT,Bicycle
0.8721501372226534,1.626305848810481,0.17724234993480698,2.5699397184663937,0.6484471017494083,0.20184900874196585,2.355225714631497,none,none,2976,332,assistant,0.5238095238095238,GPT,GPT,GPT,Bicycle
0.7667130023368479,0.5175422879979142,0.04036990683306873,1.914742515044673,0.2896199657195824,0.07120499665279217,0.2718150029260315,none,none,2988,332,user,0.5714285714285714,GPT,GPT,GPT,Bicycle
1.1241662463180648,1.7187208953045305,0.0,2.2962822178650515,0.2870861724465941,0.14257789301925788,2.124510717334521,none,open_what_if,2990,332,assistant,0.6190476190476191,GPT,GPT,GPT,Bicycle
0.18797099190269786,0.5134569715703237,0.0,1.854588348848869,0.20704476111684778,0.01060713467876367,0.4384168037067964,none,clarify,3001,332,user,0.6666666666666666,GPT,GPT,GPT,Bicycle
0.846136194899367,1.4433325312893877,0.1649131461490338,2.238409602068247,0.6190197777555954,0.054550784454303426,1.6587838360566187,none,none,3002,332,assistant,0.7142857142857143,GPT,GPT,GPT,Bicycle
0.5024090044123332,0.24635000880107089,0.0,1.6761500125120556,0.03708326511923332,0.009129094317491811,0.9239034353280652,none,none,3011,332,user,0.7619047619047619,GPT,GPT,GPT,Bicycle
1.3885551060676284,1.6739684727495692,0.01383422766970107,2.4135578842699634,0.5789438271244504,0.004640049034050087,2.0036742425153946,none,none,3014,332,assistant,0.8095238095238095,GPT,GPT,GPT,Bicycle
0.12642074518840113,0.21272496706043678,0.08057006421597256,1.6008105162136343,0.11578748688662822,0.03417168026835157,0.5345735203204482,none,none,3029,332,user,0.8571428571428571,GPT,GPT,GPT,Bicycle
1.3538316537158008,1.2484802271722164,0.003656607837208355,2.958046406788067,0.65098084431665,0.3317103817237734,2.157164273492027,none,none,3030,332,assistant,0.9047619047619048,GPT,GPT,GPT,Bicycle
0.07530394073657785,0.23302376497343105,0.07387036980183069,1.3066052839285942,0.172054999293506,0.02438539749781359,0.33161352156450563,none,clarify,3031,332,user,0.9523809523809524,GPT,GPT,GPT,Bicycle
0.5276456127455866,1.5032328144959302,0.010822764539579085,2.3850789821374776,0.7525478939202386,0.040080000558397624,1.6153822935375732,none,none,3032,332,assistant,1.0,GPT,GPT,GPT,Bicycle
0.01865218883355573,0.0,0.0010127110821249315,1.0166032990601537,0.0002259198392978267,0.0,0.01399661955312207,none,none,2830,333,user,0.0,GPT,GPT,GPT,Bicycle
0.0,0.2089447837591961,0.08162193576794667,0.9827920699740001,0.10724982899195973,0.0,0.0,none,clarify,2832,333,assistant,0.0588235294117647,GPT,GPT,GPT,Bicycle
0.03049838401600156,0.9893643612695656,0.0,1.9835241770621765,0.004235966895978697,0.0,0.006937027005586032,none,clarify,2843,333,user,0.1176470588235294,GPT,GPT,GPT,Bicycle
0.3644066272581044,1.8519374667905715,0.00043168191414849383,2.8096951388147478,0.6971947748189211,0.09806336502951016,2.4172485875793885,none,none,2845,333,assistant,0.1764705882352941,GPT,GPT,GPT,Bicycle
0.34815039532515574,0.2113038816834095,0.013663568969966742,1.7245025990354543,0.0,0.10828173569668118,0.6260860662682,none,clarify,2867,333,user,0.2352941176470588,GPT,GPT,GPT,Bicycle
1.1959145951195176,1.1736898552575823,0.002379779514402637,2.420532534031277,0.48085832230137243,0.05197376352091587,1.4529617960796897,none,none,2868,333,assistant,0.2941176470588235,GPT,GPT,GPT,Bicycle
0.9670206811795009,1.1222256436944669,0.01104051972893036,1.907619741524307,0.44842241836532226,0.004861265259984698,1.4120223601478914,none,none,2887,333,user,0.3529411764705882,GPT,GPT,GPT,Bicycle
0.5578470643816754,1.6096672465988455,0.013209129634219535,2.535990605639522,0.5918001041853508,0.30004365329357263,1.5177830951692728,none,none,2888,333,assistant,0.4117647058823529,GPT,GPT,GPT,Bicycle
0.5651195602299567,0.0,0.011300266844933935,1.5810662970949017,0.0,0.18847004957820448,0.5113307730866388,none,clarify,2903,333,user,0.4705882352941176,GPT,GPT,GPT,Bicycle
0.36790396761678135,0.8544635241842181,0.15726454203617524,2.616422820578639,0.5520885514148849,0.020626083560354804,2.1322004674006805,none,none,2904,333,assistant,0.5294117647058824,GPT,GPT,GPT,Bicycle
0.023099989711381594,0.02343538078724493,0.0,2.0125903316691858,0.0,0.0,1.7906435250214108,none,none,2917,333,user,0.5882352941176471,GPT,GPT,GPT,Bicycle
0.6075080836636965,1.5712590184431805,0.010879948701564703,2.3388551134906432,0.4686889607529535,0.04756606745831224,2.292492575537226,none,none,2919,333,assistant,0.6470588235294118,GPT,GPT,GPT,Bicycle
0.12226942465514239,0.26183845734641853,0.1530638535029523,1.7542157695213128,0.1015261931073391,0.0,1.0694147613547231,none,clarify,2931,333,user,0.7058823529411765,GPT,GPT,GPT,Bicycle
0.7882006823628498,1.0108419126656727,0.2889481093025556,2.4515204109861943,0.6116131608984541,0.0,1.8558820811478332,none,none,2932,333,assistant,0.7647058823529411,GPT,GPT,GPT,Bicycle
0.4867248869048193,0.33935228482893653,0.01663751654709144,2.0935394673715373,0.01635528897320071,0.04138427696149997,1.288316312336157,none,clarify,2957,333,user,0.8235294117647058,GPT,GPT,GPT,Bicycle
0.5710883380128472,1.3186729252645828,0.084787256444169,2.4654506031742445,0.3860344012594168,0.016641307095941284,2.010740811058377,none,none,2958,333,assistant,0.8823529411764706,GPT,GPT,GPT,Bicycle
0.3433455942333641,0.05075318909143726,0.01827871113294575,2.0520383778920155,0.45017778366733524,0.13071540129856324,1.5766294249375352,none,none,2968,333,user,0.9411764705882352,GPT,GPT,GPT,Bicycle
0.054896949844638734,1.9184867748880226,0.0,2.9486087663462026,0.949096390539935,0.0012316717216850682,2.958592292297103,none,none,2971,333,assistant,1.0,GPT,GPT,GPT,Bicycle
0.01865218883355573,0.0,0.0010127110821249315,1.0166032990601537,0.0002259198392978267,0.0,0.01399661955312207,none,none,2833,334,user,0.0,GPT,GPT,GPT,Bicycle
0.0,0.003892670705103831,0.0,0.9990955079944592,0.0,0.0,0.0,none,clarify,2835,334,assistant,0.0526315789473684,GPT,GPT,GPT,Bicycle
0.03049838401600156,0.9893643612695656,0.0,1.9835241770621765,0.004235966895978697,0.0,0.006937027005586032,none,clarify,2847,334,user,0.1052631578947368,GPT,GPT,GPT,Bicycle
0.2994602864289948,1.193735095400406,0.0002694895636206088,2.743012059094849,0.7851023778216363,0.12000885507571947,2.5272625221644685,none,none,2849,334,assistant,0.1578947368421052,GPT,GPT,GPT,Bicycle
0.20258828991287753,0.34601868674191183,0.17999849821657962,2.1030588146220834,0.19371714746309981,0.48916106661348596,0.5192577038935055,none,none,2893,334,user,0.2105263157894736,GPT,GPT,GPT,Bicycle
0.7384422739806872,1.0223795906856452,0.0,2.5821417305367187,0.38891821599546444,0.4316943809333928,1.7376523032776763,none,none,2894,334,assistant,0.2631578947368421,GPT,GPT,GPT,Bicycle
0.39794460243368496,0.538324065242383,0.0,1.775028630422773,0.5446500637789632,0.0,1.3563117722618232,none,none,2913,334,user,0.3157894736842105,GPT,GPT,GPT,Bicycle
1.4777261292422428,1.1724073499897198,0.0,2.4521063337690556,0.6760420764895894,0.4218657279147496,2.5856362275480245,none,none,2914,334,assistant,0.3684210526315789,GPT,GPT,GPT,Bicycle
1.278214925589904,0.46357011179444096,0.0,2.0298372584216837,0.30215712283215573,0.0,1.0608771591292843,none,none,2927,334,user,0.4210526315789473,GPT,GPT,GPT,Bicycle
0.9679632864326062,1.300085039948424,0.0,2.5158348252501335,0.38810095109163717,0.0,2.0736687723132334,none,none,2928,334,assistant,0.4736842105263157,GPT,GPT,GPT,Bicycle
0.4877282697867403,0.3617199763147791,0.16680900537728335,1.9906537263998845,0.49569772569125214,0.30878344113002026,0.8679748107869554,none,none,2948,334,user,0.5263157894736842,GPT,GPT,GPT,Bicycle
0.5759564612094508,1.3027372495686123,0.00905021807236273,2.6824347147349203,0.9019233230528615,0.052658801446093514,2.222843965016931,none,none,2950,334,assistant,0.5789473684210527,GPT,GPT,GPT,Bicycle
0.6832526062938056,0.4524783063975728,0.01478017125109243,1.834016364866173,0.13766016045527132,0.0,1.5241504600017457,none,none,2963,334,user,0.631578947368421,GPT,GPT,GPT,Bicycle
0.15849315071861553,1.2595461845257716,0.010879948701564703,2.6704242222248613,0.936675362849849,0.0,2.0908158075796424,none,none,2964,334,assistant,0.6842105263157895,GPT,GPT,GPT,Bicycle
1.0499604105537585,0.8257827829477847,0.0,2.201716719994593,0.7577901738652147,0.2110155749560716,2.202560636307119,none,none,3007,334,user,0.7368421052631579,GPT,GPT,GPT,Bicycle
0.41062517289264666,1.1315283075948246,0.0,2.5340476851998557,0.4961549102904912,0.002914364812461041,2.086252761439599,none,none,3008,334,assistant,0.7894736842105263,GPT,GPT,GPT,Bicycle
0.12464796822901028,0.4032208657630486,0.11943873952446966,1.9555864978069868,0.550175828755792,0.056655728640805814,0.8103513964963038,none,none,3026,334,user,0.8421052631578947,GPT,GPT,GPT,Bicycle
0.833782354012082,1.2388011249527036,0.0,2.2158278421223763,0.4604195359775048,0.40991880918159623,2.5301702732640647,none,none,3028,334,assistant,0.8947368421052632,GPT,GPT,GPT,Bicycle
0.4687325159287619,0.37881414949856895,1.1320338553711975,1.3328648544684523,0.14225315591789056,0.0,0.5481375728875526,neutral,none,3033,334,user,0.9473684210526316,GPT,GPT,GPT,Bicycle
0.7052162186856145,1.1906103142064592,0.0,2.4548303230083097,0.5983067645713496,0.0,1.9088237797862693,none,none,3034,334,assistant,1.0,GPT,GPT,GPT,Bicycle
0.01865218883355573,0.0,0.0010127110821249315,1.0166032990601537,0.0002259198392978267,0.0,0.01399661955312207,none,none,2834,335,user,0.0,GPT,GPT,GPT,Bicycle
0.0,0.003892670705103831,0.0,0.9990955079944592,0.0,0.0,0.0,none,clarify,2836,335,assistant,0.0909090909090909,GPT,GPT,GPT,Bicycle
0.03049838401600156,0.9893643612695656,0.0,1.9835241770621765,0.004235966895978697,0.0,0.006937027005586032,none,clarify,2851,335,user,0.1818181818181818,GPT,GPT,GPT,Bicycle
0.3732147514105116,1.2408118298909987,0.0,3.0,0.722328099592892,0.024788067192667976,2.3189967078281324,none,none,2852,335,assistant,0.2727272727272727,GPT,GPT,GPT,Bicycle
0.02396554433991676,0.5193043417444684,0.0807797285606973,1.6018048742126731,0.41296549560800205,0.0,0.4431928223247861,none,none,2873,335,user,0.3636363636363636,GPT,GPT,GPT,Bicycle
0.4893147032318365,1.334088775403411,0.0,2.3349258097697403,0.42420691819383083,0.1741645674103252,1.192485331139855,none,none,2874,335,assistant,0.4545454545454545,GPT,GPT,GPT,Bicycle
0.30924217981157154,0.3228460011940564,0.24142136753130616,1.462484064438723,0.21112005459348004,0.04503461170389005,1.0160959470047224,none,none,2889,335,user,0.5454545454545454,GPT,GPT,GPT,Bicycle
0.23219030640501925,1.212296708886582,0.20204493876448248,2.3302561821746846,0.7572454421995625,0.06515177474589313,2.019008816169377,none,none,2890,335,assistant,0.6363636363636364,GPT,GPT,GPT,Bicycle
0.25896549846716316,0.9567913780652728,0.012888373534289716,2.0308393501569935,0.29491740746671785,0.0,1.2916033552966788,none,none,2915,335,user,0.7272727272727273,GPT,GPT,GPT,Bicycle
0.9152955712818528,1.1199065265729047,0.0,2.3409813077475388,0.5449879338883858,0.3704027663236218,2.0129519952646873,none,none,2916,335,assistant,0.8181818181818182,GPT,GPT,GPT,Bicycle
0.15345408474995448,0.3606990085909543,0.013693772359427172,1.9351468591755676,0.013865437155588701,0.0,1.1536567493113767,none,none,2991,335,user,0.9090909090909092,GPT,GPT,GPT,Bicycle
0.3587613995844996,2.0281536471017625,0.005016395247316519,2.529049148365685,0.6519814737576061,0.049253244532917476,2.351165949664267,none,none,2993,335,assistant,1.0,GPT,GPT,GPT,Bicycle
0.01865218883355573,0.0,0.0010127110821249315,1.0166032990601537,0.0002259198392978267,0.0,0.01399661955312207,none,none,2837,336,user,0.0,GPT,GPT,GPT,Bicycle
0.0,0.003892670705103831,0.0,0.9990955079944592,0.0,0.0,0.0,none,clarify,2838,336,assistant,0.037037037037037,GPT,GPT,GPT,Bicycle
0.03049838401600156,0.9893643612695656,0.0,1.9835241770621765,0.004235966895978697,0.0,0.006937027005586032,none,clarify,2854,336,user,0.074074074074074,GPT,GPT,GPT,Bicycle
0.14606058894206903,1.872670270734897,0.00416971211314834,3.0,0.7236117867705287,0.008749788289447074,2.874673750329069,none,none,2856,336,assistant,0.1111111111111111,GPT,GPT,GPT,Bicycle
0.7525018786860299,0.13124670431656207,0.13762024539912387,1.5276834491916709,0.03796440366793473,0.00918967350273773,0.4521324728300988,none,clarify,2875,336,user,0.1481481481481481,GPT,GPT,GPT,Bicycle
0.6604551917277646,1.4835998348638433,0.12468898379410273,2.3267621806362166,0.5699890399969341,0.013809295496080811,1.678253903889759,none,none,2876,336,assistant,0.1851851851851851,GPT,GPT,GPT,Bicycle
1.0007396429874797,0.32989837292285495,0.07506846058792213,1.8979515663609396,0.18141629436007717,0.32549783607005844,1.321089929406667,none,none,2879,336,user,0.2222222222222222,GPT,GPT,GPT,Bicycle
0.46300449137001265,1.6686042576267972,0.040324143239339943,2.9182409937833134,0.9690907050818472,0.33029440481220956,2.203446699642247,none,none,2883,336,assistant,0.2592592592592592,GPT,GPT,GPT,Bicycle
0.2886137694489005,0.9545214051953435,0.25257808960194833,1.4751874282318234,0.07065016666649843,0.0,0.9350834638226161,none,clarify,2899,336,user,0.2962962962962963,GPT,GPT,GPT,Bicycle
0.36838256695219573,1.7443214577955233,0.14073318942106527,2.667737350915635,0.7036497273144565,0.0,1.8896708338950234,none,none,2900,336,assistant,0.3333333333333333,GPT,GPT,GPT,Bicycle
0.619318659075881,0.18436349261057752,0.024029708988702016,1.8177943183029064,0.0,0.01699629266359138,0.3385305828553677,none,criteria_setting,2924,336,user,0.3703703703703703,GPT,GPT,GPT,Bicycle
0.7743395578018245,1.4386003982785793,0.0,2.504560864693291,0.5950832181186753,0.04408118356512193,1.4524056319646086,none,none,2926,336,assistant,0.4074074074074074,GPT,GPT,GPT,Bicycle
0.7030325355356927,0.6902308768466566,0.0,1.8705655128409406,0.09529484172105109,0.0,0.6722834167743666,none,clarify,2941,336,user,0.4444444444444444,GPT,GPT,GPT,Bicycle
0.4319245434450277,0.8854965763224836,0.007041517627169902,2.4898422026595313,0.7006399799502795,0.0,1.7932899185862485,none,none,2942,336,assistant,0.4814814814814814,GPT,GPT,GPT,Bicycle
0.22828102846953874,0.5838725529416813,0.008941721693894107,2.0070879574396967,0.07749323787916354,0.0,0.5702613056883845,none,clarify,2959,336,user,0.5185185185185185,GPT,GPT,GPT,Bicycle
0.07521990100256291,1.9492004381551165,0.0,2.891599081021085,0.9024627220895924,0.002046065550147478,2.8670269292974644,none,none,2960,336,assistant,0.5555555555555556,GPT,GPT,GPT,Bicycle
0.0,0.4493443549728513,0.14962489465307371,2.1708953350643343,0.26977551789276594,0.0,0.250645918768593,none,none,2974,336,user,0.5925925925925926,GPT,GPT,GPT,Bicycle
0.05626869752388045,1.3961495304136748,0.1411883029275002,2.4089035093306923,0.5033996237454348,0.0,1.109939249919667,none,none,2975,336,assistant,0.6296296296296297,GPT,GPT,GPT,Bicycle
0.2644326735414817,0.21666704607014545,0.007143689707785132,1.7881659468725708,0.17999475301102286,0.05830496643069196,0.704278080387762,none,clarify,2992,336,user,0.6666666666666666,GPT,GPT,GPT,Bicycle
0.9695342800510157,1.419045682298417,0.13872448897587245,2.7041619839701814,0.6296777842637543,0.16197435760000456,1.5316051982223446,none,none,2994,336,assistant,0.7037037037037037,GPT,GPT,GPT,Bicycle
0.5708767758886977,0.8339904441892533,0.0,2.1442816560705675,0.2867273150207768,0.6647121159381004,0.9108368847603335,none,clarify,3003,336,user,0.7407407407407407,GPT,GPT,GPT,Bicycle
1.5301875912588823,1.2501745168682146,0.0010127110821249315,2.7924561535864703,0.9333693483152995,0.038275376312693815,1.9927088863190838,none,none,3004,336,assistant,0.7777777777777778,GPT,GPT,GPT,Bicycle
0.385188594725825,0.0291838785505385,0.1275534723960773,2.1328929877535225,0.606613729546228,0.0,0.656999536157744,none,none,3009,336,user,0.8148148148148148,GPT,GPT,GPT,Bicycle
0.4100110904521904,1.59362134744945,0.0,2.6642394542240484,0.9014849995278849,0.0,1.932015065252983,none,none,3012,336,assistant,0.8518518518518519,GPT,GPT,GPT,Bicycle
0.058174559197766866,0.30346985348315725,0.0,1.7614932293696894,0.2287337654815129,0.0,0.2194018579928556,none,none,3021,336,user,0.8888888888888888,GPT,GPT,GPT,Bicycle
1.1236771390176847,0.915292937674951,0.0,2.3584063893910594,1.1096938204506106,0.034354530803506554,2.2068097221761085,none,none,3023,336,assistant,0.925925925925926,GPT,GPT,GPT,Bicycle
0.3098148273913362,0.6759352641536923,0.0,1.9018834231943895,0.14772437285591894,0.03137152706776063,1.692111486400175,none,clarify,3037,336,user,0.9629629629629628,GPT,GPT,GPT,Bicycle
0.7045313291312533,1.2046415718566703,0.0,2.6218100337014922,0.7159108284452764,0.09707883158125387,2.5034301886341757,none,none,3039,336,assistant,1.0,GPT,GPT,GPT,Bicycle
0.01865218883355573,0.0,0.0010127110821249315,1.0166032990601537,0.0002259198392978267,0.0,0.01399661955312207,none,none,2839,337,user,0.0,GPT,GPT,GPT,Bicycle
0.0,0.003892670705103831,0.0,0.9990955079944592,0.0,0.0,0.0,none,clarify,2840,337,assistant,0.0526315789473684,GPT,GPT,GPT,Bicycle
0.03049838401600156,0.9893643612695656,0.0,1.9835241770621765,0.004235966895978697,0.0,0.006937027005586032,none,clarify,2864,337,user,0.1052631578947368,GPT,GPT,GPT,Bicycle
0.0,1.8138488528000414,0.0,2.7781278805547687,0.455523011796873,0.0,1.9666456211628325,none,none,2866,337,assistant,0.1578947368421052,GPT,GPT,GPT,Bicycle
0.8958866428347748,0.09580372731964167,0.008957406589797837,1.535217140329372,0.1427692863738228,0.012135993027047954,0.11526142421394106,none,clarify,2877,337,user,0.2105263157894736,GPT,GPT,GPT,Bicycle
0.657894760767465,0.9116418734491897,0.0,2.7194099826415603,0.3733933357093657,0.15475548127474967,1.0739232583498455,none,none,2878,337,assistant,0.2631578947368421,GPT,GPT,GPT,Bicycle
0.12411867932473022,0.3188937335822585,0.0,2.005912572831353,0.0597794473459827,0.0,0.9253204625109308,none,none,2891,337,user,0.3157894736842105,GPT,GPT,GPT,Bicycle
0.15492715582314243,1.9950452625012611,0.0,2.8349168025699645,0.4230631020417336,0.05376480322686319,2.514746893303819,none,none,2892,337,assistant,0.3684210526315789,GPT,GPT,GPT,Bicycle
0.3501466092619672,0.0,0.12688515294940636,1.6132020407928023,0.06018411338833316,0.0046180804350690295,1.041029676373227,none,none,2905,337,user,0.4210526315789473,GPT,GPT,GPT,Bicycle
0.37608592149445147,2.03721392895411,0.0,2.7337186520532732,0.6246553459459635,0.02363998852158221,2.2556613149096614,none,none,2906,337,assistant,0.4736842105263157,GPT,GPT,GPT,Bicycle
0.19001358005132027,0.6067310456843961,0.0010033552067115388,1.714937030879476,0.046668644223498486,0.0,1.188226919825031,none,clarify,2939,337,user,0.5263157894736842,GPT,GPT,GPT,Bicycle
0.3008904899616537,1.5587444252374112,0.01117751253283134,2.7909231094022418,0.9380438338092392,0.08413726926559054,2.2984873600180267,none,none,2940,337,assistant,0.5789473684210527,GPT,GPT,GPT,Bicycle
0.0,1.8844036509144806,0.017546537311180915,1.9352350650133094,0.11119877723219553,0.0,0.09865811308085179,none,criteria_setting,2961,337,user,0.631578947368421,GPT,GPT,GPT,Bicycle
0.14419211111233496,1.8577097038892965,0.0,2.6759820346139622,0.4648145670287949,0.00880071970999827,2.574306271300613,none,none,2962,337,assistant,0.6842105263157895,GPT,GPT,GPT,Bicycle
0.018616114874175464,0.6151148752215709,0.0037030192483888382,2.1945468159933905,0.1781524430236921,0.005277623358163911,1.2744629543579309,none,none,2987,337,user,0.7368421052631579,GPT,GPT,GPT,Bicycle
0.1694904050099152,2.0100196895196567,0.0,2.5751093138621055,0.4162283087919876,0.0475179454118216,2.250959229227493,none,none,2989,337,assistant,0.7894736842105263,GPT,GPT,GPT,Bicycle
0.6551512587071782,0.6741422112094869,0.06820895538316052,2.0413136029833083,0.14072314810678624,0.0,1.7727829755776157,none,none,3010,337,user,0.8421052631578947,GPT,GPT,GPT,Bicycle
0.24462663529465986,1.8614558277737474,0.006340604908869039,2.7929641028787615,0.8244136864259946,0.07186268116586064,2.671253069968524,none,none,3013,337,assistant,0.8947368421052632,GPT,GPT,GPT,Bicycle
0.36854330672440405,0.8068506859598163,1.038264977243906,1.7087870663095666,0.3607035999504316,0.06315026547933081,0.9069456968125191,neutral,none,3035,337,user,0.9473684210526316,GPT,GPT,GPT,Bicycle
0.378764195148879,1.9758533760721544,0.0,2.8825390019420634,1.025735380394873,0.05555991293649955,2.3407406053159643,none,none,3036,337,assistant,1.0,GPT,GPT,GPT,Bicycle
0.01865218883355573,0.0,0.0010127110821249315,1.0166032990601537,0.0002259198392978267,0.0,0.01399661955312207,none,none,2841,338,user,0.0,GPT,GPT,GPT,Bicycle
0.0,0.003892670705103831,0.0,0.9990955079944592,0.0,0.0,0.0,none,clarify,2842,338,assistant,0.0526315789473684,GPT,GPT,GPT,Bicycle
0.03049838401600156,0.9893643612695656,0.0,1.9835241770621765,0.004235966895978697,0.0,0.006937027005586032,none,clarify,2858,338,user,0.1052631578947368,GPT,GPT,GPT,Bicycle
0.2046829496213917,1.7580422418263846,0.016538847213891168,2.9319696352798306,0.7808120915212293,0.029289865074385694,2.3476766359729706,none,none,2860,338,assistant,0.1578947368421052,GPT,GPT,GPT,Bicycle
0.01239102647124428,0.02410681934818812,0.013209129634219535,1.011070985669731,0.0030212337606700533,0.0,0.07149429697551846,none,clarify,2871,338,user,0.2105263157894736,GPT,GPT,GPT,Bicycle
0.5070267123911854,1.3657846591753602,0.1126957708146694,2.6648151231688293,0.4378249848974931,0.07214135001244569,1.807953189652274,none,none,2872,338,assistant,0.2631578947368421,GPT,GPT,GPT,Bicycle
0.28186329006759825,0.7992743279614309,0.007143689707785132,1.608724584826844,0.423423121798466,0.2804434793810854,0.852330652128948,none,clarify,2896,338,user,0.3157894736842105,GPT,GPT,GPT,Bicycle
0.3558610901400036,1.6796905421670534,0.0,2.5054842520010694,0.40215337122891187,0.07742732257301119,2.18643323902183,none,none,2898,338,assistant,0.3684210526315789,GPT,GPT,GPT,Bicycle
0.4170842338678759,0.2040153560533932,1.130618253826467,1.011439890975968,0.0,0.009378827447866842,0.327070845210506,neutral,clarify,2911,338,user,0.4210526315789473,GPT,GPT,GPT,Bicycle
0.6574263267123267,1.8671376829100113,0.0,2.6079787312247134,0.4736116574082634,0.0,2.4544251355014852,none,none,2912,338,assistant,0.4736842105263157,GPT,GPT,GPT,Bicycle
0.22969819394914323,0.5551555516460964,0.016314960556686284,1.5798001135461253,0.2000683896777986,0.0,0.6184798441510693,none,clarify,2929,338,user,0.5263157894736842,GPT,GPT,GPT,Bicycle
0.6389730894325937,1.653399675127109,0.22317965957598904,2.5867544555212842,0.38052222434267513,0.15000599175009005,2.3803443573776732,none,none,2930,338,assistant,0.5789473684210527,GPT,GPT,GPT,Bicycle
0.4337536257201339,0.51539159940615,0.27092893016506897,1.46751506864627,0.2642116155207519,0.0011236894816915616,0.8992705411637997,none,clarify,2951,338,user,0.631578947368421,GPT,GPT,GPT,Bicycle
0.3510881703976612,1.4621018420235121,0.007041517627169902,2.6520919318611926,0.5900735789305049,0.010060349502721043,2.4495206204184274,none,none,2953,338,assistant,0.6842105263157895,GPT,GPT,GPT,Bicycle
0.34844805470044965,0.6046097400961532,0.0,2.145882607171059,0.11774342542828306,0.0,0.609297811716181,none,clarify,2983,338,user,0.7368421052631579,GPT,GPT,GPT,Bicycle
0.08008545660194802,2.131849856330383,0.0,3.0,1.1167148445156878,0.0,2.386786884789395,none,none,2984,338,assistant,0.7894736842105263,GPT,GPT,GPT,Bicycle
0.20163503638457989,0.8546451711035448,0.022560386145260077,1.8095428246770469,0.4564544108379243,0.0,1.3600887840425755,none,clarify,2999,338,user,0.8421052631578947,GPT,GPT,GPT,Bicycle
0.32966851451668444,1.71250969091227,0.007143689707785132,2.763273737643152,0.974688068037185,0.0,2.0615354891454687,none,none,3000,338,assistant,0.8947368421052632,GPT,GPT,GPT,Bicycle
0.09325556218203401,0.3662494870845907,0.009768613008948995,1.1520094560690595,0.010992660789651436,0.0,0.2718243305340794,none,clarify,3017,338,user,0.9473684210526316,GPT,GPT,GPT,Bicycle
0.7496860190309234,1.7301404658522794,0.005016395247316519,2.49586566135736,0.7029647100247889,0.35002285236275704,2.3865221926680737,none,none,3019,338,assistant,1.0,GPT,GPT,GPT,Bicycle
0.01865218883355573,0.0,0.0010127110821249315,1.0166032990601537,0.0002259198392978267,0.0,0.01399661955312207,none,none,2848,339,user,0.0,GPT,GPT,GPT,Bicycle
0.0,0.003892670705103831,0.0,0.9990955079944592,0.0,0.0,0.0,none,clarify,2850,339,assistant,0.037037037037037,GPT,GPT,GPT,Bicycle
0.03049838401600156,0.9893643612695656,0.0,1.9835241770621765,0.004235966895978697,0.0,0.006937027005586032,none,clarify,2863,339,user,0.074074074074074,GPT,GPT,GPT,Bicycle
0.08673171143730483,1.797670612990515,0.15245092216909475,2.84186468986001,0.6958410812295849,0.042450099179140416,2.414487555822517,none,none,2865,339,assistant,0.1111111111111111,GPT,GPT,GPT,Bicycle
0.4759748048707323,0.5893892288618316,0.0,1.5193468346260397,0.32587024664016406,0.4046700998473017,0.4551935486840456,none,none,2907,339,user,0.1481481481481481,GPT,GPT,GPT,Bicycle
0.4251307270060651,1.719851589986098,0.008871248256371877,2.4452279160896824,0.5526912784932659,0.04481230454018252,1.4033502322461673,none,none,2909,339,assistant,0.1851851851851851,GPT,GPT,GPT,Bicycle
0.27124164808062645,0.28981326821573844,0.10062059771104928,1.142833951623553,0.03982391071403629,0.006816774553401088,0.669709188810964,none,clarify,2923,339,user,0.2222222222222222,GPT,GPT,GPT,Bicycle
0.875245939512813,1.5222325697432784,0.0,2.5340504118725575,0.5545617384068001,0.032341243863354824,1.572829337651136,none,none,2925,339,assistant,0.2592592592592592,GPT,GPT,GPT,Bicycle
0.1489758269373139,0.6290784253656571,0.1239173169987157,1.4569361778658547,0.0,0.32224098427125414,0.5055596746712452,none,clarify,2937,339,user,0.2962962962962963,GPT,GPT,GPT,Bicycle
0.5304403720714789,1.7384689197159962,0.013428850840451187,2.3619676625552537,0.4908764274677868,0.0,1.8908339841427695,none,none,2938,339,assistant,0.3333333333333333,GPT,GPT,GPT,Bicycle
0.14957323209854753,0.7546060471625237,0.06443829054558846,1.857256983962922,0.05433955336556259,0.06108437341974061,0.32649911156196343,none,none,2943,339,user,0.3703703703703703,GPT,GPT,GPT,Bicycle
0.5688538472037852,0.8372693283312359,0.5160353093033708,2.1974823808918993,0.48375641553341336,0.403800386460851,1.5777675983387083,constructive,none,2944,339,assistant,0.4074074074074074,GPT,GPT,GPT,Bicycle
0.23233410956062497,0.3577815886626212,0.5354159956165999,1.2221729873501683,0.05314120834060121,0.13438932582818355,0.9307180719908819,constructive,clarify,2955,339,user,0.4444444444444444,GPT,GPT,GPT,Bicycle
0.1528798838308705,1.7917763419404238,0.06537620513669674,2.3401713409997065,0.4459199462898017,0.053211598996630034,2.0249143743182256,none,none,2956,339,assistant,0.4814814814814814,GPT,GPT,GPT,Bicycle
0.03057613098965512,0.8959494446618044,0.08661893381673402,1.5120493994452722,0.04909698209546336,0.0039380008411001146,0.2972760399634198,none,clarify,2965,339,user,0.5185185185185185,GPT,GPT,GPT,Bicycle
0.9595475422658024,1.3896766407931036,0.0,2.0301869801849004,0.35463238866748237,0.07988201593845169,1.8727583691149008,none,none,2966,339,assistant,0.5555555555555556,GPT,GPT,GPT,Bicycle
0.7197797925459433,0.19638687724200682,0.07153581169476841,1.1462051466732484,0.3697680214506215,0.0,0.4538908870467198,none,clarify,2978,339,user,0.5925925925925926,GPT,GPT,GPT,Bicycle
0.47588933968697616,1.5994298145600843,0.014661195613973877,2.3370449475768433,0.5961093400731164,0.011411473037917647,1.5667729088418334,none,none,2980,339,assistant,0.6296296296296297,GPT,GPT,GPT,Bicycle
0.08927063079063245,0.45982919610848444,0.1720423806174112,1.448339925445352,0.03752652307863198,0.01866827976838709,0.24510564664379678,none,none,2981,339,user,0.6666666666666666,GPT,GPT,GPT,Bicycle
0.48984316925587723,1.4614384779709784,0.0,2.111203044352812,0.4202106724244678,0.011204734720103044,2.1587321072645542,none,none,2982,339,assistant,0.7037037037037037,GPT,GPT,GPT,Bicycle
0.03358807630813786,0.43759940244655887,0.007399403796584732,1.4180283792911477,0.29953620232562844,0.08199204000875289,0.39877596136385096,none,clarify,2985,339,user,0.7407407407407407,GPT,GPT,GPT,Bicycle
0.5325772931569668,1.5886824785944973,0.00881170428781834,2.023452226462782,0.6843209464065061,0.010953132233884182,1.5283122110959877,none,none,2986,339,assistant,0.7777777777777778,GPT,GPT,GPT,Bicycle
0.12076280138190902,0.15906323484061666,0.3480353366823588,1.2254754944259203,0.2548908992404561,0.49320277966210496,0.29980016530676096,none,clarify,3005,339,user,0.8148148148148148,GPT,GPT,GPT,Bicycle
0.7242960959632413,1.2611158283446517,0.0,2.4856275150992078,0.6686502997212584,0.03933226237830103,2.048005398832082,none,none,3006,339,assistant,0.8518518518518519,GPT,GPT,GPT,Bicycle
0.05179873780484477,0.10604528574065886,0.10762404198588053,1.3206947903257826,0.1617924528504276,0.0,0.6057591540544642,none,none,3015,339,user,0.8888888888888888,GPT,GPT,GPT,Bicycle
1.4031744203979877,1.286625429423437,0.0,2.3616761317920165,0.3775150279567452,0.03639785589393784,1.2507477303891845,none,none,3018,339,assistant,0.925925925925926,GPT,GPT,GPT,Bicycle
0.14544671626632372,0.5355164118388092,0.7267114222724251,2.01051707844022,0.4221093839929478,0.0,0.46037408689555787,none,none,3025,339,user,0.9629629629629628,GPT,GPT,GPT,Bicycle
0.3717612588523349,0.3748316577277215,0.0,2.0361437159106286,0.12204366382145766,0.06774163754589528,0.283284054292049,none,open_what_if,3027,339,assistant,1.0,GPT,GPT,GPT,Bicycle
0.01865218883355573,0.0,0.0010127110821249315,1.0166032990601537,0.0002259198392978267,0.0,0.01399661955312207,none,none,3043,340,user,0.0,Divergent,Persona,Divergent,Library
0.0,0.003892670705103831,0.0,0.9990955079944592,0.0,0.0,0.0,none,clarify,3044,340,assistant,0.0769230769230769,Divergent,Persona,Divergent,Library
0.008715222563156034,0.9966724427189927,0.0,1.9869316469784641,0.0,0.002672053286864946,0.0,none,clarify,3067,340,user,0.1538461538461538,Divergent,Persona,Divergent,Library
1.1514226760662403,0.5606670115369674,0.0011694971734548007,2.1022284459605434,0.042727109359298396,0.6322546639841612,0.9799058388100782,none,open_what_if,3068,340,assistant,0.2307692307692307,Divergent,Persona,Divergent,Library
0.168798313104163,0.0,0.17282164126595878,1.642714927714752,0.029294130503136354,0.007610353790950614,0.13500243003110005,none,none,3098,340,user,0.3076923076923077,Divergent,Persona,Divergent,Library
1.2776629770362857,1.3966873832156461,0.0,2.2123316280442697,0.2737697701398555,0.30979488969154845,1.1961693490187226,none,open_what_if,3100,340,assistant,0.3846153846153846,Divergent,Persona,Divergent,Library
0.5264809148388787,0.3676048972496839,0.4103282410996949,2.0643497368732002,0.5087767887258117,0.0,0.8276183896158363,none,none,3121,340,user,0.4615384615384615,Divergent,Persona,Divergent,Library
2.0090761921249136,1.1560453714141656,0.0,1.9774540295097836,0.22279085229223577,0.9646099296715117,1.2941211973638582,none,open_what_if,3122,340,assistant,0.5384615384615384,Divergent,Persona,Divergent,Library
0.14043344629826177,0.1590551317364535,0.9583871527500093,2.0385782728977118,0.017648619875963265,0.027247351662407132,0.13118297721656802,neutral,clarify,3145,340,user,0.6153846153846154,Divergent,Persona,Divergent,Library
0.9463724661471361,1.756097005015816,0.004817456825526088,1.9665037261350313,0.2698080196933026,0.4760494207566926,1.20948148483429,none,open_what_if,3146,340,assistant,0.6923076923076923,Divergent,Persona,Divergent,Library
0.6026607997297351,0.5532055057656643,0.23515364087530122,1.6473797551008957,0.44317066921371456,0.04961387615457657,1.2800100685381626,none,none,3205,340,user,0.7692307692307693,Divergent,Persona,Divergent,Library
1.0137597488356456,1.286144560218844,0.01032257518002218,2.274599685147886,0.3157328612621849,0.6791451370584645,1.5979211795493984,none,open_what_if,3206,340,assistant,0.8461538461538461,Divergent,Persona,Divergent,Library
0.12026457913306794,0.8393442152779409,0.11012927824420504,1.549872179929124,0.4065314835908388,0.041839790027660397,0.3595787859506635,none,clarify,3219,340,user,0.9230769230769232,Divergent,Persona,Divergent,Library
1.297968086187789,1.3183572256351488,0.0,1.8728778703971845,0.45668874319680874,0.6039429883214033,0.9841068942017306,none,open_what_if,3220,340,assistant,1.0,Divergent,Persona,Divergent,Library
0.01865218883355573,0.0,0.0010127110821249315,1.0166032990601537,0.0002259198392978267,0.0,0.01399661955312207,none,none,3045,341,user,0.0,Divergent,Persona,Divergent,Library
0.0,0.003892670705103831,0.0,0.9990955079944592,0.0,0.0,0.0,none,clarify,3046,341,assistant,0.0769230769230769,Divergent,Persona,Divergent,Library
0.008715222563156034,0.9966724427189927,0.0,1.9869316469784641,0.0,0.002672053286864946,0.0,none,clarify,3063,341,user,0.1538461538461538,Divergent,Persona,Divergent,Library
1.0033828397900635,1.984586071169255,0.0015089910455597703,2.163745793742297,0.11936978922118019,0.17377304492956802,1.146158416944356,none,open_what_if,3064,341,assistant,0.2307692307692307,Divergent,Persona,Divergent,Library
0.4574236697491784,0.7222378915679449,0.4904053265257005,1.4997201187452396,0.03132420308990037,0.10288761683056763,0.3874308385017442,none,none,3089,341,user,0.3076923076923077,Divergent,Persona,Divergent,Library
1.3114702425068265,1.7656980966611329,0.030951938396767225,2.0771388888045665,0.0,1.2292216767516695,0.7592360518833228,none,open_what_if,3090,341,assistant,0.3846153846153846,Divergent,Persona,Divergent,Library
0.6699538124512741,0.7505404908178137,0.1947413100122734,2.4023336531683332,0.03853320469048022,1.1115896831684067,0.7294554116074817,none,open_what_if,3119,341,user,0.4615384615384615,Divergent,Persona,Divergent,Library
1.5650715004633233,1.525366672367481,0.10820078313447393,1.953584831390812,0.06390929475645743,0.7828017439796775,1.069293340368683,none,open_what_if,3120,341,assistant,0.5384615384615384,Divergent,Persona,Divergent,Library
0.7599733801883027,0.502866453423426,0.1049491704767304,1.573794344444999,0.19062466229697084,0.6387103216397269,0.686117643754936,none,clarify,3137,341,user,0.6153846153846154,Divergent,Persona,Divergent,Library
2.162421786257884,1.4036871567883662,0.08150377623230173,1.9803083557728711,0.048279624289477935,0.6166548672989491,1.6810507957577474,none,open_what_if,3138,341,assistant,0.6923076923076923,Divergent,Persona,Divergent,Library
0.5406549373848334,0.8245535642428167,0.21204005994583053,1.9928573504226146,0.1491111840785949,0.2705103489322077,1.5229859612967573,none,none,3173,341,user,0.7692307692307693,Divergent,Persona,Divergent,Library
1.849180086518985,1.2926186971913516,0.1286833839199916,1.9533027069008138,0.0758312496974169,1.1330478859777238,0.7632283375214256,none,open_what_if,3174,341,assistant,0.8461538461538461,Divergent,Persona,Divergent,Library
0.29249025710489157,0.7560922028024799,0.47425792625903174,2.1873317540362835,0.37371305773487784,0.26871212970424296,0.7139179447169361,none,none,3195,341,user,0.9230769230769232,Divergent,Persona,Divergent,Library
2.4845915437826727,0.8773752751288499,0.01010141408446772,2.0097062516927746,0.048047002128129346,1.400855545693848,1.023816178435397,none,open_what_if,3196,341,assistant,1.0,Divergent,Persona,Divergent,Library
0.01865218883355573,0.0,0.0010127110821249315,1.0166032990601537,0.0002259198392978267,0.0,0.01399661955312207,none,none,3047,342,user,0.0,Divergent,Persona,Divergent,Library
0.0,0.003892670705103831,0.0,0.9990955079944592,0.0,0.0,0.0,none,clarify,3048,342,assistant,0.0666666666666666,Divergent,Persona,Divergent,Library
0.008715222563156034,0.9966724427189927,0.0,1.9869316469784641,0.0,0.002672053286864946,0.0,none,clarify,3065,342,user,0.1333333333333333,Divergent,Persona,Divergent,Library
1.7892310020087119,1.3223821240093432,0.0,2.2708271697327116,0.0,0.612443705914491,1.348491388353369,none,open_what_if,3066,342,assistant,0.2,Divergent,Persona,Divergent,Library
0.054873790399547054,1.3356320016742047,0.10865727255575523,2.2283724157052904,0.19771194454654273,0.2091955516524002,0.9090327226913433,none,none,3105,342,user,0.2666666666666666,Divergent,Persona,Divergent,Library
1.1247456146172163,1.2065873041961608,0.2684471859552519,2.0639574941026795,0.08206369400941008,0.8149421985124264,0.9512496773968381,none,open_what_if,3106,342,assistant,0.3333333333333333,Divergent,Persona,Divergent,Library
0.663829158785015,1.0182273585801298,0.26000458655345543,2.164972511630572,0.23905036266065013,0.29179924525871836,1.3763094380648948,none,none,3142,342,user,0.4,Divergent,Persona,Divergent,Library
1.317802859591192,2.0498208787450722,0.0054343174921373544,2.227205350322055,0.1322967616956258,0.8093562902245762,1.073483568568408,none,open_what_if,3144,342,assistant,0.4666666666666667,Divergent,Persona,Divergent,Library
0.0,0.5134757804240485,0.007669322549525366,1.9092572843904247,0.5533837564587278,0.0,1.0793157456314635,none,none,3175,342,user,0.5333333333333333,Divergent,Persona,Divergent,Library
1.0818063273805862,1.3934550705113953,0.006385979149412418,2.1710770398737065,0.16367339544632353,0.07223902077426872,1.4397476102218838,none,open_what_if,3176,342,assistant,0.6,Divergent,Persona,Divergent,Library
0.0,0.810403444667254,0.006587474266902196,1.867870142270211,0.40625397220517667,0.0,0.7269478377608073,none,none,3187,342,user,0.6666666666666666,Divergent,Persona,Divergent,Library
1.6204812119047394,1.3018075738926642,0.008492844550820212,2.0862337061146534,0.05548191679332159,0.6220075562625917,1.2675481652263627,none,open_what_if,3188,342,assistant,0.7333333333333333,Divergent,Persona,Divergent,Library
0.4529341413466275,0.8721017447472504,0.10366113375361798,1.9272047168650208,0.16155046185912386,0.09911948282578448,0.49371488152212367,none,none,3209,342,user,0.8,Divergent,Persona,Divergent,Library
1.8799114150085652,1.7677809830635696,0.1128376323131137,2.2972403364902307,0.1481593665608252,1.1528073664356504,1.3256684755450152,none,open_what_if,3210,342,assistant,0.8666666666666667,Divergent,Persona,Divergent,Library
0.22867171958731647,0.5906704508984139,0.25077399231553704,1.6621728927830783,0.4336195903416155,0.0,0.7287790650060779,none,none,3221,342,user,0.9333333333333332,Divergent,Persona,Divergent,Library
0.6273603451095293,1.9406157479834736,0.0,2.1552228191333898,0.17704088083973143,0.24878626717587732,1.1287821146690165,none,open_what_if,3222,342,assistant,1.0,Divergent,Persona,Divergent,Library
0.01865218883355573,0.0,0.0010127110821249315,1.0166032990601537,0.0002259198392978267,0.0,0.01399661955312207,none,none,3049,343,user,0.0,Divergent,Persona,Divergent,Library
0.0,0.003892670705103831,0.0,0.9990955079944592,0.0,0.0,0.0,none,clarify,3050,343,assistant,0.0526315789473684,Divergent,Persona,Divergent,Library
0.008715222563156034,0.9966724427189927,0.0,1.9869316469784641,0.0,0.002672053286864946,0.0,none,clarify,3081,343,user,0.1052631578947368,Divergent,Persona,Divergent,Library
1.2785597286706332,1.562077352021831,0.44569511815128793,1.9498376828782014,0.04142171262036417,1.3150568228965198,1.221041646093155,none,none,3082,343,assistant,0.1578947368421052,Divergent,Persona,Divergent,Library
0.37447824341402247,0.5813273087365404,0.0,1.5903038122460957,0.123709615643201,0.05921733232222154,0.9077664332387545,none,clarify,3091,343,user,0.2105263157894736,Divergent,Persona,Divergent,Library
1.196728799543788,1.0019917740913962,0.0226124426952663,1.984242291716002,0.06061143785286751,0.39093110222614946,1.5911434113530054,none,open_what_if,3092,343,assistant,0.2631578947368421,Divergent,Persona,Divergent,Library
0.2922517084290745,0.6956832262331348,0.25390112619629474,2.0791305648179055,0.29656899688368316,0.16232650843043614,0.8364098329689367,none,none,3109,343,user,0.3157894736842105,Divergent,Persona,Divergent,Library
1.5052613936401915,1.3926413861216433,0.5278645064553752,2.0588247200039294,0.08681471515020908,1.5499779535705154,1.1544197791525144,constructive,open_what_if,3110,343,assistant,0.3684210526315789,Divergent,Persona,Divergent,Library
0.3845698028286759,0.8627375770212735,0.0,2.0311361575927656,0.15085024103630815,0.1802353978220028,1.5052454747851323,none,none,3123,343,user,0.4210526315789473,Divergent,Persona,Divergent,Library
2.5695142160693627,1.2184658433837123,0.0,2.0697101930899033,0.10876527913146915,1.381179844717512,1.0928124632539606,none,open_what_if,3124,343,assistant,0.4736842105263157,Divergent,Persona,Divergent,Library
0.6513488442323156,1.172397990082849,0.4596572758709433,1.923758139750368,0.3978022854704124,0.0034046278940405303,0.9872127254955346,constructive,open_what_if,3153,343,user,0.5263157894736842,Divergent,Persona,Divergent,Library
1.4521070555498106,1.3656808472645996,0.0,2.011432060702915,0.36064674569842153,0.33183404748860706,1.3342496987020696,none,open_what_if,3154,343,assistant,0.5789473684210527,Divergent,Persona,Divergent,Library
0.14124931682052846,0.740345789297109,0.2968233689048946,1.987353937116084,0.13812325430726247,0.45982633310038273,1.6866216092829587,neutral,none,3165,343,user,0.631578947368421,Divergent,Persona,Divergent,Library
1.637541438979098,1.350355285802755,0.0,1.9544458607040303,0.02253740903415215,0.795836314436174,1.8359654776673415,none,open_what_if,3166,343,assistant,0.6842105263157895,Divergent,Persona,Divergent,Library
0.6620832900015227,1.3526502025711464,0.011156288427229323,2.6282632286245606,0.3513251456206742,0.3679753766475393,2.1790531971913403,none,none,3189,343,user,0.7368421052631579,Divergent,Persona,Divergent,Library
0.8612970653485922,1.9330690245539468,0.0,2.0019266132596654,0.1010258772549184,0.4063616831150934,1.168284494248568,none,open_what_if,3190,343,assistant,0.7894736842105263,Divergent,Persona,Divergent,Library
0.38772282209278897,0.8780412168272851,0.0,1.7550145282867746,0.45502627987988037,0.19587298778939652,0.920372412379278,none,none,3213,343,user,0.8421052631578947,Divergent,Persona,Divergent,Library
1.2678783471966057,1.8376466646891711,0.0,2.1226587695800867,0.24511755736976457,0.29925248205256155,1.2572070821089896,none,open_what_if,3214,343,assistant,0.8947368421052632,Divergent,Persona,Divergent,Library
0.0038591093061676974,0.5343959733941562,0.09827444687299755,1.9110415584074203,0.4715397156349643,0.04666466481806103,0.3939228642702859,none,none,3227,343,user,0.9473684210526316,Divergent,Persona,Divergent,Library
0.9399207655450336,1.5746180611584626,0.49616314730525046,2.2731210677539466,0.3425742128509877,0.5443540329244712,1.4074688153103234,none,open_what_if,3228,343,assistant,1.0,Divergent,Persona,Divergent,Library
0.01865218883355573,0.0,0.0010127110821249315,1.0166032990601537,0.0002259198392978267,0.0,0.01399661955312207,none,none,3051,344,user,0.0,Divergent,Persona,Divergent,Library
0.0,0.003892670705103831,0.0,0.9990955079944592,0.0,0.0,0.0,none,clarify,3052,344,assistant,0.0526315789473684,Divergent,Persona,Divergent,Library
0.008715222563156034,0.9966724427189927,0.0,1.9869316469784641,0.0,0.002672053286864946,0.0,none,clarify,3073,344,user,0.1052631578947368,Divergent,Persona,Divergent,Library
0.9447902657214136,1.6379980632654434,0.0,2.0501679449103865,0.1404956410360664,0.3229930285513314,1.0971149427972855,none,open_what_if,3074,344,assistant,0.1578947368421052,Divergent,Persona,Divergent,Library
0.48491404653112274,0.836935599837335,0.7133944425679578,2.1475031288926125,0.0809906848900499,0.0,0.8622435889876927,none,clarify,3101,344,user,0.2105263157894736,Divergent,Persona,Divergent,Library
1.8771896890036135,1.9160252004950042,0.0,2.271094307743332,0.0295773533406846,1.0491822197601584,0.7670769258862713,none,open_what_if,3102,344,assistant,0.2631578947368421,Divergent,Persona,Divergent,Library
0.399351604123428,0.6231385850990292,0.7483796636114219,2.0473022477034615,0.3550995598545119,0.0,1.159372800293735,none,none,3114,344,user,0.3157894736842105,Divergent,Persona,Divergent,Library
1.9287049934868172,1.6242623882264362,0.44553162252733414,2.318191770614527,0.027893149296166177,0.7782123778665561,1.7817045665109146,constructive,open_what_if,3116,344,assistant,0.3684210526315789,Divergent,Persona,Divergent,Library
0.9596165093573475,0.6650936330737334,0.0,2.124782172595603,0.422993273988034,0.08496860703368388,1.8355302727693847,none,none,3127,344,user,0.4210526315789473,Divergent,Persona,Divergent,Library
2.4490608559501346,1.5211939773157754,0.0,2.1232996332036604,0.20619423696277261,1.0782161350646497,1.8565116470307657,none,open_what_if,3128,344,assistant,0.4736842105263157,Divergent,Persona,Divergent,Library
0.4772446502085571,1.1073236194234972,0.6499004953622799,2.223159253112105,0.24050936145505478,0.0,1.5640162261768866,constructive,none,3141,344,user,0.5263157894736842,Divergent,Persona,Divergent,Library
2.067741799555672,1.3776890146644405,0.052812184198473354,2.012813998935765,0.24636474546746426,0.8936002864861731,1.8077067332260732,none,open_what_if,3143,344,assistant,0.5789473684210527,Divergent,Persona,Divergent,Library
0.4114242523027189,0.0,0.4186085500942898,2.1156403302317566,0.28065089323515385,0.3222165856767839,0.07716609544168608,neutral,none,3155,344,user,0.631578947368421,Divergent,Persona,Divergent,Library
1.5422588246021391,1.1087848477582032,0.0040286434005380985,2.0978329018138906,0.16643390909545586,0.7134078262008388,1.8151042876773387,none,open_what_if,3156,344,assistant,0.6842105263157895,Divergent,Persona,Divergent,Library
0.8376600853192588,0.9329871508382076,0.30755654867943,1.8139027821849223,0.573337151439835,0.5939227003392644,0.9172477025063069,none,none,3161,344,user,0.7368421052631579,Divergent,Persona,Divergent,Library
1.7024110297131267,1.5036971279425067,0.16985766471741767,2.0556235529607547,0.1826529407461745,0.4835648266503697,1.9189615572676384,none,open_what_if,3163,344,assistant,0.7894736842105263,Divergent,Persona,Divergent,Library
0.3186001896090583,0.5027295697477125,0.0025536514418559968,2.147971201631262,0.1989949731779854,0.004604157829929824,0.9559394668618492,none,none,3167,344,user,0.8421052631578947,Divergent,Persona,Divergent,Library
0.9763896117304759,1.5640303535502162,0.015526895517011655,2.2682352626603373,0.19856127748574273,0.06909715771937543,1.6813143053203063,none,open_what_if,3168,344,assistant,0.8947368421052632,Divergent,Persona,Divergent,Library
0.5931855304379553,0.4601329427951184,0.0,2.172611871826537,0.19415001295642859,0.19234004845481853,1.4344973892097714,none,none,3185,344,user,0.9473684210526316,Divergent,Persona,Divergent,Library
1.9173069733547805,1.0147853669720936,0.0,1.966892988290341,0.9450852131465061,0.004576640763322719,1.932954412896417,none,open_what_if,3186,344,assistant,1.0,Divergent,Persona,Divergent,Library
0.01865218883355573,0.0,0.0010127110821249315,1.0166032990601537,0.0002259198392978267,0.0,0.01399661955312207,none,none,3054,346,user,0.0,Divergent,Persona,Divergent,Library
0.0,0.003892670705103831,0.0,0.9990955079944592,0.0,0.0,0.0,none,clarify,3056,346,assistant,0.0588235294117647,Divergent,Persona,Divergent,Library
0.008715222563156034,0.9966724427189927,0.0,1.9869316469784641,0.0,0.002672053286864946,0.0,none,clarify,3077,346,user,0.1176470588235294,Divergent,Persona,Divergent,Library
0.8971128251714368,1.3868910593502408,0.0,2.275924925339939,0.18671847331498406,0.32504061133776857,0.9653467234369959,none,open_what_if,3078,346,assistant,0.1764705882352941,Divergent,Persona,Divergent,Library
0.5874177600500059,0.7181685423380304,0.0,2.006828044196062,0.19363301561031662,0.05311041537646098,0.7957539305059349,none,clarify,3107,346,user,0.2352941176470588,Divergent,Persona,Divergent,Library
1.0281461633917686,1.708661615841301,0.506015898461646,2.1842344397087294,0.001980999105272561,0.18176767065390767,1.1017825375819885,none,open_what_if,3108,346,assistant,0.2941176470588235,Divergent,Persona,Divergent,Library
0.4995333464687323,0.6176073257407786,0.0,1.8547106525552781,0.23674941113715917,0.030059313602560898,1.1768761823988774,none,clarify,3129,346,user,0.3529411764705882,Divergent,Persona,Divergent,Library
1.1868442105477797,1.1899456155727186,0.0009741054228033893,2.188395145199154,0.21508672122524525,0.9484692556656531,1.6014474858421048,none,open_what_if,3130,346,assistant,0.4117647058823529,Divergent,Persona,Divergent,Library
0.8923831936683295,0.8862945873109374,0.0,1.975640629665676,0.0,0.0,1.9547786204633304,none,none,3147,346,user,0.4705882352941176,Divergent,Persona,Divergent,Library
1.343460934024339,1.607928666020626,0.0029992278026567715,2.1407749007913943,0.1720929667324534,0.2539276680316873,1.834008071543382,none,open_what_if,3148,346,assistant,0.5294117647058824,Divergent,Persona,Divergent,Library
0.21469175476934627,1.0844295209478072,0.02315751485279209,2.1236773109367917,0.14222691157076522,0.24219903168486748,0.9700333789489186,none,none,3169,346,user,0.5882352941176471,Divergent,Persona,Divergent,Library
1.6128851428590896,1.515662371128937,0.0,2.050743391571324,0.4135654203791988,0.608583272371439,1.431864342867358,none,open_what_if,3171,346,assistant,0.6470588235294118,Divergent,Persona,Divergent,Library
0.2770580783740318,0.27882619619453103,0.0024118874527878707,1.8639371949582433,0.19378418073590986,0.03805287627026535,0.8567540145467004,none,clarify,3197,346,user,0.7058823529411765,Divergent,Persona,Divergent,Library
2.9152408641534726,1.0542951309733843,0.004833374851551251,2.022021353611337,0.02732929831758355,1.9698032044412432,0.9847756533669244,none,open_what_if,3198,346,assistant,0.7647058823529411,Divergent,Persona,Divergent,Library
0.12984575204655913,0.19102301984842313,0.6503503602373926,1.8621085520996699,0.1733733254174577,0.0,0.884216611800279,none,none,3211,346,user,0.8235294117647058,Divergent,Persona,Divergent,Library
1.1889344283940841,1.6818240640004403,0.0,2.4064197595718584,0.12317419884647908,0.16307730337935347,1.5606413007229187,none,open_what_if,3212,346,assistant,0.8823529411764706,Divergent,Persona,Divergent,Library
0.7112821076375756,0.34628484625144307,0.006894870712486654,1.6732637269996602,0.047422621556561295,0.1404386905076006,0.5873740351161036,none,clarify,3225,346,user,0.9411764705882352,Divergent,Persona,Divergent,Library
2.9333976573300835,1.0767890247862895,0.0011694971734548007,1.9876884913801676,0.022341059123186333,0.943977109334685,1.9391081314927672,none,open_what_if,3226,346,assistant,1.0,Divergent,Persona,Divergent,Library
0.01865218883355573,0.0,0.0010127110821249315,1.0166032990601537,0.0002259198392978267,0.0,0.01399661955312207,none,none,3057,347,user,0.0,Divergent,Persona,Divergent,Library
0.0,0.003892670705103831,0.0,0.9990955079944592,0.0,0.0,0.0,none,clarify,3058,347,assistant,0.0666666666666666,Divergent,Persona,Divergent,Library
0.008715222563156034,0.9966724427189927,0.0,1.9869316469784641,0.0,0.002672053286864946,0.0,none,clarify,3075,347,user,0.1333333333333333,Divergent,Persona,Divergent,Library
0.8087252026965288,1.276883568802474,0.0,2.108083359012473,0.09509184841523304,0.24351033446106288,0.8680669753745982,none,open_what_if,3076,347,assistant,0.2,Divergent,Persona,Divergent,Library
0.4445145309430858,0.43009175189963117,0.014506838478758725,1.9244839877343016,0.033729960188863845,0.2818701758938234,1.3324856137022896,none,none,3093,347,user,0.2666666666666666,Divergent,Persona,Divergent,Library
2.936843838660897,1.1013736315405103,0.0,2.0350204331542967,0.0383321571484066,1.9451882663673234,1.9313064797117254,none,open_what_if,3094,347,assistant,0.3333333333333333,Divergent,Persona,Divergent,Library
0.12355171169292392,0.4202580115767539,0.0,2.1092062832382474,0.3958816310920971,0.0,0.7948180994303502,none,none,3111,347,user,0.4,Divergent,Persona,Divergent,Library
1.5574545530503272,1.307624904395576,0.00013240940243756287,2.1578634885294514,0.1625361690492278,0.9234919942058997,1.7074775761567018,none,open_what_if,3113,347,assistant,0.4666666666666667,Divergent,Persona,Divergent,Library
0.3197646256836016,0.22055770566059787,0.0,1.9770465071331023,0.10089483496628125,0.13021612862087653,1.1507492981781746,none,none,3133,347,user,0.5333333333333333,Divergent,Persona,Divergent,Library
2.3904724693657826,1.110196105899721,0.012126536464321103,1.995812095509499,0.1890394256852858,1.0095554488694944,1.728016131296247,none,open_what_if,3134,347,assistant,0.6,Divergent,Persona,Divergent,Library
0.6088550801456764,0.3310925579929553,0.7092989523351414,1.8568683118026104,0.12376285521553856,0.0,1.2442755104641843,none,none,3151,347,user,0.6666666666666666,Divergent,Persona,Divergent,Library
1.105044224366973,1.2465798443063667,0.0,2.030245884066315,0.4323702663912287,0.08714784365954116,1.2398763080509068,none,open_what_if,3152,347,assistant,0.7333333333333333,Divergent,Persona,Divergent,Library
0.40365684157707127,0.2791492654718709,0.009992416909443691,2.0201701642766983,0.22451663523253093,0.0,1.576286218246012,none,none,3170,347,user,0.8,Divergent,Persona,Divergent,Library
2.5875963118915317,1.4827207631975565,0.015831367263197414,2.024613911426484,0.0788550816619823,1.479304406127927,1.6960261583600758,none,open_what_if,3172,347,assistant,0.8666666666666667,Divergent,Persona,Divergent,Library
0.301575006152772,0.8460330127096013,0.0,2.0824409624075204,0.21157956500974276,0.0,0.9161825738104798,none,none,3181,347,user,0.9333333333333332,Divergent,Persona,Divergent,Library
0.7507254440059451,1.700181504816266,0.0,2.107445463539693,0.5080223980075433,0.2816795730145441,1.8727480342914617,none,open_what_if,3183,347,assistant,1.0,Divergent,Persona,Divergent,Library
0.01865218883355573,0.0,0.0010127110821249315,1.0166032990601537,0.0002259198392978267,0.0,0.01399661955312207,none,none,3059,348,user,0.0,Divergent,Persona,Divergent,Library
0.0,0.003892670705103831,0.0,0.9990955079944592,0.0,0.0,0.0,none,clarify,3060,348,assistant,0.037037037037037,Divergent,Persona,Divergent,Library
0.008715222563156034,0.9966724427189927,0.0,1.9869316469784641,0.0,0.002672053286864946,0.0,none,clarify,3070,348,user,0.074074074074074,Divergent,Persona,Divergent,Library
1.9939219133808355,1.0581670100542424,0.0,1.9675955994726575,0.0348168770043218,0.7922473058934991,1.1525095148805224,none,none,3072,348,assistant,0.1111111111111111,Divergent,Persona,Divergent,Library
0.38343658223913185,0.4595034538529838,0.26237022560952117,1.9400506938894506,0.0,0.0030267672291531315,0.6510516994930388,none,clarify,3097,348,user,0.1481481481481481,Divergent,Persona,Divergent,Library
1.7579521826440583,1.385347514981844,0.005794222379851017,1.983992823141024,0.0021231298835321663,0.5126209304953214,1.492051673433705,none,open_what_if,3099,348,assistant,0.1851851851851851,Divergent,Persona,Divergent,Library
0.3006056286866368,0.34924651859213124,0.99290580605956,1.439522338608368,0.3263378736963244,0.02913433367046474,0.2979427641585743,neutral,none,3103,348,user,0.2222222222222222,Divergent,Persona,Divergent,Library
1.4511783212658282,1.0804851359973133,0.5279304833414106,1.8195167903778788,0.31179948183254785,0.4370628111272633,1.3205069772571125,constructive,open_what_if,3104,348,assistant,0.2592592592592592,Divergent,Persona,Divergent,Library
0.5612872498937305,0.6105118346879412,0.14213227396397976,2.096956863250776,0.14793656102873312,0.25516737077023033,1.2918856500956921,none,none,3117,348,user,0.2962962962962963,Divergent,Persona,Divergent,Library
0.8792815577017752,1.7171866158164413,0.01369716488780968,2.131353173869094,0.052321861517567896,0.6218373830637673,0.815342123651567,none,open_what_if,3118,348,assistant,0.3333333333333333,Divergent,Persona,Divergent,Library
0.5137249708583003,0.3926009667665045,0.31386644872396163,2.04214655708695,0.15410241396244134,0.2561900643965276,0.9528884687834525,none,none,3139,348,user,0.3703703703703703,Divergent,Persona,Divergent,Library
1.5118590208146565,1.4060045556586842,0.34910492615290856,1.8801011768606422,0.05856903628548012,0.7052522442035792,1.0738199163922146,none,open_what_if,3140,348,assistant,0.4074074074074074,Divergent,Persona,Divergent,Library
0.153347900807126,0.5222619968321958,0.07446442173168648,2.152999822985327,0.637465957149504,0.018508337315319482,0.5014081659571457,none,none,3159,348,user,0.4444444444444444,Divergent,Persona,Divergent,Library
1.44407236304368,1.3880863056359405,0.11673785486264138,2.1289458236098904,0.39490555216655665,0.12049011790531619,0.8239602888357712,none,open_what_if,3160,348,assistant,0.4814814814814814,Divergent,Persona,Divergent,Library
0.27234522099976866,0.5698223903707621,0.0,1.9600882610226171,0.6005889796866938,0.015422415854413911,1.102391633492583,none,none,3177,348,user,0.5185185185185185,Divergent,Persona,Divergent,Library
1.3629788322031857,1.8363991847232017,0.016426889925394147,2.1719646050684536,0.1943378003748673,0.29548558252836143,1.3391042372313913,none,open_what_if,3178,348,assistant,0.5555555555555556,Divergent,Persona,Divergent,Library
0.40104303359732085,0.23258332631452083,0.2870603215424972,1.972896626590696,0.44205990446821636,0.004135415035711606,1.1720457873961974,none,none,3182,348,user,0.5925925925925926,Divergent,Persona,Divergent,Library
1.44715520579574,1.6877828513230113,0.0,2.081080974808493,0.02583520758862968,0.5196102689528069,1.4204682288731503,none,open_what_if,3184,348,assistant,0.6296296296296297,Divergent,Persona,Divergent,Library
0.18578711484663307,0.25695805828873547,0.0,1.9172226787435533,0.07275362825633389,0.0,0.30801908810051704,none,none,3191,348,user,0.6666666666666666,Divergent,Persona,Divergent,Library
1.0819272641789524,1.3066578386210508,0.5705183000637554,2.1866651003615396,0.14054503726406314,0.1173191532546696,1.5035872442722693,constructive,open_what_if,3192,348,assistant,0.7037037037037037,Divergent,Persona,Divergent,Library
0.18120460554284298,0.13935922715986798,0.0,1.3814822910023705,0.13794292903098543,0.02040653287113373,0.42713958837841226,none,none,3193,348,user,0.7407407407407407,Divergent,Persona,Divergent,Library
1.1175393250848455,1.4945097654001098,0.0,2.3587263591038856,0.26660149568679276,0.39486260882437996,1.259810412308563,none,open_what_if,3194,348,assistant,0.7777777777777778,Divergent,Persona,Divergent,Library
0.8920652265056882,0.10394141575491034,0.06809430027144382,1.9399805337543425,0.010624899940126144,0.9254053292964105,1.773123078080494,none,none,3207,348,user,0.8148148148148148,Divergent,Persona,Divergent,Library
1.3936894545486522,1.5050092930387609,0.003178197618647623,2.020170394796985,0.011208739575422958,0.22857799782627028,1.3299559608442013,none,open_what_if,3208,348,assistant,0.8518518518518519,Divergent,Persona,Divergent,Library
0.20510120288011974,0.21860416996047685,0.01506230843647997,1.8552156045639396,0.4220748495793165,0.05464361431119824,1.046591924039761,none,none,3215,348,user,0.8888888888888888,Divergent,Persona,Divergent,Library
0.7360904532011111,1.4714848574567487,0.0,2.1725490040325073,0.47104961176329235,0.487384701546211,1.3697289049192074,none,open_what_if,3216,348,assistant,0.925925925925926,Divergent,Persona,Divergent,Library
0.28553220593750284,0.36702325852894346,0.011825527224508246,1.336866917662384,0.38816219170691785,0.00050856376074043,0.7803942860622187,none,none,3229,348,user,0.9629629629629628,Divergent,Persona,Divergent,Library
1.781205447108504,1.364767936742732,0.0,2.0754659847425563,0.3666652014531301,0.6806212755707199,1.381095659713588,none,open_what_if,3230,348,assistant,1.0,Divergent,Persona,Divergent,Library
0.01865218883355573,0.0,0.0010127110821249315,1.0166032990601537,0.0002259198392978267,0.0,0.01399661955312207,none,none,3061,349,user,0.0,Divergent,Persona,Divergent,Library
0.0,0.003892670705103831,0.0,0.9990955079944592,0.0,0.0,0.0,none,clarify,3062,349,assistant,0.0666666666666666,Divergent,Persona,Divergent,Library
0.008715222563156034,0.9966724427189927,0.0,1.9869316469784641,0.0,0.002672053286864946,0.0,none,clarify,3079,349,user,0.1333333333333333,Divergent,Persona,Divergent,Library
1.8303936204072673,1.7531509090533661,0.0,2.0935770532334663,0.0,0.6827880723827034,1.3329360450154104,none,open_what_if,3080,349,assistant,0.2,Divergent,Persona,Divergent,Library
0.9441827988641281,0.82528661995646,0.009774335271376063,2.012215337341826,0.5797237438691757,0.0,1.4896158502229986,none,none,3112,349,user,0.2666666666666666,Divergent,Persona,Divergent,Library
1.7152189527892194,1.5819524630738937,0.0008759404665884302,2.154372667661387,0.4520925424047084,0.23206424687666483,1.3855496483589396,none,open_what_if,3115,349,assistant,0.3333333333333333,Divergent,Persona,Divergent,Library
0.8546212918643534,0.3377817757547385,0.04538902612011853,2.138698807011628,0.2261224292462929,0.791938607310028,1.2697031436123443,none,none,3131,349,user,0.4,Divergent,Persona,Divergent,Library
1.9669282873390082,1.421171922249439,0.0016071560017747227,2.2128168765265626,0.22983915371821623,1.0912343104815931,1.5830706283747369,none,open_what_if,3132,349,assistant,0.4666666666666667,Divergent,Persona,Divergent,Library
0.2614382530743937,0.5506735497991504,0.0,1.8355316375744808,0.4265659941691158,0.0,1.2259061497565817,none,none,3149,349,user,0.5333333333333333,Divergent,Persona,Divergent,Library
1.907903565587485,1.4307014187067104,0.0,2.1464220638264067,0.4968869408574055,1.0903188988979091,1.7540399698543678,none,open_what_if,3150,349,assistant,0.6,Divergent,Persona,Divergent,Library
0.6999757385090181,0.6911990193356974,0.0,1.8652189204022365,0.5585059309146796,0.0,1.3512048311662959,none,none,3179,349,user,0.6666666666666666,Divergent,Persona,Divergent,Library
1.8105994039320024,1.321476239735887,0.0,2.004566584434577,0.3846061245775412,1.1933725101889558,1.3791179747922948,none,open_what_if,3180,349,assistant,0.7333333333333333,Divergent,Persona,Divergent,Library
0.6573731246762681,0.5218751327644744,0.014165926582744905,1.9491974977592026,0.08615290389927259,0.0,1.2945863481339512,none,none,3199,349,user,0.8,Divergent,Persona,Divergent,Library
1.3369398174254967,1.2692230590605211,0.003178197618647623,2.0579577296250844,0.34785649665197993,0.8816090737663976,1.2189098282522108,none,open_what_if,3200,349,assistant,0.8666666666666667,Divergent,Persona,Divergent,Library
0.7683325340079108,0.23377898079076276,0.0,1.9812339677003068,0.4659978687225124,0.07826849455353824,1.427749952681547,none,none,3231,349,user,0.9333333333333332,Divergent,Persona,Divergent,Library
1.0714752393519504,1.4871273695600036,0.003178197618647623,1.9905435573497574,0.607282128475133,0.20209697838548205,1.598969681356729,none,none,3232,349,assistant,1.0,Divergent,Persona,Divergent,Library
0.01865218883355573,0.0,0.0010127110821249315,1.0166032990601537,0.0002259198392978267,0.0,0.01399661955312207,none,none,3069,350,user,0.0,Divergent,Persona,Divergent,Library
0.0,0.003892670705103831,0.0,0.9990955079944592,0.0,0.0,0.0,none,clarify,3071,350,assistant,0.0909090909090909,Divergent,Persona,Divergent,Library
0.008715222563156034,0.9966724427189927,0.0,1.9869316469784641,0.0,0.002672053286864946,0.0,none,clarify,3083,350,user,0.1818181818181818,Divergent,Persona,Divergent,Library
0.7429302164668219,1.5390142659955952,0.011370932005550633,2.073463481618621,0.015011631178082466,0.19207811947052397,0.8542498198908541,none,open_what_if,3085,350,assistant,0.2727272727272727,Divergent,Persona,Divergent,Library
0.5658596497208327,0.9234946663424115,0.07657028468485473,1.9972313597085944,0.10684336690500347,0.26444625395142873,1.8319800999058165,none,none,3125,350,user,0.3636363636363636,Divergent,Persona,Divergent,Library
1.097030451741371,1.2192245823076482,0.2081263525102406,2.039998071670309,0.043287946198405015,0.4478793869504781,1.0345098384069178,none,open_what_if,3126,350,assistant,0.4545454545454545,Divergent,Persona,Divergent,Library
1.9256808448300333,0.09538000145673743,0.01647345465238846,2.0092135290553608,0.0,0.9729374732998729,2.0310555768493628,none,none,3162,350,user,0.5454545454545454,Divergent,Persona,Divergent,Library
2.8345229293524614,1.1075692579774663,0.007470709456022901,2.065237513724494,0.008224287663055876,1.9359548615990578,1.0924842379769473,none,open_what_if,3164,350,assistant,0.6363636363636364,Divergent,Persona,Divergent,Library
1.2905095602783705,1.1386438090856401,0.48630302377086987,2.0722748219620923,0.22815733893081927,0.14637143063974675,2.172423824086825,none,none,3201,350,user,0.7272727272727273,Divergent,Persona,Divergent,Library
1.9686316825997923,1.1149051594735222,0.010998542716840488,1.9665973759201985,0.34971748727211815,1.3799425147164137,1.6550414796284174,none,open_what_if,3204,350,assistant,0.8181818181818182,Divergent,Persona,Divergent,Library
0.7075640017552209,0.5635178360046942,0.0,1.6787653642773632,0.19988010142444357,0.3135923432111324,1.4530637341063524,none,none,3217,350,user,0.9090909090909092,Divergent,Persona,Divergent,Library
2.062182910048498,1.8156399513789685,0.007470709456022901,2.0608427440994577,0.3579100961061477,0.7067067240659214,1.9027836423990774,none,open_what_if,3218,350,assistant,1.0,Divergent,Persona,Divergent,Library
0.01865218883355573,0.0,0.0010127110821249315,1.0166032990601537,0.0002259198392978267,0.0,0.01399661955312207,none,none,3084,351,user,0.0,Divergent,Persona,Divergent,Library
0.0,0.003892670705103831,0.0,0.9990955079944592,0.0,0.0,0.0,none,clarify,3086,351,assistant,0.0769230769230769,Divergent,Persona,Divergent,Library
0.008715222563156034,0.9966724427189927,0.0,1.9869316469784641,0.0,0.002672053286864946,0.0,none,clarify,3087,351,user,0.1538461538461538,Divergent,Persona,Divergent,Library
1.8271639991063118,1.1879751584677072,0.00995398832991921,2.0663020268595162,0.0,0.9280463621264516,1.0453851765995903,none,open_what_if,3088,351,assistant,0.2307692307692307,Divergent,Persona,Divergent,Library
0.26786108615391074,0.4178500204795562,0.2133317229650662,1.1346184837308235,0.10666189575399881,0.0,0.559038964831059,none,clarify,3095,351,user,0.3076923076923077,Divergent,Persona,Divergent,Library
1.7828250645074593,1.4605650044523713,0.0009741054228033893,2.2438230421123335,0.3113638388937572,0.4720678019042458,1.4493496304556968,none,open_what_if,3096,351,assistant,0.3846153846153846,Divergent,Persona,Divergent,Library
0.7077631068342942,0.1576586068352255,0.26553954189465223,2.0182512324394843,0.311944681303593,0.20603865316438594,1.2887046823620039,neutral,none,3135,351,user,0.4615384615384615,Divergent,Persona,Divergent,Library
2.293693368924705,1.5185780367352202,0.45807602886617493,2.177586507549482,0.3682067883367117,1.323336481053804,1.5223610729001176,none,open_what_if,3136,351,assistant,0.5384615384615384,Divergent,Persona,Divergent,Library
0.3290679609555426,1.054164713517282,0.1172566995255872,2.05981057692098,0.2629119163046343,0.33795037757306373,1.3299598467631717,none,none,3157,351,user,0.6153846153846154,Divergent,Persona,Divergent,Library
2.31121657790411,1.4333924740369117,0.6300606537202244,1.949948717575848,0.32380036396012507,1.2101196730510568,1.3632399459786644,none,open_what_if,3158,351,assistant,0.6923076923076923,Divergent,Persona,Divergent,Library
1.0675947687555518,1.0484636836052832,0.18588453744756747,2.1277175969538606,0.14113937979318034,0.17981659487772234,1.1460620134776305,none,none,3202,351,user,0.7692307692307693,Divergent,Persona,Divergent,Library
0.6667311926934079,1.6117492623606948,0.21220554487575916,1.9507524742341829,0.24296582405247394,0.28629705640359654,1.1773947522845858,none,open_what_if,3203,351,assistant,0.8461538461538461,Divergent,Persona,Divergent,Library
0.3917038606990111,0.7552196559379408,0.5127222546774525,2.1319560862427043,0.020663286983363685,0.04091803208473482,1.2116561448639473,none,none,3223,351,user,0.9230769230769232,Divergent,Persona,Divergent,Library
1.8801325834426228,1.2870305594148639,0.17024348914418544,2.053859769385459,0.04166350830918369,0.4319230974725919,1.1764730492912483,none,open_what_if,3224,351,assistant,1.0,Divergent,Persona,Divergent,Library
0.01865218883355573,0.0,0.0010127110821249315,1.0166032990601537,0.0002259198392978267,0.0,0.01399661955312207,none,none,3233,352,user,0.0,GPT,GPT,GPT,Library
0.0,0.003892670705103831,0.0,0.9990955079944592,0.0,0.0,0.0,none,clarify,3234,352,assistant,0.0476190476190476,GPT,GPT,GPT,Library
0.008715222563156034,0.9966724427189927,0.0,1.9869316469784641,0.0,0.002672053286864946,0.0,none,clarify,3241,352,user,0.0952380952380952,GPT,GPT,GPT,Library
0.7308901732707894,1.4776237322915775,0.0,2.445748030980769,0.4958842974643526,0.3021451923114022,1.786967194945756,none,none,3242,352,assistant,0.1428571428571428,GPT,GPT,GPT,Library
0.1241199113661105,0.5245160623102928,0.007143689707785132,1.246192294443251,0.0,0.015433753345747411,0.7822821956586924,none,clarify,3255,352,user,0.1904761904761904,GPT,GPT,GPT,Library
0.23101983939037266,1.6598665509646948,0.017266400632324198,2.556416718219518,0.6461827430982082,0.015925972249269123,2.052429142876636,none,none,3256,352,assistant,0.238095238095238,GPT,GPT,GPT,Library
0.856490228673479,0.10369965097851151,0.2206310159941495,1.824075760404931,0.01664415474608978,0.0,1.06596982587162,none,none,3259,352,user,0.2857142857142857,GPT,GPT,GPT,Library
0.48884147446154724,1.085188285258314,0.0,2.2257630836174433,0.650873999522912,0.1332272373217395,1.9017642205784095,none,none,3260,352,assistant,0.3333333333333333,GPT,GPT,GPT,Library
0.08170297817834454,0.0035646969946824584,0.0045899848099389086,1.0617271946094642,0.0,0.0,0.07613007431611596,none,clarify,3267,352,user,0.3809523809523809,GPT,GPT,GPT,Library
0.7265139384271896,1.3221108307816805,0.09383475935011626,2.4767367700981406,0.36527091084723157,0.057827096138145684,1.8142023496941821,none,none,3269,352,assistant,0.4285714285714285,GPT,GPT,GPT,Library
0.09463865891861545,0.3332822258659267,0.8408167779534939,1.4428284573919972,0.0,0.0208751153047113,0.5903620545773915,neutral,clarify,3271,352,user,0.4761904761904761,GPT,GPT,GPT,Library
0.34611238290119634,1.7513698623743637,0.1466281894576359,2.400794895560299,0.47772838042133925,0.03382911199655995,1.6752333356522073,none,none,3272,352,assistant,0.5238095238095238,GPT,GPT,GPT,Library
0.09463865891861545,0.3332822258659267,0.8408167779534939,1.4428284573919972,0.0,0.0208751153047113,0.5903620545773915,neutral,clarify,3273,352,user,0.5714285714285714,GPT,GPT,GPT,Library
0.1373088805951301,1.5980614200091803,0.26979271540701405,2.260027705964342,0.727583770384747,0.054532911295820254,1.8244262527034307,none,none,3274,352,assistant,0.6190476190476191,GPT,GPT,GPT,Library
0.054421577846636225,0.6249063779842357,0.05881542951428682,1.9686924573301086,0.3111325464973749,0.0,1.0655220992574634,none,none,3275,352,user,0.6666666666666666,GPT,GPT,GPT,Library
0.4289063189126974,1.237775064330029,0.0,2.4897574557861404,0.7256909670245053,0.02271647457274918,2.22463360761672,none,none,3276,352,assistant,0.7142857142857143,GPT,GPT,GPT,Library
0.35419218972048166,0.3468292298975144,0.0019393693707956648,1.3809454014674853,0.2128674555715401,0.0,0.2993951974603187,none,clarify,3287,352,user,0.7619047619047619,GPT,GPT,GPT,Library
0.6650209421550367,1.5053636730485722,0.0,2.6510450781780937,0.7289316599685445,0.21215686399635633,1.993613842752233,none,none,3288,352,assistant,0.8095238095238095,GPT,GPT,GPT,Library
0.16331056393018079,0.2294012196304769,0.006709678648612571,1.7697154521316054,0.3802152503564693,0.02300580329476522,0.929867392180633,none,none,3297,352,user,0.8571428571428571,GPT,GPT,GPT,Library
0.5412902953000015,1.4031992879055348,0.0,2.2983001237178606,0.7799155730502066,0.24537016367983325,2.635328666145836,none,none,3298,352,assistant,0.9047619047619048,GPT,GPT,GPT,Library
0.23883689619093243,0.12482097180075992,0.009168812087638516,1.957864290257893,0.5826884435228119,0.25427994563609957,0.5122357005223681,none,none,3311,352,user,0.9523809523809524,GPT,GPT,GPT,Library
0.4143911910400563,0.9236993918092002,0.09809951970902694,2.345445825143977,0.8001652747474147,0.05612235949998705,1.5887496171102555,none,none,3312,352,assistant,1.0,GPT,GPT,GPT,Library
0.01865218883355573,0.0,0.0010127110821249315,1.0166032990601537,0.0002259198392978267,0.0,0.01399661955312207,none,none,3236,354,user,0.0,GPT,GPT,GPT,Library
0.0,0.003892670705103831,0.0,0.9990955079944592,0.0,0.0,0.0,none,clarify,3238,354,assistant,0.0526315789473684,GPT,GPT,GPT,Library
0.008715222563156034,0.9966724427189927,0.0,1.9869316469784641,0.0,0.002672053286864946,0.0,none,clarify,3243,354,user,0.1052631578947368,GPT,GPT,GPT,Library
0.35700225698783944,0.6928614910012484,0.002887811251799272,2.5205374259225723,0.5535126765194017,0.07337883978972769,1.7020322729095798,none,none,3244,354,assistant,0.1578947368421052,GPT,GPT,GPT,Library
0.0,0.6649449128483641,0.5889647247391082,2.2418860727308685,0.0,0.05362421974585404,1.691787149274707,none,open_what_if,3263,354,user,0.2105263157894736,GPT,GPT,GPT,Library
0.8843452116444401,1.9297486264055588,0.5955181999191328,2.524631767572473,0.5517392911191993,0.10818255684245004,2.00869022350407,none,none,3264,354,assistant,0.2631578947368421,GPT,GPT,GPT,Library
0.5245183920439582,1.1411601699677352,0.0,2.089193400076053,0.33533824133531426,0.027505663822187266,1.7491617952781806,none,none,3281,354,user,0.3157894736842105,GPT,GPT,GPT,Library
0.4865261174751123,1.7767951121171819,0.4671518059900138,2.3174488987629998,0.7300395618156929,0.30045384565760613,2.4723714978161477,constructive,none,3282,354,assistant,0.3684210526315789,GPT,GPT,GPT,Library
0.3359772859918191,0.5738234810640757,0.7585824960773468,2.0126448915279656,0.1642047686940388,0.02061598001231101,0.975325591509527,none,none,3285,354,user,0.4210526315789473,GPT,GPT,GPT,Library
0.4626007688396314,1.3171076611749708,0.0,2.3107196461361097,0.914377073698326,0.12999770131166197,1.730429528225028,none,none,3286,354,assistant,0.4736842105263157,GPT,GPT,GPT,Library
0.1753395660312376,0.5281634451258368,0.0,1.9217785086866335,0.1959663204058264,0.06425044966134646,1.0779871340096396,none,none,3295,354,user,0.5263157894736842,GPT,GPT,GPT,Library
0.4354640705137958,1.4639092822893869,0.0,2.367887410472373,0.5001886349663973,0.19851675211413436,2.079084941771432,none,none,3296,354,assistant,0.5789473684210527,GPT,GPT,GPT,Library
0.29649832743929977,1.1597272440844406,0.028050917454436712,2.0298107128562206,0.17304392268438787,0.07682440413918445,1.0825018174217702,none,none,3305,354,user,0.631578947368421,GPT,GPT,GPT,Library
0.5947505655657992,1.51063634578,0.0,2.2671042427752184,0.5364764635345566,0.1275399949278218,2.0752455944314874,none,none,3306,354,assistant,0.6842105263157895,GPT,GPT,GPT,Library
0.06610454797948015,0.8764449309314546,0.9033116973372791,1.9254370718624247,0.022936908802974748,0.0039128821535315255,0.10468794867805555,neutral,none,3313,354,user,0.7368421052631579,GPT,GPT,GPT,Library
0.6277234629270195,1.3694094736473292,0.0,2.3116532843215714,0.8118231713993511,0.09290803867342898,2.4117161088406616,none,none,3314,354,assistant,0.7894736842105263,GPT,GPT,GPT,Library
0.08371737077334501,0.37946238328943466,0.04278636428076796,1.8087951061924394,0.14706145731444262,0.0,0.37299014145113946,none,none,3321,354,user,0.8421052631578947,GPT,GPT,GPT,Library
0.5199600113858327,1.1645504186607545,0.0,2.5774596842567616,0.5445735183194956,0.07009576011647803,2.1811972769761407,none,none,3322,354,assistant,0.8947368421052632,GPT,GPT,GPT,Library
0.194881689572488,0.23499136355784903,0.0004336451711312399,1.9218809662005363,0.15856353362276568,0.0,0.3666277212136964,none,none,3325,354,user,0.9473684210526316,GPT,GPT,GPT,Library
0.5155603380898335,1.2400512716580527,0.0,2.2430998165436633,0.8493737039465211,0.3189247916241949,1.9846137937340473,none,none,3326,354,assistant,1.0,GPT,GPT,GPT,Library
0.01865218883355573,0.0,0.0010127110821249315,1.0166032990601537,0.0002259198392978267,0.0,0.01399661955312207,none,none,3239,355,user,0.0,GPT,GPT,GPT,Library
0.0,0.003892670705103831,0.0,0.9990955079944592,0.0,0.0,0.0,none,clarify,3240,355,assistant,0.1111111111111111,GPT,GPT,GPT,Library
0.4930497822315368,0.9547942793758626,0.0054092135950875,2.046546817991886,0.0,0.0901859319909189,0.5932391536373451,none,open_what_if,3277,355,user,0.2222222222222222,GPT,GPT,GPT,Library
0.3409435109738269,1.1568254109295135,0.0,2.345441782484327,0.49103492184977254,0.23961992915417213,2.0936286407221663,none,none,3278,355,assistant,0.3333333333333333,GPT,GPT,GPT,Library
0.030738788712834704,0.9331881845061125,0.3735532183879669,1.9741533324089242,0.0021864411405476828,0.06128820548597972,1.0771221745396762,none,none,3309,355,user,0.4444444444444444,GPT,GPT,GPT,Library
0.5054178559249887,2.1242488210436465,0.5911688169349524,2.328724752516423,0.5754038393263835,0.1450200064925087,2.08204388727118,none,none,3310,355,assistant,0.5555555555555556,GPT,GPT,GPT,Library
0.11719118553055767,0.9958025251492124,0.5150030262593903,2.0559026214757417,0.10800624619426169,0.03134041565445081,0.5899608214229859,none,clarify,3319,355,user,0.6666666666666666,GPT,GPT,GPT,Library
0.42817650173068916,1.3039919316030777,0.11206189806961987,2.3723409261696773,0.6520753986241659,0.0,1.827463578190374,none,none,3320,355,assistant,0.7777777777777778,GPT,GPT,GPT,Library
0.3230577158462372,0.7201515596436673,0.4941721156444196,1.685790934916247,0.3792444531467904,0.026192431377563122,0.6138452390232452,none,clarify,3327,355,user,0.8888888888888888,GPT,GPT,GPT,Library
0.5575541260452368,1.712849570725439,0.5832347715603785,2.376231548954904,0.6825071191623794,0.0,2.011337921907613,none,none,3328,355,assistant,1.0,GPT,GPT,GPT,Library
0.01865218883355573,0.0,0.0010127110821249315,1.0166032990601537,0.0002259198392978267,0.0,0.01399661955312207,none,none,3245,356,user,0.0,GPT,GPT,GPT,Library
0.0,0.003892670705103831,0.0,0.9990955079944592,0.0,0.0,0.0,none,clarify,3246,356,assistant,0.0769230769230769,GPT,GPT,GPT,Library
0.008715222563156034,0.9966724427189927,0.0,1.9869316469784641,0.0,0.002672053286864946,0.0,none,clarify,3247,356,user,0.1538461538461538,GPT,GPT,GPT,Library
0.4158859846077341,1.5856679488046748,0.0015089910455597703,2.2145681276389,0.35590798352798864,0.030384477551347065,1.498268358171039,none,none,3248,356,assistant,0.2307692307692307,GPT,GPT,GPT,Library
0.008241822126302395,0.0,0.017545214074761294,1.0603090299527358,0.05631348021602118,0.02258359916517274,0.13731016165545143,none,clarify,3257,356,user,0.3076923076923077,GPT,GPT,GPT,Library
0.5450548151662616,1.5127434582822143,0.0,2.243374192121126,0.5719605540365847,0.24104328001816752,2.2831448785644244,none,none,3258,356,assistant,0.3846153846153846,GPT,GPT,GPT,Library
0.20688972494464355,1.19918414220152,0.5675347119476887,1.9675764962434543,0.028600190804497088,0.2695526596230881,0.8571218233125732,none,clarify,3279,356,user,0.4615384615384615,GPT,GPT,GPT,Library
0.48737879780049936,1.5256145542236694,0.0009741054228033893,2.290398272794259,0.3592713317311271,0.06524729620625604,1.6831024536329546,none,none,3280,356,assistant,0.5384615384615384,GPT,GPT,GPT,Library
0.1124332115464388,0.5776734317251215,0.1529866562555317,1.1981677404843731,0.017834868653645544,0.24841574155249285,0.7021561713808945,none,clarify,3291,356,user,0.6153846153846154,GPT,GPT,GPT,Library
0.9398457505964226,1.444751053965625,0.0029992278026567715,2.32538541081478,0.4283446875044228,0.17564660882354446,1.6185714625978171,none,none,3292,356,assistant,0.6923076923076923,GPT,GPT,GPT,Library
0.3650889887353508,0.6986721861153464,0.1107629274817441,2.0216515184759802,0.3787444924954166,0.09306391641142477,1.2391578178343854,none,none,3303,356,user,0.7692307692307693,GPT,GPT,GPT,Library
0.48410944153415436,1.6605721886258054,0.0032051213992432635,2.279623898091615,0.5942395521037427,0.01919528174722119,1.1491998840728135,none,none,3304,356,assistant,0.8461538461538461,GPT,GPT,GPT,Library
0.263200829722417,1.0156299460563813,0.008655915573370358,1.9949846379084983,0.17132245607843574,0.31229529095501685,1.2356983642389137,none,none,3323,356,user,0.9230769230769232,GPT,GPT,GPT,Library
0.5252565406242474,1.531117761556117,0.0,2.3519373976415014,0.5013543893043241,0.0,1.7037724418139077,none,none,3324,356,assistant,1.0,GPT,GPT,GPT,Library
0.01865218883355573,0.0,0.0010127110821249315,1.0166032990601537,0.0002259198392978267,0.0,0.01399661955312207,none,none,3249,357,user,0.0,GPT,GPT,GPT,Library
0.0,0.003892670705103831,0.0,0.9990955079944592,0.0,0.0,0.0,none,clarify,3250,357,assistant,0.0909090909090909,GPT,GPT,GPT,Library
0.008715222563156034,0.9966724427189927,0.0,1.9869316469784641,0.0,0.002672053286864946,0.0,none,clarify,3251,357,user,0.1818181818181818,GPT,GPT,GPT,Library
0.5811182411347033,1.590857086061489,0.0,2.360568235535868,0.33397601288097134,0.07121768928378897,1.8944820847213433,none,none,3252,357,assistant,0.2727272727272727,GPT,GPT,GPT,Library
0.7289051212219424,0.8766284482930278,0.005640978826820924,1.8225779766795145,0.02470510840188094,0.04673478418927658,0.5520321037537815,none,clarify,3261,357,user,0.3636363636363636,GPT,GPT,GPT,Library
0.15772486916097833,1.7592221322723807,0.0,2.5900169565126436,0.47275269229097494,0.13263936348521002,1.862278526281074,none,none,3262,357,assistant,0.4545454545454545,GPT,GPT,GPT,Library
0.27363504948905737,0.22847081279681508,0.0,1.4316432709173548,0.0,0.04280899206786949,0.5849023236975754,none,clarify,3293,357,user,0.5454545454545454,GPT,GPT,GPT,Library
0.3155010525192366,1.686903745995325,0.008302373128496722,2.471981398471892,0.34441324163265974,0.0962412722978437,1.5685350222696421,none,none,3294,357,assistant,0.6363636363636364,GPT,GPT,GPT,Library
0.0,0.15483747452160893,0.06252806666871928,1.9157738471224695,0.022743602538414214,0.0,0.7729056177345753,none,none,3301,357,user,0.7272727272727273,GPT,GPT,GPT,Library
0.1907926465220408,1.6331053039965815,0.0812090089525551,2.433781507550512,0.4281392131674828,0.08379628969089145,1.7067023535389374,none,none,3302,357,assistant,0.8181818181818182,GPT,GPT,GPT,Library
0.16794172278194666,0.30116198358600094,0.3480712646590993,1.8167190823081663,0.08261434784817252,0.8381345466586672,0.37872262686042896,none,clarify,3315,357,user,0.9090909090909092,GPT,GPT,GPT,Library
0.2560818411310016,1.6456049072804655,0.0,2.397821582270862,0.44230381070285635,0.055631454206884236,1.2160101099100848,none,none,3316,357,assistant,1.0,GPT,GPT,GPT,Library
0.01865218883355573,0.0,0.0010127110821249315,1.0166032990601537,0.0002259198392978267,0.0,0.01399661955312207,none,none,3253,358,user,0.0,GPT,GPT,GPT,Library
0.0,0.003892670705103831,0.0,0.9990955079944592,0.0,0.0,0.0,none,clarify,3254,358,assistant,0.0666666666666666,GPT,GPT,GPT,Library
0.4575645296349893,0.9429001825587573,0.0054092135950875,1.9678661021288442,0.0,0.015922232420920193,0.8057629520260542,none,open_what_if,3265,358,user,0.1333333333333333,GPT,GPT,GPT,Library
0.5920821611249338,1.290857286825393,0.0,2.2408149260429187,0.49334115718986665,0.2414404493356944,1.898732633803904,none,none,3266,358,assistant,0.2,GPT,GPT,GPT,Library
0.008715222563156034,0.9966724427189927,0.0,1.9869316469784641,0.0,0.002672053286864946,0.0,none,clarify,3268,358,user,0.2666666666666666,GPT,GPT,GPT,Library
0.781458579255096,1.5305275130454392,0.0054092135950875,2.325140921929459,0.5733538089580885,0.45381268687230775,1.7972930476296467,none,none,3270,358,assistant,0.3333333333333333,GPT,GPT,GPT,Library
0.09255934766540519,0.06556895790545907,0.0,1.3577345878188145,0.0,0.19007089233367944,0.6626849140576372,none,clarify,3283,358,user,0.4,GPT,GPT,GPT,Library
1.533362944277701,0.9665310382041011,0.0,2.5311221291784904,0.5777274651167965,0.48847559957274156,2.107362202042939,none,none,3284,358,assistant,0.4666666666666667,GPT,GPT,GPT,Library
0.37542990480479305,0.6034663358114414,0.0,1.7692619271076182,0.24385503101541203,0.15430400493635457,1.8095869056372114,none,clarify,3289,358,user,0.5333333333333333,GPT,GPT,GPT,Library
0.5825661306632425,1.603003059525351,0.0,2.324619838047849,0.6889779748863823,0.1434861970807826,2.2894019543765536,none,none,3290,358,assistant,0.6,GPT,GPT,GPT,Library
0.14886937558126367,0.05627691497531812,0.0,1.4193227318885753,0.25535743710482206,0.0,0.4869134653993777,none,clarify,3299,358,user,0.6666666666666666,GPT,GPT,GPT,Library
0.7137476090551533,1.86959964631553,0.13165825950299606,2.3064223017286034,0.7662461780893927,0.6891794691304554,1.9861893838845832,none,none,3300,358,assistant,0.7333333333333333,GPT,GPT,GPT,Library
0.191829076951047,0.6392250612792445,0.0,1.6851312041671023,0.2708066757150012,0.0,0.6486232411082109,none,none,3307,358,user,0.8,GPT,GPT,GPT,Library
1.1255918239236813,1.0796411409301174,0.0,2.0337388098668536,0.888420887936317,0.01905533467322379,1.9772105220436003,none,none,3308,358,assistant,0.8666666666666667,GPT,GPT,GPT,Library
0.3273779827994872,0.41797039569294286,0.0,1.870811666008169,0.5135983547069082,0.07077962420401772,1.2970741476877776,none,none,3317,358,user,0.9333333333333332,GPT,GPT,GPT,Library
0.7330317934636266,1.594804848115236,0.0,2.3901475259015577,0.592341176876104,0.25885598705270196,2.2263862649487156,none,none,3318,358,assistant,1.0,GPT,GPT,GPT,Library
0.01865218883355573,0.0,0.0010127110821249315,1.0166032990601537,0.0002259198392978267,0.0,0.01399661955312207,none,none,3333,361,user,0.0,Convergent,Persona,Convergent,Bicycle
0.0,0.003892670705103831,0.0,0.9990955079944592,0.0,0.0,0.0,none,clarify,3334,361,assistant,0.0476190476190476,Convergent,Persona,Convergent,Bicycle
0.03049838401600156,0.9893643612695656,0.0,1.9835241770621765,0.004235966895978697,0.0,0.006937027005586032,none,clarify,3339,361,user,0.0952380952380952,Convergent,Persona,Convergent,Bicycle
1.1838876442728379,0.5979289160569335,0.020696258806067385,1.9569355399532993,0.3524544786719119,0.08128758877028353,0.3383364552168893,none,clarify,3340,361,assistant,0.1428571428571428,Convergent,Persona,Convergent,Bicycle
0.21372426540006492,0.48201831632871117,0.0,2.2010025084420866,0.381637752836183,0.0,1.4215358967635945,none,none,3361,361,user,0.1904761904761904,Convergent,Persona,Convergent,Bicycle
0.9738973071208187,2.1100423788685245,0.022515669750653982,2.515075007874146,0.4267165420432648,0.17953769636020278,1.4139202300109204,none,open_what_if,3362,361,assistant,0.238095238095238,Convergent,Persona,Convergent,Bicycle
0.0,0.11737777092690971,0.0194320383948673,1.8636908442009694,0.2896861667773437,0.07422434252355159,0.08713808614303144,none,none,3367,361,user,0.2857142857142857,Convergent,Persona,Convergent,Bicycle
0.9425280981429511,0.5813088453903809,0.020597602377030982,2.0717276341634694,0.19909017646038576,0.2508924247857858,0.724734349645147,none,open_what_if,3368,361,assistant,0.3333333333333333,Convergent,Persona,Convergent,Bicycle
0.6597950094978973,0.24480175649639493,0.0,2.081547812778717,0.1843777411058621,0.0,1.0468102609881846,none,none,3379,361,user,0.3809523809523809,Convergent,Persona,Convergent,Bicycle
1.4937957845360847,1.6613265203331051,0.009107126621880528,2.0414445853489376,0.0,0.4277833079882534,1.353808533748629,none,open_what_if,3380,361,assistant,0.4285714285714285,Convergent,Persona,Convergent,Bicycle
0.18578711484663307,0.25695805828873547,0.0,1.9172226787435533,0.05085900068583219,0.0,0.30801908810051704,none,none,3385,361,user,0.4761904761904761,Convergent,Persona,Convergent,Bicycle
1.1688488859888826,1.6972414167102166,0.0,2.1043228234620717,0.16349258751468942,0.8031644391068525,1.7165879824887604,none,open_what_if,3386,361,assistant,0.5238095238095238,Convergent,Persona,Convergent,Bicycle
0.4923742982759676,0.0,0.0,1.905125400690503,0.28145221194013564,0.06995230097507521,1.058532612755074,none,none,3403,361,user,0.5714285714285714,Convergent,Persona,Convergent,Bicycle
0.8259433159536134,1.6402349773767322,0.024606076321925283,2.0843459123832657,0.07567793393899525,0.22444181135495764,1.1471656256621054,none,open_what_if,3404,361,assistant,0.6190476190476191,Convergent,Persona,Convergent,Bicycle
0.18578711484663307,0.25695805828873547,0.0,1.9172226787435533,0.07275362825633389,0.0,0.30801908810051704,none,none,3415,361,user,0.6666666666666666,Convergent,Persona,Convergent,Bicycle
0.34235288077025605,2.2117295881556687,0.0,2.46313688960679,0.29655264888671123,0.18682212213384866,1.7158536894154248,none,open_what_if,3416,361,assistant,0.7142857142857143,Convergent,Persona,Convergent,Bicycle
0.2900811750698987,0.29750194735616825,0.0817465995991788,1.7726448533867964,0.22753151757836743,0.0,0.41287210391248275,none,none,3425,361,user,0.7619047619047619,Convergent,Persona,Convergent,Bicycle
0.3494192451168761,2.060148973786077,0.0,2.645789649418198,0.523662121931357,0.061230560468269496,2.094318030615659,none,none,3426,361,assistant,0.8095238095238095,Convergent,Persona,Convergent,Bicycle
0.2584116664366652,0.2584797499092201,0.0002694895636206088,2.1465435554262915,0.19668664928928775,0.29068286566613016,0.3668552004120391,none,none,3431,361,user,0.8571428571428571,Convergent,Persona,Convergent,Bicycle
0.3722950411108623,1.6920144623176565,0.0,2.264480478155998,0.16273007143306226,0.21741029666041709,1.774842096156576,none,open_what_if,3432,361,assistant,0.9047619047619048,Convergent,Persona,Convergent,Bicycle
0.02639489346125968,0.7791052106224517,0.0,1.1888127293585031,0.303940576151214,0.0,1.1972670004238608,none,none,3435,361,user,0.9523809523809524,Convergent,Persona,Convergent,Bicycle
0.3250497566805043,1.9681437447613788,0.0,2.2192070591415365,0.18815039847920795,0.0,1.6483796429373885,none,open_what_if,3436,361,assistant,1.0,Convergent,Persona,Convergent,Bicycle
0.01865218883355573,0.0,0.0010127110821249315,1.0166032990601537,0.0002259198392978267,0.0,0.01399661955312207,none,none,3335,362,user,0.0,Convergent,Persona,Convergent,Bicycle
0.0,0.003892670705103831,0.0,0.9990955079944592,0.0,0.0,0.0,none,clarify,3336,362,assistant,0.0588235294117647,Convergent,Persona,Convergent,Bicycle
0.03049838401600156,0.9893643612695656,0.0,1.9835241770621765,0.004235966895978697,0.0,0.006937027005586032,none,clarify,3341,362,user,0.1176470588235294,Convergent,Persona,Convergent,Bicycle
0.654291505005941,1.6360536388652596,0.04484247260287446,2.4380740360850277,0.386136523624656,0.17516737744500982,1.3207201966764373,none,open_what_if,3342,362,assistant,0.1764705882352941,Convergent,Persona,Convergent,Bicycle
0.4890045529788329,0.12572446465386514,0.008656912169623587,2.0438613851721303,0.13484916632219768,0.009420646203336703,0.9324933739526987,none,none,3357,362,user,0.2352941176470588,Convergent,Persona,Convergent,Bicycle
0.7146793391299366,1.874331760255585,0.0,2.273570329344143,0.712208619098956,0.19002370262148938,1.6182787630136068,none,open_what_if,3358,362,assistant,0.2941176470588235,Convergent,Persona,Convergent,Bicycle
0.2800245345091063,0.3990581711900484,0.24418239688834445,2.0148944008170186,0.24872080673580138,0.058562008111102314,0.38135876773941924,none,none,3363,362,user,0.3529411764705882,Convergent,Persona,Convergent,Bicycle
0.9488983449823934,1.7536303797778656,0.0,2.2204261475283813,0.27579848984159094,0.21339645429689413,1.114343883254502,none,open_what_if,3366,362,assistant,0.4117647058823529,Convergent,Persona,Convergent,Bicycle
0.18578711484663307,0.25695805828873547,0.0,1.9172226787435533,0.05085900068583219,0.0,0.30801908810051704,none,none,3371,362,user,0.4705882352941176,Convergent,Persona,Convergent,Bicycle
0.6354971840782812,1.960480209365767,0.10192223746332595,2.3782820165969905,0.6292565764658868,0.0,0.6792616588030813,none,open_what_if,3372,362,assistant,0.5294117647058824,Convergent,Persona,Convergent,Bicycle
0.18578711484663307,0.25695805828873547,0.0,1.9172226787435533,0.055395577853723656,0.0,0.30801908810051704,none,none,3377,362,user,0.5882352941176471,Convergent,Persona,Convergent,Bicycle
1.0982931947028933,1.9417811148205015,0.31040039279638704,2.33734873926677,0.1342786878635864,0.5968341120066146,1.0003830727591225,none,open_what_if,3378,362,assistant,0.6470588235294118,Convergent,Persona,Convergent,Bicycle
0.0,0.7417380944999458,0.11235207752182488,2.0013790729120102,0.32910285915639625,0.0,0.7449763029608023,none,none,3383,362,user,0.7058823529411765,Convergent,Persona,Convergent,Bicycle
1.3303875940717782,2.0164752154379872,0.0,2.561653880292689,0.4470535872544599,0.5737221576953385,1.621486126369046,none,open_what_if,3384,362,assistant,0.7647058823529411,Convergent,Persona,Convergent,Bicycle
0.572720741060558,0.6224393636723697,0.4783387556344917,2.138680080234786,0.33441586673062246,0.0,1.3412397389612007,none,none,3393,362,user,0.8235294117647058,Convergent,Persona,Convergent,Bicycle
0.37984607570947604,2.121214024733391,0.0,2.206530370522065,0.0645608850315892,0.026630158572206013,1.4556764303728,none,open_what_if,3394,362,assistant,0.8823529411764706,Convergent,Persona,Convergent,Bicycle
0.09973342083391733,0.2555613941403283,0.0,1.4695118022948932,0.7204202937321116,0.007461823994179838,0.3431620155954471,none,none,3400,362,user,0.9411764705882352,Convergent,Persona,Convergent,Bicycle
0.33923536864250264,1.6326639465359545,0.1491585485451045,2.8865501220081193,0.7855794524880488,0.049320048085546436,2.441216008304476,none,none,3402,362,assistant,1.0,Convergent,Persona,Convergent,Bicycle
0.01865218883355573,0.0,0.0010127110821249315,1.0166032990601537,0.0002259198392978267,0.0,0.01399661955312207,none,none,3337,363,user,0.0,Convergent,Persona,Convergent,Bicycle
0.0,0.003892670705103831,0.0,0.9990955079944592,0.0,0.0,0.0,none,clarify,3338,363,assistant,0.0476190476190476,Convergent,Persona,Convergent,Bicycle
0.03049838401600156,0.9893643612695656,0.0,1.9835241770621765,0.004235966895978697,0.0,0.006937027005586032,none,clarify,3349,363,user,0.0952380952380952,Convergent,Persona,Convergent,Bicycle
0.9077233345932368,1.219601194033939,0.0,2.0558979401916684,0.3349326533438276,0.03864711910382833,0.8422409470870047,none,clarify,3350,363,assistant,0.1428571428571428,Convergent,Persona,Convergent,Bicycle
0.4321402673627844,0.2222109264210558,0.013256709368106911,1.653395810136801,0.27419098407532777,0.036648766534345144,0.19105451417118208,none,none,3364,363,user,0.1904761904761904,Convergent,Persona,Convergent,Bicycle
0.5247889444852432,0.8486301771612499,0.23817202676525318,2.1475060760868687,0.6654551562971673,0.06001428296522615,0.2661154057666623,none,clarify,3365,363,assistant,0.238095238095238,Convergent,Persona,Convergent,Bicycle
0.18578711484663307,0.25695805828873547,0.0,1.9172226787435533,0.05085900068583219,0.0,0.3029943272718154,none,none,3375,363,user,0.2857142857142857,Convergent,Persona,Convergent,Bicycle
0.5484919211782988,0.6545533821948621,0.0,2.437044691507191,0.7817141626838133,0.0019314614784813554,0.5747913879870403,none,open_what_if,3376,363,assistant,0.3333333333333333,Convergent,Persona,Convergent,Bicycle
0.1741222491472296,0.8446155225045989,0.007381522113083035,1.5512783739771399,0.3125008621986122,0.0,0.5444014815939625,none,none,3387,363,user,0.3809523809523809,Convergent,Persona,Convergent,Bicycle
0.7084765235049661,0.8767199364191188,0.09465516187458758,2.619139791565311,0.7126703798472088,0.12889211137499826,0.8489778507135989,none,clarify,3388,363,assistant,0.4285714285714285,Convergent,Persona,Convergent,Bicycle
0.10195728282556475,0.5339830063496177,0.0,2.05066516585899,0.27920402851490783,0.0902392096946459,0.6605833617348106,none,none,3395,363,user,0.4761904761904761,Convergent,Persona,Convergent,Bicycle
1.6156713002669398,1.543848592713145,0.04443621294743317,2.3001148819540997,0.02529484388286762,0.6803300685499569,1.139969645825218,none,open_what_if,3396,363,assistant,0.5238095238095238,Convergent,Persona,Convergent,Bicycle
0.018768517078641793,0.5336817018780783,0.06212345965956901,1.848652117979584,0.1467859029401153,0.0,0.5607175497401851,none,none,3405,363,user,0.5714285714285714,Convergent,Persona,Convergent,Bicycle
0.39246882443973646,2.056848546246367,0.013140949446926745,2.0895779697048766,0.2196331876730857,0.0,0.9161496811931469,none,clarify,3407,363,assistant,0.6190476190476191,Convergent,Persona,Convergent,Bicycle
0.3144048032528031,0.21540263041400562,0.0,1.3676922689779805,0.23696182439852642,0.0036798126652989346,0.1768000945277738,none,none,3413,363,user,0.6666666666666666,Convergent,Persona,Convergent,Bicycle
0.5560440281246,2.0324951527319857,0.1588653661314648,1.949460393477306,0.5124002223049409,0.0,1.463443985408517,none,open_what_if,3414,363,assistant,0.7142857142857143,Convergent,Persona,Convergent,Bicycle
0.44679139436661036,0.3584268414196276,0.0038819890643796836,1.699042956988065,0.37784984867426286,0.0,0.6447730975274177,none,none,3421,363,user,0.7619047619047619,Convergent,Persona,Convergent,Bicycle
1.5514846706032508,1.2357668516368772,0.0,1.996052689058165,0.018043694327754954,0.18665232835072398,1.361339088221654,none,open_what_if,3422,363,assistant,0.8095238095238095,Convergent,Persona,Convergent,Bicycle
0.1616374804468019,0.6871562319939908,0.05011969006607814,1.2717152581201614,0.2490994395270755,0.0,0.4539704433883584,none,none,3433,363,user,0.8571428571428571,Convergent,Persona,Convergent,Bicycle
0.07274209033006829,2.0417066283186216,0.0,2.9260169309183968,0.9474045928600879,0.0,1.910844745892536,none,none,3434,363,assistant,0.9047619047619048,Convergent,Persona,Convergent,Bicycle
0.003798905577022708,0.025884449027452947,0.0,1.0706944807699206,0.03203481208447296,0.0,0.040163953819021186,none,none,3437,363,user,0.9523809523809524,Convergent,Persona,Convergent,Bicycle
0.3572890174311739,0.9074461803040307,0.0,2.4453769600885313,0.17794985641773065,0.040109699759140034,1.044960196304998,none,none,3438,363,assistant,1.0,Convergent,Persona,Convergent,Bicycle
0.01865218883355573,0.0,0.0010127110821249315,1.0166032990601537,0.0002259198392978267,0.0,0.01399661955312207,none,none,3343,364,user,0.0,Convergent,Persona,Convergent,Bicycle
0.0,0.003892670705103831,0.0,0.9990955079944592,0.0,0.0,0.0,none,clarify,3344,364,assistant,0.0476190476190476,Convergent,Persona,Convergent,Bicycle
0.03049838401600156,0.9893643612695656,0.0,1.9835241770621765,0.004235966895978697,0.0,0.006937027005586032,none,clarify,3345,364,user,0.0952380952380952,Convergent,Persona,Convergent,Bicycle
1.2099386017210947,0.4752233840862929,0.0,1.5332115061918747,0.36456317036785496,0.10391039470830978,0.302894747734259,none,open_what_if,3346,364,assistant,0.1428571428571428,Convergent,Persona,Convergent,Bicycle
0.18578711484663307,0.25695805828873547,0.0,1.9172226787435533,0.05085900068583219,0.0,0.3029943272718154,none,none,3355,364,user,0.1904761904761904,Convergent,Persona,Convergent,Bicycle
1.2191000372289005,0.6153985303861442,0.0,2.6366536158880733,0.5483823416405907,0.4043784205390413,0.5988487710880048,none,open_what_if,3356,364,assistant,0.238095238095238,Convergent,Persona,Convergent,Bicycle
0.6241049174517269,0.5384612423652767,0.0,2.249481625540531,0.28686774844122936,0.024374844286457458,1.4258488300755479,none,none,3381,364,user,0.2857142857142857,Convergent,Persona,Convergent,Bicycle
0.6455587068602946,1.4973201958238385,0.0,2.1567713324368003,0.23234317861201884,0.10796661217849693,0.723267212486137,none,open_what_if,3382,364,assistant,0.3333333333333333,Convergent,Persona,Convergent,Bicycle
0.21539713698986018,0.7613010171169147,0.12037222241079716,1.6860174928926124,0.0,0.0,0.5929309306961689,none,none,3389,364,user,0.3809523809523809,Convergent,Persona,Convergent,Bicycle
1.0685725083746145,1.5870192522662023,0.1940451553486901,2.278006877484524,0.056070374301223,0.35218031506356023,1.1854168731109815,none,open_what_if,3390,364,assistant,0.4285714285714285,Convergent,Persona,Convergent,Bicycle
0.18578711484663307,0.25695805828873547,0.0,1.9172226787435533,0.05085900068583219,0.0,0.30801908810051704,none,none,3399,364,user,0.4761904761904761,Convergent,Persona,Convergent,Bicycle
0.6823066869140754,1.9448828262033102,0.1023133886238501,2.1947835966258946,0.314179741437574,0.0,1.6734845031571015,none,open_what_if,3401,364,assistant,0.5238095238095238,Convergent,Persona,Convergent,Bicycle
0.20591979929266577,0.3517687004489539,0.0,1.5473435639110957,0.34940264531357373,0.0407916940780263,0.44338799650140676,none,none,3406,364,user,0.5714285714285714,Convergent,Persona,Convergent,Bicycle
1.1757242079398402,1.6543497225289996,0.0,2.053787350703976,0.40617276010483083,0.31410770964413115,1.5477723648652242,none,open_what_if,3408,364,assistant,0.6190476190476191,Convergent,Persona,Convergent,Bicycle
0.18578711484663307,0.25695805828873547,0.0,1.9172226787435533,0.07275362825633389,0.0,0.30801908810051704,none,none,3409,364,user,0.6666666666666666,Convergent,Persona,Convergent,Bicycle
0.7418306549129702,1.867231290524026,0.0,2.2380451833470705,0.09788620455040291,0.03112402375134778,1.6804545978217404,none,open_what_if,3410,364,assistant,0.7142857142857143,Convergent,Persona,Convergent,Bicycle
0.2506477533045909,0.4369722137609981,0.012771470805899608,1.96305674842887,0.5806581887719469,0.015447217030972842,1.1828008045634253,none,none,3423,364,user,0.7619047619047619,Convergent,Persona,Convergent,Bicycle
0.54724368692639,1.6499283523173247,0.08313940206403131,2.1844724288181605,0.1840233274726013,0.05391508590609239,2.0401558759031055,none,open_what_if,3424,364,assistant,0.8095238095238095,Convergent,Persona,Convergent,Bicycle
0.18578711484663307,0.25695805828873547,0.0,1.9172226787435533,0.18420426230688586,0.0,0.30801908810051704,none,none,3427,364,user,0.8571428571428571,Convergent,Persona,Convergent,Bicycle
1.7278568603920352,1.2543871922325946,0.12279089150440588,1.9646626341772615,0.28313463402402017,0.15067093625866645,1.5697733358676162,none,open_what_if,3429,364,assistant,0.9047619047619048,Convergent,Persona,Convergent,Bicycle
0.18578711484663307,0.25695805828873547,0.0,1.9172226787435533,0.18420426230688586,0.0,0.30801908810051704,none,none,3439,364,user,0.9523809523809524,Convergent,Persona,Convergent,Bicycle
1.057554866574333,1.8651765881737465,0.040314119802703316,2.020446928148946,0.014575502836723726,0.0708475883023375,1.9511585703584935,none,open_what_if,3440,364,assistant,1.0,Convergent,Persona,Convergent,Bicycle
0.01865218883355573,0.0,0.0010127110821249315,1.0166032990601537,0.0002259198392978267,0.0,0.01399661955312207,none,none,3347,365,user,0.0,Convergent,Persona,Convergent,Bicycle
0.0,0.003892670705103831,0.0,0.9990955079944592,0.0,0.0,0.0,none,clarify,3348,365,assistant,0.0909090909090909,Convergent,Persona,Convergent,Bicycle
0.03049838401600156,0.9893643612695656,0.0,1.9835241770621765,0.004235966895978697,0.0,0.006937027005586032,none,clarify,3353,365,user,0.1818181818181818,Convergent,Persona,Convergent,Bicycle
0.6203080389153145,0.7649184571542865,0.0,1.6694246903893097,0.07066591606467994,0.33643967293363036,0.10146522985883488,none,clarify,3354,365,assistant,0.2727272727272727,Convergent,Persona,Convergent,Bicycle
0.34979100622267517,0.22816183274319574,0.0009172342759983645,1.7447231579222633,0.4094809675505955,0.009706317098946815,0.07453073171430742,none,none,3369,365,user,0.3636363636363636,Convergent,Persona,Convergent,Bicycle
1.5661424360745015,1.1106064050440412,0.036415155623175856,1.9484011712803362,0.0,0.4088536716790347,0.7865597472756612,none,open_what_if,3370,365,assistant,0.4545454545454545,Convergent,Persona,Convergent,Bicycle
0.6684803321707612,0.3185584842250825,0.009264316051571754,1.7756759073168262,0.0,0.0038573428998450484,0.7779294572083336,none,none,3391,365,user,0.5454545454545454,Convergent,Persona,Convergent,Bicycle
1.1914295543548796,1.7516708118556934,0.0,2.262645711091981,0.18741472016163865,0.4195835692217056,1.008562664418733,none,none,3392,365,assistant,0.6363636363636364,Convergent,Persona,Convergent,Bicycle
0.46937667809025563,1.0645171495074712,0.0747006123021519,2.18437185723722,0.5492343129446595,0.006016457991138644,1.1782368427423706,none,open_what_if,3417,365,user,0.7272727272727273,Convergent,Persona,Convergent,Bicycle
0.7357861145494198,1.7775818982493845,0.0,2.6779563666916286,0.309450557708504,0.11832020524498509,1.3987321361808642,none,criteria_setting,3418,365,assistant,0.8181818181818182,Convergent,Persona,Convergent,Bicycle
0.38643661921648237,0.3113911711029351,0.01678295558590315,1.7727445886068431,0.13454092582676055,0.0,0.5451768721897058,none,clarify,3428,365,user,0.9090909090909092,Convergent,Persona,Convergent,Bicycle
1.619714508113874,1.9645999736562358,0.0,2.5387327495813814,0.5978447155195029,0.09810355269825527,1.6525871713793099,none,open_what_if,3430,365,assistant,1.0,Convergent,Persona,Convergent,Bicycle
0.01865218883355573,0.0,0.0010127110821249315,1.0166032990601537,0.0002259198392978267,0.0,0.01399661955312207,none,none,3351,366,user,0.0,Convergent,Persona,Convergent,Bicycle
0.0,0.003892670705103831,0.0,0.9990955079944592,0.0,0.0,0.0,none,clarify,3352,366,assistant,0.0769230769230769,Convergent,Persona,Convergent,Bicycle
0.6691439718466629,0.8340284522252783,0.09587999672432312,2.0034052525703343,0.047372682294561944,0.06514392269841937,0.7657354510520572,none,clarify,3359,366,user,0.1538461538461538,Convergent,Persona,Convergent,Bicycle
1.252047665626055,1.4783407393521797,0.011174120004448836,1.8027069752993605,0.01627596052795937,0.007567635191616724,0.3523487182885241,none,open_what_if,3360,366,assistant,0.2307692307692307,Convergent,Persona,Convergent,Bicycle
0.8067425058748067,0.1895777955436008,0.01555275277253729,2.3486298991044223,0.06545309173242005,0.13567528781429922,0.889782266259172,none,none,3373,366,user,0.3076923076923077,Convergent,Persona,Convergent,Bicycle
2.1348794413407584,1.3025732302408262,0.024869180138889065,1.9657519472530727,0.39184475561192555,0.44280344073161104,1.6105757566152135,none,open_what_if,3374,366,assistant,0.3846153846153846,Convergent,Persona,Convergent,Bicycle
0.13569735764799504,0.2706706736842853,0.21203596238540764,1.7597996428608598,0.22766595482645344,0.0,0.38125426518741995,none,none,3397,366,user,0.4615384615384615,Convergent,Persona,Convergent,Bicycle
1.0961940629400337,1.314438773099603,0.07973568210795687,2.2223099053228283,0.28795801649426034,0.337061933926727,1.3557858239850458,none,open_what_if,3398,366,assistant,0.5384615384615384,Convergent,Persona,Convergent,Bicycle
0.4172699754999507,1.0424130032131143,0.18891649174623137,1.952095456507812,0.16089247296552212,0.0,0.7898823469176451,none,clarify,3411,366,user,0.6153846153846154,Convergent,Persona,Convergent,Bicycle
0.606789076740041,1.7344756712583544,0.14262471152540016,2.427447794448493,0.24085339044496876,0.0556710139155973,1.391446089246183,none,open_what_if,3412,366,assistant,0.6923076923076923,Convergent,Persona,Convergent,Bicycle
0.7051241997224279,0.32375353107266974,0.3792352780331666,1.8913913834903393,0.17488113352476684,0.054752177731141764,0.7211261886567452,none,none,3419,366,user,0.7692307692307693,Convergent,Persona,Convergent,Bicycle
0.6717926877656658,1.4422087962401133,0.4836627984220217,2.2492402946857313,0.6688547245391367,0.0,1.6542614220251304,neutral,open_what_if,3420,366,assistant,0.8461538461538461,Convergent,Persona,Convergent,Bicycle
0.8532147043401945,1.113125379868322,0.9000391995649533,2.0233466444850574,0.061068230936859064,0.005788797751712898,1.8722188390342829,constructive,open_what_if,3441,366,user,0.9230769230769232,Convergent,Persona,Convergent,Bicycle
0.6221838391268849,1.9166805392437833,0.38089903561764454,2.28242391221977,0.14750214691296748,0.14508268789496126,1.5057847399567632,none,open_what_if,3442,366,assistant,1.0,Convergent,Persona,Convergent,Bicycle
0.01865218883355573,0.0,0.0010127110821249315,1.0166032990601537,0.0002259198392978267,0.0,0.01399661955312207,none,none,3445,368,user,0.0,Convergent,Persona,Convergent,Library
0.0,0.003892670705103831,0.0,0.9990955079944592,0.0,0.0,0.0,none,clarify,3446,368,assistant,0.0769230769230769,Convergent,Persona,Convergent,Library
0.008715222563156034,0.9966724427189927,0.0,1.9869316469784641,0.0,0.002672053286864946,0.0,none,clarify,3501,368,user,0.1538461538461538,Convergent,Persona,Convergent,Library
1.9352894418315985,1.2901971440421829,0.005640978826820924,2.2006398884022804,0.0,1.0727949839501152,1.1907990495802188,none,open_what_if,3502,368,assistant,0.2307692307692307,Convergent,Persona,Convergent,Library
0.2525979292799962,0.5840271664266989,0.0015089910455597703,1.9741874118936429,0.34425746702003696,0.04734742315054898,0.4244952842232116,none,none,3558,368,user,0.3076923076923077,Convergent,Persona,Convergent,Library
2.124614732992006,1.6311151094495862,0.014418189480201325,2.043305591755159,0.18960178165668973,0.21869445140030644,1.334668315447213,none,open_what_if,3560,368,assistant,0.3846153846153846,Convergent,Persona,Convergent,Library
0.379800125550231,0.17732411702749087,0.14579056177673083,1.8378914390241021,0.0678997137462467,0.15903334009842318,0.9995949281138496,none,none,3621,368,user,0.4615384615384615,Convergent,Persona,Convergent,Library
1.2360911453033654,1.5340897492680778,0.37407160423615443,1.9965781976366193,0.13806998235543597,0.13413033868828073,0.9953595646858158,none,open_what_if,3622,368,assistant,0.5384615384615384,Convergent,Persona,Convergent,Library
0.8669060447715047,0.707384906884343,0.0019393693707956648,1.891017710192044,0.16055093194532383,0.0,0.961578921590551,none,none,3683,368,user,0.6153846153846154,Convergent,Persona,Convergent,Library
1.1327395027798761,1.8797031719195965,0.014222797729549912,2.0369141096994645,0.0158861165174247,0.06672892214985278,1.8104846661498948,none,open_what_if,3684,368,assistant,0.6923076923076923,Convergent,Persona,Convergent,Library
0.8572046668401018,0.05907875700810164,0.020731202652549453,1.9762165107769034,0.9240859548795032,0.03432413884862741,1.8453438567933724,none,none,3719,368,user,0.7692307692307693,Convergent,Persona,Convergent,Library
1.1543232006330806,1.6491126469143755,0.0,2.0189478998186288,0.24830165875366364,0.08045098704107852,1.499313529814212,none,open_what_if,3720,368,assistant,0.8461538461538461,Convergent,Persona,Convergent,Library
0.0,0.24145681737745617,0.0,2.010913240235606,0.20617578490209212,0.16720013213459525,0.48792529312809807,none,none,3811,368,user,0.9230769230769232,Convergent,Persona,Convergent,Library
1.0019889309362868,1.3456913362613356,0.20766405774009378,2.123135448620136,0.16012006525781255,0.10252101857149108,1.3464129672314138,none,open_what_if,3815,368,assistant,1.0,Convergent,Persona,Convergent,Library
0.01865218883355573,0.0,0.0010127110821249315,1.0166032990601537,0.0002259198392978267,0.0,0.01399661955312207,none,none,3448,370,user,0.0,Convergent,Persona,Convergent,Library
0.0,0.003892670705103831,0.0,0.9990955079944592,0.0,0.0,0.0,none,clarify,3450,370,assistant,0.0285714285714285,Convergent,Persona,Convergent,Library
0.2957050651242351,0.17762649746549705,0.0,1.2274428978786749,0.02549260909121838,0.32204352804689734,0.03556789570802867,none,none,3455,370,user,0.0571428571428571,Convergent,Persona,Convergent,Library
0.0,0.003892670705103831,0.0,0.9990955079944592,0.0,0.0,0.0,none,clarify,3456,370,assistant,0.0857142857142857,Convergent,Persona,Convergent,Library
0.0,0.10061822764019918,0.017299861008783564,1.2651125184272072,0.11366603223692452,0.0,0.0,none,clarify,3463,370,user,0.1142857142857142,Convergent,Persona,Convergent,Library
0.5869059316666501,0.5066302159268796,0.0,1.9028991619245608,0.38714445791624885,0.4879470105327597,0.15246187457639737,none,open_what_if,3464,370,assistant,0.1428571428571428,Convergent,Persona,Convergent,Library
0.008715222563156034,0.9966724427189927,0.0,1.9869316469784641,0.0,0.002672053286864946,0.0,none,clarify,3481,370,user,0.1714285714285714,Convergent,Persona,Convergent,Library
0.7182427281940359,0.8949577702481217,0.0,1.962193465623628,0.18429962820808168,0.22562827688153092,0.5648115682748932,none,open_what_if,3487,370,assistant,0.2,Convergent,Persona,Convergent,Library
0.37901109430927077,0.017041211014299062,0.09840833336937004,1.454880624466023,0.05139662375004159,0.20022408378575487,0.450563049946238,none,none,3513,370,user,0.2285714285714285,Convergent,Persona,Convergent,Library
0.21995829638699496,2.0015142571566873,0.39399370737129363,2.253366925996201,0.0,0.25664914449555215,0.7317497443384872,none,open_what_if,3515,370,assistant,0.2571428571428571,Convergent,Persona,Convergent,Library
0.6190936030978254,1.1182537768942546,0.5312473400687954,2.267394859774218,0.13985688769836158,0.49164706411448467,1.3317046858248651,none,none,3583,370,user,0.2857142857142857,Convergent,Persona,Convergent,Library
1.3490230230318323,1.2018769818974817,0.0,2.202925611402684,0.3950502000873179,0.455958836386864,0.47648060202297327,none,open_what_if,3585,370,assistant,0.3142857142857143,Convergent,Persona,Convergent,Library
0.6205121151911199,0.5375271843536216,0.014578713536315457,1.869846239730247,0.5810961616597438,0.0,0.8333522843531888,none,none,3599,370,user,0.3428571428571428,Convergent,Persona,Convergent,Library
0.6617897177771653,1.1035515791917248,0.0,2.0015693864213056,0.3944886802732371,0.06413534351389705,1.6338074217081502,none,open_what_if,3600,370,assistant,0.3714285714285714,Convergent,Persona,Convergent,Library
0.0008350875564507929,0.12255663960454294,0.007264048121339321,1.9697538781257307,0.015937736059580362,0.0,1.0213893197526305,none,none,3643,370,user,0.4,Convergent,Persona,Convergent,Library
1.2498020649531032,1.666444678594614,0.0,1.8685360188593783,0.6932960226786384,0.3317323330243952,1.407745283898357,none,open_what_if,3644,370,assistant,0.4285714285714285,Convergent,Persona,Convergent,Library
0.14046492718687215,0.5833329530499315,0.08213460863999003,1.799298778251053,0.41547724381744094,0.03284944566830213,0.7921866531083683,none,none,3671,370,user,0.4571428571428571,Convergent,Persona,Convergent,Library
1.6107165674625088,1.3612191331348553,0.6297559677129075,2.0446284634716294,0.013594626971412456,0.353521886013234,1.162701160936621,none,open_what_if,3672,370,assistant,0.4857142857142857,Convergent,Persona,Convergent,Library
0.21436962142693286,0.38894176332470587,0.5393471332413866,1.8931039889556978,0.3884780218928281,0.20045082849379786,1.0635221587830082,none,none,3696,370,user,0.5142857142857142,Convergent,Persona,Convergent,Library
1.0834167312601923,1.649472525770349,0.015526895517011655,2.148053805078337,0.09790810792238198,0.022259116711724078,0.7796831716430138,none,open_what_if,3698,370,assistant,0.5428571428571428,Convergent,Persona,Convergent,Library
0.25895438847199514,0.0698351505433906,0.0009741054228033893,1.793560910052018,0.3382271936222559,0.049287657100196225,1.516317455805077,none,none,3713,370,user,0.5714285714285714,Convergent,Persona,Convergent,Library
1.9916315190924223,1.127560903442269,0.0009741054228033893,2.0224494562535473,0.03563865702420891,1.021178802315414,1.8145956868732258,none,open_what_if,3714,370,assistant,0.6,Convergent,Persona,Convergent,Library
0.3570422264026506,0.23884499650829574,0.008866154074437527,1.3475627057265915,0.1949608885844534,0.06820013001148476,0.06551311052866751,none,none,3731,370,user,0.6285714285714286,Convergent,Persona,Convergent,Library
0.5553952458778874,0.5640491852826406,0.0,2.0369851905619405,0.2866044484533257,0.331053456589014,1.5319684106743683,none,open_what_if,3734,370,assistant,0.6571428571428571,Convergent,Persona,Convergent,Library
1.1726207029500977,0.9926080225818742,0.016884385905124602,1.6062362662886605,0.2597491224462499,0.07970027557220169,1.462139425430147,none,none,3753,370,user,0.6857142857142857,Convergent,Persona,Convergent,Library
1.2536751417853143,1.7117658756095318,0.0,2.2033253457921433,0.2856746214653845,0.40554011475763074,1.581683573847749,none,open_what_if,3755,370,assistant,0.7142857142857143,Convergent,Persona,Convergent,Library
0.5538661706299718,0.2742588206999003,0.0046073709414682805,1.432672767158674,0.24777880184219456,0.31605628143732317,0.020047126739719062,none,none,3770,370,user,0.7428571428571429,Convergent,Persona,Convergent,Library
0.5077575409503923,0.866775283947599,0.0,2.031498687251135,0.31350868410287713,0.5295155461830976,1.5700685569153072,none,open_what_if,3772,370,assistant,0.7714285714285715,Convergent,Persona,Convergent,Library
0.0,0.36208160771379677,0.007439432076294165,1.9004787931571359,0.4406351224069916,0.009955777279996657,0.15689754376153298,none,none,3783,370,user,0.8,Convergent,Persona,Convergent,Library
1.1830402538705498,1.7801550480376438,0.0,2.2052765705921606,0.040321526271988546,0.29896392064976546,1.3654278860071412,none,open_what_if,3784,370,assistant,0.8285714285714286,Convergent,Persona,Convergent,Library
0.05017065816677272,0.5319239233116327,0.15221849538434482,1.2835557854582926,0.6895737792363075,0.0,0.6063716654002304,none,none,3789,370,user,0.8571428571428571,Convergent,Persona,Convergent,Library
0.857147451913166,1.8587475389733161,0.0,2.14770199378275,0.015440376461750106,0.06599412673602813,1.1614433592505893,none,criteria_setting,3790,370,assistant,0.8857142857142857,Convergent,Persona,Convergent,Library
0.6093578334178597,0.6238944750118215,0.0,1.3947347019757836,0.3798327087837452,0.29560300134859224,0.13707525594418818,none,none,3797,370,user,0.9142857142857144,Convergent,Persona,Convergent,Library
0.9017361792356551,1.8919694340771651,0.0,1.9784721040499629,0.04203507089871525,0.008587211105827108,1.789755195847209,none,open_what_if,3801,370,assistant,0.9428571428571428,Convergent,Persona,Convergent,Library
0.1464398325435303,0.5010239926852648,0.012603693722045235,1.3601250156722537,0.3480655315079842,0.0,0.1581015445930198,none,none,3808,370,user,0.9714285714285714,Convergent,Persona,Convergent,Library
0.9372287413760287,2.0264361978257397,0.018319930857891013,2.044153841739392,0.033645847247164136,0.06609527183414682,1.2725779799810484,none,open_what_if,3810,370,assistant,1.0,Convergent,Persona,Convergent,Library
0.01865218883355573,0.0,0.0010127110821249315,1.0166032990601537,0.0002259198392978267,0.0,0.01399661955312207,none,none,3453,372,user,0.0,Convergent,Persona,Convergent,Library
0.0,0.003892670705103831,0.0,0.9990955079944592,0.0,0.0,0.0,none,clarify,3454,372,assistant,0.0232558139534883,Convergent,Persona,Convergent,Library
0.22398602055865754,0.2940884851257134,0.09628942324318078,1.5286655154043824,0.22718272000549697,0.0990613693020045,0.3087765869340982,none,none,3457,372,user,0.0465116279069767,Convergent,Persona,Convergent,Library
0.0,0.003892670705103831,0.0,0.9990955079944592,0.0,0.0,0.0,none,clarify,3458,372,assistant,0.0697674418604651,Convergent,Persona,Convergent,Library
0.008715222563156034,0.9966724427189927,0.0,1.9869316469784641,0.0,0.002672053286864946,0.0,none,clarify,3492,372,user,0.0930232558139534,Convergent,Persona,Convergent,Library
0.9837569464849097,0.7221288441090039,0.27635970939787935,2.081067640180605,0.0,0.32413094234781953,0.9346478805083903,neutral,open_what_if,3493,372,assistant,0.1162790697674418,Convergent,Persona,Convergent,Library
0.3424938939170258,0.4249280658666175,0.3132487982287342,1.8414567205944488,0.18795563134787652,0.061406829985893835,1.426420535015007,none,none,3511,372,user,0.1395348837209302,Convergent,Persona,Convergent,Library
0.4182135215213332,0.8584757721077657,0.012393067100347939,2.1047370611266456,0.2855088230634548,0.050166047153152565,0.957320691996193,none,open_what_if,3512,372,assistant,0.1627906976744186,Convergent,Persona,Convergent,Library
0.8460477158037416,0.6434876161195346,0.0,1.8691190388463363,0.0031601074737023127,0.03423964615894843,1.07993990466824,none,none,3531,372,user,0.1860465116279069,Convergent,Persona,Convergent,Library
1.1979432517637874,0.9871099393441072,0.0,1.9268199985126502,0.3754142829729279,0.037129119732883874,1.3665733001780649,none,open_what_if,3532,372,assistant,0.2093023255813953,Convergent,Persona,Convergent,Library
0.15399465180393712,0.31671252227876395,0.08075511933719606,2.2213696306271093,0.4051609712539817,0.0,0.5932695016675198,none,none,3547,372,user,0.2325581395348837,Convergent,Persona,Convergent,Library
1.2412275637391958,1.4277259099804314,0.008698064913319498,2.2000617760785763,0.09360284284474431,0.8154944314213467,1.3624691569836953,none,open_what_if,3548,372,assistant,0.2558139534883721,Convergent,Persona,Convergent,Library
0.596424535784982,0.34112343676499285,0.013817523301363864,1.8385209773379423,0.4188742851418529,0.0,0.992646427094858,none,none,3571,372,user,0.2790697674418604,Convergent,Persona,Convergent,Library
1.1866188294466495,1.4599925677381995,0.013140949446926745,2.1276815664673325,0.0,0.4045348537916297,0.8633660670776188,none,open_what_if,3572,372,assistant,0.3023255813953488,Convergent,Persona,Convergent,Library
0.09084263388581068,0.0,0.007143689707785132,2.002164666345377,0.1115923843510465,0.0,1.9094875015275552,none,none,3601,372,user,0.3255813953488372,Convergent,Persona,Convergent,Library
1.5319954020793702,1.772062729208365,0.0,2.091164731784219,0.3074568937287434,0.4780254087989325,1.7498507712981708,none,open_what_if,3604,372,assistant,0.3488372093023256,Convergent,Persona,Convergent,Library
0.2780649190990717,0.11432949486177199,0.006627572992993738,1.7722266162177407,0.22028744336356237,0.05181731085569747,0.7666182508833416,none,criteria_setting,3615,372,user,0.3720930232558139,Convergent,Persona,Convergent,Library
0.1405434816907888,0.969699476976435,0.0,2.058086419445232,0.020976980501400698,0.01490773361310456,0.8786605168146765,none,open_what_if,3617,372,assistant,0.3953488372093023,Convergent,Persona,Convergent,Library
0.4027246983431099,0.4360189205892178,0.0,1.5345308067279002,0.4073445809904966,0.19459897521319508,0.8929772726045828,none,none,3625,372,user,0.4186046511627907,Convergent,Persona,Convergent,Library
0.5888648066480626,0.2552880942001877,0.20427149950118523,2.191249326550655,0.09607270790453978,0.15383785716930073,1.0386594361135977,none,open_what_if,3626,372,assistant,0.4418604651162791,Convergent,Persona,Convergent,Library
0.4142126152715052,0.5665077008864008,0.0,2.0366175385817105,0.32353128921056684,0.08965780465640155,1.4185330613431975,none,none,3641,372,user,0.4651162790697674,Convergent,Persona,Convergent,Library
1.3772117210293704,0.6353443947020249,0.0,2.0594212316794858,0.0752009662739722,0.3176062210919969,1.63232151387394,none,open_what_if,3642,372,assistant,0.4883720930232558,Convergent,Persona,Convergent,Library
0.41978335214809304,0.9823998684800882,0.0,1.7751989845320821,0.5955300764487347,0.02615702152123659,1.546828523022355,none,none,3651,372,user,0.5116279069767442,Convergent,Persona,Convergent,Library
1.1309006693337214,1.6019495510923827,0.0,2.358613605157834,0.22555976434932662,0.07475616996225343,1.7046810931918503,none,open_what_if,3652,372,assistant,0.5348837209302325,Convergent,Persona,Convergent,Library
1.1102855422350868,0.5764047607788032,0.0,1.8374919827790834,0.16957561735195184,0.0,1.232349508832683,none,none,3662,372,user,0.5581395348837209,Convergent,Persona,Convergent,Library
0.6838158079501839,0.5386989175165787,0.0,2.0062207901964833,0.16003722729962827,0.5148123874983425,1.4964961293402375,none,open_what_if,3664,372,assistant,0.5813953488372093,Convergent,Persona,Convergent,Library
0.24273341129015735,0.06565334229763613,0.08142413392112811,1.390406376659429,0.41719281818124815,0.003386089020279303,0.15929031676745187,none,none,3675,372,user,0.6046511627906976,Convergent,Persona,Convergent,Library
1.1733704341503777,0.8302685929265795,0.0,2.039950421207202,0.16962420109680487,0.012130316829944551,1.388145248149017,none,open_what_if,3676,372,assistant,0.627906976744186,Convergent,Persona,Convergent,Library
0.659122022515166,0.9690921206944569,0.2057936251990091,1.8018426003552295,0.20693295368805462,0.019317007294366893,0.7997850019487568,none,none,3688,372,user,0.6511627906976745,Convergent,Persona,Convergent,Library
0.4821162441013471,0.960319576744622,0.0,2.0579729497594546,0.41810079212369955,0.13596664538432549,1.5145918210817666,none,open_what_if,3690,372,assistant,0.6744186046511628,Convergent,Persona,Convergent,Library
0.5062582750167893,0.45972574262437027,0.0,1.793198945470499,0.07257117749729146,0.1433593785524518,0.8650398290872771,none,none,3732,372,user,0.6976744186046512,Convergent,Persona,Convergent,Library
0.4628713892808394,0.8448675620800709,0.5319564936383444,2.0665007714001606,0.4518031115451865,0.09489504229536239,1.380822343370347,constructive,open_what_if,3733,372,assistant,0.7209302325581395,Convergent,Persona,Convergent,Library
0.009699739712189844,0.23863625721632342,0.6379074533882574,1.814061242415347,0.4413427204253395,0.0,0.4085486019365634,none,none,3745,372,user,0.7441860465116279,Convergent,Persona,Convergent,Library
0.4946750068970132,0.6374863815496908,0.0,2.3125927339557153,0.09905703496378006,0.22122268030905146,1.3918480484463787,none,open_what_if,3746,372,assistant,0.7674418604651163,Convergent,Persona,Convergent,Library
0.053698411080219825,0.5099136707706752,0.6199995135922409,1.4431753031434038,0.47191474465162847,0.07659770142387878,0.6025625604358833,none,none,3764,372,user,0.7906976744186046,Convergent,Persona,Convergent,Library
0.41404537475690806,0.9479182404437134,0.014418189480201325,2.1769352844265426,0.7674045770624719,0.06386732834289278,1.5565034169798249,none,open_what_if,3766,372,assistant,0.813953488372093,Convergent,Persona,Convergent,Library
0.010316322142948798,0.0,0.6802435824020131,1.3451684419849061,0.19381213085637536,0.00785984302372524,0.49925351457751727,none,none,3775,372,user,0.8372093023255814,Convergent,Persona,Convergent,Library
1.0084557794466271,0.758887741435333,0.0,2.0230171721753702,0.2834151713066244,0.03102510716322797,1.4836944734390474,none,open_what_if,3777,372,assistant,0.8604651162790697,Convergent,Persona,Convergent,Library
0.4068263289610924,0.11381167898364526,0.0,1.574515338824829,0.5068070863899806,0.3453575530394452,1.0354103943109612,none,none,3785,372,user,0.8837209302325582,Convergent,Persona,Convergent,Library
1.2047972047946267,1.6457028986188658,0.0,2.067104122248098,0.3606491245506714,0.13256038558233332,1.416792434829725,none,open_what_if,3786,372,assistant,0.9069767441860463,Convergent,Persona,Convergent,Library
0.513512771263668,0.24784450036482222,0.01039453595563308,1.3813282287303439,0.1274512412585042,0.04376950620590764,0.6388578566761434,none,none,3818,372,user,0.9302325581395348,Convergent,Persona,Convergent,Library
0.5626129212228196,1.5151878936088234,0.4188838665263553,2.056339925395071,0.2384493011200695,0.024280759304203575,1.5876861466459538,constructive,open_what_if,3820,372,assistant,0.9534883720930232,Convergent,Persona,Convergent,Library
0.4292085500935111,0.3337107964014889,0.0,1.3688128665016377,0.4315861279817351,0.2790264180252076,0.9059416097658081,none,none,3825,372,user,0.9767441860465116,Convergent,Persona,Convergent,Library
0.5077721113250749,1.0928796584239067,0.0,2.203362035128158,0.2926336064629784,0.105083959632752,1.4029228876802604,none,open_what_if,3826,372,assistant,1.0,Convergent,Persona,Convergent,Library
0.01865218883355573,0.0,0.0010127110821249315,1.0166032990601537,0.0002259198392978267,0.0,0.01399661955312207,none,none,3459,373,user,0.0,Convergent,Persona,Convergent,Library
0.0,0.003892670705103831,0.0,0.9990955079944592,0.0,0.0,0.0,none,clarify,3460,373,assistant,0.0476190476190476,Convergent,Persona,Convergent,Library
0.008715222563156034,0.9966724427189927,0.0,1.9869316469784641,0.0,0.002672053286864946,0.0,none,clarify,3484,373,user,0.0952380952380952,Convergent,Persona,Convergent,Library
0.37175769190957236,0.9551202344355537,0.0,2.018043264323582,0.0,0.0034074770581866884,0.21843698666997793,none,open_what_if,3489,373,assistant,0.1428571428571428,Convergent,Persona,Convergent,Library
0.735868513917954,1.003082220499576,0.15467101939558622,2.3301022184344813,0.22261117997978083,0.09164510009321536,0.9692022834181515,none,none,3543,373,user,0.1904761904761904,Convergent,Persona,Convergent,Library
1.5205539918928244,1.486260083259441,0.0,2.0519898382230397,0.10838574182097932,0.17272301150135336,1.2718088980003577,none,open_what_if,3545,373,assistant,0.238095238095238,Convergent,Persona,Convergent,Library
0.403966570859811,1.3264329097090035,0.15065928868271275,1.9471412586653356,0.3989412068902427,0.038837776315865304,0.7688353343939747,none,none,3579,373,user,0.2857142857142857,Convergent,Persona,Convergent,Library
1.1171791233450865,1.9529094306215116,0.2887120200967337,2.3248770755209347,0.027323310181799246,0.1093169084347319,1.3133021598454435,none,open_what_if,3580,373,assistant,0.3333333333333333,Convergent,Persona,Convergent,Library
0.539273637776695,0.9340811240593119,0.44610856046512504,2.324852388172332,0.4270956158708147,0.38805276373266656,1.1827439269417874,none,none,3649,373,user,0.3809523809523809,Convergent,Persona,Convergent,Library
1.1422318556044615,1.2332704804231236,0.12050766393010155,2.197552111375468,0.1772034741969369,0.22236947443485539,1.6369862260994525,none,open_what_if,3650,373,assistant,0.4285714285714285,Convergent,Persona,Convergent,Library
0.27108703649280946,1.2690534822604485,0.06619828708542526,1.980068538064725,0.5844211276088834,0.0,1.0289739425678348,none,none,3695,373,user,0.4761904761904761,Convergent,Persona,Convergent,Library
0.9702115382857025,1.7146889984589233,0.2577993011663347,2.4216303802980854,0.0,0.14461482613164578,0.518257276917928,none,open_what_if,3697,373,assistant,0.5238095238095238,Convergent,Persona,Convergent,Library
0.38176929165143303,0.47201721808437236,0.1566441987731117,2.0873381663816875,0.5598989753707464,0.0,0.4871149152020397,none,none,3725,373,user,0.5714285714285714,Convergent,Persona,Convergent,Library
1.0689463752839703,2.0948138002568846,0.10122542879992111,2.1765311422426836,0.23661932841120456,0.175729987988164,1.0150981284036573,none,open_what_if,3728,373,assistant,0.6190476190476191,Convergent,Persona,Convergent,Library
0.07610914446855699,0.0717332553232814,0.0,2.933138340973314,0.893504869313212,0.0,0.10619586052427712,none,none,3749,373,user,0.6666666666666666,Convergent,Persona,Convergent,Library
0.9502819359110163,2.072685081878104,0.0,1.956156974920575,0.437540754058426,0.028593436190816716,1.4763376057005608,none,open_what_if,3752,373,assistant,0.7142857142857143,Convergent,Persona,Convergent,Library
0.44701161444729737,0.2786252588012277,0.0,2.018634930527409,0.3485742271740835,0.09201309335723364,0.50895649269924,none,none,3780,373,user,0.7619047619047619,Convergent,Persona,Convergent,Library
0.6260023286957971,1.8130345750137666,0.011703145374571577,2.1440259086122384,0.14109523529975798,0.3422833078076498,1.3037500512355356,none,open_what_if,3782,373,assistant,0.8095238095238095,Convergent,Persona,Convergent,Library
0.2682546144463352,0.35673654619762235,0.0,2.0481041143678906,0.1730936955557307,0.0,0.72882082663533,none,none,3798,373,user,0.8571428571428571,Convergent,Persona,Convergent,Library
1.4341490817150033,1.5594092621955014,0.0,2.274693968779319,0.05348108686125102,0.7056609928580634,1.4584913686287797,none,open_what_if,3803,373,assistant,0.9047619047619048,Convergent,Persona,Convergent,Library
0.5011522660913207,1.1706213153451541,0.014994719501624114,2.0342000363879054,0.5016471395924054,1.026070921336924,1.1408653484659539,none,none,3831,373,user,0.9523809523809524,Convergent,Persona,Convergent,Library
1.610343905333715,1.7203236662743089,0.5039954499259894,2.0626740554719993,0.08080651947866868,0.7324194165730489,1.5403748497880194,none,open_what_if,3832,373,assistant,1.0,Convergent,Persona,Convergent,Library
0.01865218883355573,0.0,0.0010127110821249315,1.0166032990601537,0.0002259198392978267,0.0,0.01399661955312207,none,none,3461,374,user,0.0,Convergent,Persona,Convergent,Library
0.0,0.003892670705103831,0.0,0.9990955079944592,0.0,0.0,0.0,none,clarify,3462,374,assistant,0.0588235294117647,Convergent,Persona,Convergent,Library
0.008715222563156034,0.9966724427189927,0.0,1.9869316469784641,0.0,0.002672053286864946,0.0,none,clarify,3497,374,user,0.1176470588235294,Convergent,Persona,Convergent,Library
0.9443575120926592,1.254340023259804,0.0,2.4274205062081475,0.0012210534512067405,0.04887162708332377,0.6142672950407837,none,criteria_setting,3498,374,assistant,0.1764705882352941,Convergent,Persona,Convergent,Library
0.4605829050643827,0.1338718464992613,0.0,1.8127442015649402,0.28085621893536916,0.06108470920215562,0.603212589649819,none,none,3537,374,user,0.2352941176470588,Convergent,Persona,Convergent,Library
1.621392420929055,1.6949470656605905,0.7503687195890569,2.103482570826404,0.0,0.7347922154635537,1.38223704595517,none,criteria_setting,3538,374,assistant,0.2941176470588235,Convergent,Persona,Convergent,Library
0.9056302306117424,0.06965132826554576,0.0,2.0058907151946244,0.03878610076115085,0.0,1.9291270023198126,none,none,3567,374,user,0.3529411764705882,Convergent,Persona,Convergent,Library
0.8362196984887758,1.3970652106166481,0.0,2.0742808663362027,0.06803383620288181,0.8164507224512394,1.2635564188481943,none,open_what_if,3568,374,assistant,0.4117647058823529,Convergent,Persona,Convergent,Library
0.6468674486577959,0.32741450862471994,0.0,2.076994142432547,0.0,0.0,1.4394442412332629,none,none,3623,374,user,0.4705882352941176,Convergent,Persona,Convergent,Library
1.746979314275618,1.882250903204704,0.5445808249012194,2.152214001767465,0.0,0.8603476619567302,0.9631626275805397,none,open_what_if,3624,374,assistant,0.5294117647058824,Convergent,Persona,Convergent,Library
0.2703032615047591,0.27584818801576216,0.005442898926081122,2.174019909280484,0.09876608729057809,0.0,1.1234474514057309,none,none,3673,374,user,0.5882352941176471,Convergent,Persona,Convergent,Library
1.3531664999742072,1.37937314558375,0.0,2.115049135000318,0.19584471731945538,0.1573065521260201,1.3743236894319841,none,open_what_if,3674,374,assistant,0.6470588235294118,Convergent,Persona,Convergent,Library
0.479458099268053,0.26957685593846664,0.04755137469862035,1.843469737433876,0.4309246414385368,0.009177708649185217,1.0975298005222531,none,none,3709,374,user,0.7058823529411765,Convergent,Persona,Convergent,Library
0.13262231476056224,1.838614553238426,0.012294902144132983,1.9605978402393809,0.9102288181354756,0.0,0.20821253918188395,none,open_what_if,3710,374,assistant,0.7647058823529411,Convergent,Persona,Convergent,Library
0.3995097939184635,0.17254013308526417,0.34754321871069027,1.7865747271100678,0.3004531176801588,0.009117357097409774,0.5353946226081823,none,none,3748,374,user,0.8235294117647058,Convergent,Persona,Convergent,Library
1.2525602683837191,1.9392493888599243,0.0,1.9597203674716084,0.253568616471261,0.10369828705078685,1.841438529782865,none,open_what_if,3751,374,assistant,0.8823529411764706,Convergent,Persona,Convergent,Library
0.3528713950223579,0.45214173976230676,0.5222013589331209,2.088707222506455,0.26246886606760916,0.09660635837490693,1.5709749642507562,none,none,3791,374,user,0.9411764705882352,Convergent,Persona,Convergent,Library
0.8505182221039982,1.8019274582696725,0.0,2.1195453700340265,0.23404907421107043,0.041625434727630584,1.5608712298180676,none,open_what_if,3793,374,assistant,1.0,Convergent,Persona,Convergent,Library
0.01865218883355573,0.0,0.0010127110821249315,1.0166032990601537,0.0002259198392978267,0.0,0.01399661955312207,none,none,3465,375,user,0.0,Convergent,Persona,Convergent,Library
0.0,0.003892670705103831,0.0,0.9990955079944592,0.0,0.0,0.0,none,clarify,3467,375,assistant,0.0588235294117647,Convergent,Persona,Convergent,Library
0.01865218883355573,0.0,0.0010127110821249315,1.0166032990601537,0.0002259198392978267,0.0,0.01399661955312207,none,none,3517,375,user,0.1176470588235294,Convergent,Persona,Convergent,Library
0.0,0.06714534328817741,0.0,1.4718325393494291,0.0,0.007039672039653966,0.0,none,clarify,3518,375,assistant,0.1764705882352941,Convergent,Persona,Convergent,Library
0.008715222563156034,0.9966724427189927,0.0,1.9869316469784641,0.0,0.002672053286864946,0.0,none,clarify,3522,375,user,0.2352941176470588,Convergent,Persona,Convergent,Library
1.5417995340075064,1.8632699764358485,0.0,2.0794956745596593,0.0,0.42273734375388095,0.9976352387431207,none,open_what_if,3524,375,assistant,0.2941176470588235,Convergent,Persona,Convergent,Library
0.05878239913575274,0.3895163211245605,0.11619172812152274,1.3987663418176406,0.004220942201802204,0.3344119829470858,0.3414081247430398,none,none,3557,375,user,0.3529411764705882,Convergent,Persona,Convergent,Library
1.0689592532011882,1.6391963557232105,0.006587474266902196,2.098856235179807,0.12242527229598034,0.15657189547860165,1.7363391571949023,none,open_what_if,3559,375,assistant,0.4117647058823529,Convergent,Persona,Convergent,Library
0.5146905069221681,0.8699490250706677,0.11631754250551143,1.7154984691857689,0.2841654997652869,0.0,1.6038478586785574,none,none,3577,375,user,0.4705882352941176,Convergent,Persona,Convergent,Library
1.062544405707387,1.7534215803053201,0.0,2.011508395177474,0.21338357243082093,0.3050082262259949,1.6805429787076283,none,open_what_if,3578,375,assistant,0.5294117647058824,Convergent,Persona,Convergent,Library
0.28292079078298743,1.2605203494677952,0.14122983251786864,2.2059427128225106,0.2657695030901266,0.10350043644966808,1.9387004724797663,none,none,3636,375,user,0.5882352941176471,Convergent,Persona,Convergent,Library
1.2973813507755814,1.9039722677352886,0.0,2.3463806236713904,0.4434622855385804,0.9134610607165863,1.572889971980131,none,open_what_if,3640,375,assistant,0.6470588235294118,Convergent,Persona,Convergent,Library
0.4192820172703889,0.9217377592823254,0.003769099999997637,2.311530841520442,0.6230992624109071,0.19340694727294783,1.5326826023576554,none,none,3666,375,user,0.7058823529411765,Convergent,Persona,Convergent,Library
1.9889541714653631,1.9434863796592758,0.008215709778614402,2.2135488352711823,0.09434871606954032,0.35133922713335375,1.456960409981007,none,open_what_if,3669,375,assistant,0.7647058823529411,Convergent,Persona,Convergent,Library
0.0,0.08418985599085012,0.031026350755971686,1.073333754768281,0.03713105732380789,0.0,0.0,none,none,3736,375,user,0.8235294117647058,Convergent,Persona,Convergent,Library
1.356830123977005,2.047974533688087,0.012873642886514842,2.2141525329296123,0.4408093137133637,0.0,1.6996051347762413,none,open_what_if,3737,375,assistant,0.8823529411764706,Convergent,Persona,Convergent,Library
0.0,0.6312939645153872,0.06601706649039696,1.8208699496120546,0.8423437212856191,0.0,0.02113727830270301,none,none,3760,375,user,0.9411764705882352,Convergent,Persona,Convergent,Library
1.116842479965524,1.6233252242932663,0.0,2.141635636433273,0.42374787055483215,0.1267136838801658,1.18787763140411,none,open_what_if,3762,375,assistant,1.0,Convergent,Persona,Convergent,Library
0.01865218883355573,0.0,0.0010127110821249315,1.0166032990601537,0.0002259198392978267,0.0,0.01399661955312207,none,none,3469,377,user,0.0,Convergent,Persona,Convergent,Library
0.0,0.003892670705103831,0.0,0.9990955079944592,0.0,0.0,0.0,none,clarify,3471,377,assistant,0.0476190476190476,Convergent,Persona,Convergent,Library
0.008715222563156034,0.9966724427189927,0.0,1.9869316469784641,0.0,0.002672053286864946,0.0,none,clarify,3499,377,user,0.0952380952380952,Convergent,Persona,Convergent,Library
1.8573143751434662,2.039844240017344,0.06651805804164493,2.41276263741127,0.0,0.9417348287300512,0.982303398273168,none,criteria_setting,3500,377,assistant,0.1428571428571428,Convergent,Persona,Convergent,Library
0.0,0.7371282005714878,0.9610691790521451,1.7129386792612442,0.19134670331263337,0.19075871185830978,0.5923108711064503,neutral,none,3569,377,user,0.1904761904761904,Convergent,Persona,Convergent,Library
0.11359264017160076,2.0576522435559688,0.0,2.020620728083799,0.000658837994701425,0.04920917843684284,0.15031745628028434,none,criteria_setting,3570,377,assistant,0.238095238095238,Convergent,Persona,Convergent,Library
0.25466543667104724,0.5126180379561858,0.006587474266902196,2.248433113196991,0.30683749276651245,0.2530630363024633,0.5168297522732981,none,none,3592,377,user,0.2857142857142857,Convergent,Persona,Convergent,Library
1.3225506733828463,2.0624406065283947,0.11012927824420504,2.3867479368361564,0.0,0.4816468952326053,1.6429141013891475,none,open_what_if,3594,377,assistant,0.3333333333333333,Convergent,Persona,Convergent,Library
0.07842589940324747,0.17179019747508945,0.6162204051395691,1.8910132883115718,0.17069329242045164,0.0,0.45057625055002076,none,none,3605,377,user,0.3809523809523809,Convergent,Persona,Convergent,Library
1.4300376569232591,1.4476301345017921,0.012347697559875564,2.1490788838683477,0.0,0.27284904730149495,0.7397896794982836,none,open_what_if,3607,377,assistant,0.4285714285714285,Convergent,Persona,Convergent,Library
0.2293775640618087,0.4928444053382372,0.0021445897332949583,1.8863356683349364,0.34927184046820364,0.11238609595585607,0.9109318504900562,none,none,3659,377,user,0.4761904761904761,Convergent,Persona,Convergent,Library
1.2173788801239978,1.944085463796339,0.023552302025696796,2.04667719250203,0.018162319549105164,0.6326863364937344,0.9976978148145457,none,open_what_if,3660,377,assistant,0.5238095238095238,Convergent,Persona,Convergent,Library
0.0671441028204288,0.9941647157993025,0.014165926582744905,2.0105394736325635,0.9447014164436154,0.00817237622037787,1.919813619337141,none,none,3700,377,user,0.5714285714285714,Convergent,Persona,Convergent,Library
1.2508131843090275,1.8679304262453982,0.007143689707785132,2.0573664145680723,0.2261270417170594,0.08915796311811124,1.4502207094253359,none,open_what_if,3702,377,assistant,0.6190476190476191,Convergent,Persona,Convergent,Library
0.08869714657342047,0.2082731326117844,0.0,2.0117285770100577,0.24277155750846802,0.10161012883443543,0.9231991982800134,none,none,3721,377,user,0.6666666666666666,Convergent,Persona,Convergent,Library
1.4355563743006008,1.6947376241005603,0.004912933631652652,1.9187271589233383,0.49658142542905565,0.8237114144316143,1.9375297229485404,none,none,3722,377,assistant,0.7142857142857143,Convergent,Persona,Convergent,Library
0.36616173278995906,0.10196847056685424,0.0,2.079329053543416,0.30894531112765466,0.12363506988709856,1.04640624300311,none,none,3754,377,user,0.7619047619047619,Convergent,Persona,Convergent,Library
0.7914900462985636,2.004524944131773,0.0025536514418559968,2.124603507161729,0.11590635166931755,0.05367666220595882,1.1153762918245462,none,open_what_if,3756,377,assistant,0.8095238095238095,Convergent,Persona,Convergent,Library
0.161966570279812,0.31995450872115383,0.15258917395321894,1.9970618749081257,0.3309282085658667,0.0030860398145349747,1.2388574826957515,none,none,3812,377,user,0.8571428571428571,Convergent,Persona,Convergent,Library
0.8603841096116444,1.7173199117227826,0.0,2.2078865711967253,0.16878003926026056,0.30179976134201086,1.4163220000316195,none,open_what_if,3816,377,assistant,0.9047619047619048,Convergent,Persona,Convergent,Library
0.18578711484663307,0.25695805828873547,0.0,1.9172226787435533,0.18420426230688586,0.0,0.30801908810051704,none,none,3835,377,user,0.9523809523809524,Convergent,Persona,Convergent,Library
0.9532400475257622,1.6139422442865692,0.0,2.202441267464567,0.4341719069049331,0.31385738705975386,1.551649701422883,none,open_what_if,3836,377,assistant,1.0,Convergent,Persona,Convergent,Library
0.01865218883355573,0.0,0.0010127110821249315,1.0166032990601537,0.0002259198392978267,0.0,0.01399661955312207,none,none,3470,378,user,0.0,Convergent,Persona,Convergent,Library
0.0,0.003892670705103831,0.0,0.9990955079944592,0.0,0.0,0.0,none,clarify,3472,378,assistant,0.0666666666666666,Convergent,Persona,Convergent,Library
0.008715222563156034,0.9966724427189927,0.0,1.9869316469784641,0.0,0.002672053286864946,0.0,none,clarify,3485,378,user,0.1333333333333333,Convergent,Persona,Convergent,Library
0.5293028578819994,0.9065966401930966,0.0,2.2034720676004595,0.0007673146472478582,0.17493115396290954,0.5401529078023677,none,criteria_setting,3490,378,assistant,0.2,Convergent,Persona,Convergent,Library
0.5427916774297462,0.25950719583850096,0.0,1.7046300886781611,0.2809313591793619,0.10195863296750017,0.6539586400503103,none,none,3544,378,user,0.2666666666666666,Convergent,Persona,Convergent,Library
1.4494349620739093,1.4894342268444625,0.0,1.9844534778608194,0.08645310862171215,0.943656173882004,1.2909583897508656,none,open_what_if,3546,378,assistant,0.3333333333333333,Convergent,Persona,Convergent,Library
0.26263283601810855,0.4916934732440809,0.06598317241888853,1.9529000151593894,0.47862246724168334,0.0,0.697275687903652,none,none,3584,378,user,0.4,Convergent,Persona,Convergent,Library
1.0145581062655176,1.919112153786968,0.0,2.0390138374901547,0.035506258733268084,0.025219586533919106,1.8891438722852105,none,open_what_if,3586,378,assistant,0.4666666666666667,Convergent,Persona,Convergent,Library
0.41839631165950836,0.322047112691134,0.0,2.144829986327942,0.10034993636194287,0.014302172666997964,1.0124315210634516,none,clarify,3645,378,user,0.5333333333333333,Convergent,Persona,Convergent,Library
0.963142418224079,1.3074236222176994,0.0,2.033933344035437,0.2026562089836339,0.15573093896833182,1.5071737423462883,none,open_what_if,3646,378,assistant,0.6,Convergent,Persona,Convergent,Library
0.14346348918683363,0.25512479773068686,0.0,1.4178229176324677,0.8818963405672806,0.0,0.6339712773883288,none,none,3657,378,user,0.6666666666666666,Convergent,Persona,Convergent,Library
1.508535996797496,1.0917937554478994,0.0,2.0568987673981174,0.304980727568622,0.49846453598629564,1.486564553284116,none,open_what_if,3658,378,assistant,0.7333333333333333,Convergent,Persona,Convergent,Library
0.5651122256745856,0.8587943242024907,0.0,1.8496070593457026,0.20135422840326267,0.05956340578166953,0.466961247731375,none,none,3739,378,user,0.8,Convergent,Persona,Convergent,Library
0.8081959059262119,2.1123542963927693,0.29036795418865763,2.360919312717064,0.22020391824975516,0.4063530984999571,1.6904385285885262,none,open_what_if,3741,378,assistant,0.8666666666666667,Convergent,Persona,Convergent,Library
0.618843212210242,0.5978316214938061,0.003269460482596233,1.365730805323447,0.18701520670597924,0.08839097275428624,0.30993614222294896,none,none,3773,378,user,0.9333333333333332,Convergent,Persona,Convergent,Library
1.8185938151580925,1.593140645370049,0.0,2.1813816084539925,0.23285773311713753,0.3575560733181968,1.6425881836210188,none,open_what_if,3776,378,assistant,1.0,Convergent,Persona,Convergent,Library
0.01865218883355573,0.0,0.0010127110821249315,1.0166032990601537,0.0002259198392978267,0.0,0.01399661955312207,none,none,3475,380,user,0.0,Convergent,Persona,Convergent,Library
0.0,0.003892670705103831,0.0,0.9990955079944592,0.0,0.0,0.0,none,clarify,3476,380,assistant,0.0434782608695652,Convergent,Persona,Convergent,Library
0.008715222563156034,0.9966724427189927,0.0,1.9869316469784641,0.0,0.002672053286864946,0.0,none,clarify,3495,380,user,0.0869565217391304,Convergent,Persona,Convergent,Library
0.15315453244805244,0.7520706650547478,0.0016071560017747227,2.1480605989472856,0.0,0.2822161625210832,0.0,none,criteria_setting,3496,380,assistant,0.1304347826086956,Convergent,Persona,Convergent,Library
0.44728188624125387,0.15465219781132625,0.22420451266746624,2.283561655875948,0.33098629515650513,0.3149440442132989,1.0408856193903924,none,none,3527,380,user,0.1739130434782608,Convergent,Persona,Convergent,Library
1.1796157754964376,0.79665133801098,0.0706500458229061,2.0614564337680585,0.0,0.6024487222086792,1.0609008739585308,none,open_what_if,3528,380,assistant,0.217391304347826,Convergent,Persona,Convergent,Library
0.0,0.49336795278158024,0.15691881671206942,1.329206579427507,0.09693306805715282,0.03958812928053319,0.503206081530476,none,none,3539,380,user,0.2608695652173913,Convergent,Persona,Convergent,Library
1.0531928492205247,1.3250400342253739,0.0,1.953165437139816,0.020041017137584202,0.5596338837438497,1.0329532894851388,none,open_what_if,3540,380,assistant,0.3043478260869565,Convergent,Persona,Convergent,Library
0.29084657077146986,0.18272428666059204,0.000933152302023522,2.0383274417108823,0.33397109480840387,0.0321362381834124,1.152442606406881,none,none,3565,380,user,0.3478260869565217,Convergent,Persona,Convergent,Library
1.2878702655184833,1.7143742477688813,0.007103524065225202,2.0033293133481234,0.271447994233246,0.376534317761625,0.8496353441616518,none,open_what_if,3566,380,assistant,0.391304347826087,Convergent,Persona,Convergent,Library
0.22260350875589868,0.3476381040359115,0.26831064854091924,1.9386287079755338,0.03516399573922656,0.2521891475057461,1.0571338632225986,neutral,none,3610,380,user,0.4347826086956521,Convergent,Persona,Convergent,Library
0.8479165925778371,1.6054051329829875,0.5804161162104476,2.156987663999834,0.21686453584328955,0.2390517284485915,1.5221543798100103,constructive,open_what_if,3612,380,assistant,0.4782608695652174,Convergent,Persona,Convergent,Library
0.19878869996814563,0.5929133626134129,0.08552661812797933,2.039554618216254,0.043023228583551246,0.3024798952204553,0.684511958833948,none,none,3637,380,user,0.5217391304347826,Convergent,Persona,Convergent,Library
0.5681063206768299,0.5056919482329876,0.01369716488780968,1.7777118603161102,0.055024661317207846,0.018786562197635626,0.6029138018044312,none,open_what_if,3639,380,assistant,0.5652173913043478,Convergent,Persona,Convergent,Library
0.8341759140048319,0.8117158637178078,0.0,2.1197555725910737,0.1362058187169959,0.2656321765307625,1.5647376728893012,none,none,3681,380,user,0.6086956521739131,Convergent,Persona,Convergent,Library
1.0551737875972678,1.583638851045642,0.10829954761500307,2.0780276023324418,0.1522011547743485,0.1472874314059219,1.1088143892488551,none,open_what_if,3682,380,assistant,0.6521739130434783,Convergent,Persona,Convergent,Library
0.5746637693651309,0.3975299331612601,0.03253767904547287,1.8339139716605395,0.17648773655046887,0.0,0.557720555958471,none,none,3699,380,user,0.6956521739130435,Convergent,Persona,Convergent,Library
0.5536501090707105,1.133952421126294,0.0,2.0130425942794723,0.29256053528106657,0.1941929366755326,1.298194228166926,none,none,3701,380,assistant,0.7391304347826086,Convergent,Persona,Convergent,Library
0.13703446157494112,0.10883132589290188,0.0,1.59788813439547,0.44156305965107134,0.020971671152991773,1.1977160027446843,none,none,3707,380,user,0.782608695652174,Convergent,Persona,Convergent,Library
0.6131310752812434,1.5717657891927461,0.001446886555246245,1.9920202103734843,0.2124319398035981,0.07487394760921331,1.288458859686312,none,open_what_if,3708,380,assistant,0.8260869565217391,Convergent,Persona,Convergent,Library
0.4356305074089588,0.6017401984323676,0.0031712955263812756,1.9968054467507614,0.3969552404119822,0.18196520641284739,1.199965378331437,none,none,3743,380,user,0.8695652173913043,Convergent,Persona,Convergent,Library
0.8182819492815474,1.3960126079619488,0.0,1.9291006622710303,0.154385940074717,0.08025119592905208,1.3705433444898696,none,open_what_if,3744,380,assistant,0.9130434782608696,Convergent,Persona,Convergent,Library
0.9469400218674,0.0872263168666001,0.0,1.9895700425536893,0.07208247492579165,0.02202635573863565,1.9657634655585252,none,none,3827,380,user,0.9565217391304348,Convergent,Persona,Convergent,Library
1.4767138797446417,1.6728522131213748,0.0015089910455597703,2.038715963305204,0.2522058425754109,0.4591832967858968,1.7083261274385573,none,none,3829,380,assistant,1.0,Convergent,Persona,Convergent,Library
0.01865218883355573,0.0,0.0010127110821249315,1.0166032990601537,0.0002259198392978267,0.0,0.01399661955312207,none,none,3477,381,user,0.0,Convergent,Persona,Convergent,Library
0.0,0.003892670705103831,0.0,0.9990955079944592,0.0,0.0,0.0,none,clarify,3478,381,assistant,0.0666666666666666,Convergent,Persona,Convergent,Library
0.008715222563156034,0.9966724427189927,0.0,1.9869316469784641,0.0,0.002672053286864946,0.0,none,clarify,3514,381,user,0.1333333333333333,Convergent,Persona,Convergent,Library
0.7741897722334155,1.118296626775409,0.0015089910455597703,2.0492024808894405,0.0,0.3441899352625223,0.5247690391178703,none,open_what_if,3516,381,assistant,0.2,Convergent,Persona,Convergent,Library
0.596983477811259,0.44372545482224074,0.017418404419894905,1.9404679240772023,0.13118378558805527,0.09954479261687087,0.5918521906634884,none,none,3549,381,user,0.2666666666666666,Convergent,Persona,Convergent,Library
1.201206242223962,1.3094198301073852,0.0,2.2311196842609626,0.0,0.7138981240084292,0.5450017792745003,none,open_what_if,3550,381,assistant,0.3333333333333333,Convergent,Persona,Convergent,Library
0.0,0.613571945559041,0.4499575215211874,2.246873746309358,0.05001078985239102,0.010446551364646823,0.8684431320967774,none,none,3618,381,user,0.4,Convergent,Persona,Convergent,Library
0.8696774313780236,1.9981671628687383,0.49744869183558904,2.353400036197346,0.024885369759492605,0.4110794042117381,1.052793358875766,none,open_what_if,3620,381,assistant,0.4666666666666667,Convergent,Persona,Convergent,Library
0.18003174527316249,0.2558285532120054,0.00469848118840753,1.948755002492086,0.6916695011934435,0.005947897389634584,0.7198416550925167,none,none,3668,381,user,0.5333333333333333,Convergent,Persona,Convergent,Library
1.1862444268481027,2.1486379330081777,0.01753712376214988,2.4095680017711882,0.05484764730366645,0.4974097784157523,1.2740069905421,none,open_what_if,3670,381,assistant,0.6,Convergent,Persona,Convergent,Library
0.4644603712013402,0.32960652355983006,0.3695193955629207,1.8748828163898907,0.5909894857060621,0.0,1.1224078842048473,none,none,3740,381,user,0.6666666666666666,Convergent,Persona,Convergent,Library
1.9623052791244833,1.7308896994160488,0.08726888660842937,2.2516632145029383,0.13543649000327407,0.30201789728610795,1.312109652552591,none,open_what_if,3742,381,assistant,0.7333333333333333,Convergent,Persona,Convergent,Library
0.46157712821789887,0.37561158143863205,1.2005446788261964,2.107466264345468,0.19427075981217654,0.0,0.5673854095330134,neutral,none,3800,381,user,0.8,Convergent,Persona,Convergent,Library
1.2258210549998099,0.6811362968066089,0.0,2.069165871577263,0.177575404806833,0.49333677304468315,0.7306421689549033,none,open_what_if,3804,381,assistant,0.8666666666666667,Convergent,Persona,Convergent,Library
0.18578711484663307,0.25695805828873547,0.0,1.9172226787435533,0.18420426230688586,0.0,0.30801908810051704,none,none,3822,381,user,0.9333333333333332,Convergent,Persona,Convergent,Library
0.5102828020433194,1.8186761149360167,0.0,2.3515316105522475,0.2295938842840886,0.0,1.4152422616392442,none,open_what_if,3824,381,assistant,1.0,Convergent,Persona,Convergent,Library
0.01865218883355573,0.0,0.0010127110821249315,1.0166032990601537,0.0002259198392978267,0.0,0.01399661955312207,none,none,3483,382,user,0.0,Convergent,Persona,Convergent,Library
0.0,0.003892670705103831,0.0,0.9990955079944592,0.0,0.0,0.0,none,clarify,3488,382,assistant,0.0526315789473684,Convergent,Persona,Convergent,Library
0.008715222563156034,0.9966724427189927,0.0,1.9869316469784641,0.0,0.002672053286864946,0.0,none,clarify,3509,382,user,0.1052631578947368,Convergent,Persona,Convergent,Library
0.9586780778730469,0.612408267917985,0.0,2.0013088271091743,0.10485450650179612,0.4558836629666154,0.3245396517581946,none,none,3510,382,assistant,0.1578947368421052,Convergent,Persona,Convergent,Library
0.09102374234153865,0.20162270715691719,0.779283472604394,1.8475175561766466,0.3851088296517983,0.15197040378311705,1.0292397340726591,none,none,3573,382,user,0.2105263157894736,Convergent,Persona,Convergent,Library
0.3898518503841588,0.663762397990999,0.6516311120900503,2.1853056489140066,0.1693267391444361,0.0,0.6579079152578652,neutral,criteria_setting,3574,382,assistant,0.2631578947368421,Convergent,Persona,Convergent,Library
0.8939650715801942,0.06849066234523676,0.0,1.9872188296452242,0.011761129737427378,0.0,1.9528586714102778,none,none,3591,382,user,0.3157894736842105,Convergent,Persona,Convergent,Library
0.8956329344877793,1.093185629011302,0.0,2.2311753737878406,0.21116324338268658,0.5244120992229024,0.9362574881942707,none,none,3593,382,assistant,0.3684210526315789,Convergent,Persona,Convergent,Library
0.24544750936745063,0.0,0.0,1.9140542298875205,0.408180122197745,0.0009005840403973642,1.4493525911113485,none,none,3635,382,user,0.4210526315789473,Convergent,Persona,Convergent,Library
1.4298120118511033,0.7637336050304601,0.0,2.2042181025535807,0.49314491314702713,0.699631972110335,0.9712128538677002,none,open_what_if,3638,382,assistant,0.4736842105263157,Convergent,Persona,Convergent,Library
0.9007053337196461,0.12766174063015093,0.44970775349122394,1.788342348003189,0.12103936829257349,0.09089905059510148,0.6721452324284795,none,clarify,3691,382,user,0.5263157894736842,Convergent,Persona,Convergent,Library
1.672329593192076,1.0872862789710371,0.0,2.00179125918327,0.14600018876522528,1.1840064285676422,0.9885248107237393,none,open_what_if,3692,382,assistant,0.5789473684210527,Convergent,Persona,Convergent,Library
0.3950077240130774,0.5571048179784095,0.0,1.8200831265009039,0.19662324068270431,0.0,0.6716604627555373,none,none,3717,382,user,0.631578947368421,Convergent,Persona,Convergent,Library
0.8862825379976365,0.7641222094175077,0.20559735457658296,2.0052607048611297,0.07940851665667277,0.4858556958915705,0.40973711496643506,none,open_what_if,3718,382,assistant,0.6842105263157895,Convergent,Persona,Convergent,Library
0.32341879119265454,0.5582751284527592,0.0,2.109528659625374,0.512793666872811,0.0,0.9148789619489772,none,none,3763,382,user,0.7368421052631579,Convergent,Persona,Convergent,Library
1.6995204782879438,1.4100259447491366,0.0,2.142427552311112,0.08373988957814618,0.09650944951229729,1.4800941418256344,none,open_what_if,3765,382,assistant,0.7894736842105263,Convergent,Persona,Convergent,Library
0.0,0.21770469989676366,0.1745140214305863,1.8945431270849777,0.39678912743364847,0.04334823786503712,0.82919301310798,none,none,3796,382,user,0.8421052631578947,Convergent,Persona,Convergent,Library
1.3551229654173553,1.3508853852308749,0.0,2.0678880862243516,0.1822629652414819,0.6461359223809553,1.4984855176591039,none,open_what_if,3802,382,assistant,0.8947368421052632,Convergent,Persona,Convergent,Library
0.3594641395882211,0.09456781109685024,0.0,1.6581044998386856,0.626719150414651,0.0,0.7711690814153076,none,none,3828,382,user,0.9473684210526316,Convergent,Persona,Convergent,Library
1.587702739314796,1.035178115469051,0.0,2.106560755663259,0.474536842871062,0.6778928409114565,1.6207236153191142,none,open_what_if,3830,382,assistant,1.0,Convergent,Persona,Convergent,Library
0.01865218883355573,0.0,0.0010127110821249315,1.0166032990601537,0.0002259198392978267,0.0,0.01399661955312207,none,none,3503,384,user,0.0,Convergent,Persona,Convergent,Library
0.0,0.003892670705103831,0.0,0.9990955079944592,0.0,0.0,0.0,none,clarify,3504,384,assistant,0.037037037037037,Convergent,Persona,Convergent,Library
0.008715222563156034,0.9966724427189927,0.0,1.9869316469784641,0.0,0.002672053286864946,0.0,none,clarify,3507,384,user,0.074074074074074,Convergent,Persona,Convergent,Library
1.1233106358480045,2.0415107401511845,0.008062466225584309,2.195790918447047,0.057225270056330685,0.15456021658295402,0.5688568326049657,none,criteria_setting,3508,384,assistant,0.1111111111111111,Convergent,Persona,Convergent,Library
0.4826829391143468,0.272417953388169,0.00280875638033327,1.5634707114931086,0.3731548322857125,0.0,0.9761952572019871,none,none,3519,384,user,0.1481481481481481,Convergent,Persona,Convergent,Library
0.707128029852766,0.27504685649219207,0.038882216970665295,2.032479021934464,0.06608134186793788,0.08949923583924436,0.95531572932421,none,open_what_if,3520,384,assistant,0.1851851851851851,Convergent,Persona,Convergent,Library
0.8435240551930189,1.1417951976212033,0.10390479625361768,2.0073916304950683,0.053041525724238425,0.08487207676491029,0.8756517794871518,none,none,3541,384,user,0.2222222222222222,Convergent,Persona,Convergent,Library
1.0399485927002978,1.0150393714190307,0.05710177144066563,2.090632896437418,0.1665720427974583,0.614826643018903,1.0195323292124645,none,open_what_if,3542,384,assistant,0.2592592592592592,Convergent,Persona,Convergent,Library
0.6078965313074339,0.4758311391403399,0.003769099999997637,2.003588817204862,0.38147224992340417,0.0,1.2762364687565628,none,none,3563,384,user,0.2962962962962963,Convergent,Persona,Convergent,Library
1.112130210085114,1.6508413786207632,0.13677235539240803,2.144414229525594,0.0,0.06793937393345346,0.7925480687499589,none,open_what_if,3564,384,assistant,0.3333333333333333,Convergent,Persona,Convergent,Library
0.25754001018226397,1.0592748784447559,0.0,1.9882278660082988,0.3059124268879245,0.0,1.7881090506036486,none,none,3595,384,user,0.3703703703703703,Convergent,Persona,Convergent,Library
1.149870792748272,1.576000293031766,0.13756698919616914,2.090907956996922,0.07935053127084796,0.13366228559177087,1.2044118975175626,none,open_what_if,3596,384,assistant,0.4074074074074074,Convergent,Persona,Convergent,Library
0.25757125817480514,0.7980002671188875,0.08074455674454357,2.12960202906664,0.2706337848810273,0.03627924378786102,1.6401552981246519,none,none,3629,384,user,0.4444444444444444,Convergent,Persona,Convergent,Library
0.46944749283217196,1.609089602027506,0.18114616351871815,2.3261866389587222,0.22883777494663843,0.060641844798572354,1.5711666055575138,none,open_what_if,3630,384,assistant,0.4814814814814814,Convergent,Persona,Convergent,Library
0.0,0.90937379070443,0.008062466225584309,1.965876667568151,0.5649462498514634,0.07219925029418879,1.34367014444767,none,none,3661,384,user,0.5185185185185185,Convergent,Persona,Convergent,Library
0.635788402339716,1.509201110944911,0.20046796167926012,1.9662490043903686,0.22911778414689352,0.03876923850671153,1.523151494289437,none,open_what_if,3663,384,assistant,0.5555555555555556,Convergent,Persona,Convergent,Library
0.4595164508248379,0.9563771845088013,0.21879471501331346,2.0147993907618473,0.294259783815599,0.017685092620658656,0.7753254719250754,none,none,3693,384,user,0.5925925925925926,Convergent,Persona,Convergent,Library
0.8607511071345326,1.5375504351730038,0.012850563080078394,2.129037709226326,0.5673881086644383,0.3839490987823862,1.540211654185432,none,open_what_if,3694,384,assistant,0.6296296296296297,Convergent,Persona,Convergent,Library
0.7207068996571191,0.7683868108310594,0.1548548154084884,1.8680823882786923,0.3757557756102833,0.1156793675231697,1.3718963056712914,none,none,3711,384,user,0.6666666666666666,Convergent,Persona,Convergent,Library
0.9066318067570008,1.5614769855843795,0.1464882464968448,2.124127334468204,0.4639661473035167,0.05182816044614081,1.4701336611534332,none,open_what_if,3712,384,assistant,0.7037037037037037,Convergent,Persona,Convergent,Library
0.5331488985323583,0.4007058445940646,0.0,2.4597400815050765,0.6512907754029419,0.02265146284585129,1.3399931871431603,none,none,3735,384,user,0.7407407407407407,Convergent,Persona,Convergent,Library
1.0059529784928802,1.8992991122684442,0.009873414745369603,2.8646963771699805,0.9351347558080834,0.01342280167674705,1.9171531847353263,none,none,3738,384,assistant,0.7777777777777778,Convergent,Persona,Convergent,Library
0.3967270408780113,0.1598380962666908,0.016785707731005288,1.6364860421256064,0.6476449188675422,0.0,1.0097742320324081,none,none,3759,384,user,0.8148148148148148,Convergent,Persona,Convergent,Library
0.058505305760098415,0.9595523928713571,0.0009172342759983645,2.045582628583915,0.0,0.0041156531463052435,0.12842347741159926,none,open_what_if,3761,384,assistant,0.8518518518518519,Convergent,Persona,Convergent,Library
0.5004401962051943,0.6028967772198814,0.5366885072792724,1.9640422793341625,0.08009643269373191,0.08090484321810812,1.2611650768993259,none,none,3795,384,user,0.8888888888888888,Convergent,Persona,Convergent,Library
0.4064320422612631,1.241075398430614,0.0,2.066653712777595,0.2532628695218437,0.608194932055686,1.5138833727903616,none,open_what_if,3799,384,assistant,0.925925925925926,Convergent,Persona,Convergent,Library
0.7053775963136151,0.47134828134247453,0.21504697852597612,1.4647253179113027,0.23224414990987144,0.0057931157908286185,0.7484187859500838,none,none,3821,384,user,0.9629629629629628,Convergent,Persona,Convergent,Library
0.5829760372828979,1.6496930111178674,0.13650286234996936,2.0010591210213144,0.4476347958893034,0.1700329826573906,1.4593582333916715,none,open_what_if,3823,384,assistant,1.0,Convergent,Persona,Convergent,Library
0.01865218883355573,0.0,0.0010127110821249315,1.0166032990601537,0.0002259198392978267,0.0,0.01399661955312207,none,none,3529,385,user,0.0,Convergent,Persona,Convergent,Library
0.0,0.003892670705103831,0.0,0.9990955079944592,0.0,0.0,0.0,none,clarify,3530,385,assistant,0.0526315789473684,Convergent,Persona,Convergent,Library
0.008715222563156034,0.9966724427189927,0.0,1.9869316469784641,0.0,0.002672053286864946,0.0,none,clarify,3551,385,user,0.1052631578947368,Convergent,Persona,Convergent,Library
1.2700223618318651,1.5331768617392103,0.012950478024603251,2.051721668821792,0.0,0.33924336241372127,0.9698715027543273,none,open_what_if,3552,385,assistant,0.1578947368421052,Convergent,Persona,Convergent,Library
1.0510038593021989,1.0904884284867746,0.0,2.0898453257850083,0.15067450513509614,0.41968927728647965,1.3746656202907277,none,none,3575,385,user,0.2105263157894736,Convergent,Persona,Convergent,Library
1.0524379958917747,1.9089880276073803,0.016336569107960698,2.0681029626733785,0.03826239049938645,0.04169296114216078,1.9053810037496073,none,open_what_if,3576,385,assistant,0.2631578947368421,Convergent,Persona,Convergent,Library
0.5282678765535441,0.7885127891772072,0.016058967515241763,1.9832609615080883,0.22660884416807675,0.19848120981845496,1.7366346248891575,none,none,3609,385,user,0.3157894736842105,Convergent,Persona,Convergent,Library
1.3482347296705806,2.141034666282468,0.0,2.0972760693162464,0.4326783802181825,0.6009850806948345,1.4984107643519402,none,open_what_if,3611,385,assistant,0.3684210526315789,Convergent,Persona,Convergent,Library
0.537543117089821,0.4826363379834618,0.0,1.9187992181318838,0.3207356197122783,0.12514779396530784,1.6426855528360063,none,none,3627,385,user,0.4210526315789473,Convergent,Persona,Convergent,Library
1.6140819870700325,1.6883151810335482,0.0,2.26358027771144,0.4853361627897202,0.07414578985372956,1.7341238222334132,none,open_what_if,3628,385,assistant,0.4736842105263157,Convergent,Persona,Convergent,Library
0.3993520724985826,1.0844336177572629,0.0,2.128335957884877,0.3024563079288828,0.0742896167532018,1.3999282210446269,none,none,3655,385,user,0.5263157894736842,Convergent,Persona,Convergent,Library
0.9890021259438502,1.9324651082891309,0.0009741054228033893,1.999401089278036,0.9413074917886317,0.03258475520614975,1.1274218340210072,none,open_what_if,3656,385,assistant,0.5789473684210527,Convergent,Persona,Convergent,Library
1.4670042117262663,0.47664599236393823,0.0,2.0158198799670464,0.444812077103632,0.5731212460276489,1.6727907106754503,none,none,3687,385,user,0.631578947368421,Convergent,Persona,Convergent,Library
1.5078753641410405,1.473278815064919,0.0007836340004798879,2.000143957220236,0.3428906156127514,0.4650352466333319,1.880073394944271,none,open_what_if,3689,385,assistant,0.6842105263157895,Convergent,Persona,Convergent,Library
0.8549460994607068,1.1474339113241376,0.0,2.155236480589794,0.44356439190699254,0.2510995524198311,1.5204672924127798,none,none,3724,385,user,0.7368421052631579,Convergent,Persona,Convergent,Library
0.9301812156051606,1.855807806747854,0.0,2.0843563782764365,0.4458890673916001,0.22477718960226087,1.677925779323938,none,open_what_if,3727,385,assistant,0.7894736842105263,Convergent,Persona,Convergent,Library
0.44419460428366664,0.4090793659812248,0.0,2.0020867724718316,0.26698387493530357,0.11350090596962212,0.9882396191175371,none,none,3757,385,user,0.8421052631578947,Convergent,Persona,Convergent,Library
1.0641430983252935,1.9813856054861851,0.0,2.07632822083531,0.11030637254701806,0.5318468716345313,1.80189704024143,none,open_what_if,3758,385,assistant,0.8947368421052632,Convergent,Persona,Convergent,Library
0.835758948712399,0.44660913531215374,0.003769099999997637,1.9438806278516632,0.5296770549473981,0.46597741535149456,1.726674192200062,none,none,3774,385,user,0.9473684210526316,Convergent,Persona,Convergent,Library
1.3145240908054319,1.8132949375943503,0.24421344504546563,2.208109601972569,0.4597074730003172,0.10051380690177138,1.2974689762787501,none,open_what_if,3778,385,assistant,1.0,Convergent,Persona,Convergent,Library
0.01865218883355573,0.0,0.0010127110821249315,1.0166032990601537,0.0002259198392978267,0.0,0.01399661955312207,none,none,3602,386,user,0.0,Convergent,Persona,Convergent,Library
0.0,0.003892670705103831,0.0,0.9990955079944592,0.0,0.0,0.0,none,clarify,3603,386,assistant,0.0434782608695652,Convergent,Persona,Convergent,Library
0.01865218883355573,0.0,0.0010127110821249315,1.0166032990601537,0.0002259198392978267,0.0,0.01399661955312207,none,none,3606,386,user,0.0869565217391304,Convergent,Persona,Convergent,Library
0.0,0.003892670705103831,0.0,0.9990955079944592,0.0,0.0,0.0,none,clarify,3608,386,assistant,0.1304347826086956,Convergent,Persona,Convergent,Library
0.008715222563156034,0.9966724427189927,0.0,1.9869316469784641,0.0,0.002672053286864946,0.0,none,clarify,3613,386,user,0.1739130434782608,Convergent,Persona,Convergent,Library
0.5631321430270143,1.7291227579996187,0.09651089305776284,2.039679208843762,0.0,0.12928218790309304,1.0124782709178786,none,open_what_if,3614,386,assistant,0.217391304347826,Convergent,Persona,Convergent,Library
0.09341397372553507,0.08136545651973334,0.012930854721949929,1.9797985171686696,0.02185209710088299,0.026298733780668316,0.9826565772206051,none,none,3633,386,user,0.2608695652173913,Convergent,Persona,Convergent,Library
0.10650966901577445,1.9642836052944406,0.05416709683304368,2.0618283187784843,0.0,0.0,1.0434410187319916,none,criteria_setting,3634,386,assistant,0.3043478260869565,Convergent,Persona,Convergent,Library
0.3912344865393106,0.41573665983899294,0.19437816765574506,1.9352598479991152,0.023154867806580888,0.2518673587733185,1.287747491340495,none,none,3665,386,user,0.3478260869565217,Convergent,Persona,Convergent,Library
1.136778006363208,1.610497586960132,0.27784673784423114,2.1018823282450985,0.07932662985830853,0.5486410168383491,1.4474976372520931,none,criteria_setting,3667,386,assistant,0.391304347826087,Convergent,Persona,Convergent,Library
0.0718416514902036,0.44048380097437895,0.0036322783816281064,2.0319489344185646,0.0025963248157960224,0.3430197156063517,0.7271239432361096,none,none,3703,386,user,0.4347826086956521,Convergent,Persona,Convergent,Library
1.3468976054515396,1.9226352858776783,0.0010505215363362484,2.0709541242638267,0.074271994765974,0.7088263382110832,1.0057478779207507,none,criteria_setting,3704,386,assistant,0.4782608695652174,Convergent,Persona,Convergent,Library
0.19867362120160467,0.3027130472042464,1.0200251912266947,1.8610562962220467,0.31176441877685007,0.00942310204072585,1.0310471304903148,none,none,3723,386,user,0.5217391304347826,Convergent,Persona,Convergent,Library
0.5950150432296952,2.2966205172418435,0.15453313602950733,1.7641331378772795,0.34720827956156786,0.230844104336209,1.1961882792417586,none,criteria_setting,3726,386,assistant,0.5652173913043478,Convergent,Persona,Convergent,Library
0.7275349510129381,0.9991542688297286,0.0,1.9657242772682333,0.500978463995371,0.5217402597659542,1.3673934172330557,none,none,3779,386,user,0.6086956521739131,Convergent,Persona,Convergent,Library
0.548414451253575,1.802492206617702,0.0168396768789647,2.347680849475473,0.2984503567957066,0.20011299667473603,1.6180931480457141,none,open_what_if,3781,386,assistant,0.6521739130434783,Convergent,Persona,Convergent,Library
0.18578711484663307,0.25695805828873547,0.0,1.9172226787435533,0.07275362825633389,0.0,0.30801908810051704,none,none,3787,386,user,0.6956521739130435,Convergent,Persona,Convergent,Library
1.0807776420214328,1.7203528991814598,0.01940403826010293,2.0813101871052124,0.19435042213921902,0.4216619794490219,1.804805491346114,none,open_what_if,3788,386,assistant,0.7391304347826086,Convergent,Persona,Convergent,Library
0.18578711484663307,0.25695805828873547,0.0,1.9172226787435533,0.18420426230688586,0.0,0.30801908810051704,none,none,3805,386,user,0.782608695652174,Convergent,Persona,Convergent,Library
0.8689017158826174,1.615211785773256,0.010487696816429928,2.0529702445055804,0.14387927394653774,0.39168578471512067,1.6048572352821768,none,open_what_if,3807,386,assistant,0.8260869565217391,Convergent,Persona,Convergent,Library
0.6402499681673921,0.4482663671275148,0.058759977742617646,2.0861234959569033,0.16363742828271244,0.10085378421589736,0.5254784991545512,none,none,3813,386,user,0.8695652173913043,Convergent,Persona,Convergent,Library
0.5890827642765412,1.6631311487492226,0.09096800430655114,1.9562764841888278,0.1347349623949763,0.0,1.7602886578657102,none,open_what_if,3817,386,assistant,0.9130434782608696,Convergent,Persona,Convergent,Library
0.0554511418548816,0.5350875532398481,0.07176622781475185,1.3686408199529092,0.1765160139002375,0.052776101357977605,0.33403069481280817,none,none,3833,386,user,0.9565217391304348,Convergent,Persona,Convergent,Library
0.7900623153966919,1.0264811961982792,0.009561784578166015,2.4940164498380026,0.31413925711510887,0.0,1.2453800296151996,none,open_what_if,3834,386,assistant,1.0,Convergent,Persona,Convergent,Library
0.01865218883355573,0.0,0.0010127110821249315,1.0166032990601537,0.0002259198392978267,0.0,0.01399661955312207,none,none,3842,390,user,0.0,GPT,GPT,GPT,Bicycle
0.0,0.003892670705103831,0.0,0.9990955079944592,0.0,0.0,0.0,none,clarify,3846,390,assistant,0.0909090909090909,GPT,GPT,GPT,Bicycle
0.03049838401600156,0.9893643612695656,0.0,1.9835241770621765,0.004235966895978697,0.0,0.006937027005586032,none,clarify,3873,390,user,0.1818181818181818,GPT,GPT,GPT,Bicycle
0.05161560916201402,1.6888126167562898,0.0,2.77994020858461,0.7597149486064968,0.04296732658359561,2.1701514498365446,none,none,3877,390,assistant,0.2727272727272727,GPT,GPT,GPT,Bicycle
0.7064688447609597,0.1237759295272907,0.012603693722045235,1.914003276275628,0.04248263455379418,0.010866920210652792,0.3886393743378974,none,none,3936,390,user,0.3636363636363636,GPT,GPT,GPT,Bicycle
0.3494795650341849,1.1317863857975197,0.0,2.916271610458304,0.6357631014249719,0.021360715517545207,2.0276201768245072,none,none,3941,390,assistant,0.4545454545454545,GPT,GPT,GPT,Bicycle
1.0771400639929907,0.7903771449203242,0.30966145140709367,2.10536935799409,0.22581229242878864,0.011683559504803888,0.6668075142801181,none,none,3999,390,user,0.5454545454545454,GPT,GPT,GPT,Bicycle
0.382069726332596,0.9687171350431679,0.0,2.8364585207004596,0.6469173026782128,0.0,1.572876729426911,none,none,4000,390,assistant,0.6363636363636364,GPT,GPT,GPT,Bicycle
0.11984404046859064,0.5188836478090081,0.4472331378294038,2.128943070253324,0.30852203279770973,0.006041612481236767,0.14841808476560855,neutral,none,4092,390,user,0.7272727272727273,GPT,GPT,GPT,Bicycle
0.46878978888226897,0.852641630588819,0.04218921997237766,2.674383366434427,0.3862556259823947,0.03664339591210837,1.8196543362901407,none,none,4095,390,assistant,0.8181818181818182,GPT,GPT,GPT,Bicycle
0.6006977031552576,0.15935473372876927,0.11516078986331178,1.4938703705465972,0.25113246661514865,0.015491318270388346,0.637062233369525,none,none,4115,390,user,0.9090909090909092,GPT,GPT,GPT,Bicycle
0.2633131797305283,1.0770915075715584,0.0,2.8410959670866056,0.7362585971558678,0.020580917093891912,1.9041622033792729,none,none,4116,390,assistant,1.0,GPT,GPT,GPT,Bicycle
0.01865218883355573,0.0,0.0010127110821249315,1.0166032990601537,0.0002259198392978267,0.0,0.01399661955312207,none,none,3843,391,user,0.0,GPT,GPT,GPT,Bicycle
0.0,0.003892670705103831,0.0,0.9990955079944592,0.0,0.0,0.0,none,clarify,3847,391,assistant,0.0476190476190476,GPT,GPT,GPT,Bicycle
0.03049838401600156,0.9893643612695656,0.0,1.9835241770621765,0.004235966895978697,0.0,0.006937027005586032,none,clarify,3882,391,user,0.0952380952380952,GPT,GPT,GPT,Bicycle
1.0108871976900615,1.94325752581403,0.002440382359341317,2.979736148805784,0.8074296903336406,0.07519097649538307,2.8078226015651233,none,none,3886,391,assistant,0.1428571428571428,GPT,GPT,GPT,Bicycle
0.0149752947929734,0.10354794982568757,0.051321404624271705,2.014612537375129,0.0,0.007675672672544461,0.144716837155421,none,clarify,3927,391,user,0.1904761904761904,GPT,GPT,GPT,Bicycle
0.2513763427165485,1.9882567235284396,0.002440382359341317,3.0,0.6157779060928326,0.01130565890262106,2.6474620593922213,none,none,3929,391,assistant,0.238095238095238,GPT,GPT,GPT,Bicycle
0.14184036792775048,0.2753460731516856,0.0016071560017747227,1.4112682350375516,0.1925381985521155,0.0,0.5545995909931677,none,none,3953,391,user,0.2857142857142857,GPT,GPT,GPT,Bicycle
0.8870065554030997,0.13003328738169248,0.0,2.0445283699029284,0.026436563134615843,0.0,0.02633426085403596,none,open_what_if,3955,391,assistant,0.3333333333333333,GPT,GPT,GPT,Bicycle
0.41299244403566876,0.2752974465872887,0.015603506283894196,2.0127758122580515,0.13967354093992168,0.0,1.313678890444209,none,none,3995,391,user,0.3809523809523809,GPT,GPT,GPT,Bicycle
0.1729903576332886,1.704799540782324,0.2574180806715215,2.8017412802278954,0.6144439737271069,0.005898688807903609,2.354342518990275,none,none,3997,391,assistant,0.4285714285714285,GPT,GPT,GPT,Bicycle
0.821185869229871,0.7015463064828491,0.002887811251799272,2.0252093467034533,0.08465295643565462,0.005937875329707454,1.4102543523185995,none,none,4022,391,user,0.4761904761904761,GPT,GPT,GPT,Bicycle
0.08917441621081981,1.8985631427775014,0.999409071461403,2.911850452217115,0.4913523082492609,0.034605658757404775,2.6093418885214943,constructive,none,4024,391,assistant,0.5238095238095238,GPT,GPT,GPT,Bicycle
1.0139801257145955,0.9331071970574378,0.0,1.9906653653877553,0.9109904883529029,0.008361379243768218,0.9984742274670725,none,none,4059,391,user,0.5714285714285714,GPT,GPT,GPT,Bicycle
0.17025976140150295,1.83033797930032,0.19917921503551128,2.9043245247378247,0.5852463137210178,0.0028777023012792266,2.7819570340045696,none,none,4063,391,assistant,0.6190476190476191,GPT,GPT,GPT,Bicycle
0.48490508653128633,0.015803358835019276,0.8519872285161668,1.8328802769823767,0.3196602903746726,0.0,1.3165397042848563,constructive,none,4091,391,user,0.6666666666666666,GPT,GPT,GPT,Bicycle
0.44721635970624635,1.8762885030302732,0.14425404506108971,2.6400025646198024,0.5118199760484065,0.0,2.651366968204535,none,none,4094,391,assistant,0.7142857142857143,GPT,GPT,GPT,Bicycle
0.47466516988476976,0.16458313114288806,0.12506409770906718,1.359536475567544,0.6467708084866065,0.0,0.8847610865595678,none,none,4112,391,user,0.7619047619047619,GPT,GPT,GPT,Bicycle
0.46634904842631386,1.7418781327387365,0.0,2.5312377021779504,0.5403589415988052,0.012871392824944415,2.617444712868435,none,none,4114,391,assistant,0.8095238095238095,GPT,GPT,GPT,Bicycle
0.0,0.410940563793715,0.06835295253572954,1.3502258069969675,0.07862198745158194,0.0,0.3340857723588603,none,none,4136,391,user,0.8571428571428571,GPT,GPT,GPT,Bicycle
0.02481411957214168,2.0566456062248895,0.00043168191414849383,3.0,0.9577966450728369,0.0,2.915840615558192,none,none,4139,391,assistant,0.9047619047619048,GPT,GPT,GPT,Bicycle
0.5940216144245833,0.1584441197725416,0.09221495602929092,2.098548311189016,0.49359536035611534,0.0,1.252290149080931,none,none,4175,391,user,0.9523809523809524,GPT,GPT,GPT,Bicycle
0.02573292644826726,1.7304916646357105,0.447352111587204,2.6935641327767827,0.6815053444629028,0.020734705930274704,2.1973241592539776,none,none,4177,391,assistant,1.0,GPT,GPT,GPT,Bicycle
0.01865218883355573,0.0,0.0010127110821249315,1.0166032990601537,0.0002259198392978267,0.0,0.01399661955312207,none,none,3845,392,user,0.0,GPT,GPT,GPT,Bicycle
0.0,0.003892670705103831,0.0,0.9990955079944592,0.0,0.0,0.0,none,clarify,3851,392,assistant,0.0232558139534883,GPT,GPT,GPT,Bicycle
0.22398602055865754,0.2940884851257134,0.09628942324318078,1.5286655154043824,0.22718272000549697,0.0990613693020045,0.3087765869340982,none,none,3866,392,user,0.0465116279069767,GPT,GPT,GPT,Bicycle
0.6192326479473187,0.7421997856452218,0.2929370878873161,1.935914416318697,0.30021985148821884,0.0,0.1494867397239494,none,criteria_setting,3869,392,assistant,0.0697674418604651,GPT,GPT,GPT,Bicycle
0.03049838401600156,0.9893643612695656,0.0,1.9835241770621765,0.004235966895978697,0.0,0.006937027005586032,none,clarify,3895,392,user,0.0930232558139534,GPT,GPT,GPT,Bicycle
0.3589988638858313,1.9879016910034768,0.05203870271814211,2.419137412419636,0.4760010915271096,0.10351193636057492,2.13934563411994,none,open_what_if,3902,392,assistant,0.1162790697674418,GPT,GPT,GPT,Bicycle
0.34767307171358647,0.21929039388157706,0.21029488849514807,1.4991863060220085,0.124060063532884,0.21826430134853622,0.0,none,none,3917,392,user,0.1395348837209302,GPT,GPT,GPT,Bicycle
0.4404091536411743,2.282329935158252,0.008486438703737484,2.2545703361879945,0.7412016616995413,0.029975359148009674,1.2962004784061025,none,none,3920,392,assistant,0.1627906976744186,GPT,GPT,GPT,Bicycle
0.8246193610697121,0.391049254506344,0.030726325230822003,2.067550643728018,0.6953617294913053,0.011510005751056544,0.9900356598387298,none,none,3988,392,user,0.1860465116279069,GPT,GPT,GPT,Bicycle
0.601080148367309,1.7818836446576152,0.06252806666871928,2.5104313051209353,0.33362918154904775,0.05874387023549263,0.9548775681488056,none,open_what_if,3990,392,assistant,0.2093023255813953,GPT,GPT,GPT,Bicycle
0.03099636219045403,0.442425568812697,0.0,1.9867902306077958,0.19891066025529755,0.0,0.47590009257934796,none,none,4001,392,user,0.2325581395348837,GPT,GPT,GPT,Bicycle
0.3443413093248345,1.6982312960788681,0.038288997422849934,2.393819750497406,0.32598189859352183,0.07108796802670257,1.6019248688154522,none,open_what_if,4002,392,assistant,0.2558139534883721,GPT,GPT,GPT,Bicycle
0.45848717864924265,0.2878770097751082,0.018043521351838114,2.0791127037903934,0.535246543093091,0.0,1.1221858312436888,none,none,4029,392,user,0.2790697674418604,GPT,GPT,GPT,Bicycle
0.47055191122137535,1.8921769785660798,0.0,2.2532745848268547,0.21254182888261633,0.03868383491423933,1.799428854220188,none,open_what_if,4030,392,assistant,0.3023255813953488,GPT,GPT,GPT,Bicycle
0.15849623348913333,0.27640001037283013,0.0,1.631791807149375,0.19873261699729008,0.006810156112757801,0.3156156078183722,none,none,4045,392,user,0.3255813953488372,GPT,GPT,GPT,Bicycle
0.39304553657764,1.660034329702216,0.009985372033866608,2.2665842905443148,0.4965742408083993,0.014160708483273114,1.4075997460591185,none,open_what_if,4046,392,assistant,0.3488372093023256,GPT,GPT,GPT,Bicycle
0.08825903012252209,0.37647807811357487,0.006063683405336087,1.9402416523566965,0.2876882186999941,0.1165182623403093,0.4220664528793827,none,none,4057,392,user,0.3720930232558139,GPT,GPT,GPT,Bicycle
0.39307921824178094,2.0765986681957576,0.017622560430312458,2.495619420479991,0.5950575379787847,0.0,1.4360801008961346,none,criteria_setting,4058,392,assistant,0.3953488372093023,GPT,GPT,GPT,Bicycle
0.4375465836411347,0.16874682963069512,0.06365251303507431,1.1881487466464886,0.15417594860875508,0.16697680337471763,0.14649443460315015,none,none,4072,392,user,0.4186046511627907,GPT,GPT,GPT,Bicycle
0.8243357740514033,2.0664803012821085,0.0,2.400726574475324,0.38721893867370255,0.45088343580170404,1.1459080101307164,none,open_what_if,4074,392,assistant,0.4418604651162791,GPT,GPT,GPT,Bicycle
0.3952697645369823,0.17713291814033494,0.25664959237540724,1.4176409881720315,0.2966438361115363,0.0,0.5346960765172809,none,none,4093,392,user,0.4651162790697674,GPT,GPT,GPT,Bicycle
0.6716013589201313,1.4046902264070757,0.08519345833706063,2.2812302856200666,0.251298896385162,0.06759508101223305,1.4232453626633352,none,open_what_if,4096,392,assistant,0.4883720930232558,GPT,GPT,GPT,Bicycle
0.18578711484663307,0.25695805828873547,0.0,1.9172226787435533,0.05085900068583219,0.0,0.30801908810051704,none,none,4109,392,user,0.5116279069767442,GPT,GPT,GPT,Bicycle
0.4498866625139222,2.0508408565480174,0.0,2.1049450926883306,0.6095245974713986,0.08591522828311741,1.5914011378890727,none,open_what_if,4110,392,assistant,0.5348837209302325,GPT,GPT,GPT,Bicycle
0.3814726420349861,0.37671919592228864,0.5833576199206641,1.8352553974246177,0.07114312588013774,0.09674825971844019,0.28125023015200634,none,none,4125,392,user,0.5581395348837209,GPT,GPT,GPT,Bicycle
0.5018960902733745,1.9759656078979324,0.0,2.3720048111007626,0.7437438179132847,0.004335688092169567,0.9898274853527592,none,open_what_if,4126,392,assistant,0.5813953488372093,GPT,GPT,GPT,Bicycle
0.3573582379549529,0.3056958197968091,0.22753130602425092,2.1372600852173935,0.21083907351202405,0.0,0.8210154314141666,none,none,4167,392,user,0.6046511627906976,GPT,GPT,GPT,Bicycle
0.702125008229519,1.4937039097117175,0.2477063081699228,2.1465163762167325,0.5319171381295532,0.22372091695891552,1.0439329176863557,none,open_what_if,4168,392,assistant,0.627906976744186,GPT,GPT,GPT,Bicycle
0.0,0.5009185628983274,0.0007498081276178986,1.1491276301775943,0.49918438214053495,0.0,0.4541592601780744,none,none,4179,392,user,0.6511627906976745,GPT,GPT,GPT,Bicycle
0.24517595560435465,1.1158878845464268,0.007140297179402636,2.4390280367699324,0.5019223444553086,0.0,0.12063587473394594,none,criteria_setting,4180,392,assistant,0.6744186046511628,GPT,GPT,GPT,Bicycle
0.3054507203677492,0.2920973116303387,0.15068894749393066,2.050137138132857,0.43835052958086,0.0,0.5046987154170832,none,none,4197,392,user,0.6976744186046512,GPT,GPT,GPT,Bicycle
0.31201486656839467,2.013065095133394,0.04408957688315494,2.452590622887654,0.4470131476770215,0.18169504616130633,1.331700223244872,none,open_what_if,4198,392,assistant,0.7209302325581395,GPT,GPT,GPT,Bicycle
0.016279124805185747,0.25829905716406626,0.0,1.451347219018598,0.05336726598295941,0.30977713773297616,0.04271025815390405,none,none,4206,392,user,0.7441860465116279,GPT,GPT,GPT,Bicycle
0.21364971962011814,2.3012101528585673,0.023311489873458185,2.5657733045038276,0.628621100556877,0.04618811865196396,1.5563158554284307,none,criteria_setting,4208,392,assistant,0.7674418604651163,GPT,GPT,GPT,Bicycle
0.13729307472836197,0.23335436281708188,0.0036322783816281064,1.3969844605146504,0.15611777903217602,0.0,0.15930839080218429,none,none,4217,392,user,0.7906976744186046,GPT,GPT,GPT,Bicycle
0.2577801577387,2.02244507343139,0.0,2.389228846338281,0.7324519760918825,0.0,1.5631306689017328,none,criteria_setting,4218,392,assistant,0.813953488372093,GPT,GPT,GPT,Bicycle
0.3323237455502211,0.24406224101125557,0.004769563291996144,1.282395764788473,0.23957704270478958,0.2809646306862676,0.30671725766906277,none,none,4221,392,user,0.8372093023255814,GPT,GPT,GPT,Bicycle
0.689020998798501,2.1201661870532154,0.05818591824272534,2.687618653903512,0.7264177536504113,0.07234639836819654,1.6501728477557285,none,criteria_setting,4222,392,assistant,0.8604651162790697,GPT,GPT,GPT,Bicycle
0.11004745859956894,0.09116623019703401,0.16519457072740998,1.7177537707509731,0.2670195400640714,0.0,0.5082853976800883,none,none,4233,392,user,0.8837209302325582,GPT,GPT,GPT,Bicycle
0.36817483847786797,1.697586656974881,0.00905021807236273,2.067116770212244,0.4776518831367179,0.0,1.7565137114374902,none,open_what_if,4234,392,assistant,0.9069767441860463,GPT,GPT,GPT,Bicycle
0.27815284824312847,0.6277486826130024,0.06446166442242776,1.9346239961728322,0.8271854973625594,0.02933652828357694,0.6504770802755386,none,none,4240,392,user,0.9302325581395348,GPT,GPT,GPT,Bicycle
0.44930433677651704,1.9235698459760724,0.008476589370155694,2.3425847129515205,0.7746443023778894,0.07421274456505116,1.4619666008222638,none,open_what_if,4243,392,assistant,0.9534883720930232,GPT,GPT,GPT,Bicycle
0.4375465836411347,0.16874682963069512,0.06365251303507431,1.1881487466464886,0.22690683443985296,0.14963077458253288,0.1533911444154748,none,none,4255,392,user,0.9767441860465116,GPT,GPT,GPT,Bicycle
1.5768485411418058,1.6748600074578892,0.0,2.24423556728393,0.7583678846885067,0.06932379517943303,1.3990760083824685,none,open_what_if,4256,392,assistant,1.0,GPT,GPT,GPT,Bicycle
0.01865218883355573,0.0,0.0010127110821249315,1.0166032990601537,0.0002259198392978267,0.0,0.01399661955312207,none,none,3848,393,user,0.0,GPT,GPT,GPT,Bicycle
0.0,0.003892670705103831,0.0,0.9990955079944592,0.0,0.0,0.0,none,clarify,3854,393,assistant,0.0476190476190476,GPT,GPT,GPT,Bicycle
0.03049838401600156,0.9893643612695656,0.0,1.9835241770621765,0.004235966895978697,0.0,0.006937027005586032,none,clarify,3894,393,user,0.0952380952380952,GPT,GPT,GPT,Bicycle
0.16430056897416503,1.7998521977275435,0.15445962261428758,3.0,0.7714689423354707,0.0,2.5463301669999763,none,none,3900,393,assistant,0.1428571428571428,GPT,GPT,GPT,Bicycle
0.5280447100667722,0.3610856981186894,0.025759758457751334,1.826073341236252,0.0,0.1757300449939488,0.34827223230857207,none,clarify,3923,393,user,0.1904761904761904,GPT,GPT,GPT,Bicycle
0.654750323844088,1.577539241686956,0.05665803257722499,2.248344199544424,0.6336874635712767,0.33311622612125397,1.198349348285182,none,none,3924,393,assistant,0.238095238095238,GPT,GPT,GPT,Bicycle
0.10011129665071754,0.3969224215434471,0.08086555830948314,1.7940578024351888,0.33953779695292824,0.10238017616110393,0.6940425684870449,none,none,3949,393,user,0.2857142857142857,GPT,GPT,GPT,Bicycle
0.3045269690902372,2.2086421626404418,0.0,2.932278572643507,0.8518378509119955,0.17609537188631255,2.107140537903824,none,none,3951,393,assistant,0.3333333333333333,GPT,GPT,GPT,Bicycle
0.9753333490399787,0.2734725414839834,0.09757740483245261,2.158452897014665,0.13256018404983444,0.0,0.8081507678271295,none,none,3979,393,user,0.3809523809523809,GPT,GPT,GPT,Bicycle
0.23076351554898306,1.927300510074829,0.0,2.7839215992222592,0.6950989551136997,0.18418120706807592,2.0429179749790753,none,none,3982,393,assistant,0.4285714285714285,GPT,GPT,GPT,Bicycle
0.500043466836415,1.5164345176042886,0.05665803257722499,2.5186595933408893,0.5808574208899727,0.06023727565319226,2.1430137779435605,none,none,4036,393,user,0.4761904761904761,GPT,GPT,GPT,Bicycle
0.4584116218815578,1.4299317222080445,0.11121054310760138,2.701372603017601,0.7216268816903774,0.14591516648776529,1.647096377704141,none,none,4040,393,assistant,0.5238095238095238,GPT,GPT,GPT,Bicycle
0.16125488278999603,0.4441991122429209,0.11436937282351874,1.7922455198100333,0.05483320849584048,0.0,1.7425722055314394,none,none,4085,393,user,0.5714285714285714,GPT,GPT,GPT,Bicycle
0.5830164785753528,2.0721921070928935,0.25672647303053114,2.6871484200850633,0.693220254895424,0.007815764063198257,2.6392345751128037,none,none,4086,393,assistant,0.6190476190476191,GPT,GPT,GPT,Bicycle
0.49602686552193387,0.4767973615971405,0.09223041960008002,1.7262635721691761,0.2829887180988705,0.06348462232152023,0.9431032463854568,none,none,4127,393,user,0.6666666666666666,GPT,GPT,GPT,Bicycle
0.12995357016890838,1.9354949248086193,0.0,2.586989547522086,0.6886256297772748,0.0072504424969901254,1.8692915572989415,none,none,4128,393,assistant,0.7142857142857143,GPT,GPT,GPT,Bicycle
0.2091695583510342,0.5304679111746834,0.0028610478874404556,1.0518766846320904,0.0,0.0,0.9725134819237136,none,clarify,4138,393,user,0.7619047619047619,GPT,GPT,GPT,Bicycle
0.09387237830189729,2.191749305118526,0.0,2.909437463439766,0.7215970002467185,0.0,2.134308425202729,none,none,4140,393,assistant,0.8095238095238095,GPT,GPT,GPT,Bicycle
0.6276623539258928,0.3276701264229462,0.16555752663498313,1.8867854413897196,0.2656393468203493,0.0,0.2842244721501299,none,none,4152,393,user,0.8571428571428571,GPT,GPT,GPT,Bicycle
0.3468046721166091,1.9008761205711648,0.011964041758589072,2.972809181208789,0.729194543500891,0.03770813699446925,2.0868312212351268,none,none,4154,393,assistant,0.9047619047619048,GPT,GPT,GPT,Bicycle
0.20258579126563003,0.029216894707825018,0.09333911088728476,2.227200851239968,0.5158609184053313,0.12058906807484936,1.13416281717763,none,none,4215,393,user,0.9523809523809524,GPT,GPT,GPT,Bicycle
0.33734850771334957,2.027389037856133,0.6165415561807979,2.6865315113790524,0.677580610459541,0.18337788176111025,1.9391933873856109,none,none,4216,393,assistant,1.0,GPT,GPT,GPT,Bicycle
0.01865218883355573,0.0,0.0010127110821249315,1.0166032990601537,0.0002259198392978267,0.0,0.01399661955312207,none,none,3850,394,user,0.0,GPT,GPT,GPT,Bicycle
0.0,0.10121064550591875,0.0,1.0291512241046563,0.06720552494724967,0.011607594286263645,0.0,none,clarify,3856,394,assistant,0.0588235294117647,GPT,GPT,GPT,Bicycle
0.03049838401600156,0.9893643612695656,0.0,1.9835241770621765,0.004235966895978697,0.0,0.006937027005586032,none,clarify,3887,394,user,0.1176470588235294,GPT,GPT,GPT,Bicycle
0.21037820165721563,1.8107361239434339,0.10826606692871857,2.7674320315941023,0.6710958033628783,0.0,2.395867125112556,none,none,3890,394,assistant,0.1764705882352941,GPT,GPT,GPT,Bicycle
0.8039451991043088,0.32592420149810536,0.11513586955417895,2.142107722243416,0.26825825442007317,0.4054097591443086,0.817873710175685,none,clarify,3913,394,user,0.2352941176470588,GPT,GPT,GPT,Bicycle
1.0579037047867037,1.7751679262689048,0.006587474266902196,2.930995973776497,0.5457681184629137,0.17059094602720293,2.2868419406032974,none,none,3914,394,assistant,0.2941176470588235,GPT,GPT,GPT,Bicycle
0.8889857716192252,0.39326462456728434,0.04218921997237766,2.015943343705927,0.0,0.1429463082399604,0.44527534054888956,none,clarify,3921,394,user,0.3529411764705882,GPT,GPT,GPT,Bicycle
0.3641959869689049,2.2177306209087293,0.00905021807236273,2.5955854100899454,0.49566274046469816,0.036748529002739894,1.7688952297056362,none,none,3922,394,assistant,0.4117647058823529,GPT,GPT,GPT,Bicycle
0.22213297942718546,0.22921734571222865,0.04401895060157964,1.524414069988061,0.40504652798858115,0.005969865943654687,1.2809690394235684,none,clarify,3925,394,user,0.4705882352941176,GPT,GPT,GPT,Bicycle
0.19694557568337998,1.7947121557126748,0.19115946291894878,2.650671766026663,0.8085904307880682,0.013478373616918326,2.625323157324467,none,none,3926,394,assistant,0.5294117647058824,GPT,GPT,GPT,Bicycle
0.4699197618624077,0.3880468290181271,0.3154023165486412,1.7525962192977318,0.23736980467068347,0.0,0.9578417139009172,none,clarify,3960,394,user,0.5882352941176471,GPT,GPT,GPT,Bicycle
0.5510285337716558,1.4646790168728503,0.0,2.793719682371491,0.7417990754772643,0.01989460851462781,2.2730520855321825,none,none,3962,394,assistant,0.6470588235294118,GPT,GPT,GPT,Bicycle
0.8526345994424857,0.26413967411951417,0.004136512713024805,1.6954309349222396,0.05861103886964819,0.0,0.2661993163051701,none,clarify,3965,394,user,0.7058823529411765,GPT,GPT,GPT,Bicycle
0.8205320717374918,1.609258411742763,0.024390769920328334,2.50546518873646,0.5462114134281607,0.009255233720886527,0.904070655567022,none,none,3967,394,assistant,0.7647058823529411,GPT,GPT,GPT,Bicycle
0.4763733931726093,0.2103497133413552,0.23852939065305698,1.2264048793749962,0.14854507278499252,0.09031027462956114,0.4230230530881222,none,clarify,3980,394,user,0.8235294117647058,GPT,GPT,GPT,Bicycle
0.6100646799705511,1.2400232863439025,0.2469764992278154,2.2581744224113556,0.43704148947446075,0.18384633739706052,0.834485257392356,none,none,3983,394,assistant,0.8823529411764706,GPT,GPT,GPT,Bicycle
0.01865218883355573,0.0,0.0010127110821249315,1.0166032990601537,0.07295680567039538,0.0,0.057292843968592244,none,none,4257,394,user,0.9411764705882352,GPT,GPT,GPT,Bicycle
0.0,0.10121064550591875,0.0,1.0291512241046563,0.07254751826162988,0.011607594286263645,0.030440160539607655,none,clarify,4258,394,assistant,1.0,GPT,GPT,GPT,Bicycle
0.01865218883355573,0.0,0.0010127110821249315,1.0166032990601537,0.0002259198392978267,0.0,0.01399661955312207,none,none,3853,396,user,0.0,GPT,GPT,GPT,Bicycle
0.0,0.003892670705103831,0.0,0.9990955079944592,0.0,0.0,0.0,none,clarify,3861,396,assistant,0.0476190476190476,GPT,GPT,GPT,Bicycle
0.03049838401600156,0.9893643612695656,0.0,1.9835241770621765,0.004235966895978697,0.0,0.006937027005586032,none,clarify,3878,396,user,0.0952380952380952,GPT,GPT,GPT,Bicycle
0.44630227122815597,1.7385010881010006,0.08277855599897618,2.4527154938747833,0.678382506011262,0.04253227655807681,2.268802525182226,none,none,3883,396,assistant,0.1428571428571428,GPT,GPT,GPT,Bicycle
0.36244596939085283,0.5033095741407778,0.011174120004448836,1.7739742662402245,0.059597440950741085,0.0,0.8408605561931283,none,none,3931,396,user,0.1904761904761904,GPT,GPT,GPT,Bicycle
0.41121441712397505,1.4948463770882456,0.0,2.8662353701361707,0.766785293418432,0.0,2.2666122462811695,none,none,3932,396,assistant,0.238095238095238,GPT,GPT,GPT,Bicycle
0.5390325407255341,0.6454598792820466,0.0,2.2981508123512384,0.29519990413979874,0.0,1.6081227480541394,none,none,3969,396,user,0.2857142857142857,GPT,GPT,GPT,Bicycle
0.639581827500248,1.2896230230256271,0.1138875237289796,2.33690501313981,0.47068182494767524,0.04568833496684349,1.7838631858358884,none,none,3973,396,assistant,0.3333333333333333,GPT,GPT,GPT,Bicycle
0.18965458855034714,0.04023395190486687,0.0,2.0073392818706437,0.0,0.0012800167261290565,0.20904974671207616,none,clarify,4065,396,user,0.3809523809523809,GPT,GPT,GPT,Bicycle
0.9494898381436402,0.116728349999864,0.0,2.4432168174409123,0.48798126418873433,0.1112431839702921,1.3615197168286761,none,none,4066,396,assistant,0.4285714285714285,GPT,GPT,GPT,Bicycle
0.4268764730578887,0.591283554591485,0.13044529152742274,2.150677167813834,0.33463538694943384,0.0,1.8314626042293187,none,none,4119,396,user,0.4761904761904761,GPT,GPT,GPT,Bicycle
0.6904976458170796,1.3954939700117475,0.0,2.666329189627766,0.7640985720648916,0.0,1.525877505421808,none,none,4121,396,assistant,0.5238095238095238,GPT,GPT,GPT,Bicycle
0.7138185303953796,0.4942709873441859,0.0,2.2236073186820007,0.5205713315311,0.04962006482101673,1.518143003888626,none,none,4169,396,user,0.5714285714285714,GPT,GPT,GPT,Bicycle
0.6185684642987411,0.8145529865111193,0.0,2.463157975851235,0.9594843379857191,0.0,1.6052247604008187,none,none,4171,396,assistant,0.6190476190476191,GPT,GPT,GPT,Bicycle
0.6801805647651056,0.5132803664375907,0.0533673586423074,2.0580088912248753,0.5016943238943009,0.0,1.1481218275670215,none,none,4199,396,user,0.6666666666666666,GPT,GPT,GPT,Bicycle
1.4015204172198887,1.2772641169552656,0.0,2.542932905636267,0.7314678393290743,0.1780503961881339,1.6959519010887525,none,none,4200,396,assistant,0.7142857142857143,GPT,GPT,GPT,Bicycle
0.43160267359210625,0.15925612330728983,0.015074342553976564,2.1944818363526717,0.2764069163197996,0.03291290671193667,1.0091276458731961,none,none,4227,396,user,0.7619047619047619,GPT,GPT,GPT,Bicycle
0.638182737065807,2.1222907457194315,0.0,2.516217474306473,0.7098099781508265,0.02742186300756649,2.3830558286861265,none,none,4228,396,assistant,0.8095238095238095,GPT,GPT,GPT,Bicycle
0.09915821385845741,0.43083965674233454,0.02618564549655627,1.5783737502258872,0.7389839707798809,0.0,1.3532746043431423,none,none,4239,396,user,0.8571428571428571,GPT,GPT,GPT,Bicycle
0.9329709085521815,0.712502208847262,0.0,2.4898482365340393,0.5447004727014872,0.09428314882463219,1.538729749822616,none,none,4242,396,assistant,0.9047619047619048,GPT,GPT,GPT,Bicycle
0.33108828155889913,0.3462140258532389,0.011174120004448836,1.6835472146906414,0.1241795916523336,0.020186879877818246,0.4703264681366299,none,none,4249,396,user,0.9523809523809524,GPT,GPT,GPT,Bicycle
1.495645583523,1.169611471436782,0.013094138534216098,2.6611662808588123,0.618749835724091,0.4131497356795033,2.5622108446830874,none,none,4251,396,assistant,1.0,GPT,GPT,GPT,Bicycle
0.01865218883355573,0.0,0.0010127110821249315,1.0166032990601537,0.0002259198392978267,0.0,0.01399661955312207,none,none,3855,397,user,0.0,GPT,GPT,GPT,Bicycle
0.0,0.003892670705103831,0.0,0.9990955079944592,0.0,0.0,0.0,none,clarify,3863,397,assistant,0.0526315789473684,GPT,GPT,GPT,Bicycle
0.03049838401600156,0.9893643612695656,0.0,1.9835241770621765,0.004235966895978697,0.0,0.006937027005586032,none,clarify,3904,397,user,0.1052631578947368,GPT,GPT,GPT,Bicycle
0.0,1.7932406980111384,0.002440382359341317,2.8875995871137348,0.7055374443064557,0.0,2.5586832681666416,none,none,3906,397,assistant,0.1578947368421052,GPT,GPT,GPT,Bicycle
0.7448700994183794,1.422248976156633,0.0,2.2449365160005827,0.44715751062275816,0.019454577302870587,1.7838938642059117,none,none,3940,397,user,0.2105263157894736,GPT,GPT,GPT,Bicycle
1.3542008092459097,1.7765994194697023,0.0,2.743104588012226,0.703442226512162,0.1374839722204422,2.129869006580311,none,none,3942,397,assistant,0.2631578947368421,GPT,GPT,GPT,Bicycle
0.8077731911625562,0.6760337935089815,0.0,1.8578421334714454,0.24300538943159497,0.0,0.388927123303315,none,open_what_if,3970,397,user,0.3157894736842105,GPT,GPT,GPT,Bicycle
0.2523728972281473,1.4064808352583664,0.01117751253283134,2.3720730270976684,0.6743938222877445,0.0,2.392543490974518,none,none,3977,397,assistant,0.3684210526315789,GPT,GPT,GPT,Bicycle
0.16002168612445555,0.5826986719435129,0.006587474266902196,1.2253552678160058,0.004251994299699771,0.0,0.9367796249849675,none,clarify,3986,397,user,0.4210526315789473,GPT,GPT,GPT,Bicycle
0.45757658687310104,1.1918160848468522,0.0030214115273177445,2.7610147493526402,0.6440641198964491,0.07632444490499159,2.1560364169692567,none,none,3989,397,assistant,0.4736842105263157,GPT,GPT,GPT,Bicycle
0.15538529180332053,0.4470602650688479,0.0028610478874404556,1.1379088854193022,0.0,0.008247465080763332,0.4023874949019068,none,clarify,4013,397,user,0.5263157894736842,GPT,GPT,GPT,Bicycle
0.40351113556370277,1.5090929633404455,0.0,2.8388061486216167,0.925312959008094,0.0,2.1472984488747744,none,none,4014,397,assistant,0.5789473684210527,GPT,GPT,GPT,Bicycle
0.43318812864970113,1.0804158906481514,0.0,2.1111860809543725,0.5068775269704309,0.0,1.8659965482812682,none,none,4060,397,user,0.631578947368421,GPT,GPT,GPT,Bicycle
0.0,1.4855373033480734,0.0,2.7228147684630843,0.6679029839781213,0.08369544646298575,2.4975209134177394,none,none,4064,397,assistant,0.6842105263157895,GPT,GPT,GPT,Bicycle
0.5476114546377924,0.5971542012200965,0.0,1.6889288499118797,0.2367455352603044,0.05576800941161283,0.8567776375433246,none,clarify,4135,397,user,0.7368421052631579,GPT,GPT,GPT,Bicycle
0.35115578784561297,1.513036661769616,0.003405609251247961,2.7223777282958785,0.78179686998967,0.0,2.3714006699862145,none,none,4137,397,assistant,0.7894736842105263,GPT,GPT,GPT,Bicycle
0.7264146683852823,0.5424499025867252,0.0,1.9724979459266183,0.0995803565390665,0.0345976859187591,1.0057120221694702,none,none,4155,397,user,0.8421052631578947,GPT,GPT,GPT,Bicycle
1.14887160352862,1.9307162973129395,0.007439432076294165,2.465855225644807,0.5654383472441801,0.0,2.2050675826183643,none,none,4157,397,assistant,0.8947368421052632,GPT,GPT,GPT,Bicycle
0.7637856860030838,0.3129234584716549,0.0,1.4864467111734299,0.27539364900755736,0.16000145780818592,0.7167444357436231,none,none,4181,397,user,0.9473684210526316,GPT,GPT,GPT,Bicycle
1.167085630004947,1.4801405563003647,0.0,2.462738225033958,0.680895319212722,0.09930490833462423,2.2736034838996058,none,none,4182,397,assistant,1.0,GPT,GPT,GPT,Bicycle
0.01865218883355573,0.0,0.0010127110821249315,1.0166032990601537,0.0002259198392978267,0.0,0.01399661955312207,none,none,3859,398,user,0.0,GPT,GPT,GPT,Bicycle
0.0,0.003892670705103831,0.0,0.9990955079944592,0.0,0.0,0.0,none,clarify,3864,398,assistant,0.0526315789473684,GPT,GPT,GPT,Bicycle
0.03049838401600156,0.9893643612695656,0.0,1.9835241770621765,0.004235966895978697,0.0,0.006937027005586032,none,clarify,3874,398,user,0.1052631578947368,GPT,GPT,GPT,Bicycle
0.0024344093428612613,1.8449612870474563,0.10625736648352574,2.9198482961298575,0.698688681208458,0.09383015697121838,2.57959951542944,none,none,3881,398,assistant,0.1578947368421052,GPT,GPT,GPT,Bicycle
0.6305762576542261,0.5788496504962074,0.0030214115273177445,1.9219818146292798,0.0803735381984743,0.0314964222916166,1.3843605823389742,none,none,3981,398,user,0.2105263157894736,GPT,GPT,GPT,Bicycle
0.2048159734760884,1.973146693067912,0.04443621294743317,2.295250783279071,0.4263995999374895,0.041300524432474624,1.911408549660293,none,none,3984,398,assistant,0.2631578947368421,GPT,GPT,GPT,Bicycle
0.6228585770248033,0.4564152700212738,1.2376405689131782,1.419374669998378,0.31977006761583177,0.05594194857180009,0.044045026013726306,neutral,clarify,4015,398,user,0.3157894736842105,GPT,GPT,GPT,Bicycle
0.5441449857265063,0.521756693668839,0.0,1.8189154020257579,0.13526475437803367,0.0,0.23240396265555566,none,open_what_if,4016,398,assistant,0.3684210526315789,GPT,GPT,GPT,Bicycle
0.3192244774293084,0.5930615296406078,0.011364758522871752,2.282176664501973,0.66553043950849,0.0,1.367155439700686,none,none,4047,398,user,0.4210526315789473,GPT,GPT,GPT,Bicycle
0.2167137657837151,1.3741169358201348,0.0,2.6854229829991985,1.0116547148120927,0.0,1.1461413446254882,none,none,4048,398,assistant,0.4736842105263157,GPT,GPT,GPT,Bicycle
0.5837128354464852,0.4369372197353632,0.0,1.9166434306800366,0.13223214340531875,0.0,1.1453682816184316,none,none,4071,398,user,0.5263157894736842,GPT,GPT,GPT,Bicycle
0.3711220812567871,0.5514177547912316,0.18277015493147564,2.5062196898882103,0.42156088321539714,0.09732890265937193,1.1149755274343827,none,none,4073,398,assistant,0.5789473684210527,GPT,GPT,GPT,Bicycle
0.18509385014989718,0.7581159258537601,0.006921634076845472,1.919505722278636,0.686484576158606,0.002490805205704156,1.7018298419133977,none,none,4123,398,user,0.631578947368421,GPT,GPT,GPT,Bicycle
0.5893625358445791,0.8610533793274046,0.27342549769702545,2.3568687967887043,0.882405844049979,0.40722620681038096,2.058644342776358,none,none,4124,398,assistant,0.6842105263157895,GPT,GPT,GPT,Bicycle
0.295747443849802,0.10726921382697267,0.05672691442764196,2.2161880172288044,0.35026608125091485,0.0,1.261696147513385,none,none,4184,398,user,0.7368421052631579,GPT,GPT,GPT,Bicycle
0.12955131093173008,1.7633515062382377,0.0,2.665157473761223,0.5644931905220769,0.0,2.635322806683294,none,none,4188,398,assistant,0.7894736842105263,GPT,GPT,GPT,Bicycle
0.2816073778694444,0.3621945574717482,0.02329987597237202,2.0708854890890844,0.4258583628859594,0.214634467401418,0.9370035358753548,none,none,4211,398,user,0.8421052631578947,GPT,GPT,GPT,Bicycle
0.5097804294399685,0.8720488977369447,0.13279717267703814,2.5744833627202364,0.5820521589783084,0.0996814059694669,1.2399443074652596,none,none,4214,398,assistant,0.8947368421052632,GPT,GPT,GPT,Bicycle
0.458732120044306,0.15167659601282774,0.0789815472914964,2.0358789149709056,0.33216776317228264,0.0,0.8283794319635707,none,none,4241,398,user,0.9473684210526316,GPT,GPT,GPT,Bicycle
0.5173747635608774,0.5441998043347189,0.14246797315442936,2.4975511235830234,0.3795097137189994,0.0,1.551144817792777,none,none,4244,398,assistant,1.0,GPT,GPT,GPT,Bicycle
0.01865218883355573,0.0,0.0010127110821249315,1.0166032990601537,0.0002259198392978267,0.0,0.01399661955312207,none,none,3857,399,user,0.0,GPT,GPT,GPT,Bicycle
0.0,0.003892670705103831,0.0,0.9990955079944592,0.0,0.0,0.0,none,clarify,3862,399,assistant,0.0769230769230769,GPT,GPT,GPT,Bicycle
0.03049838401600156,0.9893643612695656,0.0,1.9835241770621765,0.004235966895978697,0.0,0.006937027005586032,none,clarify,3892,399,user,0.1538461538461538,GPT,GPT,GPT,Bicycle
0.0,1.8105114680750747,0.0,2.9649322573648433,0.9030315613776798,0.02368479639351036,1.99867126329438,none,none,3897,399,assistant,0.2307692307692307,GPT,GPT,GPT,Bicycle
0.36688487384779217,0.6155600512848264,0.006802658439726921,2.0445744919514524,0.18288299595990437,0.0,1.5849516452691748,none,none,3934,399,user,0.3076923076923077,GPT,GPT,GPT,Bicycle
0.8360096048071708,1.054307740669696,0.054918782245632555,2.7193724232419827,0.5726865867642287,0.029989021061508036,1.6300514519781801,none,none,3938,399,assistant,0.3846153846153846,GPT,GPT,GPT,Bicycle
0.5028530812959896,0.5087159303938957,0.03796070712063502,2.092759225962233,0.39325220036059977,0.01989745048292415,1.8572096044484843,none,none,4035,399,user,0.4615384615384615,GPT,GPT,GPT,Bicycle
0.4787628201298728,1.4108445474798281,0.9509486129609596,2.73342593151317,0.9776798907398071,0.0,2.058091309437319,constructive,none,4039,399,assistant,0.5384615384615384,GPT,GPT,GPT,Bicycle
0.2589169532686097,0.0667685023352073,0.0047978423637917685,1.9408939509578158,0.12962712546007665,0.0,0.8804693146304886,none,none,4077,399,user,0.6153846153846154,GPT,GPT,GPT,Bicycle
0.524571424282104,1.4669580157147923,0.0,2.603568130507579,0.6774246455999222,0.06592324854872918,2.506504414321748,none,none,4079,399,assistant,0.6923076923076923,GPT,GPT,GPT,Bicycle
0.0,0.5235653579754109,0.6379147519217493,1.7394093192462452,0.3314509570723142,0.0,0.7558780635465229,none,none,4097,399,user,0.7692307692307693,GPT,GPT,GPT,Bicycle
0.2208861313920035,1.2139133832091553,0.9424290829047958,2.3828393156468395,0.6497330638900966,0.0,2.2828933544648975,constructive,none,4099,399,assistant,0.8461538461538461,GPT,GPT,GPT,Bicycle
0.18578711484663307,0.25695805828873547,0.0,1.9172226787435533,0.18420426230688586,0.0,0.30801908810051704,none,none,4111,399,user,0.9230769230769232,GPT,GPT,GPT,Bicycle
0.4075812488441319,1.0138338493040822,0.006813137698376856,2.6423109328628707,0.568359939441025,0.0,1.765941615195029,none,none,4113,399,assistant,1.0,GPT,GPT,GPT,Bicycle
0.01865218883355573,0.0,0.0010127110821249315,1.0166032990601537,0.0002259198392978267,0.0,0.01399661955312207,none,none,3868,401,user,0.0,GPT,GPT,GPT,Bicycle
0.0,0.003892670705103831,0.0,0.9990955079944592,0.0,0.0,0.0,none,clarify,3870,401,assistant,0.024390243902439,GPT,GPT,GPT,Bicycle
0.03049838401600156,0.9893643612695656,0.0,1.9835241770621765,0.004235966895978697,0.0,0.006937027005586032,none,clarify,3884,401,user,0.048780487804878,GPT,GPT,GPT,Bicycle
0.2037798849689336,1.6590280417845589,0.11015758903305345,2.8447544870193986,0.48283153118450817,0.0,2.874760381930615,none,none,3888,401,assistant,0.073170731707317,GPT,GPT,GPT,Bicycle
0.18682421123175438,0.27280595343639574,0.0,1.5364733174948635,0.384961290299585,0.0,0.2806332435030867,none,none,3933,401,user,0.0975609756097561,GPT,GPT,GPT,Bicycle
0.26498082895059233,1.0284070399818601,0.007140297179402636,2.813765369340653,0.7567020336670391,0.0,1.5817620954156562,none,none,3937,401,assistant,0.1219512195121951,GPT,GPT,GPT,Bicycle
0.08763984860948626,0.15485455568438486,0.06187006886624258,1.3015055887022393,0.18858776201063787,0.4602109235856447,0.24165612593868627,none,none,3954,401,user,0.1463414634146341,GPT,GPT,GPT,Bicycle
0.9324431052590815,1.1038431505784998,0.0,2.2191630630367567,0.3594628363285276,0.05459327531438262,1.0666306767184945,none,none,3956,401,assistant,0.1707317073170731,GPT,GPT,GPT,Bicycle
0.14213989592464793,0.6690474789807738,0.023219183407349644,1.5809323432035502,0.17042417562483092,0.0,0.9627050625856078,none,none,3971,401,user,0.1951219512195122,GPT,GPT,GPT,Bicycle
0.7113992215380875,1.4630292402039664,0.02110739767761395,2.3483572023445918,0.6188692053159167,0.0,1.213112981037563,none,none,3974,401,assistant,0.2195121951219512,GPT,GPT,GPT,Bicycle
0.02559347811446828,0.4571172140336592,0.06835780640856069,1.3197469859038464,0.38189955130092185,0.21742070380362452,0.6037602007100484,none,none,3993,401,user,0.2439024390243902,GPT,GPT,GPT,Bicycle
0.9855096501695295,0.6617197558034227,0.0,2.548461489900812,0.6067115724705016,0.21676735920261564,1.4098415179368797,none,none,3994,401,assistant,0.2682926829268293,GPT,GPT,GPT,Bicycle
0.6240995966021581,0.5798797651243643,0.019516287314900828,1.994672591700153,0.23660165229225957,0.0,1.1033154368143985,none,clarify,4008,401,user,0.2926829268292683,GPT,GPT,GPT,Bicycle
0.8813278408637076,1.5138710048577557,0.9314578228879941,2.377953968104356,0.4295170386703403,0.16649859701228584,1.244775715661364,constructive,none,4012,401,assistant,0.3170731707317073,GPT,GPT,GPT,Bicycle
0.14515199479388602,0.4275923044331068,0.0,1.3914040244662234,0.4935715980919152,0.16106347344480745,0.6749509945212422,none,clarify,4021,401,user,0.3414634146341463,GPT,GPT,GPT,Bicycle
0.5219956188930868,1.181060926909201,0.0,2.592633734483172,0.8644250083732049,0.06501036744543434,1.674412279850998,none,none,4023,401,assistant,0.3658536585365853,GPT,GPT,GPT,Bicycle
0.14824635679098072,0.5981898911407841,0.6097604208275508,1.2817781555823868,0.073745419870883,0.3133395098344826,0.1881284860071778,none,none,4031,401,user,0.3902439024390244,GPT,GPT,GPT,Bicycle
0.44288793115890035,1.6092904202894045,0.0,2.2906294396006373,0.8124903542835659,0.017548209521034183,2.0093703022174316,none,none,4032,401,assistant,0.4146341463414634,GPT,GPT,GPT,Bicycle
0.07124649728521289,0.6454107231583088,0.0,1.3380998102530854,0.06719079238732655,0.0,0.28403953272966015,none,clarify,4050,401,user,0.4390243902439024,GPT,GPT,GPT,Bicycle
0.12888979141484525,1.93843782061943,0.0014090761010349276,2.895670532897752,0.9451774745089166,0.0,1.1052421573548417,none,none,4053,401,assistant,0.4634146341463415,GPT,GPT,GPT,Bicycle
0.34503603531900656,0.4562834633250301,0.2766972927544073,1.4213586642636107,0.41674269902224587,0.01789204169305125,0.1459545787982602,neutral,none,4069,401,user,0.4878048780487805,GPT,GPT,GPT,Bicycle
0.7835471020084627,1.9223476393669678,0.009561784578166015,2.502628017355943,0.9300238168135752,0.0,1.588405102695493,none,none,4070,401,assistant,0.5121951219512195,GPT,GPT,GPT,Bicycle
0.0,0.8866630373274182,0.004842560722575948,1.5713992001147188,0.17264523916681487,0.0076381761557064365,0.5215733883212536,none,none,4089,401,user,0.5365853658536586,GPT,GPT,GPT,Bicycle
0.5777375698171969,1.2970952906730877,0.0,2.5408908329872997,0.42793936556216894,0.3082312307186777,1.9296841369268949,none,none,4090,401,assistant,0.5609756097560976,GPT,GPT,GPT,Bicycle
0.5295012392869345,0.32581236779373024,0.4813246312722143,1.413925971447178,0.4807520082601116,0.4997727693419307,0.11564005841216145,none,none,4103,401,user,0.5853658536585366,GPT,GPT,GPT,Bicycle
0.3691976974094286,1.5261036702104056,0.0008280469330584905,2.33397307462149,0.42368720510216284,0.04065692281861733,1.1027794285994226,none,none,4104,401,assistant,0.6097560975609756,GPT,GPT,GPT,Bicycle
0.2361755116160338,1.1042122638128768,0.005350592459972585,1.561548122537472,0.5233675579250705,0.0019456607487973805,0.6449148626694394,none,clarify,4117,401,user,0.6341463414634146,GPT,GPT,GPT,Bicycle
0.4022787808956453,1.0815501569442207,0.0,2.303406979700578,0.7515509179215789,0.2586494234547425,1.3269902344452367,none,none,4118,401,assistant,0.6585365853658537,GPT,GPT,GPT,Bicycle
0.37150666395989096,0.36098925369875456,0.16996974586214225,1.943743359232223,0.331081179736272,0.16123271196519026,0.8292044646580542,none,clarify,4129,401,user,0.6829268292682927,GPT,GPT,GPT,Bicycle
0.22770943483575845,1.2997926870401029,0.020890002474694802,2.438789132725699,0.4088404012751267,0.0,1.6673466787740012,none,none,4130,401,assistant,0.7073170731707317,GPT,GPT,GPT,Bicycle
0.47099344418121397,0.014653711182924075,0.0,1.594022938082522,0.6437302399649267,0.0,0.7664067722569057,none,none,4143,401,user,0.7317073170731707,GPT,GPT,GPT,Bicycle
0.40553321124265596,0.8399037489091068,0.0,2.4115275212014207,0.6355611307590745,0.021627916346130226,1.179125503747629,none,none,4144,401,assistant,0.7560975609756098,GPT,GPT,GPT,Bicycle
0.2584116664366652,0.2584797499092201,0.0002694895636206088,2.1465435554262915,0.19668664928928775,0.29068286566613016,0.3668552004120391,none,none,4149,401,user,0.7804878048780488,GPT,GPT,GPT,Bicycle
0.8519473106080749,1.3856475881091297,0.004728269482586217,2.319916406733763,0.7748625562773486,0.05119171159060136,1.3051774121607798,none,none,4150,401,assistant,0.8048780487804879,GPT,GPT,GPT,Bicycle
0.26521385862966224,0.35355335407577676,0.026016420250398575,1.4428452029534355,0.2263217248857496,0.15068155379012413,0.8322504119332533,none,none,4163,401,user,0.8292682926829268,GPT,GPT,GPT,Bicycle
0.39842266325667475,1.176179892230779,0.02559330982313863,2.4270389742147245,1.096849517331518,0.06888739454046178,0.9838595068118394,none,none,4164,401,assistant,0.8536585365853658,GPT,GPT,GPT,Bicycle
0.05529212205485129,0.3845202185566345,0.13519573152914507,1.461497346127761,0.16629131794791605,0.030008402228127822,1.2483415254753654,none,none,4173,401,user,0.8780487804878049,GPT,GPT,GPT,Bicycle
0.4302358922044462,0.9967255188994174,0.0,2.4634453664152516,0.4047323052115904,0.06654960476205697,1.6335113585911625,none,none,4174,401,assistant,0.902439024390244,GPT,GPT,GPT,Bicycle
0.571104030794963,0.11624490982995539,0.0029129151488491325,1.8020836657901322,0.07081007776525361,0.0545473565225101,0.866862344787975,none,clarify,4183,401,user,0.926829268292683,GPT,GPT,GPT,Bicycle
0.3044679374459608,0.6399304112106677,0.005016395247316519,2.532665882781595,0.32689808708313445,0.05806435657347392,1.8101609998307695,none,none,4186,401,assistant,0.951219512195122,GPT,GPT,GPT,Bicycle
0.03225488427673192,0.012366799393639546,0.03112714141208221,1.0265849328054275,0.04337954971422703,0.0,0.012394033381807584,none,clarify,4201,401,user,0.975609756097561,GPT,GPT,GPT,Bicycle
0.3951079077730075,1.3681031804069779,0.016856179649648605,2.521944585723686,0.5779047817113027,0.01745012214700336,1.2652565139050918,none,none,4202,401,assistant,1.0,GPT,GPT,GPT,Bicycle
0.01865218883355573,0.0,0.0010127110821249315,1.0166032990601537,0.0002259198392978267,0.0,0.01399661955312207,none,none,3871,402,user,0.0,GPT,GPT,GPT,Bicycle
0.0,0.003892670705103831,0.0,0.9990955079944592,0.0,0.0,0.0,none,clarify,3872,402,assistant,0.0285714285714285,GPT,GPT,GPT,Bicycle
0.03049838401600156,0.9893643612695656,0.0,1.9835241770621765,0.004235966895978697,0.0,0.006937027005586032,none,clarify,3898,402,user,0.0571428571428571,GPT,GPT,GPT,Bicycle
0.17563554900333264,1.713187948398782,0.0,2.83892145839413,0.41790272719505317,0.03914393589687685,2.4646289545954203,none,none,3901,402,assistant,0.0857142857142857,GPT,GPT,GPT,Bicycle
0.1061532521634376,0.4458658053502018,0.04608586724103195,1.8223811145972382,0.3191053179252712,0.0,0.2568601919987023,none,none,3915,402,user,0.1142857142857142,GPT,GPT,GPT,Bicycle
0.6231480573928949,1.798931974719402,0.13891370147305443,2.5085798535745516,0.39509977793983936,0.04346490372167915,2.196866884222038,none,none,3916,402,assistant,0.1428571428571428,GPT,GPT,GPT,Bicycle
0.5222311132147281,0.04183860733741568,0.006408504450911347,1.9803504956639633,0.48488119727696577,0.015915231777161365,1.0724179646932965,none,none,3963,402,user,0.1714285714285714,GPT,GPT,GPT,Bicycle
0.3850764651909762,1.5790668635456528,0.0002362901634970797,2.515614190673363,0.49488941415305476,0.08238518531484464,2.152706695603744,none,none,3964,402,assistant,0.2,GPT,GPT,GPT,Bicycle
0.7422556645339139,0.3640719550790974,0.0,1.8587600574481031,0.19091371972389234,0.0,1.121389098666656,none,clarify,3991,402,user,0.2285714285714285,GPT,GPT,GPT,Bicycle
0.3748851208729125,1.8227377490434735,0.0,2.616417802902127,0.5750580621585142,0.12515424908185863,1.9145060304535082,none,none,3992,402,assistant,0.2571428571428571,GPT,GPT,GPT,Bicycle
0.21183970944786248,0.43551801214815894,0.2747084207559588,2.0281355205285303,0.4268686916012065,0.0012479319351739796,0.7985448216214918,none,none,4018,402,user,0.2857142857142857,GPT,GPT,GPT,Bicycle
0.38984817481938533,1.7269306679163752,0.0,2.2972552700582214,0.5987605979849535,0.09201396917447709,2.4837756811662466,none,none,4020,402,assistant,0.3142857142857143,GPT,GPT,GPT,Bicycle
0.16932269964022587,0.11947524963300307,0.227716823048579,1.3218091286678542,0.48510173862507416,0.010278676719989072,0.07585609370948576,none,none,4025,402,user,0.3428571428571428,GPT,GPT,GPT,Bicycle
0.17999393047238757,1.309697057492344,0.0,2.443760431535547,0.3185870400572125,0.07568531947337327,1.6877340240065641,none,none,4026,402,assistant,0.3714285714285714,GPT,GPT,GPT,Bicycle
0.08303367017817051,0.7798285554774511,0.05411117547955448,1.7990810904334746,0.26374941054805606,0.021013270352294028,0.5068332711362236,none,none,4049,402,user,0.4,GPT,GPT,GPT,Bicycle
1.0323682212388343,1.4950756046986695,0.0023318859808726957,2.5463050938632232,0.43233769014191886,0.30070903369709295,2.0386558505469914,none,none,4052,402,assistant,0.4285714285714285,GPT,GPT,GPT,Bicycle
0.3181329863380794,0.3145465143808437,0.04620297402190926,1.3482790024466411,0.2317509750446226,0.0,0.17717528034868363,none,none,4067,402,user,0.4571428571428571,GPT,GPT,GPT,Bicycle
0.24836707719014195,1.5816293333316938,0.001224324772333224,2.633819486708502,0.3958382853339478,0.09378502713215348,2.306620366285433,none,none,4068,402,assistant,0.4857142857142857,GPT,GPT,GPT,Bicycle
0.3409290975686859,0.5039490510523331,0.10350245442510242,1.7280284795346674,0.7016738965435106,0.0016203261288894617,1.1625142838817824,none,none,4081,402,user,0.5142857142857142,GPT,GPT,GPT,Bicycle
0.3580589033414275,1.5780488895483882,0.004212928826557662,2.324469209857383,0.4432234667739585,0.3166221297057353,1.766422188450071,none,none,4082,402,assistant,0.5428571428571428,GPT,GPT,GPT,Bicycle
0.8524639541347079,0.1812784194062682,0.016442513134626715,1.5973131075503624,0.10424633721774983,0.02486295751221944,1.106540051350904,none,clarify,4098,402,user,0.5714285714285714,GPT,GPT,GPT,Bicycle
0.1046608834930645,2.8513789742841085,0.006147465389396151,2.9454187118896114,0.9634932454844021,0.025865141444864365,2.8923332891102693,none,none,4100,402,assistant,0.6,GPT,GPT,GPT,Bicycle
0.11984404046859064,0.5188836478090081,0.4472331378294038,2.128943070253324,0.26976467892901534,0.006041612481236767,0.14841808476560855,neutral,none,4105,402,user,0.6285714285714286,GPT,GPT,GPT,Bicycle
0.6106781797756017,1.6745818619333688,0.0002362901634970797,2.7019097246627,0.31442063377360496,0.08519288959741597,2.2482566448535644,none,none,4108,402,assistant,0.6571428571428571,GPT,GPT,GPT,Bicycle
0.5140750526537577,0.10255257390305705,0.0,1.6006441259647903,0.2302435079719391,0.0,0.6760184233946882,none,none,4141,402,user,0.6857142857142857,GPT,GPT,GPT,Bicycle
0.7441024199287064,1.430769219783788,0.2369293648712813,2.718886846290986,0.7204624065676003,0.07844036709517442,2.392882859738729,none,none,4146,402,assistant,0.7142857142857143,GPT,GPT,GPT,Bicycle
0.8587918896691806,0.6478479226527235,0.0,1.923293203476157,0.21367703006211564,0.0,1.4971247460251516,none,none,4176,402,user,0.7428571428571429,GPT,GPT,GPT,Bicycle
0.4447214663432323,1.7533878813304165,0.0002362901634970797,2.594978932402714,0.32525788679871526,0.0,1.9624302676703793,none,none,4178,402,assistant,0.7714285714285715,GPT,GPT,GPT,Bicycle
0.4508017865335767,0.3590561298308785,0.0,1.5928125061827723,0.26689193156239077,0.040532303253369796,1.0558729703554424,none,clarify,4193,402,user,0.8,GPT,GPT,GPT,Bicycle
0.5231176245546867,1.7189316923066016,0.2611546431126481,2.3518466489304415,0.769888206813046,0.14787235082311925,2.4119232369444976,none,none,4194,402,assistant,0.8285714285714286,GPT,GPT,GPT,Bicycle
0.0,0.050168871074480724,0.0,1.9342791067060414,0.09068671184403945,0.0,0.07032620679640635,none,clarify,4209,402,user,0.8571428571428571,GPT,GPT,GPT,Bicycle
0.1962783388266815,1.8914070471768516,0.4150422825964318,2.6698777283329798,0.6152265087657376,0.10472010501419025,1.7825528784226905,none,none,4213,402,assistant,0.8857142857142857,GPT,GPT,GPT,Bicycle
0.028213694989006503,0.24796825074903578,0.011132249001733914,1.6261414233361278,0.12170396274263567,0.12378601881038195,0.4740420410895254,none,none,4247,402,user,0.9142857142857144,GPT,GPT,GPT,Bicycle
0.39903818469597446,1.6446885855733402,0.9554620113885353,2.3843109111697296,0.547735473061727,0.10093372048489707,1.812138250855732,constructive,none,4248,402,assistant,0.9428571428571428,GPT,GPT,GPT,Bicycle
0.3258239238473913,0.4248111922975801,0.01117751253283134,1.8136600913787817,0.36853598721782727,0.004462745916081951,0.10259543888426696,none,none,4253,402,user,0.9714285714285714,GPT,GPT,GPT,Bicycle
0.570494075627625,1.5131240924102878,0.006846125876518489,2.542888448857817,0.3469656865033009,0.3892834749452062,2.1934443793240734,none,none,4254,402,assistant,1.0,GPT,GPT,GPT,Bicycle
0.01865218883355573,0.0,0.0010127110821249315,1.0166032990601537,0.0002259198392978267,0.0,0.01399661955312207,none,none,3876,403,user,0.0,GPT,GPT,GPT,Bicycle
0.0,0.003892670705103831,0.0,0.9990955079944592,0.0,0.0,0.0,none,clarify,3879,403,assistant,0.04,GPT,GPT,GPT,Bicycle
0.03049838401600156,0.9893643612695656,0.0,1.9835241770621765,0.004235966895978697,0.0,0.006937027005586032,none,clarify,3911,403,user,0.08,GPT,GPT,GPT,Bicycle
0.468443831672576,1.2067291816938452,0.002440382359341317,2.865580533350487,0.9076365124242992,0.03551118734450722,0.8008555007840916,none,none,3912,403,assistant,0.12,GPT,GPT,GPT,Bicycle
0.7316436787641024,0.22480309322199024,0.09619374232295945,1.5722863851180868,0.30632432012875543,0.0,0.7817189576715902,none,none,3928,403,user,0.16,GPT,GPT,GPT,Bicycle
0.052132310061605534,1.070788554195918,0.038288997422849934,2.9137429306890295,0.9550432710421725,0.0,0.9621521456295183,none,none,3930,403,assistant,0.2,GPT,GPT,GPT,Bicycle
0.0,0.3227310557542845,0.014506838478758725,1.3572430046837536,0.167958355391554,0.0,0.3104205472763202,none,clarify,3947,403,user,0.24,GPT,GPT,GPT,Bicycle
0.690861196575164,1.9480160805656703,0.974687266508337,2.6611928886206604,0.7512896703283172,0.05831746601484885,2.5102328804002543,constructive,none,3948,403,assistant,0.28,GPT,GPT,GPT,Bicycle
0.16371741713780516,0.27908555900166465,0.0,1.5911526025573468,0.1001497414307829,0.0,0.8342933191801448,none,clarify,4003,403,user,0.32,GPT,GPT,GPT,Bicycle
0.17074670285940455,1.186367475474357,0.0,2.667197309914044,0.4624919920383068,0.0,2.160982977855888,none,none,4004,403,assistant,0.36,GPT,GPT,GPT,Bicycle
0.3816612904020741,0.0964717191069289,0.11424942898618072,1.7125909028537025,0.0,0.0,0.3215768242993033,none,clarify,4033,403,user,0.4,GPT,GPT,GPT,Bicycle
0.21476868753775935,1.8668698962885124,0.0,2.6723623309736104,0.6520316402332533,0.005277314994252417,2.5655739975843384,none,none,4037,403,assistant,0.44,GPT,GPT,GPT,Bicycle
0.26224297514890976,0.16217343872836687,0.0002026163706372509,1.92099018631148,0.3312450560147008,0.022966582156341703,0.8294214243367583,none,none,4106,403,user,0.48,GPT,GPT,GPT,Bicycle
0.12283120652837645,1.072869735585258,0.0,2.563191010902268,0.4586181017028925,0.022164459067743374,2.2628724292536084,none,none,4107,403,assistant,0.52,GPT,GPT,GPT,Bicycle
0.2532679535640423,0.31573391685212215,0.0,1.809608690406549,0.09322965184038662,0.18612149965891137,0.6044534185348202,none,clarify,4147,403,user,0.56,GPT,GPT,GPT,Bicycle
0.0,1.0724335181253513,1.0522998252379479,2.531751135079192,1.1662452464758553,0.017909884817476657,1.626779896676952,constructive,none,4148,403,assistant,0.6,GPT,GPT,GPT,Bicycle
0.37914990118721487,0.2658340967821165,0.5192325740208369,1.2951414751565236,0.0,0.038687521641507315,0.07211582502883469,none,clarify,4185,403,user,0.64,GPT,GPT,GPT,Bicycle
0.508696887538341,1.1413851999685825,0.005016395247316519,2.350913077370534,0.37055521154105486,0.03143183584001303,1.7707559765574037,none,none,4187,403,assistant,0.68,GPT,GPT,GPT,Bicycle
0.4966709844843739,0.33647207706162685,0.02378292700575789,1.749930860388073,0.09922476986927851,0.028804596440468695,0.6385857581975235,none,none,4205,403,user,0.72,GPT,GPT,GPT,Bicycle
0.4005789659501302,1.8001324425757659,0.0,2.598501094053861,0.934331882702874,0.12250957510161084,1.9273614064669258,none,none,4207,403,assistant,0.76,GPT,GPT,GPT,Bicycle
0.13315041129792965,0.27147898322360947,0.593531683198601,1.4321954063592826,0.2571576019050238,0.29355472065685767,0.4224299235592665,none,clarify,4229,403,user,0.8,GPT,GPT,GPT,Bicycle
0.027773802851945233,1.0834117982013622,0.0,2.4276035274250827,0.6542531625310416,0.0,1.876751499100065,none,none,4231,403,assistant,0.84,GPT,GPT,GPT,Bicycle
0.43991911501747416,0.42757617677579385,0.0,1.4700696681946082,0.0,0.33508675589860587,0.16614928491673667,none,clarify,4245,403,user,0.88,GPT,GPT,GPT,Bicycle
0.36059682077283245,0.5533566473124598,0.005016395247316519,2.457503920797544,0.38802542813363117,0.2089338129260858,1.973804082706324,none,none,4246,403,assistant,0.92,GPT,GPT,GPT,Bicycle
0.0,0.046982127850073156,0.003769099999997637,1.0629765943329483,0.005821187982087338,0.0,0.0649919695978672,none,clarify,4250,403,user,0.96,GPT,GPT,GPT,Bicycle
0.5557526762513797,1.3437202955978906,0.0,2.589488680572671,0.47721019862722075,0.09762066397479784,1.88411989921125,none,none,4252,403,assistant,1.0,GPT,GPT,GPT,Bicycle
0.01865218883355573,0.0,0.0010127110821249315,1.0166032990601537,0.0002259198392978267,0.0,0.01399661955312207,none,none,3875,404,user,0.0,GPT,GPT,GPT,Bicycle
0.0,0.003892670705103831,0.0,0.9990955079944592,0.0,0.0,0.0,none,clarify,3880,404,assistant,0.0476190476190476,GPT,GPT,GPT,Bicycle
0.03049838401600156,0.9893643612695656,0.0,1.9835241770621765,0.004235966895978697,0.0,0.006937027005586032,none,clarify,3903,404,user,0.0952380952380952,GPT,GPT,GPT,Bicycle
0.27662406530203126,1.7502194029386093,0.011994072479059434,2.9084859331664603,0.7721153574186514,0.022902830201005666,2.6567105787004492,none,none,3905,404,assistant,0.1428571428571428,GPT,GPT,GPT,Bicycle
0.8622833929111429,0.05741774517120252,0.008871248256371877,1.9876136537911153,0.05090366147955099,0.0,2.0067924206081815,none,none,3958,404,user,0.1904761904761904,GPT,GPT,GPT,Bicycle
0.5318596827199246,0.7193991842073996,0.12595429173326372,2.5095357730161068,0.6199390785988294,0.3834840413700449,1.4460591289283014,none,none,3961,404,assistant,0.238095238095238,GPT,GPT,GPT,Bicycle
0.21652232239992664,0.8051095519582081,0.06639947800230314,1.8179435294847754,0.37887741588378954,0.0091012646948558,0.9542594294267397,none,none,4005,404,user,0.2857142857142857,GPT,GPT,GPT,Bicycle
0.8172949070969092,1.4558587953153994,0.0,2.33392793144315,0.52368314390804,0.0,1.6109321789688698,none,none,4006,404,assistant,0.3333333333333333,GPT,GPT,GPT,Bicycle
0.7284235101038078,0.5041303372578296,0.17286311706508847,1.9312687670651802,0.1963466387087118,0.04312120956314917,0.770490889460956,none,none,4061,404,user,0.3809523809523809,GPT,GPT,GPT,Bicycle
0.6282725361387013,1.5170247359831002,0.0,2.566231930374678,0.8031390173916237,0.022640593941882337,1.5925079896741783,none,none,4062,404,assistant,0.4285714285714285,GPT,GPT,GPT,Bicycle
0.984871292697549,0.26451477723570976,0.0,1.9895563974325776,0.4524814040000224,0.0841280272189838,1.1342667999200777,none,none,4101,404,user,0.4761904761904761,GPT,GPT,GPT,Bicycle
1.0621388760350459,0.827987572601899,0.0,2.5099954073803916,0.8975512361357959,0.1356540785914157,1.395434457364022,none,none,4102,404,assistant,0.5238095238095238,GPT,GPT,GPT,Bicycle
0.42686185093777246,0.3670492831411205,0.002278190008813434,1.8779848127571825,0.5652595584471419,0.25297306710394757,0.5009038969787898,none,none,4120,404,user,0.5714285714285714,GPT,GPT,GPT,Bicycle
0.9173108033287625,0.3469578614148221,0.0,2.27197230341192,0.430773330563602,0.17361710772059383,1.2843038271932528,none,none,4122,404,assistant,0.6190476190476191,GPT,GPT,GPT,Bicycle
0.21637163637077997,0.262226111752752,0.09055503713463539,2.028563181233293,0.12810049564072482,0.0,0.5177110530131509,none,none,4142,404,user,0.6666666666666666,GPT,GPT,GPT,Bicycle
0.7319899166954184,0.5802434217967838,0.005999442742350303,2.49415592092878,0.5332921111490276,0.015917017238455865,0.7856824649801366,none,none,4145,404,assistant,0.7142857142857143,GPT,GPT,GPT,Bicycle
0.7069958947259368,0.5855362495885119,0.1776556301812468,2.3253497194576127,0.6408705818142594,0.013970535704410586,1.023898648419005,none,none,4189,404,user,0.7619047619047619,GPT,GPT,GPT,Bicycle
0.4072082477338805,1.38523847884437,0.0,2.524590821925342,0.5409815662653652,0.37768248580788844,1.8336999332596802,none,none,4190,404,assistant,0.8095238095238095,GPT,GPT,GPT,Bicycle
0.38988986872638076,0.44575709672472696,0.21113345067842296,1.7301598639902276,0.42470065014333774,0.010952066052393293,0.8005146178435474,none,none,4210,404,user,0.8571428571428571,GPT,GPT,GPT,Bicycle
0.7995775706344602,0.4928952693476174,0.0,2.4903547166765967,0.4308496364058242,0.01689786988137806,1.0438467198055856,none,none,4212,404,assistant,0.9047619047619048,GPT,GPT,GPT,Bicycle
0.49590297623544527,0.3670492831411205,0.002278190008813434,1.8779848127571825,0.7302170075039945,0.2408597498040524,0.5009038969787898,none,none,4223,404,user,0.9523809523809524,GPT,GPT,GPT,Bicycle
0.7875895428395092,1.4469337376882039,0.0,2.689418357100791,0.6497847934571336,0.02911232784171373,1.3782806920081185,none,none,4225,404,assistant,1.0,GPT,GPT,GPT,Bicycle
0.01865218883355573,0.0,0.0010127110821249315,1.0166032990601537,0.0002259198392978267,0.0,0.01399661955312207,none,none,3935,406,user,0.0,GPT,GPT,GPT,Bicycle
0.0,0.003892670705103831,0.0,0.9990955079944592,0.0,0.0,0.0,none,clarify,3939,406,assistant,0.0909090909090909,GPT,GPT,GPT,Bicycle
0.03049838401600156,0.9893643612695656,0.0,1.9835241770621765,0.004235966895978697,0.0,0.006937027005586032,none,clarify,3943,406,user,0.1818181818181818,GPT,GPT,GPT,Bicycle
0.14406957689340505,1.8967704407826633,0.3260379143438552,2.796012331498499,0.6465743658489589,0.03162490729288679,2.7199990200501007,none,none,3944,406,assistant,0.2727272727272727,GPT,GPT,GPT,Bicycle
0.24588090169560808,0.8100406101919798,0.4237087745274355,2.146058953630104,0.12603113741003047,0.0,0.48693828886790214,none,clarify,4009,406,user,0.3636363636363636,GPT,GPT,GPT,Bicycle
0.05857646982607765,1.5928526129755438,0.0,2.8131325936972966,0.735703616291744,0.008713668067721923,2.011052853203984,none,none,4011,406,assistant,0.4545454545454545,GPT,GPT,GPT,Bicycle
0.27290708124972063,0.09180117194101459,0.03303101100177333,1.1646561020213848,0.4764989158347204,0.0559938411686284,0.23577236247399164,none,none,4027,406,user,0.5454545454545454,GPT,GPT,GPT,Bicycle
0.5784428510332783,0.7737089393931775,0.0,2.3842420909948787,0.2908759491948314,0.14523600496174566,1.237193820567337,none,open_what_if,4028,406,assistant,0.6363636363636364,GPT,GPT,GPT,Bicycle
0.09435179892971435,0.20481745356833786,0.0934938667560583,1.7736852494847724,0.17650303686357496,0.0,0.6603387487879936,none,none,4043,406,user,0.7272727272727273,GPT,GPT,GPT,Bicycle
0.664708244973707,1.7821654716857847,0.0,2.4589343649442688,0.459399794124705,0.29320960844504096,2.1127337762697564,none,none,4044,406,assistant,0.8181818181818182,GPT,GPT,GPT,Bicycle
0.5728403459045167,0.38220323289109354,0.0,1.6325911788919207,0.0641327074977261,0.0,0.2968419758663665,none,clarify,4159,406,user,0.9090909090909092,GPT,GPT,GPT,Bicycle
0.043277356494766925,1.7988897853446821,0.139161682532363,2.6636850510567363,0.6391962934948892,0.017469467478992355,2.479175686018987,none,none,4160,406,assistant,1.0,GPT,GPT,GPT,Bicycle
0.01865218883355573,0.0,0.0010127110821249315,1.0166032990601537,0.0002259198392978267,0.0,0.01399661955312207,none,none,4262,411,user,0.0,Divergent,Persona,Divergent,Library
0.0,0.003892670705103831,0.0,0.9990955079944592,0.0,0.0,0.0,none,clarify,4265,411,assistant,0.1111111111111111,Divergent,Persona,Divergent,Library
0.008715222563156034,0.9966724427189927,0.0,1.9869316469784641,0.0,0.002672053286864946,0.0,none,clarify,4294,411,user,0.2222222222222222,Divergent,Persona,Divergent,Library
1.7017741653427452,1.9549650708876474,0.06651805804164493,2.5996621194524026,0.023258774277490523,0.49405794201334596,0.8261328315995772,none,open_what_if,4296,411,assistant,0.3333333333333333,Divergent,Persona,Divergent,Library
0.04734554535330824,0.9986600117180676,0.014505107439669278,1.9912943005957613,0.051334755838026803,0.012698298160725945,1.9294335749953477,none,none,4315,411,user,0.4444444444444444,Divergent,Persona,Divergent,Library
1.5091924269333332,1.8822934729436585,0.007470709456022901,2.3785522685960485,0.0736297260476421,0.8705669328965879,1.0382634720791426,none,open_what_if,4316,411,assistant,0.5555555555555556,Divergent,Persona,Divergent,Library
0.22201570714656282,0.40009233116388226,0.07614181375866057,2.056404157322032,0.11349503433905149,0.08575792209321187,0.9443033390909595,none,none,4331,411,user,0.6666666666666666,Divergent,Persona,Divergent,Library
1.5693868579880408,1.4634289990779725,0.2065992292371601,2.086889149489497,0.3058058907436765,1.156199584258747,1.59693214935769,none,open_what_if,4332,411,assistant,0.7777777777777778,Divergent,Persona,Divergent,Library
0.7947249380071472,0.74182190315896,0.007470709456022901,2.1512279574735707,0.20409644107089236,0.30286526210077663,1.749714705035543,none,none,4363,411,user,0.8888888888888888,Divergent,Persona,Divergent,Library
2.8196225063050098,1.1245262357148826,0.0059959628566857315,2.0319420388414096,0.021876587504033564,1.9900350265503164,0.24203011140351316,none,open_what_if,4366,411,assistant,1.0,Divergent,Persona,Divergent,Library
0.01865218883355573,0.0,0.0010127110821249315,1.0166032990601537,0.0002259198392978267,0.0,0.01399661955312207,none,none,4266,413,user,0.0,Divergent,Persona,Divergent,Library
0.0,0.003892670705103831,0.0,0.9990955079944592,0.0,0.0,0.0,none,clarify,4268,413,assistant,0.1111111111111111,Divergent,Persona,Divergent,Library
0.008715222563156034,0.9966724427189927,0.0,1.9869316469784641,0.0,0.002672053286864946,0.0,none,clarify,4273,413,user,0.2222222222222222,Divergent,Persona,Divergent,Library
2.7283777271691334,1.2893420958658461,0.004166232227483767,2.0374981047840652,0.1652976818873627,1.688031131787762,1.3662118874464944,none,open_what_if,4276,413,assistant,0.3333333333333333,Divergent,Persona,Divergent,Library
0.19508780523750094,1.887359503495666,1.9019038870475053,2.023425676054522,0.8704951478472374,0.9437017586451913,1.0030320070355057,neutral,none,4335,413,user,0.4444444444444444,Divergent,Persona,Divergent,Library
2.0425498011824303,1.0352148899759388,0.014928334925346506,2.050428721322954,0.006386960332871347,1.953935979968666,1.0755598816277034,none,open_what_if,4336,413,assistant,0.5555555555555556,Divergent,Persona,Divergent,Library
0.32140106943184704,0.33384273109968493,0.05159625544346363,1.394299334759988,0.23022966353232407,0.038423872108203076,1.0391373696817907,none,none,4357,413,user,0.6666666666666666,Divergent,Persona,Divergent,Library
2.274625383762579,1.6735661012254868,0.5673593114469654,2.27857131075643,0.1678593041202315,1.0673923560014968,1.0605488478919076,none,open_what_if,4358,413,assistant,0.7777777777777778,Divergent,Persona,Divergent,Library
0.8498674175889964,0.9253477021518377,0.0,2.0060577799669037,0.9071761663822465,0.018124283953016004,1.8302900652423166,none,none,4379,413,user,0.8888888888888888,Divergent,Persona,Divergent,Library
1.59103293102603,1.804437618775759,0.5419477293742956,2.2795942163107035,0.22264474886652116,0.8623839512949296,1.1792501038570846,none,open_what_if,4380,413,assistant,1.0,Divergent,Persona,Divergent,Library
0.01865218883355573,0.0,0.0010127110821249315,1.0166032990601537,0.0002259198392978267,0.0,0.01399661955312207,none,none,4269,414,user,0.0,Divergent,Persona,Divergent,Library
0.0,0.003892670705103831,0.0,0.9990955079944592,0.0,0.0,0.0,none,clarify,4270,414,assistant,0.0909090909090909,Divergent,Persona,Divergent,Library
0.008715222563156034,0.9966724427189927,0.0,1.9869316469784641,0.0,0.002672053286864946,0.0,none,clarify,4282,414,user,0.1818181818181818,Divergent,Persona,Divergent,Library
1.1006612443832835,1.9944145598063572,0.0,1.926229295719185,0.041789602238429244,1.1356404783293959,0.8206467486219613,none,open_what_if,4285,414,assistant,0.2727272727272727,Divergent,Persona,Divergent,Library
0.2819761595747732,0.6757482993426795,0.0,1.908995033823008,0.23543494278856472,0.08980527256905493,1.3985019767844542,none,none,4323,414,user,0.3636363636363636,Divergent,Persona,Divergent,Library
1.8367210435031864,1.799362540455925,0.009694444929378751,2.0523357621090477,0.13832454641276426,1.1985409089701886,1.2987139967390555,none,open_what_if,4324,414,assistant,0.4545454545454545,Divergent,Persona,Divergent,Library
0.9456080628008422,0.03236401937773562,0.039218832492748434,1.977627254201339,0.017750747952136877,0.007303825954588341,1.8399625796057701,none,none,4337,414,user,0.5454545454545454,Divergent,Persona,Divergent,Library
1.0296162637033535,1.4950887966682833,0.005839591920323391,2.247124272712484,0.05413342932476762,0.8087407887317465,1.8765194649117432,none,open_what_if,4338,414,assistant,0.6363636363636364,Divergent,Persona,Divergent,Library
0.2308756789162293,0.4106547991367207,0.0,1.9441841449460064,0.3427258416125009,0.0,0.862342215649011,none,none,4355,414,user,0.7272727272727273,Divergent,Persona,Divergent,Library
2.7822335604187973,1.0302569964259305,0.0011694971734548007,2.051180664236247,0.06981778735574606,0.9630582345327597,1.9366232060512008,none,open_what_if,4356,414,assistant,0.8181818181818182,Divergent,Persona,Divergent,Library
0.5096306314290081,1.1035028463734793,0.0,2.079165026691338,0.7243324823905534,0.06414523709528223,2.0340445050732874,none,none,4375,414,user,0.9090909090909092,Divergent,Persona,Divergent,Library
2.510060485527499,1.3922543500922901,0.48877199442468205,2.1223060110558998,0.07855009766949907,1.7339714320906272,1.6546931791746171,none,open_what_if,4376,414,assistant,1.0,Divergent,Persona,Divergent,Library
0.01865218883355573,0.0,0.0010127110821249315,1.0166032990601537,0.0002259198392978267,0.0,0.01399661955312207,none,none,4271,415,user,0.0,Divergent,Persona,Divergent,Library
0.0,0.003892670705103831,0.0,0.9990955079944592,0.0,0.0,0.0,none,clarify,4272,415,assistant,0.1111111111111111,Divergent,Persona,Divergent,Library
0.008715222563156034,0.9966724427189927,0.0,1.9869316469784641,0.0,0.002672053286864946,0.0,none,clarify,4289,415,user,0.2222222222222222,Divergent,Persona,Divergent,Library
0.8811902816793408,2.0911389340527413,0.003178197618647623,2.010499024758604,0.017727077837558062,0.17051233876394709,0.5435289989408035,none,open_what_if,4290,415,assistant,0.3333333333333333,Divergent,Persona,Divergent,Library
0.503737816904246,0.7303984812084687,0.008993857539365865,2.3658868834236495,0.46986059551264686,0.023020779326389743,0.9944716242025873,none,none,4317,415,user,0.4444444444444444,Divergent,Persona,Divergent,Library
1.335855994209998,1.6464227350003915,0.06818726461473276,2.3468316411256698,0.23426302860061596,0.1482763822883068,1.2048593956245504,none,open_what_if,4318,415,assistant,0.5555555555555556,Divergent,Persona,Divergent,Library
0.021749712587194506,1.0738151980163853,0.007143689707785132,1.9294890464547185,0.42805488780342943,0.03442471993327164,0.8683990795609172,none,none,4351,415,user,0.6666666666666666,Divergent,Persona,Divergent,Library
1.9572505283380301,1.0924544844662691,0.017132427121190726,2.0529434951188787,0.04686769163856642,0.9691706214655733,0.877051253019654,none,open_what_if,4353,415,assistant,0.7777777777777778,Divergent,Persona,Divergent,Library
0.32583089791228365,0.2104501248883562,1.1045616807329806,2.137889132160124,0.39302810783892783,0.1060799172539402,0.6881613341301687,neutral,none,4371,415,user,0.8888888888888888,Divergent,Persona,Divergent,Library
1.0016415799810015,1.5720593319973646,0.1607153169701617,1.9912789624043117,0.287767482293625,0.26571171480318306,1.3055003741414362,none,open_what_if,4372,415,assistant,1.0,Divergent,Persona,Divergent,Library
0.01865218883355573,0.0,0.0010127110821249315,1.0166032990601537,0.0002259198392978267,0.0,0.01399661955312207,none,none,4274,416,user,0.0,Divergent,Persona,Divergent,Library
0.0,0.003892670705103831,0.0,0.9990955079944592,0.0,0.0,0.0,none,clarify,4275,416,assistant,0.04,Divergent,Persona,Divergent,Library
0.008715222563156034,0.9966724427189927,0.0,1.9869316469784641,0.0,0.002672053286864946,0.0,none,clarify,4277,416,user,0.08,Divergent,Persona,Divergent,Library
0.9532994352470759,2.0388535086988684,0.008062466225584309,2.2662875478526487,0.0,0.2866028846758168,0.6528827441285813,none,open_what_if,4278,416,assistant,0.12,Divergent,Persona,Divergent,Library
0.4062631273219803,0.40370944201207976,0.0,1.9888506512100093,0.20793819611081063,0.054562697670687034,1.414333927071146,none,none,4293,416,user,0.16,Divergent,Persona,Divergent,Library
1.0967724095323024,1.7139983353335901,0.0016071560017747227,2.214313541997809,0.024387974151868944,1.0616853564108022,1.2054415497777615,none,open_what_if,4295,416,assistant,0.2,Divergent,Persona,Divergent,Library
0.06854193394860775,0.255086467724347,0.0,1.2446524408891873,0.02089449377464052,0.0,0.6001819261767608,none,clarify,4305,416,user,0.24,Divergent,Persona,Divergent,Library
0.9296412820147992,1.3497771247418473,0.0,1.741803046609311,0.28686005067121456,0.7424674055290842,1.0252789935041684,none,open_what_if,4306,416,assistant,0.28,Divergent,Persona,Divergent,Library
0.3093542103696159,0.46766517670450575,0.0031712955263812756,1.7364946035303976,0.012765660995531563,0.00657695437623537,0.6486824978377654,none,none,4309,416,user,0.32,Divergent,Persona,Divergent,Library
0.9634251741737653,1.2762932438147485,0.10628415713308917,2.007327413050797,0.04264062914987557,0.18264946314618577,1.145673305982998,none,open_what_if,4310,416,assistant,0.36,Divergent,Persona,Divergent,Library
0.1592976397684955,0.37520310087830994,0.005235339880449928,1.221321405006119,0.21057931950794193,0.012401516980517164,0.6155929532107383,none,clarify,4325,416,user,0.4,Divergent,Persona,Divergent,Library
1.1884483908653607,1.5051451621600027,0.012526667375866416,2.1430829724743488,0.0,0.9283787606930096,1.4217696486734244,none,open_what_if,4326,416,assistant,0.44,Divergent,Persona,Divergent,Library
0.26796732980075194,0.14866039114405274,0.0,0.9803950897875829,0.23905615329725577,0.0,0.30126086027000354,none,clarify,4329,416,user,0.48,Divergent,Persona,Divergent,Library
2.960047116458157,0.14778757618287017,0.0,2.046986375916675,0.0,1.9695821556979154,1.949584386794484,none,open_what_if,4330,416,assistant,0.52,Divergent,Persona,Divergent,Library
0.5786334766412292,0.39257242555966576,0.020134134702481578,1.3433899897008428,0.0,0.1045729612439576,0.8650234863004596,none,clarify,4333,416,user,0.56,Divergent,Persona,Divergent,Library
0.9056782996153736,2.0170425945491868,0.0,2.231311048718459,0.3611265404298891,0.24564548562069632,1.635549559039102,none,open_what_if,4334,416,assistant,0.6,Divergent,Persona,Divergent,Library
0.14652037206624113,0.6664550579980107,0.0,2.022251978888234,0.5176087320108052,0.09219308152621918,1.4025741599430623,none,none,4341,416,user,0.64,Divergent,Persona,Divergent,Library
1.0930634266958585,1.6854247226865426,0.0019393693707956648,1.9297051697282526,0.3398412134785246,0.25070506631065054,1.8042013254634726,none,open_what_if,4342,416,assistant,0.68,Divergent,Persona,Divergent,Library
0.18578711484663307,0.25695805828873547,0.0,1.9172226787435533,0.07275362825633389,0.0,0.30801908810051704,none,none,4344,416,user,0.72,Divergent,Persona,Divergent,Library
0.21300532824130022,0.9985266052890212,0.005294582862449616,1.989321632526401,0.12214434746720616,0.16187876343025412,0.9499778343402013,none,open_what_if,4346,416,assistant,0.76,Divergent,Persona,Divergent,Library
0.14210586093272778,0.21299297903654354,0.11537222250816845,2.0046785140377565,0.4051545336352947,0.028514931384113974,0.3235044629955444,none,clarify,4348,416,user,0.8,Divergent,Persona,Divergent,Library
0.8991130307567609,1.7295951067353115,0.08051332101196848,2.3711337375205304,0.32949754206780146,0.24935132850873107,1.4288803028631216,none,open_what_if,4350,416,assistant,0.84,Divergent,Persona,Divergent,Library
0.08974691404325433,0.13829157604539094,0.0,1.2255381402771912,0.19628061430384228,0.0,0.5971376124703519,none,clarify,4359,416,user,0.88,Divergent,Persona,Divergent,Library
0.6464502079861181,1.5761688951099575,0.0,1.9981330572045783,0.19955339347229648,0.19792214973542618,1.449271418543779,none,open_what_if,4360,416,assistant,0.92,Divergent,Persona,Divergent,Library
0.20591979929266577,0.3517687004489539,0.0,1.5473435639110957,0.37811574220884353,0.0407916940780263,0.44338799650140676,none,none,4367,416,user,0.96,Divergent,Persona,Divergent,Library
1.0331348200037664,1.6638493422118787,0.0,2.223775093121655,0.049219096607067664,0.270986710640249,1.382958231006286,none,open_what_if,4368,416,assistant,1.0,Divergent,Persona,Divergent,Library
0.01865218883355573,0.0,0.0010127110821249315,1.0166032990601537,0.0002259198392978267,0.0,0.01399661955312207,none,none,4291,418,user,0.0,Divergent,Persona,Divergent,Library
0.0,0.003892670705103831,0.0,0.9990955079944592,0.0,0.0,0.0,none,clarify,4292,418,assistant,0.1111111111111111,Divergent,Persona,Divergent,Library
0.008715222563156034,0.9966724427189927,0.0,1.9869316469784641,0.0,0.002672053286864946,0.0,none,clarify,4299,418,user,0.2222222222222222,Divergent,Persona,Divergent,Library
0.9472943830935373,1.46097995975952,0.0,2.0709829747807,0.07944779127920826,0.4625392912105136,0.8679766045993706,none,open_what_if,4300,418,assistant,0.3333333333333333,Divergent,Persona,Divergent,Library
0.599169308962788,0.1751102198979322,0.010936857251082505,1.8448897944455165,0.15687342824321468,0.0,0.7210200418213933,none,none,4343,418,user,0.4444444444444444,Divergent,Persona,Divergent,Library
0.8071964783830597,1.1036617679167022,0.19557698803966594,2.0285810004492384,0.004445562842837168,0.13936674483797712,1.5317145890951107,none,open_what_if,4345,418,assistant,0.5555555555555556,Divergent,Persona,Divergent,Library
0.8137020559658138,0.0,0.45889819698877415,1.9012854860743271,0.1744549474632711,0.030426760279090834,0.35311779295961915,neutral,none,4364,418,user,0.6666666666666666,Divergent,Persona,Divergent,Library
1.7410264119203167,1.021481603620373,0.0,1.9236589647036262,0.5130030542457505,0.7318540873608426,1.4228377984373806,none,open_what_if,4365,418,assistant,0.7777777777777778,Divergent,Persona,Divergent,Library
0.057026776855112524,0.5060907026290083,0.0016994624678832732,1.9574545089129556,0.1684551862239877,0.07740150141057572,0.6316735929839679,none,none,4377,418,user,0.8888888888888888,Divergent,Persona,Divergent,Library
0.9225799665177793,1.1472265251961777,0.008492844550820212,2.100325194497616,0.33381918707544084,0.09674185273359107,1.4727783647331503,none,open_what_if,4378,418,assistant,1.0,Divergent,Persona,Divergent,Library
0.01865218883355573,0.0,0.0010127110821249315,1.0166032990601537,0.0002259198392978267,0.0,0.01399661955312207,none,none,4385,419,user,0.0,GPT,GPT,GPT,Bicycle
0.0,0.003892670705103831,0.0,0.9990955079944592,0.0,0.0,0.0,none,clarify,4388,419,assistant,0.1111111111111111,GPT,GPT,GPT,Bicycle
0.03049838401600156,0.9893643612695656,0.0,1.9835241770621765,0.004235966895978697,0.0,0.006937027005586032,none,clarify,4409,419,user,0.2222222222222222,GPT,GPT,GPT,Bicycle
0.42384490059200963,1.8040482948921344,0.0,2.8172493849454563,0.6684457990462351,0.043579784725133644,2.7367088019287795,none,none,4410,419,assistant,0.3333333333333333,GPT,GPT,GPT,Bicycle
0.6160206807995288,0.5812806157455228,0.011394907735750484,1.898443766804025,0.08703803028040513,0.029420043561893996,1.1101174055329768,none,clarify,4443,419,user,0.4444444444444444,GPT,GPT,GPT,Bicycle
0.3901024452566446,1.9598669907839785,0.02149596328967081,2.499758346216018,0.8357930071852121,0.01837129773500487,2.0624121769504224,none,none,4444,419,assistant,0.5555555555555556,GPT,GPT,GPT,Bicycle
0.31121602722669867,0.6641998181626881,0.0049286816532891214,1.5935988280487359,0.4342590656108154,0.0,0.7653420429427079,none,clarify,4479,419,user,0.6666666666666666,GPT,GPT,GPT,Bicycle
0.1414904452793177,1.7107634294830874,0.0784312821661706,2.601248419526444,0.633443281685533,0.0,1.198857211721518,none,none,4480,419,assistant,0.7777777777777778,GPT,GPT,GPT,Bicycle
1.0596714352765564,0.7610602529404183,0.0036780275052075407,1.853717153104222,0.21816549508269467,0.0,0.9327667973698799,none,open_what_if,4507,419,user,0.8888888888888888,GPT,GPT,GPT,Bicycle
0.5055310408908498,1.519562708579119,0.0,2.6647539956683493,0.6599910519450785,0.026975996957105088,1.682472725961868,none,none,4508,419,assistant,1.0,GPT,GPT,GPT,Bicycle
0.01865218883355573,0.0,0.0010127110821249315,1.0166032990601537,0.0002259198392978267,0.0,0.01399661955312207,none,none,4386,420,user,0.0,GPT,GPT,GPT,Bicycle
0.0,0.003892670705103831,0.0,0.9990955079944592,0.0,0.0,0.0,none,clarify,4389,420,assistant,0.0434782608695652,GPT,GPT,GPT,Bicycle
0.0896753269197016,0.2874067956000433,0.3431919230870732,1.3760400993104775,0.16855278246246647,0.07738149498187583,0.036124348797294675,none,none,4397,420,user,0.0869565217391304,GPT,GPT,GPT,Bicycle
0.2860523598149809,0.5179838875583544,0.025163432954547683,1.8587163606822934,0.0,0.3143898704345883,0.3082770703838428,none,clarify,4400,420,assistant,0.1304347826086956,GPT,GPT,GPT,Bicycle
0.03049838401600156,0.9893643612695656,0.0,1.9835241770621765,0.004235966895978697,0.0,0.006937027005586032,none,clarify,4403,420,user,0.1739130434782608,GPT,GPT,GPT,Bicycle
0.5576618785879252,1.687870437968619,0.0,2.353231836204879,0.4492571917368434,0.08431119625450037,1.9115181912749042,none,open_what_if,4404,420,assistant,0.217391304347826,GPT,GPT,GPT,Bicycle
0.3342763339532467,0.4052238404256882,0.005128440895706356,2.0458695883844573,0.4380856709537763,0.030310752848880858,0.826910286738473,none,none,4425,420,user,0.2608695652173913,GPT,GPT,GPT,Bicycle
0.714497421765243,1.3890897700237363,0.010465690597863866,2.3311808073057647,0.1760430299424562,0.2847991502460449,1.790030553177011,none,open_what_if,4426,420,assistant,0.3043478260869565,GPT,GPT,GPT,Bicycle
0.16196946684890456,0.38132175970544985,0.0533673586423074,1.266855645697134,0.21037460737717714,0.13351163505640767,0.15861027775801406,none,none,4427,420,user,0.3478260869565217,GPT,GPT,GPT,Bicycle
0.4204276069533594,1.4993192216206688,0.813837638963435,2.8487766943143975,0.5858048835454517,0.33397466710648593,2.354034745927366,none,none,4428,420,assistant,0.391304347826087,GPT,GPT,GPT,Bicycle
0.18578711484663307,0.25695805828873547,0.0,1.9172226787435533,0.05085900068583219,0.0,0.3011380964168251,none,none,4429,420,user,0.4347826086956521,GPT,GPT,GPT,Bicycle
0.2058968724231596,1.8770060611392154,0.002440382359341317,2.9023682725298126,0.8608483941269642,0.028616431143162775,1.9098115767071118,none,clarify,4430,420,assistant,0.4782608695652174,GPT,GPT,GPT,Bicycle
0.18578711484663307,0.25695805828873547,0.0,1.9172226787435533,0.05085900068583219,0.0,0.30801908810051704,none,none,4433,420,user,0.5217391304347826,GPT,GPT,GPT,Bicycle
0.5765821767001675,1.5573702000571963,0.00905021807236273,2.107827942940355,0.010070253789025948,0.26169115825283973,1.550587605059565,none,open_what_if,4434,420,assistant,0.5652173913043478,GPT,GPT,GPT,Bicycle
0.1518550663595606,0.45507880216652136,0.08319622098498783,2.119110010253974,0.20138548904534062,0.0022792751974858765,1.3306363581806868,none,none,4449,420,user,0.6086956521739131,GPT,GPT,GPT,Bicycle
0.6784008001260387,1.899447211777789,0.0,2.625325103917165,0.5795208988297,0.030664944738745162,2.4486079151347853,none,none,4450,420,assistant,0.6521739130434783,GPT,GPT,GPT,Bicycle
0.20203060567319406,0.10887732216565403,0.09193981338611415,1.437967048068893,0.05913857794172258,0.0,0.6712870184355474,none,clarify,4453,420,user,0.6956521739130435,GPT,GPT,GPT,Bicycle
0.27180236267139046,1.342270562273873,0.17721086263638847,2.4823194905712977,0.48017928957839234,0.18810526344588205,2.2565518796181685,none,none,4454,420,assistant,0.7391304347826086,GPT,GPT,GPT,Bicycle
0.4958264575061592,0.4097638104264705,0.0025536514418559968,2.0018013553180904,0.33467116793693785,0.0,0.22052791540174593,none,clarify,4465,420,user,0.782608695652174,GPT,GPT,GPT,Bicycle
0.697754572051328,1.7286418706886801,0.04716249306241491,2.334889684516984,0.36473003836039636,0.08842609565528999,1.6011084771807425,none,open_what_if,4466,420,assistant,0.8260869565217391,GPT,GPT,GPT,Bicycle
0.19074741798106068,0.2455087033075265,0.0,1.6634462124199378,0.0,0.0007087479188338582,0.37906672272588826,none,clarify,4481,420,user,0.8695652173913043,GPT,GPT,GPT,Bicycle
0.7454535077641606,1.6820731844597354,0.0,2.1706059151481645,0.020620864524344956,0.49591556511941315,1.7931028742955817,none,open_what_if,4482,420,assistant,0.9130434782608696,GPT,GPT,GPT,Bicycle
0.22065774610881653,0.5394567978077317,0.11474243588691672,1.9901256457359617,0.23777547878667535,0.261728665296209,0.2914379125701396,none,none,4489,420,user,0.9565217391304348,GPT,GPT,GPT,Bicycle
0.6590242344069723,1.143682330252452,0.8309490097424002,2.1921584656107513,0.2764414304680993,0.400004912331445,1.7335659799391006,none,open_what_if,4490,420,assistant,1.0,GPT,GPT,GPT,Bicycle
0.01865218883355573,0.0,0.0010127110821249315,1.0166032990601537,0.0002259198392978267,0.0,0.01399661955312207,none,none,4393,423,user,0.0,GPT,GPT,GPT,Bicycle
0.0,0.003892670705103831,0.0,0.9990955079944592,0.0,0.0,0.0,none,clarify,4394,423,assistant,0.0769230769230769,GPT,GPT,GPT,Bicycle
0.03049838401600156,0.9893643612695656,0.0,1.9835241770621765,0.004235966895978697,0.0,0.006937027005586032,none,clarify,4411,423,user,0.1538461538461538,GPT,GPT,GPT,Bicycle
0.13003557932946172,1.7770365582000045,0.10826606692871857,2.9729226362446552,0.7072166593590944,0.0036915101199636543,2.7608505004149078,none,none,4413,423,assistant,0.2307692307692307,GPT,GPT,GPT,Bicycle
0.22991639550437945,0.643306448460813,0.0016778968685354535,1.4624638610922809,0.02322438315852647,0.016325090534338865,0.3414032286735628,none,none,4431,423,user,0.3076923076923077,GPT,GPT,GPT,Bicycle
0.2823806853359609,1.754702927301039,0.0,2.569950450940703,0.5257738109961423,0.0,2.1115110883626276,none,none,4432,423,assistant,0.3846153846153846,GPT,GPT,GPT,Bicycle
0.2994038133807439,0.6074670851747535,0.060701837174330336,1.9986239428597736,0.12210297047857957,0.0,0.7771504828767702,none,clarify,4451,423,user,0.4615384615384615,GPT,GPT,GPT,Bicycle
0.7746706400381793,0.5099426677594835,0.012771470805899608,2.561399756771104,0.3631172801813774,0.0,1.361925099833019,none,none,4452,423,assistant,0.5384615384615384,GPT,GPT,GPT,Bicycle
0.4860225474476207,1.0720798326794432,0.1808268489257972,2.138089401371418,0.1697303773010076,0.0970475234744242,1.9238822323350273,none,none,4487,423,user,0.6153846153846154,GPT,GPT,GPT,Bicycle
0.2523497841769422,1.6683734853871752,0.0,2.6720170080648575,0.8226088921506455,0.15849160361096928,2.5913659354266367,none,none,4488,423,assistant,0.6923076923076923,GPT,GPT,GPT,Bicycle
0.9905615262773595,0.7544158526722469,0.013056359544734638,1.8814983658669764,0.5356452950168389,0.23802633360485398,1.607622980518745,none,clarify,4503,423,user,0.7692307692307693,GPT,GPT,GPT,Bicycle
0.478494477790629,0.42282133407262035,0.18138029041760712,2.550876871227014,0.34172661185399394,0.0,1.1448284903079826,none,none,4504,423,assistant,0.8461538461538461,GPT,GPT,GPT,Bicycle
0.06530942721646209,0.2512225505699011,0.0,1.0932891920215104,0.34677247404587946,0.036382833188691475,0.7369032262063572,none,clarify,4517,423,user,0.9230769230769232,GPT,GPT,GPT,Bicycle
0.5881535210869445,1.5293801052284506,0.0,2.3810255402245923,0.5723383983463362,0.005349860389469537,1.4745514968126197,none,none,4518,423,assistant,1.0,GPT,GPT,GPT,Bicycle
0.01865218883355573,0.0,0.0010127110821249315,1.0166032990601537,0.0002259198392978267,0.0,0.01399661955312207,none,none,4396,425,user,0.0,GPT,GPT,GPT,Bicycle
0.0,0.003892670705103831,0.0,0.9990955079944592,0.0,0.0,0.0,none,clarify,4399,425,assistant,0.0769230769230769,GPT,GPT,GPT,Bicycle
0.03049838401600156,0.9893643612695656,0.0,1.9835241770621765,0.004235966895978697,0.0,0.006937027005586032,none,clarify,4405,425,user,0.1538461538461538,GPT,GPT,GPT,Bicycle
0.13739263298218088,1.2557089292934882,0.2991908340071553,3.0,0.6111756748966644,0.0,2.4556613082077696,none,none,4406,425,assistant,0.2307692307692307,GPT,GPT,GPT,Bicycle
0.0746178097105653,0.15329042116844038,0.0004059693510322535,1.0955728938353304,0.009966914334895398,0.0,0.08382225440855876,none,clarify,4440,425,user,0.3076923076923077,GPT,GPT,GPT,Bicycle
0.19628473510085215,1.6376012208813648,0.04443621294743317,2.5522314145306084,0.6539070606947245,0.0,2.4710384848876688,none,none,4442,425,assistant,0.3846153846153846,GPT,GPT,GPT,Bicycle
0.14144116009783966,0.4382499334183267,0.007879871258813176,2.054823852705357,0.4788910759894886,0.046159343952607394,0.9970975522258633,none,clarify,4457,425,user,0.4615384615384615,GPT,GPT,GPT,Bicycle
0.16780111927849758,0.69863964030233,0.0009741054228033893,2.6742208867986164,0.8626033082813553,0.044267750510803526,2.1875085732776665,none,none,4458,425,assistant,0.5384615384615384,GPT,GPT,GPT,Bicycle
0.31989688219097423,0.6861191727094363,0.32875328337526727,1.7035231441861909,0.26144368104302307,0.14279284494806307,0.3296127840142044,none,none,4477,425,user,0.6153846153846154,GPT,GPT,GPT,Bicycle
0.23525889903281766,1.451149016359276,0.8252039900380447,2.4060066442668924,0.6273702019096118,0.0,2.4545452965999415,none,none,4478,425,assistant,0.6923076923076923,GPT,GPT,GPT,Bicycle
0.4716579573683503,1.209928312715128,0.05175167453979118,1.8858313982674348,0.24739720689696607,0.1329632343280913,0.7565957980893451,none,open_what_if,4499,425,user,0.7692307692307693,GPT,GPT,GPT,Bicycle
0.5300556444605288,1.4810408935092791,0.006340604908869039,2.2895080607214604,0.3360620190319143,0.013727170091815266,2.0354881753383194,none,none,4500,425,assistant,0.8461538461538461,GPT,GPT,GPT,Bicycle
0.5276793336223048,0.9404802943102951,0.008973420336987102,1.157148482105753,0.25424023979234156,0.00914069186556498,0.24047583973833586,none,clarify,4511,425,user,0.9230769230769232,GPT,GPT,GPT,Bicycle
0.5565561451382685,1.8346509480787496,0.0,2.4061345722117666,0.6227605355376822,0.009521486002867615,2.605168588608541,none,none,4512,425,assistant,1.0,GPT,GPT,GPT,Bicycle
0.01865218883355573,0.0,0.0010127110821249315,1.0166032990601537,0.0002259198392978267,0.0,0.01399661955312207,none,none,4401,426,user,0.0,GPT,GPT,GPT,Bicycle
0.0,0.003892670705103831,0.0,0.9990955079944592,0.0,0.0,0.0,none,clarify,4402,426,assistant,0.0769230769230769,GPT,GPT,GPT,Bicycle
0.03049838401600156,0.9893643612695656,0.0,1.9835241770621765,0.004235966895978697,0.0,0.006937027005586032,none,clarify,4407,426,user,0.1538461538461538,GPT,GPT,GPT,Bicycle
0.0,1.1303022631551483,0.0,2.958687314730305,0.8214838698150495,0.034837378105290015,2.496029116089847,none,none,4408,426,assistant,0.2307692307692307,GPT,GPT,GPT,Bicycle
0.08364886774381426,0.5765627160811172,0.05700766722989916,2.338403935690676,0.6489303425233166,0.0,0.7800403709062994,none,none,4435,426,user,0.3076923076923077,GPT,GPT,GPT,Bicycle
0.5256092227650442,0.6542723587929711,0.12258308466679295,2.5024252651565915,0.3951789697119052,0.0,2.061084094815399,none,none,4436,426,assistant,0.3846153846153846,GPT,GPT,GPT,Bicycle
0.7059412504860043,0.9827019626385415,0.0,1.8385781208491654,0.5349421766726709,0.2391814532226001,1.2428399719970344,none,none,4461,426,user,0.4615384615384615,GPT,GPT,GPT,Bicycle
0.2495808385981636,1.8168537090554244,0.007041517627169902,2.835529203454474,0.624008136573501,0.07255636004749294,2.0186239866604274,none,none,4462,426,assistant,0.5384615384615384,GPT,GPT,GPT,Bicycle
0.47068917520591746,0.14226814052965342,0.13796197076652034,1.8915737885698913,0.02969814202614167,0.01732789566413016,1.0076024621156694,none,none,4483,426,user,0.6153846153846154,GPT,GPT,GPT,Bicycle
0.6011958482055525,1.509466438069652,0.0,2.426186457550562,0.5477665905994116,0.0013127105021427158,2.0084358629916332,none,none,4484,426,assistant,0.6923076923076923,GPT,GPT,GPT,Bicycle
0.8075557957246887,0.7754731306425792,0.0,2.2503810191544464,0.36644374249413003,0.1959898193483781,1.5491167543183488,none,none,4509,426,user,0.7692307692307693,GPT,GPT,GPT,Bicycle
0.344240455542746,1.0271256721301407,0.2501863905881609,2.69812635572584,0.7111661077772196,4.49249440660181e-05,2.028924254275358,none,none,4510,426,assistant,0.8461538461538461,GPT,GPT,GPT,Bicycle
0.008694929593088981,0.5649611537986563,0.11013182455484088,1.4163514336633234,0.08864746405455572,0.02631006990802785,0.6111897135840517,none,clarify,4519,426,user,0.9230769230769232,GPT,GPT,GPT,Bicycle
0.6542744184461207,0.3622732195267029,0.0,2.5517152891919404,0.7339009916193608,0.18411789494254213,1.3245598155797462,none,none,4520,426,assistant,1.0,GPT,GPT,GPT,Bicycle
0.01865218883355573,0.0,0.0010127110821249315,1.0166032990601537,0.0002259198392978267,0.0,0.01399661955312207,none,none,4421,428,user,0.0,GPT,GPT,GPT,Bicycle
0.0,0.003892670705103831,0.0,0.9990955079944592,0.0,0.0,0.0,none,clarify,4422,428,assistant,0.0769230769230769,GPT,GPT,GPT,Bicycle
0.03049838401600156,0.9893643612695656,0.0,1.9835241770621765,0.004235966895978697,0.0,0.006937027005586032,none,clarify,4423,428,user,0.1538461538461538,GPT,GPT,GPT,Bicycle
0.35951947265686557,1.7902252243379078,0.10625736648352574,2.932651502007365,0.5760463406422938,0.0004438990081326573,2.9034316781721086,none,none,4424,428,assistant,0.2307692307692307,GPT,GPT,GPT,Bicycle
1.2455686103309023,0.1674222675432842,0.0,2.0446751542517547,0.34096768984922987,0.2529014664507979,0.9513052749388595,none,none,4439,428,user,0.3076923076923077,GPT,GPT,GPT,Bicycle
0.46782107905950204,1.6282837770841379,0.0,2.4459768142328833,0.7343820735972008,0.24502163769987598,2.2237718926023318,none,none,4441,428,assistant,0.3846153846153846,GPT,GPT,GPT,Bicycle
1.4694881690190835,1.0630483408079925,0.0,2.3556762931023645,0.2847675991293544,0.06288574845719941,2.0620568311231904,none,none,4473,428,user,0.4615384615384615,GPT,GPT,GPT,Bicycle
0.5640584131936701,1.5924516042446635,0.0,2.6212671207731626,0.755462164006714,0.13627564609335582,2.2164357295452923,none,none,4474,428,assistant,0.5384615384615384,GPT,GPT,GPT,Bicycle
0.20043289674923132,0.6271471369165588,0.0,1.7415481230605503,0.5266139648011542,0.0,1.6953045842504584,none,clarify,4485,428,user,0.6153846153846154,GPT,GPT,GPT,Bicycle
0.2250538829050907,2.2343902274921206,0.0,3.0,0.89786591999498,0.0,2.5529487198443097,none,none,4486,428,assistant,0.6923076923076923,GPT,GPT,GPT,Bicycle
0.33853385383577955,0.4558109274393064,0.17876695489847455,2.2786906170176158,0.14772132538798843,0.17067894068895006,1.3253064075606154,none,none,4497,428,user,0.7692307692307693,GPT,GPT,GPT,Bicycle
0.49766305607756745,2.359719338758659,0.1096598921081773,2.9035884765778337,0.5741897256024936,0.18066103002904166,2.1178345630051063,none,none,4498,428,assistant,0.8461538461538461,GPT,GPT,GPT,Bicycle
0.7476111259101242,0.8380213506180242,0.07711974566615384,2.0588894865328164,0.47343636343221246,0.11630761115110287,1.7509162997134806,none,none,4513,428,user,0.9230769230769232,GPT,GPT,GPT,Bicycle
0.42668815799600807,1.9531007947149712,0.0,2.9783674546110888,0.5980673999998548,0.0,2.3353216455359305,none,none,4514,428,assistant,1.0,GPT,GPT,GPT,Bicycle
0.01865218883355573,0.0,0.0010127110821249315,1.0166032990601537,0.0002259198392978267,0.0,0.01399661955312207,none,none,4525,429,user,0.0,GPT,GPT,GPT,Library
0.0,0.003892670705103831,0.0,0.9990955079944592,0.0,0.0,0.0,none,clarify,4526,429,assistant,0.0526315789473684,GPT,GPT,GPT,Library
0.008715222563156034,0.9966724427189927,0.0,1.9869316469784641,0.0,0.002672053286864946,0.0,none,clarify,4537,429,user,0.1052631578947368,GPT,GPT,GPT,Library
0.6228538945411056,1.6759530967854737,0.0,2.4224456764934077,0.41184628681672397,0.38388795229726236,1.947436562450182,none,none,4540,429,assistant,0.1578947368421052,GPT,GPT,GPT,Library
0.6172978090743131,1.0092132534367901,0.8835004432924839,2.0427873221552733,0.548114768126422,0.06215496668793026,1.9616688038715777,none,none,4565,429,user,0.2105263157894736,GPT,GPT,GPT,Library
0.3116113860084205,1.635610879619342,0.6047550666140281,2.4625897327680533,0.7437794417101983,0.0746085799577237,1.2781662240165,none,none,4566,429,assistant,0.2631578947368421,GPT,GPT,GPT,Library
0.6623949305716232,0.7020200313736474,0.1519588768346507,2.0851964661133215,0.27852191311303115,0.0,0.9265122042886019,none,none,4579,429,user,0.3157894736842105,GPT,GPT,GPT,Library
1.4515291296114956,1.8083137554126616,0.0,2.462165278901231,0.455270064673651,0.11226809350521014,1.448459890466116,none,none,4581,429,assistant,0.3684210526315789,GPT,GPT,GPT,Library
0.06343845078673986,0.027258892359452325,0.0,1.3368314356597402,0.11008632923226536,0.08896263261831729,0.858332012489739,none,clarify,4589,429,user,0.4210526315789473,GPT,GPT,GPT,Library
0.9974927158829691,1.501609310972553,0.007143689707785132,2.346283921231989,0.7224568072004844,0.2070951938709119,1.7245892424492972,none,none,4590,429,assistant,0.4736842105263157,GPT,GPT,GPT,Library
0.22451875568075502,0.17552365434254258,0.0,1.4311853262310843,0.2906803071944568,0.0029204114080090974,0.6799479712605055,none,clarify,4601,429,user,0.5263157894736842,GPT,GPT,GPT,Library
0.8568110288720338,1.4496749367724697,0.0,2.0682620074128413,0.6001013296649755,0.4773843248709649,1.53560384524555,none,open_what_if,4602,429,assistant,0.5789473684210527,GPT,GPT,GPT,Library
0.01849541334568685,0.3169559544528634,0.0,1.5814525843772662,0.08440704180449114,0.017121499253111305,0.9928396320686627,none,none,4607,429,user,0.631578947368421,GPT,GPT,GPT,Library
0.881081595804094,1.7049913562743266,0.6135087151264347,2.3172622695969642,0.4859185806972623,0.26438593448012965,1.347738229382969,none,none,4608,429,assistant,0.6842105263157895,GPT,GPT,GPT,Library
0.30542799235989976,0.3378458867601248,0.0019393693707956648,1.8501060574466668,0.35914163312146036,0.0,1.2508377019246792,none,none,4637,429,user,0.7368421052631579,GPT,GPT,GPT,Library
0.6663191566520484,1.5770220093587641,0.06105035228426951,2.584639692778074,0.9592273351081949,0.49024973700604807,1.58446102763312,none,none,4638,429,assistant,0.7894736842105263,GPT,GPT,GPT,Library
0.16772788437858588,0.4428783523038251,0.6135511816652913,2.209656875722558,0.1237709243518005,0.0,1.133813702780834,none,none,4645,429,user,0.8421052631578947,GPT,GPT,GPT,Library
0.39073022200498714,1.4999372936694324,0.66763551147417,2.3768947917074255,0.5591065269436654,0.10095051691614637,2.1336124225431488,constructive,none,4646,429,assistant,0.8947368421052632,GPT,GPT,GPT,Library
0.5877930710323955,0.14591268414029293,0.01255359115646207,1.882540491885188,0.26825107932873365,0.07844545884559044,0.9831152954305903,none,none,4655,429,user,0.9473684210526316,GPT,GPT,GPT,Library
0.7982888863999442,1.9663836727701272,0.11708403877146742,2.129870947744801,0.7173319589801741,0.6614945727896272,2.0283050647426206,none,none,4656,429,assistant,1.0,GPT,GPT,GPT,Library
0.01865218883355573,0.0,0.0010127110821249315,1.0166032990601537,0.0002259198392978267,0.0,0.01399661955312207,none,none,4529,431,user,0.0,GPT,GPT,GPT,Library
0.0,0.2089447837591961,0.08162193576794667,0.9827920699740001,0.10724982899195973,0.0,0.0,none,clarify,4530,431,assistant,0.0303030303030303,GPT,GPT,GPT,Library
0.008715222563156034,0.9966724427189927,0.0,1.9869316469784641,0.0,0.002672053286864946,0.0,none,clarify,4541,431,user,0.0606060606060606,GPT,GPT,GPT,Library
0.2808724334355451,1.635514283880182,0.0,2.3175529180095,0.49460421741278726,0.0,1.868035194506987,none,none,4542,431,assistant,0.0909090909090909,GPT,GPT,GPT,Library
0.23428686468695764,0.24846100138307542,0.002445938481301394,1.9606641881256421,0.0,0.018377617095231696,0.670296621425588,none,clarify,4555,431,user,0.1212121212121212,GPT,GPT,GPT,Library
0.4495641824700991,1.6489019168977133,0.008999413661325926,2.4563780495136327,0.4885744225589681,0.03274314288556771,1.9548401254165182,none,none,4556,431,assistant,0.1515151515151515,GPT,GPT,GPT,Library
0.7525954363693288,0.3708784352318491,0.0026897807432147126,2.104485033014451,0.676517983818256,0.2542670222881121,0.8236922749152649,none,none,4561,431,user,0.1818181818181818,GPT,GPT,GPT,Library
0.7670487394632648,2.019908113649387,0.19342829556590146,2.5688817019875283,0.6754065135032319,0.0804229190070589,1.7881579181170217,none,none,4562,431,assistant,0.2121212121212121,GPT,GPT,GPT,Library
0.27385457673997476,0.32596867732798823,0.01117751253283134,2.0535990746815385,0.129858842366369,0.04684922999089046,0.40444748462638236,none,clarify,4569,431,user,0.2424242424242424,GPT,GPT,GPT,Library
0.5537257718705383,1.3868533622725867,0.0,2.283096622682341,0.6944861793944714,0.018461589601215887,1.705578970560538,none,none,4570,431,assistant,0.2727272727272727,GPT,GPT,GPT,Library
0.09421787078556125,0.05069030094537386,0.15624586243144573,1.5582808379545252,0.29868906227237063,0.02100103941449182,0.38182252935355593,none,none,4575,431,user,0.303030303030303,GPT,GPT,GPT,Library
0.5360474914857246,1.2735340016347565,0.007143689707785132,2.482433176010933,0.43140092210100667,0.0,2.1501917994517723,none,none,4576,431,assistant,0.3333333333333333,GPT,GPT,GPT,Library
0.15466396390356055,0.7295690067742353,0.0,2.0122129465609397,0.32892499554486704,0.02018245914189481,0.5722926980080627,none,none,4586,431,user,0.3636363636363636,GPT,GPT,GPT,Library
0.7212605738064843,1.4542569851641303,0.0,2.322247200164118,0.556030928734503,0.41763391414737305,2.38543500531598,none,none,4588,431,assistant,0.3939393939393939,GPT,GPT,GPT,Library
0.38667311853925823,0.2348607621172187,0.014506838478758725,1.270334626354037,0.15137463831050743,0.0,0.5395425143318427,none,clarify,4591,431,user,0.4242424242424242,GPT,GPT,GPT,Library
0.4549706726390732,1.7053918392647986,0.0,2.3893029219838624,0.5414526628750305,0.048187576945904566,1.715189023641865,none,none,4592,431,assistant,0.4545454545454545,GPT,GPT,GPT,Library
0.0181472658040367,0.007378126412514143,0.16091956693954573,1.9379988603742566,0.06496217148870813,0.047263609714920864,0.4443340281029505,none,clarify,4599,431,user,0.4848484848484848,GPT,GPT,GPT,Library
0.1802287640701598,1.873732858610466,0.008973420336987102,2.912636475983648,0.9497213360127292,0.003456914279305565,2.0451486867292568,none,none,4600,431,assistant,0.5151515151515151,GPT,GPT,GPT,Library
0.5571592009098622,0.5223033628050306,0.006178412558341154,1.9789689750954154,0.43180609759273586,0.0,0.8844851294306553,none,none,4605,431,user,0.5454545454545454,GPT,GPT,GPT,Library
0.7882494389857334,1.595947713218048,0.0,2.5792844102084413,0.6644124601905073,0.22074674349041642,2.038826939907823,none,none,4606,431,assistant,0.5757575757575758,GPT,GPT,GPT,Library
0.050376994855186416,0.025950465706992797,0.0,1.0469610627748893,0.02160242011385529,0.0005606448645121938,0.06586343445598884,none,clarify,4609,431,user,0.6060606060606061,GPT,GPT,GPT,Library
0.7969583968944436,1.0250237295344156,0.0,2.363498215642601,0.6969668441587019,0.04985192682485285,1.8433807728590113,none,none,4611,431,assistant,0.6363636363636364,GPT,GPT,GPT,Library
0.3562419381089501,0.16304710091990893,0.012414738007158537,1.50354444438088,0.35087886300671073,0.18961530113551792,0.5215074498505422,none,clarify,4615,431,user,0.6666666666666666,GPT,GPT,GPT,Library
1.6398617170268344,0.764979288656881,0.014586722264617541,2.40527627258915,0.4146402492498005,1.0882962313872069,0.9937098130908462,none,none,4616,431,assistant,0.696969696969697,GPT,GPT,GPT,Library
0.02389260909932406,0.4245650254744411,0.06382105637185964,1.1529408691804142,0.5242472929018183,0.5491707223026607,0.9642973393765457,none,clarify,4619,431,user,0.7272727272727273,GPT,GPT,GPT,Library
0.23678531553621868,1.6664114022157406,0.2230695099686575,2.426967563828105,0.3776979896482746,0.0,1.9933993527623457,none,none,4620,431,assistant,0.7575757575757576,GPT,GPT,GPT,Library
0.7629450858262793,0.45710913588200763,0.18325327676966283,1.748534572262526,0.19508941778883251,0.4819145132532283,1.405219550377054,none,none,4627,431,user,0.7878787878787878,GPT,GPT,GPT,Library
0.49903477378653543,1.835854354698028,0.07960433427629414,2.558958116906862,0.47221959120668106,0.3362220441387786,1.7778214625408963,none,none,4628,431,assistant,0.8181818181818182,GPT,GPT,GPT,Library
0.8958786200320159,0.028949675580463626,0.4024139687689747,1.8486031066585276,0.29573270154845926,0.10634092506204161,0.951322795703436,none,none,4635,431,user,0.8484848484848485,GPT,GPT,GPT,Library
0.6231958614399806,1.2968945862681827,0.0,2.386407290258949,0.827285576138945,0.03140485160001426,2.121012811388294,none,none,4636,431,assistant,0.8787878787878788,GPT,GPT,GPT,Library
0.31870820396313804,0.2139354051404188,0.0,1.91540518993983,0.4822632095376848,0.0,0.84589004619214,none,clarify,4647,431,user,0.9090909090909092,GPT,GPT,GPT,Library
0.43024659294508416,1.3961826857193285,0.0,2.17369131697137,1.0382123315467617,0.005750541211031941,1.6985608934080676,none,none,4648,431,assistant,0.9393939393939394,GPT,GPT,GPT,Library
0.4849290295682305,0.7683074545137439,1.1114852438344203,1.3493076086478766,0.5241360871088727,0.043450421554715284,1.433911938859968,neutral,none,4653,431,user,0.9696969696969696,GPT,GPT,GPT,Library
0.8056845451857243,1.5901491363331328,0.0,2.3382105924846948,0.6489911687667258,0.0,1.453600617958453,none,none,4654,431,assistant,1.0,GPT,GPT,GPT,Library
0.01865218883355573,0.0,0.0010127110821249315,1.0166032990601537,0.0002259198392978267,0.0,0.01399661955312207,none,none,4531,432,user,0.0,GPT,GPT,GPT,Library
0.0,0.003892670705103831,0.0,0.9990955079944592,0.0,0.0,0.0,none,clarify,4532,432,assistant,0.0666666666666666,GPT,GPT,GPT,Library
0.008715222563156034,0.9966724427189927,0.0,1.9869316469784641,0.0,0.002672053286864946,0.0,none,clarify,4547,432,user,0.1333333333333333,GPT,GPT,GPT,Library
0.6929551560570619,1.7917026030269176,0.0,2.4952795091858793,0.37153679551590196,0.2931740764672052,1.855812194671711,none,none,4549,432,assistant,0.2,GPT,GPT,GPT,Library
0.9246443641784843,0.10862220716636398,0.005287455614531741,1.9627009258515864,0.004582257259944402,0.016907288594215246,0.16111876888540486,none,clarify,4573,432,user,0.2666666666666666,GPT,GPT,GPT,Library
0.9350736614054218,1.28011399544472,0.007143689707785132,2.1670931759622825,0.6705494583027478,0.26183036072377286,1.5121589440631655,none,none,4574,432,assistant,0.3333333333333333,GPT,GPT,GPT,Library
0.4005241292155978,0.6244004090614395,0.6365911743173432,2.017405598568919,0.0,0.047119163964408226,0.3898690560389114,none,clarify,4594,432,user,0.4,GPT,GPT,GPT,Library
0.7001525764425984,1.5311736806704368,0.013140949446926745,2.291054593345397,0.3449785099593028,0.2503803602284764,2.2206660450992035,none,none,4596,432,assistant,0.4666666666666667,GPT,GPT,GPT,Library
0.6247101213540792,0.6795147504515122,0.008062466225584309,2.05704277349314,0.21961089318712718,0.31799545150152025,1.4245381882665165,none,none,4617,432,user,0.5333333333333333,GPT,GPT,GPT,Library
0.8690821607467357,1.3828711851723434,0.012175926507014429,2.159119227551662,0.6366695033333207,0.3362725267434723,2.4964682513155783,none,none,4618,432,assistant,0.6,GPT,GPT,GPT,Library
0.7955560972689139,0.8704319909243895,0.146072779243838,2.0329468880787065,0.1654925340473797,0.01188259337469342,1.4043522709004281,none,none,4629,432,user,0.6666666666666666,GPT,GPT,GPT,Library
0.6974751760066183,1.4892014009765147,0.0,2.291220767365392,0.41776625440032805,0.19760767697942222,1.8656173078450284,none,none,4630,432,assistant,0.7333333333333333,GPT,GPT,GPT,Library
0.16378535447260284,0.8191144768092887,0.2843863463249442,1.71669465139294,0.292285908135218,0.0,0.9246213607044066,none,none,4649,432,user,0.8,GPT,GPT,GPT,Library
0.4095352977974374,1.9371807478691645,0.005640978826820924,2.385823633748454,0.8911430002769866,0.04182238513786955,1.6196397392150388,none,none,4650,432,assistant,0.8666666666666667,GPT,GPT,GPT,Library
0.40098235756854367,0.3266185112844079,0.0,1.6560571972517855,0.297694114243355,0.0,0.31367956756411947,none,none,4657,432,user,0.9333333333333332,GPT,GPT,GPT,Library
0.7484517252233569,1.582539858594909,0.0,2.3007094956054543,0.4405670820063641,0.42592661321461767,1.942869906176903,none,none,4658,432,assistant,1.0,GPT,GPT,GPT,Library
0.01865218883355573,0.0,0.0010127110821249315,1.0166032990601537,0.0002259198392978267,0.0,0.01399661955312207,none,none,4533,433,user,0.0,GPT,GPT,GPT,Library
0.0,0.003892670705103831,0.0,0.9990955079944592,0.0,0.0,0.0,none,clarify,4534,433,assistant,0.0526315789473684,GPT,GPT,GPT,Library
0.008715222563156034,0.9966724427189927,0.0,1.9869316469784641,0.0,0.002672053286864946,0.0,none,clarify,4538,433,user,0.1052631578947368,GPT,GPT,GPT,Library
0.718922404908872,1.0794668984822362,0.0,2.3751379571690303,0.4722864260405954,0.1643890128823537,1.773119719560551,none,none,4539,433,assistant,0.1578947368421052,GPT,GPT,GPT,Library
0.25370019216894807,0.5272255292624286,0.11334185629969579,1.86802922608188,0.058916001941128886,0.08674279830356758,0.967136148716997,none,clarify,4563,433,user,0.2105263157894736,GPT,GPT,GPT,Library
0.6265753140803002,1.5759080432915735,0.0030214115273177445,2.2492338099277855,0.4446091247242107,0.11321508926758322,2.162161582924198,none,none,4564,433,assistant,0.2631578947368421,GPT,GPT,GPT,Library
0.5126406890423125,0.0462562497869399,0.5872685943854246,1.4223050964428405,0.0,0.09020165615698184,0.8227211288549108,none,clarify,4571,433,user,0.3157894736842105,GPT,GPT,GPT,Library
0.5426110166073219,1.2802450085352413,0.0,2.337641422722775,0.8458885220660434,0.4405664302019075,2.08518034782367,none,none,4572,433,assistant,0.3684210526315789,GPT,GPT,GPT,Library
0.2643576297578526,0.6241908414485308,0.06840316013473807,1.4578474661063245,0.0,0.0,0.572431778993668,none,clarify,4585,433,user,0.4210526315789473,GPT,GPT,GPT,Library
0.759860027397484,1.2273637099143662,0.0,2.240489731533801,0.6414425291857052,0.6218896366636995,2.0223146246721493,none,none,4587,433,assistant,0.4736842105263157,GPT,GPT,GPT,Library
0.4161734531980013,0.22441315457584696,0.2545869401048942,1.461633708273492,0.15203098185754332,0.07981679542735526,0.1701069670108789,none,clarify,4597,433,user,0.5263157894736842,GPT,GPT,GPT,Library
0.5584217586093898,1.3275094560733554,0.0,2.3113801856837757,0.8564013726863949,0.03468225165348784,1.6196645090894521,none,none,4598,433,assistant,0.5789473684210527,GPT,GPT,GPT,Library
0.08075195409066599,0.3993461066262936,0.0,1.6705297580069915,0.3712191221123686,0.19265881111221894,1.4144289161795578,none,clarify,4613,433,user,0.631578947368421,GPT,GPT,GPT,Library
0.535170062699956,1.2311193178806625,0.0,2.1989742740169675,0.7789298267099186,0.08957017283644926,1.90118340051116,none,none,4614,433,assistant,0.6842105263157895,GPT,GPT,GPT,Library
0.3382052178896626,0.09671030667801547,0.0,1.4898257551078766,0.1722361151834306,0.029252578358829343,0.81433232343184,none,clarify,4621,433,user,0.7368421052631579,GPT,GPT,GPT,Library
0.6905271487873289,1.1047840833177593,0.0,2.225010592401382,1.043012711199934,0.11175622609663102,2.132014988360004,none,none,4622,433,assistant,0.7894736842105263,GPT,GPT,GPT,Library
0.09387979733144597,0.056945807377279486,0.03287272095209927,1.7564340751583822,0.19815453337140057,0.0,0.4328975880045406,none,clarify,4631,433,user,0.8421052631578947,GPT,GPT,GPT,Library
0.7491089427629051,1.2054216491429866,0.0,2.277723490614641,0.7586649982621655,0.78540556590577,2.30225875379117,none,none,4632,433,assistant,0.8947368421052632,GPT,GPT,GPT,Library
0.6090619339013241,0.34897805174423646,0.0,1.8295431259595896,0.3946049065730997,0.04095243162815041,0.72320241840313,none,none,4643,433,user,0.9473684210526316,GPT,GPT,GPT,Library
0.6907461709733479,1.2471103496793396,0.011174120004448836,2.171284371810822,0.7407660556758423,0.8043848692405415,2.1335057733239546,none,none,4644,433,assistant,1.0,GPT,GPT,GPT,Library
0.01865218883355573,0.0,0.0010127110821249315,1.0166032990601537,0.0002259198392978267,0.0,0.01399661955312207,none,none,4535,434,user,0.0,GPT,GPT,GPT,Library
0.0,0.003892670705103831,0.0,0.9990955079944592,0.0,0.0,0.0,none,clarify,4536,434,assistant,0.0588235294117647,GPT,GPT,GPT,Library
0.008715222563156034,0.9966724427189927,0.0,1.9869316469784641,0.0,0.002672053286864946,0.0,none,clarify,4548,434,user,0.1176470588235294,GPT,GPT,GPT,Library
0.4529642311783664,1.7650267663322232,0.0,2.304989902080459,0.3962184049166936,0.05843357157110991,1.9677265711282366,none,none,4550,434,assistant,0.1764705882352941,GPT,GPT,GPT,Library
0.9435755803358311,0.2893163049582181,0.3340339685070265,1.815562140982625,0.015069714562016511,0.24029591202747816,0.6090580848934113,none,none,4567,434,user,0.2352941176470588,GPT,GPT,GPT,Library
1.1456338160026411,1.7241753820624435,0.32821711995611397,2.2076813780114413,0.448968131255208,0.987108700324418,1.2353046512299002,none,none,4568,434,assistant,0.2941176470588235,GPT,GPT,GPT,Library
0.3285429641484082,0.1585024666632304,0.3695193955629207,1.2908803370132633,0.25730513484534817,0.25866168231117603,0.3663912450153529,none,none,4580,434,user,0.3529411764705882,GPT,GPT,GPT,Library
0.6254311845608918,2.1186286898095257,0.0,2.1477592322598023,0.03421350673558304,0.004200999796643996,0.9846394517881426,none,open_what_if,4582,434,assistant,0.4117647058823529,GPT,GPT,GPT,Library
0.4607111110983027,0.7528830295190162,0.018480454914005136,2.0272258023919534,0.26490148699486993,0.0,1.154216843683543,none,clarify,4593,434,user,0.4705882352941176,GPT,GPT,GPT,Library
0.4067729862667601,1.32032642188134,0.03262721233608334,2.551332967384865,0.5199457947687756,0.2308549878714588,1.083389521284943,none,none,4595,434,assistant,0.5294117647058824,GPT,GPT,GPT,Library
0.313215052941298,0.8439781726047251,0.014165926582744905,2.125119336804471,0.3114186160898846,0.23981336885477636,0.6194148285972109,none,none,4623,434,user,0.5882352941176471,GPT,GPT,GPT,Library
0.49478469502734823,1.412615708432609,0.0,2.337557210333268,0.4934166798477108,0.11711271327052475,2.251724918756475,none,none,4625,434,assistant,0.6470588235294118,GPT,GPT,GPT,Library
0.12307641141534863,1.1955242835834392,0.0,1.234482955712579,0.05612114573040479,0.015557005027324308,1.027410779076083,none,none,4633,434,user,0.7058823529411765,GPT,GPT,GPT,Library
1.5983261222776555,1.4567382499579506,0.0,2.3946392630583837,0.46662470559467345,0.7262615310919778,1.8487562242946223,none,none,4634,434,assistant,0.7647058823529411,GPT,GPT,GPT,Library
0.3913318911169832,1.0002251733671936,0.37934038340213166,1.2513375775078892,0.2456749373858536,0.09114976768095114,0.4751964763553415,none,clarify,4641,434,user,0.8235294117647058,GPT,GPT,GPT,Library
0.6792682890055805,1.3914485082855534,0.0,2.2073738529776943,0.5407834704121841,0.12396023955607646,2.0495433195362365,none,none,4642,434,assistant,0.8823529411764706,GPT,GPT,GPT,Library
0.29037565718747127,0.02490785099386649,0.0,1.717181233934144,0.3782496762820129,0.004432423352811373,1.2597696082741723,none,none,4651,434,user,0.9411764705882352,GPT,GPT,GPT,Library
0.8860760663682593,1.3867393208629708,0.0,2.3294898535739,0.8588036126935623,0.3837101181898447,1.751518310091979,none,none,4652,434,assistant,1.0,GPT,GPT,GPT,Library
0.01865218883355573,0.0,0.0010127110821249315,1.0166032990601537,0.0002259198392978267,0.0,0.01399661955312207,none,none,4545,436,user,0.0,GPT,GPT,GPT,Library
0.0,0.003892670705103831,0.0,0.9990955079944592,0.0,0.0,0.0,none,clarify,4546,436,assistant,0.0909090909090909,GPT,GPT,GPT,Library
0.2889036914700987,0.19546004711203524,0.017091597310071933,1.4207685797690113,0.18645423470088462,0.495685745962568,0.5182893353047116,none,none,4551,436,user,0.1818181818181818,GPT,GPT,GPT,Library
0.0,0.40904932814543454,0.008916655199557038,2.0774845456145337,0.04029855911643745,0.14397481014807953,0.1528315486760009,none,clarify,4553,436,assistant,0.2727272727272727,GPT,GPT,GPT,Library
0.008715222563156034,0.9966724427189927,0.0,1.9869316469784641,0.0,0.002672053286864946,0.03108493010456139,none,clarify,4557,436,user,0.3636363636363636,GPT,GPT,GPT,Library
0.9599480618309554,1.7027722430694183,0.01117751253283134,2.3649132838207283,0.3209862860716883,0.09521189491544461,1.928588976713856,none,none,4558,436,assistant,0.4545454545454545,GPT,GPT,GPT,Library
0.293129338996612,0.12866603216561265,0.11205141209366731,1.923156726698326,0.33837982041361403,0.007452337164430473,1.1945560569629292,none,none,4603,436,user,0.5454545454545454,GPT,GPT,GPT,Library
1.0501995527823427,2.097931251788678,0.0033387216747617415,2.4791110879961513,0.4298003047024729,0.04186668207612534,1.2430137835248696,none,none,4604,436,assistant,0.6363636363636364,GPT,GPT,GPT,Library
0.16898777284443497,1.0772516258911338,0.1520344414358672,1.9928761508699402,0.10112555521907886,0.15036507628643236,0.4693051914943542,none,none,4624,436,user,0.7272727272727273,GPT,GPT,GPT,Library
0.48624802479039225,2.057559628371447,0.4561403706651083,2.5490476463895777,0.7106585458967024,0.15654996203598825,1.5725330266670192,none,none,4626,436,assistant,0.8181818181818182,GPT,GPT,GPT,Library
0.38195370540087187,0.2882399829773195,0.006190587398761014,2.0830031066739063,0.25283331615703775,0.0,0.43538642489309987,none,none,4639,436,user,0.9090909090909092,GPT,GPT,GPT,Library
0.34777326468746683,1.635477572880119,0.02607859049032591,2.5034553923606553,0.7854876006741177,0.0,1.9466797644884717,none,none,4640,436,assistant,1.0,GPT,GPT,GPT,Library
0.01865218883355573,0.0,0.0010127110821249315,1.0166032990601537,0.0002259198392978267,0.0,0.01399661955312207,none,none,4577,437,user,0.0,GPT,GPT,GPT,Library
0.0,0.003892670705103831,0.0,0.9990955079944592,0.0,0.0,0.0,none,clarify,4578,437,assistant,0.2,GPT,GPT,GPT,Library
0.008715222563156034,0.9966724427189927,0.0,1.9869316469784641,0.0,0.002672053286864946,0.07191536535745854,none,clarify,4583,437,user,0.4,GPT,GPT,GPT,Library
0.8562157106605865,1.4098057942551678,0.0,2.4543314424624327,0.4849570187948555,0.316784725241982,2.5092747176142276,none,none,4584,437,assistant,0.6,GPT,GPT,GPT,Library
0.35985378668933576,0.6514601481643998,0.40042607392399104,1.466377383027723,0.11426822417608834,0.2922716905438256,1.0279923986395538,none,none,4610,437,user,0.8,GPT,GPT,GPT,Library
0.6528992447098836,1.6638147487807475,0.0,2.184015949626841,0.9275623543769839,0.18669616004374764,1.7710421443548097,none,none,4612,437,assistant,1.0,GPT,GPT,GPT,Library
0.01865218883355573,0.0,0.0010127110821249315,1.0166032990601537,0.0002259198392978267,0.0,0.01399661955312207,none,none,4660,439,user,0.0,Divergent,Persona,Divergent,Bicycle
0.0,0.003892670705103831,0.0,0.9990955079944592,0.0,0.0,0.0,none,clarify,4662,439,assistant,0.04,Divergent,Persona,Divergent,Bicycle
0.03049838401600156,0.9893643612695656,0.0,1.9835241770621765,0.004235966895978697,0.0,0.006937027005586032,none,clarify,4667,439,user,0.08,Divergent,Persona,Divergent,Bicycle
2.919091194932346,0.9997753193395353,0.0,1.992647804120589,0.022031339999739667,1.997608857099457,1.8282309502460825,none,open_what_if,4669,439,assistant,0.12,Divergent,Persona,Divergent,Bicycle
0.4794838293390626,0.0,0.12425816137958026,2.046855731159309,0.08909521354174696,0.06215393671696498,1.5449152518525684,none,none,4687,439,user,0.16,Divergent,Persona,Divergent,Bicycle
1.3452696338674521,1.0580061951462796,0.0030214115273177445,1.8272930975930088,0.39708853112503945,0.834463737757105,1.7750651404909776,none,open_what_if,4689,439,assistant,0.2,Divergent,Persona,Divergent,Bicycle
0.953352987319836,0.49475495510477135,0.0,1.7132913331783073,0.14303542480767753,0.6028569718777214,1.1545809386356918,none,none,4695,439,user,0.24,Divergent,Persona,Divergent,Bicycle
2.0753238874802475,0.9130504409113246,0.14073318942106527,2.0683265045800323,0.0652070912947998,0.7572320725223994,2.1227837067847135,none,open_what_if,4696,439,assistant,0.28,Divergent,Persona,Divergent,Bicycle
0.18000410694956115,0.22525009656540076,0.01210734156157409,1.6262931141904446,0.2157603644594216,0.034662163840737226,0.263215616120177,none,clarify,4697,439,user,0.32,Divergent,Persona,Divergent,Bicycle
2.8778088683193217,0.9376681365724016,0.0,1.976644803432521,0.01208108834370697,1.0096285770399438,1.9968790836552797,none,open_what_if,4698,439,assistant,0.36,Divergent,Persona,Divergent,Bicycle
0.3633159608242346,0.4542928179222905,0.017552017896865026,2.157056767722485,0.4259593286788829,0.15807842211176795,1.269027197266887,none,none,4705,439,user,0.4,Divergent,Persona,Divergent,Bicycle
2.3561332890080484,1.2803806300622749,0.0,1.8359139707550383,0.34255976980727315,0.9267596080160044,1.2697291029432538,none,open_what_if,4706,439,assistant,0.44,Divergent,Persona,Divergent,Bicycle
0.73981888979468,0.8223488512373248,0.2818772003387984,1.9725976516103458,0.08993864908517445,0.23128738939369461,1.0015014865763943,none,none,4713,439,user,0.48,Divergent,Persona,Divergent,Bicycle
1.5492713550108412,1.3499276147699608,0.0,2.084116922932399,0.22808106164807845,0.3615374612176757,1.1472811206159914,none,open_what_if,4714,439,assistant,0.52,Divergent,Persona,Divergent,Bicycle
0.38528549247144384,0.7381195497879185,0.28383886536588854,2.144701621205699,0.5398237612336092,0.19208637667531503,1.628034090024254,none,none,4721,439,user,0.56,Divergent,Persona,Divergent,Bicycle
0.5733849626317243,1.845009705058956,0.0,2.681996961218753,0.55985477237286,0.2698746842171469,2.0053680100378783,none,open_what_if,4722,439,assistant,0.6,Divergent,Persona,Divergent,Bicycle
0.3215299776353852,0.951448409569613,0.0,2.0103857774318348,0.26537504006443474,0.05677897444161223,0.9271050346165083,none,none,4729,439,user,0.64,Divergent,Persona,Divergent,Bicycle
1.361940481093625,1.2098160948130243,0.0,2.151396636746261,0.38372001779859655,0.08220320026742817,1.5897371876191904,none,open_what_if,4730,439,assistant,0.68,Divergent,Persona,Divergent,Bicycle
0.6150040985451891,0.0,0.11478813929803543,2.0197325810503792,0.5462356028413354,0.056255390133727746,1.0584757942422032,none,none,4736,439,user,0.72,Divergent,Persona,Divergent,Bicycle
0.9549005028527585,1.372769559464462,0.0,2.197987241862292,0.23615824451900716,0.1680340011013393,2.104228748228396,none,open_what_if,4737,439,assistant,0.76,Divergent,Persona,Divergent,Bicycle
0.0,0.08147713579157005,0.0,2.051757029928024,0.06480900551588892,0.0,1.9795989798105682,none,none,4749,439,user,0.8,Divergent,Persona,Divergent,Bicycle
0.8340939445626749,1.3424132703896663,0.05670507632350598,2.136322459011439,0.053713743893211874,0.0,1.7395658101258242,none,open_what_if,4750,439,assistant,0.84,Divergent,Persona,Divergent,Bicycle
0.6773006996352918,0.42348138886894937,0.0,2.133139778643926,0.884360157102819,0.0,0.530736628065653,none,none,4759,439,user,0.88,Divergent,Persona,Divergent,Bicycle
1.4320908472592513,1.5292418783641881,0.05463458440318026,2.1505292292821485,0.43316193626219607,0.29631636136926676,1.8017061055588548,none,open_what_if,4760,439,assistant,0.92,Divergent,Persona,Divergent,Bicycle
0.03215437541967055,0.09758384441696788,0.120831015429614,1.4147623646791558,0.7438111614806879,0.08224686906267879,0.5452313534527621,none,none,4766,439,user,0.96,Divergent,Persona,Divergent,Bicycle
1.0562190317593572,1.421941378021716,0.18264633687380805,2.161423003666712,0.17633337049199446,0.2142981288834951,1.971918909803573,none,open_what_if,4768,439,assistant,1.0,Divergent,Persona,Divergent,Bicycle
0.01865218883355573,0.0,0.0010127110821249315,1.0166032990601537,0.0002259198392978267,0.0,0.01399661955312207,none,none,4663,440,user,0.0,Divergent,Persona,Divergent,Bicycle
0.0,0.003892670705103831,0.0,0.9990955079944592,0.0,0.0,0.0,none,clarify,4664,440,assistant,0.0769230769230769,Divergent,Persona,Divergent,Bicycle
0.03049838401600156,0.9893643612695656,0.0,1.9835241770621765,0.004235966895978697,0.0,0.006937027005586032,none,clarify,4670,440,user,0.1538461538461538,Divergent,Persona,Divergent,Bicycle
3.0,0.9645146708695118,0.0,1.9955320232870355,0.014604986448847317,1.9526421922937913,1.2055171079513598,none,open_what_if,4672,440,assistant,0.2307692307692307,Divergent,Persona,Divergent,Bicycle
0.2816804211848517,0.6290349519923851,0.0,2.0674895324293763,0.45935679810387003,0.017619158416972938,1.4665890051179327,none,none,4701,440,user,0.3076923076923077,Divergent,Persona,Divergent,Bicycle
2.3039051210199473,1.465476883591534,0.0002694895636206088,2.1210145962866838,0.18802815316519153,0.5799898193287377,1.4060651986269779,none,open_what_if,4702,440,assistant,0.3846153846153846,Divergent,Persona,Divergent,Bicycle
0.45939145141002075,0.7881579450405222,0.052249679330144246,2.541563934954236,0.39943213519118254,0.06165879432109544,1.3710493805824675,none,none,4715,440,user,0.4615384615384615,Divergent,Persona,Divergent,Bicycle
1.679354388405168,1.409861654717871,0.13081399647130604,2.2022354372623822,0.1457184767337629,0.430178399339638,1.3128278678970446,none,open_what_if,4716,440,assistant,0.5384615384615384,Divergent,Persona,Divergent,Bicycle
0.7740831808020867,0.7517907263030928,0.004383382071057962,2.4225768160152574,0.16924724269475508,0.0011846889487613591,0.9195899210151741,none,none,4741,440,user,0.6153846153846154,Divergent,Persona,Divergent,Bicycle
1.7873991645460097,1.2113490145048285,0.006587474266902196,2.0645378213544054,0.33014184355838866,0.4015371308075864,1.239686333397307,none,open_what_if,4742,440,assistant,0.6923076923076923,Divergent,Persona,Divergent,Bicycle
0.49620963534962115,0.195309241111611,0.03461615652224832,1.8285366223865298,0.1652153348081402,0.12113279902590603,1.2081120453369323,none,none,4753,440,user,0.7692307692307693,Divergent,Persona,Divergent,Bicycle
0.8328692737487821,1.1620687042363338,0.0014191078569182583,2.168774373826746,0.149854261215139,0.6742993019432554,1.307100096262495,none,open_what_if,4756,440,assistant,0.8461538461538461,Divergent,Persona,Divergent,Bicycle
0.0944114046822174,0.0,0.010025165676355958,1.0409689798783002,0.06453528492975508,0.02128225476846028,0.0022151219767138895,none,none,4761,440,user,0.9230769230769232,Divergent,Persona,Divergent,Bicycle
2.032059819428603,1.057982938761055,0.07506846058792213,2.053746557787921,0.3382057120929966,1.268421544089047,1.3183816839589366,none,open_what_if,4764,440,assistant,1.0,Divergent,Persona,Divergent,Bicycle
0.01865218883355573,0.0,0.0010127110821249315,1.0166032990601537,0.0002259198392978267,0.0,0.01399661955312207,none,none,4665,441,user,0.0,Divergent,Persona,Divergent,Bicycle
0.0,0.003892670705103831,0.0,0.9990955079944592,0.0,0.0,0.0,none,clarify,4666,441,assistant,0.0588235294117647,Divergent,Persona,Divergent,Bicycle
0.03049838401600156,0.9893643612695656,0.0,1.9835241770621765,0.004235966895978697,0.0,0.006937027005586032,none,clarify,4679,441,user,0.1176470588235294,Divergent,Persona,Divergent,Bicycle
2.189474658349529,1.571945610824654,0.0,2.2297953812582083,0.036136189203129304,0.45446428426577135,1.0994858778072027,none,open_what_if,4680,441,assistant,0.1764705882352941,Divergent,Persona,Divergent,Bicycle
0.2785140076968187,1.7122791328376403,0.011732376182843503,2.2530745386998188,0.37698800146537986,0.04580766093120932,1.7798955687012405,none,none,4688,441,user,0.2352941176470588,Divergent,Persona,Divergent,Bicycle
2.9021019068844316,1.1133579087700636,0.0,2.065007944793545,0.0,1.9546230003347027,1.0192653416191921,none,open_what_if,4690,441,assistant,0.2941176470588235,Divergent,Persona,Divergent,Bicycle
0.5794413632844739,1.0353264558227857,0.0,2.2835053693157668,0.30549860424870223,0.02128314498050112,2.026680455962278,none,none,4703,441,user,0.3529411764705882,Divergent,Persona,Divergent,Bicycle
2.0455002944378493,0.9232823775460802,0.0,2.0815622108972867,0.14816172240692185,0.7491254319850439,1.8161928909356089,none,open_what_if,4704,441,assistant,0.4117647058823529,Divergent,Persona,Divergent,Bicycle
0.6202706883881967,1.0495782685596045,0.0,2.1173936447984403,0.06415837530557687,0.31000324130319423,2.0728874039712095,none,none,4711,441,user,0.4705882352941176,Divergent,Persona,Divergent,Bicycle
1.2479327442005732,1.1539085537319758,0.1052202787125085,2.0234664343084345,0.1749861207076531,0.47557581645878483,1.610190106969588,none,open_what_if,4712,441,assistant,0.5294117647058824,Divergent,Persona,Divergent,Bicycle
0.9136702465957146,1.0070082446740058,0.0,1.996138967030409,0.9037425215674342,0.04172140210547285,2.8081423865275164,none,none,4723,441,user,0.5882352941176471,Divergent,Persona,Divergent,Bicycle
1.8842752248506818,1.1248008893825394,0.0,2.1732821134681553,0.1759861043448828,0.8019913289688082,1.830628079154838,none,open_what_if,4724,441,assistant,0.6470588235294118,Divergent,Persona,Divergent,Bicycle
0.6545149858098832,1.3780413191917784,0.016090873588245073,2.1149301655972432,0.9065768159463777,0.2849412670441265,2.4872613620933586,none,none,4733,441,user,0.7058823529411765,Divergent,Persona,Divergent,Bicycle
2.5875502028305277,0.9101036394311748,0.0,1.965002852332221,0.25922415459073994,0.9563072176327849,1.6181344638932906,none,open_what_if,4734,441,assistant,0.7647058823529411,Divergent,Persona,Divergent,Bicycle
0.48062401662059245,0.7418962004998833,0.0,1.88088320297985,0.44387081821009405,0.09927943549416994,0.9296622424003192,none,none,4757,441,user,0.8235294117647058,Divergent,Persona,Divergent,Bicycle
1.8541586137789516,1.3110453152641395,0.0,1.9955000671961365,0.08624927374690253,0.7096947453250956,1.8456858956841207,none,open_what_if,4758,441,assistant,0.8823529411764706,Divergent,Persona,Divergent,Bicycle
0.40916591458290175,1.036905661630799,0.0,2.096332975693787,0.719481173624846,0.035616398980037094,2.0899366032034083,none,none,4769,441,user,0.9411764705882352,Divergent,Persona,Divergent,Bicycle
2.441858928936937,1.2490093616151956,0.0,1.9925818647609177,0.03619404734931853,0.790326813827329,1.8137329221133167,none,open_what_if,4770,441,assistant,1.0,Divergent,Persona,Divergent,Bicycle
0.01865218883355573,0.0,0.0010127110821249315,1.0166032990601537,0.0002259198392978267,0.0,0.01399661955312207,none,none,4668,442,user,0.0,Divergent,Persona,Divergent,Bicycle
0.0,0.003892670705103831,0.0,0.9990955079944592,0.0,0.0,0.0,none,clarify,4671,442,assistant,0.0769230769230769,Divergent,Persona,Divergent,Bicycle
0.03049838401600156,0.9893643612695656,0.0,1.9835241770621765,0.004235966895978697,0.0,0.006937027005586032,none,clarify,4676,442,user,0.1538461538461538,Divergent,Persona,Divergent,Bicycle
1.8016243181519986,1.559110018226293,0.0,2.134197830873771,0.02423372729956948,0.7004853522732247,1.1045713848814445,none,open_what_if,4678,442,assistant,0.2307692307692307,Divergent,Persona,Divergent,Bicycle
0.7837371899427481,0.38378703472655895,0.0021445897332949583,1.9704079587498915,0.31199809415509616,0.3093612644420297,1.0473877950031014,none,none,4699,442,user,0.3076923076923077,Divergent,Persona,Divergent,Bicycle
2.868166917671635,1.033865425302927,0.0,2.0110147796792988,0.06951196735163277,0.9864971560941408,1.0668477144702568,none,open_what_if,4700,442,assistant,0.3846153846153846,Divergent,Persona,Divergent,Bicycle
0.47062521145687997,0.504829002516684,0.038288997422849934,1.977971593354696,0.39246810375898555,0.03163966624695997,1.1449372146100807,none,none,4719,442,user,0.4615384615384615,Divergent,Persona,Divergent,Bicycle
2.0925906187820145,1.7851287682450134,0.0,1.9862067646434818,0.0,0.6487060326468967,1.766351758221755,none,open_what_if,4720,442,assistant,0.5384615384615384,Divergent,Persona,Divergent,Bicycle
0.48752098033743324,0.02044537878774225,0.004931539807766211,1.6742052244843892,0.1383044220306306,0.06691665914297688,0.5963195523094441,none,none,4738,442,user,0.6153846153846154,Divergent,Persona,Divergent,Bicycle
1.8199361167687882,1.4960090115869868,0.26111925707216754,1.9525347136339548,0.009690114974800344,0.07136374602750972,1.3449673443416112,none,open_what_if,4740,442,assistant,0.6923076923076923,Divergent,Persona,Divergent,Bicycle
0.812573692711013,0.6976314073403997,0.024034357252009298,1.8508231295021373,0.096497220192654,0.0,0.7811696236714393,none,none,4747,442,user,0.7692307692307693,Divergent,Persona,Divergent,Bicycle
1.7922388915985348,1.7766687646382364,0.0,1.7853452749777594,0.14013845143563372,0.1797752640931297,1.1749924855856546,none,open_what_if,4748,442,assistant,0.8461538461538461,Divergent,Persona,Divergent,Bicycle
0.16502011395237937,0.07568025771277709,0.13069020158162323,1.8340535209821893,0.3570518962451065,0.0,0.7385325485886042,none,none,4765,442,user,0.9230769230769232,Divergent,Persona,Divergent,Bicycle
1.5980329715302461,1.832393733992618,0.008648745756631746,2.2204336504573186,0.5431289128631605,0.41188010875459974,1.7255874816050445,none,open_what_if,4767,442,assistant,1.0,Divergent,Persona,Divergent,Bicycle
0.01865218883355573,0.0,0.0010127110821249315,1.0166032990601537,0.0002259198392978267,0.0,0.01399661955312207,none,none,4673,443,user,0.0,Divergent,Persona,Divergent,Bicycle
0.0,0.003892670705103831,0.0,0.9990955079944592,0.0,0.0,0.0,none,clarify,4674,443,assistant,0.0588235294117647,Divergent,Persona,Divergent,Bicycle
0.03049838401600156,0.9893643612695656,0.0,1.9835241770621765,0.004235966895978697,0.0,0.006937027005586032,none,clarify,4675,443,user,0.1176470588235294,Divergent,Persona,Divergent,Bicycle
2.7742588215671904,0.7632503755392803,0.0,1.8515451413575708,0.02878311656223015,1.640058649409347,0.9070479991896411,none,open_what_if,4677,443,assistant,0.1764705882352941,Divergent,Persona,Divergent,Bicycle
0.43109004833705816,0.318411390252604,0.03571983593724382,1.4868636584789001,0.04277314973219443,0.24342680009874265,0.629011566060438,none,none,4693,443,user,0.2352941176470588,Divergent,Persona,Divergent,Bicycle
1.5250805798504325,1.2919611433920115,0.0,1.9736704379102101,0.033344945094398955,1.0214246784468708,1.45569286751545,none,open_what_if,4694,443,assistant,0.2941176470588235,Divergent,Persona,Divergent,Bicycle
0.36813454132098705,0.8850478476509328,0.01363738871271107,1.8215255950373896,0.5822747663025781,0.0,1.5266122806058617,none,none,4707,443,user,0.3529411764705882,Divergent,Persona,Divergent,Bicycle
1.7182564299881007,1.147583321869908,0.0,2.183487709701413,0.0,1.4990051189062368,1.8511066240976137,none,open_what_if,4708,443,assistant,0.4117647058823529,Divergent,Persona,Divergent,Bicycle
0.3519799729213212,0.2942136971158328,0.13821839700859637,2.0882772805632,0.11751417740236589,0.0,0.751069291113698,none,none,4725,443,user,0.4705882352941176,Divergent,Persona,Divergent,Bicycle
1.899910454680664,1.194876657216083,0.0,2.0443509062706298,0.0,1.0775120928245947,1.5510430737712497,none,open_what_if,4726,443,assistant,0.5294117647058824,Divergent,Persona,Divergent,Bicycle
0.3481080084265303,0.9737327142549403,0.003974320362496922,1.8237945854962792,0.23292040410408654,0.32382169526651994,0.7898744782694124,none,none,4735,443,user,0.5882352941176471,Divergent,Persona,Divergent,Bicycle
1.8750477091544093,1.4800462825592617,0.0,2.133034111805685,0.13321328326719534,0.7224304846184938,1.9789310131714477,none,open_what_if,4739,443,assistant,0.6470588235294118,Divergent,Persona,Divergent,Bicycle
0.0,0.029185446072405644,0.0,1.05421779424467,0.029699102309225216,0.0,0.0,none,clarify,4743,443,user,0.7058823529411765,Divergent,Persona,Divergent,Bicycle
1.47515641111563,1.401658471118437,0.0,2.1197781441187233,0.0280440536480809,0.9762294414356316,1.577995753995365,none,open_what_if,4744,443,assistant,0.7647058823529411,Divergent,Persona,Divergent,Bicycle
0.20856671425519382,0.27808851018971287,0.012873642886514842,1.7016942485937685,0.0,0.28165492015031846,0.4871639644560734,none,none,4754,443,user,0.8235294117647058,Divergent,Persona,Divergent,Bicycle
2.115849718326205,1.6740640346480646,0.0,2.114206835659543,0.1699241578705809,1.0628483655335046,1.803272110957713,none,open_what_if,4755,443,assistant,0.8823529411764706,Divergent,Persona,Divergent,Bicycle
0.05076320456285579,0.06407529065816678,0.0,1.9905999693164733,0.07618406463454917,0.00019046089132448385,1.0527663046750846,none,none,4762,443,user,0.9411764705882352,Divergent,Persona,Divergent,Bicycle
1.5302378254212106,1.3473800635613598,0.0,2.1011924300090596,0.19669582202966612,0.8602826993190281,1.7731857962049502,none,open_what_if,4763,443,assistant,1.0,Divergent,Persona,Divergent,Bicycle
0.01865218883355573,0.0,0.0010127110821249315,1.0166032990601537,0.0002259198392978267,0.0,0.01399661955312207,none,none,4681,444,user,0.0,Divergent,Persona,Divergent,Bicycle
0.0,0.003892670705103831,0.0,0.9990955079944592,0.0,0.0,0.0,none,clarify,4682,444,assistant,0.0909090909090909,Divergent,Persona,Divergent,Bicycle
0.03049838401600156,0.9893643612695656,0.0,1.9835241770621765,0.004235966895978697,0.0,0.006937027005586032,none,clarify,4683,444,user,0.1818181818181818,Divergent,Persona,Divergent,Bicycle
2.9622961738955764,0.9604285115273485,0.0,2.0285353187703703,0.0,1.9769167936730145,1.8898286724557432,none,open_what_if,4684,444,assistant,0.2727272727272727,Divergent,Persona,Divergent,Bicycle
0.9073382909669159,0.9635274256979841,0.004605632303129865,1.6996079540627245,0.2663797844209412,0.032030665265407994,1.4012441421906854,none,none,4709,444,user,0.3636363636363636,Divergent,Persona,Divergent,Bicycle
1.4448791791663311,2.011507997769946,0.25099587929763395,2.067359438962388,0.05810186936107744,1.0529480265900624,1.6666483285879765,none,open_what_if,4710,444,assistant,0.4545454545454545,Divergent,Persona,Divergent,Bicycle
1.27239972295124,1.1402822266873578,0.25417762013145623,1.9132716269850039,0.1841635571343968,0.2967601036123934,1.4172371962268784,none,open_what_if,4731,444,user,0.5454545454545454,Divergent,Persona,Divergent,Bicycle
1.6152100164585834,1.453339560311232,0.00013240940243756287,1.8938716082433034,0.2681288143871961,1.1495512568787318,1.3714744486932084,none,open_what_if,4732,444,assistant,0.6363636363636364,Divergent,Persona,Divergent,Bicycle
0.7871057746262244,1.268043229505959,0.009891006519907071,1.9520906384757741,0.11993175674417149,0.34727484935699493,0.9255485381080265,none,none,4751,444,user,0.7272727272727273,Divergent,Persona,Divergent,Bicycle
1.68260502948448,1.8114650153043796,0.0006108196209982904,2.1940528984425502,0.47064717641678566,0.7194832408156268,1.6691476962490335,none,open_what_if,4752,444,assistant,0.8181818181818182,Divergent,Persona,Divergent,Bicycle
0.0,0.5927921459780399,0.6640022450062079,1.9183171120424665,0.12654237547637268,0.0,0.49160862263175087,none,none,4771,444,user,0.9090909090909092,Divergent,Persona,Divergent,Bicycle
1.9791437341545475,1.1985565282000332,0.037544201987890755,1.9063107018332743,0.016707057461358046,1.111065707056312,1.2776252400723962,none,open_what_if,4772,444,assistant,1.0,Divergent,Persona,Divergent,Bicycle
0.01865218883355573,0.0,0.0010127110821249315,1.0166032990601537,0.0002259198392978267,0.0,0.01399661955312207,none,none,4685,445,user,0.0,Divergent,Persona,Divergent,Bicycle
0.0,0.003892670705103831,0.0,0.9990955079944592,0.0,0.0,0.0,none,clarify,4686,445,assistant,0.1111111111111111,Divergent,Persona,Divergent,Bicycle
0.03049838401600156,0.9893643612695656,0.0,1.9835241770621765,0.004235966895978697,0.0,0.006937027005586032,none,clarify,4691,445,user,0.2222222222222222,Divergent,Persona,Divergent,Bicycle
1.6989857694714836,1.479487707952022,0.02750804743138907,2.135317373026342,0.17651592859831727,0.5065214755116488,1.249771341294069,none,open_what_if,4692,445,assistant,0.3333333333333333,Divergent,Persona,Divergent,Bicycle
0.5997875626393361,0.3662587925100299,0.0,1.2025748944353127,0.06275235686390802,0.015343623734828378,0.3816216683560542,none,clarify,4717,445,user,0.4444444444444444,Divergent,Persona,Divergent,Bicycle
2.158769936065393,1.2460179404008598,0.15830126093393407,1.9082583984162595,0.2073277329106813,0.8066003818429279,1.2865650977248317,none,open_what_if,4718,445,assistant,0.5555555555555556,Divergent,Persona,Divergent,Bicycle
0.46323279322680233,0.3737031211184689,0.0,1.6644386392234911,0.1683852158454832,0.003860380714136601,0.4206343401686568,none,clarify,4727,445,user,0.6666666666666666,Divergent,Persona,Divergent,Bicycle
2.9337987022916145,0.2550114906730164,0.0,2.0106487107437037,0.010252246467032291,1.9440450130299194,1.014443067276636,none,open_what_if,4728,445,assistant,0.7777777777777778,Divergent,Persona,Divergent,Bicycle
1.1511852268416363,0.03118124439956865,0.0,1.8439600332519888,0.46381631425568653,0.5860080542805703,0.43977771961012674,none,clarify,4745,445,user,0.8888888888888888,Divergent,Persona,Divergent,Bicycle
2.023657477968327,0.6943669463534757,0.0,2.0176022694865874,0.24312672623161125,0.9924633576364225,1.3919050973157012,none,open_what_if,4746,445,assistant,1.0,Divergent,Persona,Divergent,Bicycle
0.01865218883355573,0.0,0.0010127110821249315,1.0166032990601537,0.0002259198392978267,0.0,0.01399661955312207,none,none,5029,466,user,0.0,Convergent,Persona,Convergent,Bicycle
0.0,0.003892670705103831,0.0,0.9990955079944592,0.0,0.0,0.0,none,clarify,5030,466,assistant,0.0769230769230769,Convergent,Persona,Convergent,Bicycle
0.18473509150661216,0.9274014712999004,0.0,1.8818419450339996,0.02486257285805283,0.011758432157403102,0.3367107260447996,none,clarify,5037,466,user,0.1538461538461538,Convergent,Persona,Convergent,Bicycle
0.9565324549753109,1.3037064493105377,0.0,2.2057998492864934,0.12292780374975837,0.031096005915377155,0.32889614841558185,none,clarify,5038,466,assistant,0.2307692307692307,Convergent,Persona,Convergent,Bicycle
0.3774910020681063,0.3018230675360498,0.13409455613072505,1.4911960017874113,0.09690491161693887,0.04343008399482094,0.14712863387280714,none,none,5047,466,user,0.3076923076923077,Convergent,Persona,Convergent,Bicycle
1.1590868484013936,1.9384781916374116,0.015512233404596981,2.6345730191606775,0.0841936902663831,0.4185117315227551,0.8248913402118387,none,criteria_setting,5048,466,assistant,0.3846153846153846,Convergent,Persona,Convergent,Bicycle
0.7466274296562703,0.008538341722373312,0.1342014825485812,1.952921628156284,0.39821908705799536,0.01906691934855831,0.7160338446518384,none,none,5057,466,user,0.4615384615384615,Convergent,Persona,Convergent,Bicycle
1.2361069985012332,1.920904133643227,0.013544052327344477,2.1160524019998297,0.6297780125651063,0.6000909071917848,1.3934301812212377,none,open_what_if,5058,466,assistant,0.5384615384615384,Convergent,Persona,Convergent,Bicycle
0.9319602245099881,0.23100201863240488,0.06518697055348761,1.6304920396412865,0.04251211051952193,0.02647190191064863,0.23646214211055736,none,none,5061,466,user,0.6153846153846154,Convergent,Persona,Convergent,Bicycle
0.26103618349139773,1.6215876152791693,0.17614452793688312,2.378890109006287,0.07415014626443985,0.07360040958364411,0.6817231601033801,none,open_what_if,5062,466,assistant,0.6923076923076923,Convergent,Persona,Convergent,Bicycle
0.6978107694246214,1.1804246327748344,0.06940696060657849,2.355510898185819,0.8116053521906813,0.3280259125466501,0.7723738588025789,none,none,5073,466,user,0.7692307692307693,Convergent,Persona,Convergent,Bicycle
1.2062576164117003,1.5495072882582406,0.1586833905428534,2.4650950647469245,0.6038439831279024,0.4012249619630684,1.1413246077680865,none,open_what_if,5074,466,assistant,0.8461538461538461,Convergent,Persona,Convergent,Bicycle
0.07990412092624394,0.4927104939286982,0.14386351285492538,2.2636949652242753,0.5561143518926653,0.0,0.467216149597723,none,none,5083,466,user,0.9230769230769232,Convergent,Persona,Convergent,Bicycle
0.9422027178723668,1.5526237494210307,0.0,2.5116115964618557,0.2632912341779572,0.48497528671104273,1.2743103246104655,none,open_what_if,5084,466,assistant,1.0,Convergent,Persona,Convergent,Bicycle
0.01865218883355573,0.0,0.0010127110821249315,1.0166032990601537,0.0002259198392978267,0.0,0.01399661955312207,none,none,5031,467,user,0.0,Convergent,Persona,Convergent,Bicycle
0.0,0.003892670705103831,0.0,0.9990955079944592,0.0,0.0,0.0,none,clarify,5032,467,assistant,0.0588235294117647,Convergent,Persona,Convergent,Bicycle
0.03049838401600156,0.9893643612695656,0.0,1.9835241770621765,0.004235966895978697,0.0,0.006937027005586032,none,clarify,5043,467,user,0.1176470588235294,Convergent,Persona,Convergent,Bicycle
0.7610847834958065,1.7240792900567508,0.0,1.8371041613223813,0.13746902541264808,0.04419142492468919,0.9148094974703012,none,open_what_if,5044,467,assistant,0.1764705882352941,Convergent,Persona,Convergent,Bicycle
0.37791598172156066,0.5135308604979776,0.007858653371304411,1.7046655567997357,0.1696454895216617,0.0,0.32894647248030046,none,none,5045,467,user,0.2352941176470588,Convergent,Persona,Convergent,Bicycle
1.7457582178246605,1.546051629566045,0.03437369441290898,1.963421713106522,0.3401169126848463,0.7079314100886857,0.7998970798827697,none,open_what_if,5046,467,assistant,0.2941176470588235,Convergent,Persona,Convergent,Bicycle
0.059452522062699506,0.04628226646787258,0.901467906906783,2.0092878534314145,0.0972306133562462,0.0,0.15684611724411307,neutral,none,5053,467,user,0.3529411764705882,Convergent,Persona,Convergent,Bicycle
1.409785625562942,1.028709554382601,0.0,2.1155850591437324,0.03647113613929359,0.18897160695038323,1.0417435634875893,none,open_what_if,5054,467,assistant,0.4117647058823529,Convergent,Persona,Convergent,Bicycle
0.15350297609223185,0.13794827496051335,0.011043912257312861,1.4883781108760226,0.37763891156755214,0.0,0.18467260905664976,none,none,5055,467,user,0.4705882352941176,Convergent,Persona,Convergent,Bicycle
1.9332675610237668,1.3571352808802446,0.0,2.1523359386076164,0.0,1.0332365238139751,1.7370355930055223,none,open_what_if,5056,467,assistant,0.5294117647058824,Convergent,Persona,Convergent,Bicycle
0.8742626933071208,0.9344579411891903,0.019589284745480624,1.9523221181553334,0.05855278552635409,0.0,1.0221399991828435,none,none,5063,467,user,0.5882352941176471,Convergent,Persona,Convergent,Bicycle
1.3076153424362513,1.47024432746773,0.08247768504635211,2.098381083253604,0.3406179240230326,0.48763172914298625,1.3641496960833375,none,open_what_if,5064,467,assistant,0.6470588235294118,Convergent,Persona,Convergent,Bicycle
0.0835617206117144,0.0,0.14603019233927553,1.492496974652506,0.09109893353988616,0.1775063861202961,0.30678250537910084,none,none,5067,467,user,0.7058823529411765,Convergent,Persona,Convergent,Bicycle
1.4136393489290437,1.2652294925638916,0.03639881679276236,2.2323434487137335,0.038948075542710126,0.6680582027281833,1.2118090600501998,none,none,5068,467,assistant,0.7647058823529411,Convergent,Persona,Convergent,Bicycle
0.09246392392989837,0.8828174829580738,0.03172503201043671,1.9772394172372927,0.8747060678370321,0.0,1.8578422670486212,none,none,5079,467,user,0.8235294117647058,Convergent,Persona,Convergent,Bicycle
1.3593252035746446,1.8995103810490943,0.03854315166219495,2.0399801917388247,0.1724914170283159,0.11655672630577465,1.9919870490902345,none,open_what_if,5080,467,assistant,0.8823529411764706,Convergent,Persona,Convergent,Bicycle
0.4523907398825831,0.1566877892787557,0.0,1.4199714826734116,0.5133370254840112,0.12110138871004146,0.9290673949542647,none,clarify,5081,467,user,0.9411764705882352,Convergent,Persona,Convergent,Bicycle
0.7270531292492332,1.281575978404256,0.0,2.288942653144478,0.5286580393755944,0.11306685634704157,1.4025158364008636,none,open_what_if,5082,467,assistant,1.0,Convergent,Persona,Convergent,Bicycle
0.01865218883355573,0.0,0.0010127110821249315,1.0166032990601537,0.0002259198392978267,0.0,0.01399661955312207,none,none,5033,468,user,0.0,Convergent,Persona,Convergent,Bicycle
0.0,0.003892670705103831,0.0,0.9990955079944592,0.0,0.0,0.0,none,clarify,5034,468,assistant,0.0666666666666666,Convergent,Persona,Convergent,Bicycle
0.03049838401600156,0.9893643612695656,0.0,1.9835241770621765,0.004235966895978697,0.0,0.006937027005586032,none,clarify,5041,468,user,0.1333333333333333,Convergent,Persona,Convergent,Bicycle
0.7393912945949208,1.5989617556376214,0.0,1.8449240452470412,0.5392807685267376,0.31709144842059306,0.6568073551826495,none,open_what_if,5042,468,assistant,0.2,Convergent,Persona,Convergent,Bicycle
0.25365235823548593,0.644241202336086,0.010936857251082505,2.2596212699371336,0.3328996050901491,0.0,1.3207110751530917,none,none,5049,468,user,0.2666666666666666,Convergent,Persona,Convergent,Bicycle
1.241594015315618,1.8161268099049361,0.0,2.4899548942614667,0.2500320672330247,0.5809660493277509,1.4806979877929345,none,open_what_if,5050,468,assistant,0.3333333333333333,Convergent,Persona,Convergent,Bicycle
0.18578711484663307,0.25695805828873547,0.0,1.9172226787435533,0.05085900068583219,0.0,0.29877107069401243,none,none,5051,468,user,0.4,Convergent,Persona,Convergent,Bicycle
1.3501292034646135,1.8310239806231343,0.0002694895636206088,2.343467498389429,0.6961705906487256,0.013443924014231869,1.8838560263647637,none,open_what_if,5052,468,assistant,0.4666666666666667,Convergent,Persona,Convergent,Bicycle
0.21603083094015163,0.12308490659883072,0.12630115939263817,1.516945455623557,0.003102054792110742,0.0,0.6009617048841298,none,clarify,5065,468,user,0.5333333333333333,Convergent,Persona,Convergent,Bicycle
1.1996292300558213,1.6134639337526857,0.038288997422849934,2.0405201585598074,0.14847111296470464,0.6673826804409149,1.3119635206524018,none,open_what_if,5066,468,assistant,0.6,Convergent,Persona,Convergent,Bicycle
0.21995526852259514,1.1535705517972685,0.16043144881987548,2.142834103586701,0.19700279146706154,0.026857762251032116,0.5734469763541988,none,clarify,5071,468,user,0.6666666666666666,Convergent,Persona,Convergent,Bicycle
0.6234688720011126,2.026754696736196,0.04484247260287446,2.434188358078389,0.12981877510460996,0.11488301694140472,1.7730913628005278,none,open_what_if,5072,468,assistant,0.7333333333333333,Convergent,Persona,Convergent,Bicycle
0.2134947588693335,0.16229064103828789,0.06466163419687053,1.8229808996998162,0.29959797361413876,0.0,0.5279585025565184,none,clarify,5077,468,user,0.8,Convergent,Persona,Convergent,Bicycle
0.7726102099782968,2.0919348178519592,0.006587474266902196,2.3897599296865124,0.20883172934108035,0.16808606580048532,1.6473645604362155,none,open_what_if,5078,468,assistant,0.8666666666666667,Convergent,Persona,Convergent,Bicycle
0.2101803432212477,0.2907009337939001,0.23903521169397535,2.177818470362236,0.17045249644999844,0.0,0.5103451838133668,none,none,5087,468,user,0.9333333333333332,Convergent,Persona,Convergent,Bicycle
0.8766979066661902,1.9103813054705079,0.0018160815418946346,2.8145161068901623,0.7900900571898279,0.606900060067713,2.352416195054181,none,none,5088,468,assistant,1.0,Convergent,Persona,Convergent,Bicycle
0.01865218883355573,0.0,0.0010127110821249315,1.0166032990601537,0.0002259198392978267,0.0,0.01399661955312207,none,none,5035,469,user,0.0,Convergent,Persona,Convergent,Bicycle
0.0,0.003892670705103831,0.0,0.9990955079944592,0.0,0.0,0.0,none,clarify,5036,469,assistant,0.0769230769230769,Convergent,Persona,Convergent,Bicycle
0.03049838401600156,0.9893643612695656,0.0,1.9835241770621765,0.004235966895978697,0.0,0.006937027005586032,none,clarify,5039,469,user,0.1538461538461538,Convergent,Persona,Convergent,Bicycle
0.9104259671570527,0.38421131151661264,0.010465690597863866,2.195327823362588,0.1102557417364683,0.20027280499426744,0.2807722568037605,none,open_what_if,5040,469,assistant,0.2307692307692307,Convergent,Persona,Convergent,Bicycle
0.07123089801436695,1.9095373258709658,0.029453913964558955,2.0337473164184385,0.9541397957829508,0.0,1.9450004823043499,none,none,5059,469,user,0.3076923076923077,Convergent,Persona,Convergent,Bicycle
1.0002880170092245,1.5150639776905528,0.0,2.2839111539365415,0.7011184853538164,0.3230265140083305,1.0481391434362002,none,open_what_if,5060,469,assistant,0.3846153846153846,Convergent,Persona,Convergent,Bicycle
0.33650969990385926,0.699989605815677,1.0965473117055158,2.3565729026529647,0.31800916251096145,0.0032486652798168936,0.47855816473018165,neutral,none,5069,469,user,0.4615384615384615,Convergent,Persona,Convergent,Bicycle
0.3434742229913883,1.2730811772969997,0.0,2.5164845748239246,0.6417268594133597,0.30128702962026166,0.571702137009843,none,clarify,5070,469,assistant,0.5384615384615384,Convergent,Persona,Convergent,Bicycle
0.4859848084166447,1.5662991086259506,0.05488894787905762,2.360993868441228,0.3914595590118835,0.0,1.7196761086876817,none,none,5075,469,user,0.6153846153846154,Convergent,Persona,Convergent,Bicycle
0.21680172272876025,2.843339608377515,0.013140949446926745,2.856586814783037,0.8745589009236331,0.027502651937981737,1.1564993102523486,none,criteria_setting,5076,469,assistant,0.6923076923076923,Convergent,Persona,Convergent,Bicycle
0.37039458041371603,0.34095617055108185,0.0,2.163065922006796,0.4311665172690248,0.0,0.5150143235838219,none,none,5085,469,user,0.7692307692307693,Convergent,Persona,Convergent,Bicycle
0.6336699752265477,1.9032346926939299,0.0,2.605538683951249,0.5411415219184412,0.058247341224562134,1.1270100757177608,none,open_what_if,5086,469,assistant,0.8461538461538461,Convergent,Persona,Convergent,Bicycle
0.7820711050211034,0.6380493655142724,0.2324705552785295,1.5373498537732586,0.682947331024944,0.18193758249711078,0.49170210242080553,none,none,5089,469,user,0.9230769230769232,Convergent,Persona,Convergent,Bicycle
0.6748162208448589,1.8227140776375363,0.07305976014272932,2.426737402329978,0.648765020719631,0.011537670569468082,0.6367229909626065,none,none,5090,469,assistant,1.0,Convergent,Persona,Convergent,Bicycle
0.01865218883355573,0.0,0.0010127110821249315,1.0166032990601537,0.0002259198392978267,0.0,0.01399661955312207,none,none,5091,470,user,0.0,GPT,GPT,GPT,Library
0.0,0.003892670705103831,0.0,0.9990955079944592,0.0,0.0,0.0,none,clarify,5092,470,assistant,0.0588235294117647,GPT,GPT,GPT,Library
0.008715222563156034,0.9966724427189927,0.0,1.9869316469784641,0.0,0.002672053286864946,0.0,none,clarify,5099,470,user,0.1176470588235294,GPT,GPT,GPT,Library
0.7218630073956926,1.6448519465030582,0.0,2.424325309246698,0.3897371436610908,0.2597642186376197,1.974837880760574,none,none,5100,470,assistant,0.1764705882352941,GPT,GPT,GPT,Library
0.3918417031547004,0.0,0.0,1.8317969931381441,0.27711166926969405,0.0999979311813008,0.5956407240721175,none,none,5105,470,user,0.2352941176470588,GPT,GPT,GPT,Library
0.6347671928450072,1.382973291369479,0.0064334631187241064,2.3510295581361844,0.648228678328931,0.3938115189219822,1.7414930525260957,none,none,5106,470,assistant,0.2941176470588235,GPT,GPT,GPT,Library
0.6146287012587583,0.12019126523945607,0.5849904025211026,1.7363474602569264,0.048044590968505295,0.675041834497054,0.5753742557517554,none,none,5111,470,user,0.3529411764705882,GPT,GPT,GPT,Library
0.1739005473634948,1.1146020806163504,0.017540516290532392,2.297165433854145,0.7731143173644114,0.5575835710625704,1.8728926931428749,none,none,5112,470,assistant,0.4117647058823529,GPT,GPT,GPT,Library
0.22697155358807553,0.46253369291433244,0.15049947337306663,1.7102449976190084,0.0,0.02769933164990841,0.9837874465913777,none,none,5115,470,user,0.4705882352941176,GPT,GPT,GPT,Library
0.4920458400533169,0.9719985173884423,0.0,2.35339389123967,0.7948932114110252,0.005037576762185096,1.6950242738640537,none,none,5116,470,assistant,0.5294117647058824,GPT,GPT,GPT,Library
0.40453466898025836,0.17055873911769953,0.34412638520546235,1.9058695945733235,0.7647143597550559,0.0,0.9754321456092254,none,none,5117,470,user,0.5882352941176471,GPT,GPT,GPT,Library
0.33658492043473665,1.1799023474276278,0.0009172342759983645,2.2572645582582127,0.7891130238065808,0.6841217262898338,1.582831689155598,none,none,5118,470,assistant,0.6470588235294118,GPT,GPT,GPT,Library
0.8145222248570465,0.008353778610589982,0.004817456825526088,2.1543781066275947,0.3200961302642443,0.0,1.5653315244391852,none,none,5127,470,user,0.7058823529411765,GPT,GPT,GPT,Library
0.07657035205129852,1.7549886275642648,0.07556963451981462,2.300432538932427,0.9190979437047407,0.05038157736905121,1.666365698373366,none,none,5128,470,assistant,0.7647058823529411,GPT,GPT,GPT,Library
0.6381108718660241,0.13029686433955748,0.25487076299037725,1.480695599879059,0.08850807616974046,0.0,0.6082078969564403,none,clarify,5135,470,user,0.8235294117647058,GPT,GPT,GPT,Library
0.5663683992848975,1.103314570797743,0.0009172342759983645,2.2801357653045686,0.8206861224774226,0.03780589792876252,2.159035690163996,none,none,5136,470,assistant,0.8823529411764706,GPT,GPT,GPT,Library
0.3302458348441217,0.12269822504729963,0.5964173831155161,1.3795687614635728,0.1333863072886144,0.025154037754432344,0.21452241330271066,none,none,5139,470,user,0.9411764705882352,GPT,GPT,GPT,Library
0.7504011917312371,2.1199392972550015,0.18979756605881243,2.3496652497339165,0.8977993017065825,0.06213169213608997,1.8665110183049995,none,none,5140,470,assistant,1.0,GPT,GPT,GPT,Library
0.01865218883355573,0.0,0.0010127110821249315,1.0166032990601537,0.0002259198392978267,0.0,0.01399661955312207,none,none,5093,471,user,0.0,GPT,GPT,GPT,Library
0.0,0.003892670705103831,0.0,0.9990955079944592,0.0,0.0,0.0,none,clarify,5094,471,assistant,0.0909090909090909,GPT,GPT,GPT,Library
0.008715222563156034,0.9966724427189927,0.0,1.9869316469784641,0.0,0.002672053286864946,0.0,none,clarify,5101,471,user,0.1818181818181818,GPT,GPT,GPT,Library
0.46684942018897424,1.7286215768666642,0.08187144356789243,2.314621849490051,0.38537031719272064,0.3813397735706671,1.9060788276214722,none,none,5102,471,assistant,0.2727272727272727,GPT,GPT,GPT,Library
0.0,0.6077079714488762,0.01475768335230631,2.0670400515604843,0.22827624095805618,0.23090017291767875,0.3931810361115917,none,none,5109,471,user,0.3636363636363636,GPT,GPT,GPT,Library
0.18705418893299947,1.0819593593887968,0.012873642886514842,2.3373816996589056,0.8751256702628444,0.10157084598197108,1.7598388098173559,none,none,5110,471,assistant,0.4545454545454545,GPT,GPT,GPT,Library
0.333701670883628,0.9424527026967656,0.2425514487375242,2.2278541856119274,0.0207909239434973,0.32937009893866526,1.026279515989736,none,none,5119,471,user,0.5454545454545454,GPT,GPT,GPT,Library
0.6952473151930081,1.789029627219957,0.013007243162033317,2.346835119257294,0.5236475224722509,0.0,1.419930024417697,none,none,5120,471,assistant,0.6363636363636364,GPT,GPT,GPT,Library
0.5856543343304087,0.9747501856375881,0.012025144690195553,2.21375511502918,0.7903270856671404,0.68608483104557,1.6322705571502882,none,none,5123,471,user,0.7272727272727273,GPT,GPT,GPT,Library
0.4471140412133013,1.4874012497485363,0.49042404361919917,2.71664950041651,0.6358507198028911,0.0,1.4569409657619727,none,none,5124,471,assistant,0.8181818181818182,GPT,GPT,GPT,Library
1.0214601956259592,0.6246330595547772,0.04334156757001053,2.0986237302291895,0.20170894217367855,0.9494043150269884,1.5992832204898773,none,none,5137,471,user,0.9090909090909092,GPT,GPT,GPT,Library
0.6295815619251732,1.5058049142213308,0.7889475570684158,2.248873903608022,0.4581082937926985,0.18111226841895475,1.4808576619517515,none,none,5138,471,assistant,1.0,GPT,GPT,GPT,Library
0.01865218883355573,0.0,0.0010127110821249315,1.0166032990601537,0.0002259198392978267,0.0,0.01399661955312207,none,none,5095,472,user,0.0,GPT,GPT,GPT,Library
0.0,0.003892670705103831,0.0,0.9990955079944592,0.0,0.0,0.0,none,clarify,5096,472,assistant,0.0666666666666666,GPT,GPT,GPT,Library
0.008715222563156034,0.9966724427189927,0.0,1.9869316469784641,0.0,0.002672053286864946,0.0,none,clarify,5097,472,user,0.1333333333333333,GPT,GPT,GPT,Library
1.0119265642283215,1.8583069873765998,0.0,2.4984317873375046,0.42012416162938854,0.26216681364597194,2.653567085545828,none,none,5098,472,assistant,0.2,GPT,GPT,GPT,Library
0.4759815018725001,0.4970287188489558,0.11361048215365706,1.414015445079449,0.0,0.0,0.05187301932456366,none,clarify,5103,472,user,0.2666666666666666,GPT,GPT,GPT,Library
0.4858502584467632,1.6957242539631212,0.003178197618647623,2.3960704536675954,0.3865321753839182,0.1708240735342931,2.5591848148524705,none,none,5104,472,assistant,0.3333333333333333,GPT,GPT,GPT,Library
0.1583442780880566,0.445036175223754,0.10829954761500307,1.8131371273533945,0.05514875016839185,0.39065197132620133,0.5373066672647807,none,none,5107,472,user,0.4,GPT,GPT,GPT,Library
1.3994188918869146,1.3894521075615665,0.0,2.3909124549828014,0.33936418388961626,0.6914739353217525,2.1486476033397848,none,none,5108,472,assistant,0.4666666666666667,GPT,GPT,GPT,Library
0.47649452529170105,0.12529420462667107,0.0,1.9032900904618333,0.0,0.0,0.7906617479776606,none,clarify,5113,472,user,0.5333333333333333,GPT,GPT,GPT,Library
1.477451481760213,1.2647199558229802,0.0,2.3429606152069127,0.40722500605487194,0.3792824506006551,2.6223379047749864,none,none,5114,472,assistant,0.6,GPT,GPT,GPT,Library
0.3329927592683953,0.5791374219420707,0.01295044062189046,1.8803666274046307,0.0953269119539785,0.0,0.3729029377340738,none,none,5121,472,user,0.6666666666666666,GPT,GPT,GPT,Library
0.7409662977511522,1.7129291886770177,0.00954120137634866,2.515302567059596,0.46176967327753926,0.36102700639532986,2.5097859842861814,none,none,5122,472,assistant,0.7333333333333333,GPT,GPT,GPT,Library
0.13352438678645145,0.23594738385187214,0.0009172342759983645,2.107861957112126,0.10099939315971906,0.0,0.2677401817165912,none,none,5125,472,user,0.8,GPT,GPT,GPT,Library
0.4221355375690049,1.94555043935476,0.0,2.384172116184331,0.4961077414810502,0.15861813062572377,2.3940131532513593,none,none,5126,472,assistant,0.8666666666666667,GPT,GPT,GPT,Library
0.4580110450085343,0.16807332617145898,0.0,1.8929373509560805,0.23755562801375407,0.0,0.3908742397016863,none,none,5133,472,user,0.9333333333333332,GPT,GPT,GPT,Library
0.0,0.003892670705103831,0.0,0.9990955079944592,0.01598666013084448,0.0,0.03426493776945377,none,clarify,5134,472,assistant,1.0,GPT,GPT,GPT,Library
0.01865218883355573,0.0,0.0010127110821249315,1.0166032990601537,0.0002259198392978267,0.0,0.01399661955312207,none,none,5129,473,user,0.0,GPT,GPT,GPT,Library
0.0,0.003892670705103831,0.0,0.9990955079944592,0.0,0.0,0.0,none,clarify,5130,473,assistant,0.0666666666666666,GPT,GPT,GPT,Library
0.008715222563156034,0.9966724427189927,0.0,1.9869316469784641,0.0,0.002672053286864946,0.0,none,clarify,5131,473,user,0.1333333333333333,GPT,GPT,GPT,Library
0.583988773385244,1.4696723346449088,0.0,2.4466375367783293,0.5533584298789339,0.47012948919996955,1.9480337259355058,none,none,5132,473,assistant,0.2,GPT,GPT,GPT,Library
0.08286219768927912,0.16092897779261248,0.23572985027269688,1.283506165666297,0.12562099187126613,0.0344804128661837,0.26311821466429036,none,clarify,5141,473,user,0.2666666666666666,GPT,GPT,GPT,Library
0.40230920889700905,1.253381505840263,0.0,2.4199637374443754,0.5115521757419341,0.2117223555928705,2.037363889897208,none,none,5142,473,assistant,0.3333333333333333,GPT,GPT,GPT,Library
0.06300172985977735,0.6358238568752161,0.0,2.0993566791041722,0.11514245048884762,0.3434315440567962,1.1649290774730803,none,clarify,5143,473,user,0.4,GPT,GPT,GPT,Library
0.5100610435930931,1.9002109414086092,0.0011694971734548007,2.278152219411741,0.4746369398880842,0.2481684279233805,1.428853771450202,none,none,5144,473,assistant,0.4666666666666667,GPT,GPT,GPT,Library
0.4350177560664155,0.4640283391058857,0.0,1.6065376517048495,0.2378890837287745,0.014510711274372274,0.9133822337311126,none,clarify,5145,473,user,0.5333333333333333,GPT,GPT,GPT,Library
0.09087337376482942,1.6856921586361535,0.17057018717962244,2.3118359975163885,0.407576014290907,0.0,1.7747025654168571,none,none,5146,473,assistant,0.6,GPT,GPT,GPT,Library
0.1051103849888863,0.08126531358240363,0.043824943689732276,1.4912393097129633,0.12223763599873386,0.22588114278572932,0.5576162346969714,none,clarify,5147,473,user,0.6666666666666666,GPT,GPT,GPT,Library
0.13793277182820274,1.4998212094115335,0.0,2.701650815691568,0.6578061282216805,0.673997276411383,1.361893226626099,none,none,5148,473,assistant,0.7333333333333333,GPT,GPT,GPT,Library
0.27327342570829727,0.6355596245684001,0.018823009092126523,1.9502912105984358,0.1754219556924835,0.0,0.9542357746631737,none,clarify,5149,473,user,0.8,GPT,GPT,GPT,Library
0.5709626135863437,2.2940250605511197,0.00605376578039148,2.2365424281429456,0.31521205637543037,0.07159999747915569,1.223126699521638,none,open_what_if,5150,473,assistant,0.8666666666666667,GPT,GPT,GPT,Library
0.051064032846769816,0.4758484717200988,0.0,1.8493922921327928,0.09640794496516847,0.0,0.6950171984037927,none,clarify,5151,473,user,0.9333333333333332,GPT,GPT,GPT,Library
0.5069053048714421,1.269485687778754,0.0,2.3058924833622267,0.7418165847166416,0.20028636874512676,1.7797443914828481,none,none,5152,473,assistant,1.0,GPT,GPT,GPT,Library
0.01865218883355573,0.0,0.0010127110821249315,1.0166032990601537,0.0002259198392978267,0.0,0.01399661955312207,none,none,5153,474,user,0.0,Convergent,Persona,Convergent,Bicycle
0.0,0.003892670705103831,0.0,0.9990955079944592,0.0,0.0,0.0,none,clarify,5154,474,assistant,0.0769230769230769,Convergent,Persona,Convergent,Bicycle
0.03049838401600156,0.9893643612695656,0.0,1.9835241770621765,0.004235966895978697,0.0,0.006937027005586032,none,clarify,5155,474,user,0.1538461538461538,Convergent,Persona,Convergent,Bicycle
1.01332908823413,0.9423950142197522,0.0,2.250294032008847,0.07031237634934581,0.18807043838112486,0.35562923936254826,none,open_what_if,5156,474,assistant,0.2307692307692307,Convergent,Persona,Convergent,Bicycle
0.057964813826681165,0.9224369199585759,0.004570310672831215,2.2456023504620264,0.08101415060553377,0.003205293463587152,2.124025327040446,none,none,5157,474,user,0.3076923076923077,Convergent,Persona,Convergent,Bicycle
1.4097256979899047,1.505546538832314,0.05472676125450712,1.9530724421680237,0.007990618008986738,0.5449245468266843,0.8292570674140376,none,open_what_if,5158,474,assistant,0.3846153846153846,Convergent,Persona,Convergent,Bicycle
0.1419642081623237,0.5846716887993987,0.0,1.6877297208943887,0.2484641970128005,0.0,0.09762419485064547,none,none,5159,474,user,0.4615384615384615,Convergent,Persona,Convergent,Bicycle
0.6716680552779133,1.530281095984598,0.2590387066173457,1.8661460768489087,0.2655695835332002,0.0,0.8439277020362824,none,open_what_if,5160,474,assistant,0.5384615384615384,Convergent,Persona,Convergent,Bicycle
0.6618740709944819,1.082172650624791,0.057148605554716556,2.106237664695037,0.1907676917423854,0.13216513641319513,1.8506231763825165,none,none,5161,474,user,0.6153846153846154,Convergent,Persona,Convergent,Bicycle
0.6935758741727216,1.3738548793933911,0.09818302974583765,2.056474720611287,0.26020096152062827,0.04130908014651932,0.9964316646832767,none,open_what_if,5162,474,assistant,0.6923076923076923,Convergent,Persona,Convergent,Bicycle
0.037032836755924434,1.7699417537807796,0.0008948588282429188,2.8851190995376936,1.8789281292383315,0.0,0.12999669626516075,none,none,5163,474,user,0.7692307692307693,Convergent,Persona,Convergent,Bicycle
0.8761360129443408,1.7948175715101384,0.05758087142586777,2.187503276052102,0.349946233663751,0.0,1.3145803674961605,none,none,5164,474,assistant,0.8461538461538461,Convergent,Persona,Convergent,Bicycle
0.037032836755924434,1.7699417537807796,0.0008948588282429188,2.8851190995376936,1.8789281292383315,0.0,0.12999669626516075,none,none,5165,474,user,0.9230769230769232,Convergent,Persona,Convergent,Bicycle
0.40439372401327484,1.7578986691645,0.06887691493831896,2.0635860044490526,0.15244547032380484,0.07725988691432478,1.6091853486858074,none,none,5166,474,assistant,1.0,Convergent,Persona,Convergent,Bicycle
0.01865218883355573,0.0,0.0010127110821249315,1.0166032990601537,0.0002259198392978267,0.0,0.01399661955312207,none,none,5167,475,user,0.0,GPT,GPT,GPT,Library
0.0,0.003892670705103831,0.0,0.9990955079944592,0.0,0.0,0.0,none,clarify,5168,475,assistant,0.1111111111111111,GPT,GPT,GPT,Library
0.008715222563156034,0.9966724427189927,0.0,1.9869316469784641,0.0,0.002672053286864946,0.0,none,clarify,5169,475,user,0.2222222222222222,GPT,GPT,GPT,Library
0.5595402117683973,1.5815913655180152,0.0015089910455597703,2.3609869362439424,0.43737785967675274,0.3778662102337812,1.9638749890124056,none,none,5170,475,assistant,0.3333333333333333,GPT,GPT,GPT,Library
0.7356145128943323,1.1162179687064275,0.0,2.117025036682092,0.3746528707656656,0.22778130298271354,1.9696693315365073,none,none,5171,475,user,0.4444444444444444,GPT,GPT,GPT,Library
0.41091333207318703,1.1174849033391534,0.0,2.14895789667885,0.7465442443146635,0.5877862809448384,1.9846800041010495,none,none,5172,475,assistant,0.5555555555555556,GPT,GPT,GPT,Library
0.6846786817167686,0.9452775533507571,0.0,2.0597376569836987,0.2167112636387757,0.06737396356125415,1.3758940284702643,none,none,5173,475,user,0.6666666666666666,GPT,GPT,GPT,Library
0.6456065842684716,1.1387999894944516,0.1469979055416992,2.1998909010350762,0.7050026898885297,0.1841213286137216,1.963998917016914,none,none,5174,475,assistant,0.7777777777777778,GPT,GPT,GPT,Library
0.9446084537198672,0.3094767787745504,0.24855578273790516,2.2353098393370234,0.3268564015895012,0.026660377247910868,0.9438382590253588,none,none,5175,475,user,0.8888888888888888,GPT,GPT,GPT,Library
0.5015602930812507,1.3008370477026807,0.004383382071057962,2.3360770891509457,0.7073973563620191,0.16137612988078795,2.2033211854736523,none,none,5176,475,assistant,1.0,GPT,GPT,GPT,Library
