conversation_id,episode_id,scorer,criterion,score_0_4,confidence_0_1,usable_for_inference,episode_word_count,episode_type,condition_original_hidden,persona_family_original_hidden
154,154_e06,A,exploration_opening,2.0,0.8,True,99,commitment_event,GPT,GPT
154,154_e06,A,reframing_quality,1.0,0.9,True,99,commitment_event,GPT,GPT
154,154_e06,A,evaluative_discipline,1.0,0.8,True,99,commitment_event,GPT,GPT
154,154_e06,A,agency_preservation,3.0,0.9,True,99,commitment_event,GPT,GPT
154,154_e06,A,anchor_management,1.0,0.8,True,99,commitment_event,GPT,GPT
154,154_e06,A,coregulation_uptake,3.0,0.9,True,99,commitment_event,GPT,GPT
154,154_e06,A,timing_fit,3.0,0.9,True,99,commitment_event,GPT,GPT
154,154_e06,A,implementation_grounding,1.0,0.8,True,99,commitment_event,GPT,GPT
154,154_e06,A,cognitive_load_clarity,3.0,0.9,True,99,commitment_event,GPT,GPT
154,154_e06,A,stance_integrity,3.0,0.9,True,99,commitment_event,GPT,GPT
154,154_e06,A,premature_convergence_risk,1.0,0.8,True,99,commitment_event,GPT,GPT
154,154_e06,A,runaway_divergence_risk,1.0,0.8,True,99,commitment_event,GPT,GPT
155,155_e03,A,exploration_opening,3.0,0.9,True,78,other,GPT,GPT
155,155_e03,A,reframing_quality,2.0,0.8,True,78,other,GPT,GPT
155,155_e03,A,evaluative_discipline,1.0,0.7,True,78,other,GPT,GPT
155,155_e03,A,agency_preservation,4.0,0.9,True,78,other,GPT,GPT
155,155_e03,A,anchor_management,3.0,0.9,True,78,other,GPT,GPT
155,155_e03,A,coregulation_uptake,3.0,0.9,True,78,other,GPT,GPT
155,155_e03,A,timing_fit,4.0,0.9,True,78,other,GPT,GPT
155,155_e03,A,implementation_grounding,2.0,0.7,True,78,other,GPT,GPT
155,155_e03,A,cognitive_load_clarity,3.0,0.9,True,78,other,GPT,GPT
155,155_e03,A,stance_integrity,4.0,0.9,True,78,other,GPT,GPT
155,155_e03,A,premature_convergence_risk,0.0,0.9,True,78,other,GPT,GPT
155,155_e03,A,runaway_divergence_risk,0.0,0.9,True,78,other,GPT,GPT
157,157_e04,A,exploration_opening,3.0,1.0,True,142,commitment_event,GPT,GPT
157,157_e04,A,reframing_quality,2.0,1.0,True,142,commitment_event,GPT,GPT
157,157_e04,A,evaluative_discipline,3.0,1.0,True,142,commitment_event,GPT,GPT
157,157_e04,A,agency_preservation,3.0,1.0,True,142,commitment_event,GPT,GPT
157,157_e04,A,anchor_management,2.0,1.0,True,142,commitment_event,GPT,GPT
157,157_e04,A,coregulation_uptake,3.0,1.0,True,142,commitment_event,GPT,GPT
157,157_e04,A,timing_fit,4.0,1.0,True,142,commitment_event,GPT,GPT
157,157_e04,A,implementation_grounding,3.0,1.0,True,142,commitment_event,GPT,GPT
157,157_e04,A,cognitive_load_clarity,4.0,1.0,True,142,commitment_event,GPT,GPT
157,157_e04,A,stance_integrity,4.0,1.0,True,142,commitment_event,GPT,GPT
157,157_e04,A,premature_convergence_risk,0.0,1.0,True,142,commitment_event,GPT,GPT
157,157_e04,A,runaway_divergence_risk,0.0,1.0,True,142,commitment_event,GPT,GPT
158,158_e02,A,ALL,,0.0,False,98,other,GPT,GPT
160,160_e01,A,ALL,,0.0,False,43,opening_frame,GPT,GPT
160,160_e03,A,exploration_opening,3.0,0.9,True,114,other,GPT,GPT
160,160_e03,A,reframing_quality,3.0,0.9,True,114,other,GPT,GPT
160,160_e03,A,evaluative_discipline,2.0,0.7,True,114,other,GPT,GPT
160,160_e03,A,agency_preservation,4.0,0.9,True,114,other,GPT,GPT
160,160_e03,A,anchor_management,3.0,0.9,True,114,other,GPT,GPT
160,160_e03,A,coregulation_uptake,3.0,0.9,True,114,other,GPT,GPT
160,160_e03,A,timing_fit,4.0,0.9,True,114,other,GPT,GPT
160,160_e03,A,implementation_grounding,2.0,0.7,True,114,other,GPT,GPT
160,160_e03,A,cognitive_load_clarity,3.0,0.9,True,114,other,GPT,GPT
160,160_e03,A,stance_integrity,4.0,0.9,True,114,other,GPT,GPT
160,160_e03,A,premature_convergence_risk,0.0,0.9,True,114,other,GPT,GPT
160,160_e03,A,runaway_divergence_risk,0.0,0.9,True,114,other,GPT,GPT
161,161_e02,A,exploration_opening,2.0,0.8,True,84,other,GPT,GPT
161,161_e02,A,reframing_quality,1.0,0.7,True,84,other,GPT,GPT
161,161_e02,A,evaluative_discipline,1.0,0.6,True,84,other,GPT,GPT
161,161_e02,A,agency_preservation,3.0,0.9,True,84,other,GPT,GPT
161,161_e02,A,anchor_management,3.0,0.9,True,84,other,GPT,GPT
161,161_e02,A,coregulation_uptake,2.0,0.7,True,84,other,GPT,GPT
161,161_e02,A,timing_fit,3.0,0.9,True,84,other,GPT,GPT
161,161_e02,A,implementation_grounding,1.0,0.6,True,84,other,GPT,GPT
161,161_e02,A,cognitive_load_clarity,3.0,0.9,True,84,other,GPT,GPT
161,161_e02,A,stance_integrity,4.0,0.9,True,84,other,GPT,GPT
161,161_e02,A,premature_convergence_risk,0.0,0.9,True,84,other,GPT,GPT
161,161_e02,A,runaway_divergence_risk,0.0,0.9,True,84,other,GPT,GPT
167,167_e01,A,ALL,,0.0,False,77,opening_frame,Persona,Convergent
167,167_e03,A,exploration_opening,3.0,0.95,True,168,commitment_event,Persona,Convergent
167,167_e03,A,reframing_quality,3.0,0.95,True,168,commitment_event,Persona,Convergent
167,167_e03,A,evaluative_discipline,3.0,0.95,True,168,commitment_event,Persona,Convergent
167,167_e03,A,agency_preservation,4.0,0.95,True,168,commitment_event,Persona,Convergent
167,167_e03,A,anchor_management,3.0,0.95,True,168,commitment_event,Persona,Convergent
167,167_e03,A,coregulation_uptake,4.0,0.95,True,168,commitment_event,Persona,Convergent
167,167_e03,A,timing_fit,4.0,0.95,True,168,commitment_event,Persona,Convergent
167,167_e03,A,implementation_grounding,3.0,0.95,True,168,commitment_event,Persona,Convergent
167,167_e03,A,cognitive_load_clarity,4.0,0.95,True,168,commitment_event,Persona,Convergent
167,167_e03,A,stance_integrity,4.0,0.95,True,168,commitment_event,Persona,Convergent
167,167_e03,A,premature_convergence_risk,0.0,0.95,True,168,commitment_event,Persona,Convergent
167,167_e03,A,runaway_divergence_risk,0.0,0.95,True,168,commitment_event,Persona,Convergent
167,167_e04,A,exploration_opening,4.0,1.0,True,186,ideation_burst,Persona,Convergent
167,167_e04,A,reframing_quality,3.0,1.0,True,186,ideation_burst,Persona,Convergent
167,167_e04,A,evaluative_discipline,3.0,1.0,True,186,ideation_burst,Persona,Convergent
167,167_e04,A,agency_preservation,3.0,1.0,True,186,ideation_burst,Persona,Convergent
167,167_e04,A,anchor_management,3.0,1.0,True,186,ideation_burst,Persona,Convergent
167,167_e04,A,coregulation_uptake,3.0,1.0,True,186,ideation_burst,Persona,Convergent
167,167_e04,A,timing_fit,4.0,1.0,True,186,ideation_burst,Persona,Convergent
167,167_e04,A,implementation_grounding,3.0,1.0,True,186,ideation_burst,Persona,Convergent
167,167_e04,A,cognitive_load_clarity,4.0,1.0,True,186,ideation_burst,Persona,Convergent
167,167_e04,A,stance_integrity,4.0,1.0,True,186,ideation_burst,Persona,Convergent
167,167_e04,A,premature_convergence_risk,0.0,1.0,True,186,ideation_burst,Persona,Convergent
167,167_e04,A,runaway_divergence_risk,0.0,1.0,True,186,ideation_burst,Persona,Convergent
169,169_e01,A,exploration_opening,3.0,0.95,True,66,opening_frame,Persona,Convergent
169,169_e01,A,reframing_quality,2.0,0.85,True,66,opening_frame,Persona,Convergent
169,169_e01,A,evaluative_discipline,1.0,0.7,True,66,opening_frame,Persona,Convergent
169,169_e01,A,agency_preservation,3.0,0.9,True,66,opening_frame,Persona,Convergent
169,169_e01,A,anchor_management,2.0,0.8,True,66,opening_frame,Persona,Convergent
169,169_e01,A,coregulation_uptake,3.0,0.9,True,66,opening_frame,Persona,Convergent
169,169_e01,A,timing_fit,4.0,0.95,True,66,opening_frame,Persona,Convergent
169,169_e01,A,implementation_grounding,1.0,0.7,True,66,opening_frame,Persona,Convergent
169,169_e01,A,cognitive_load_clarity,3.0,0.9,True,66,opening_frame,Persona,Convergent
169,169_e01,A,stance_integrity,4.0,0.95,True,66,opening_frame,Persona,Convergent
169,169_e01,A,premature_convergence_risk,0.0,0.95,True,66,opening_frame,Persona,Convergent
169,169_e01,A,runaway_divergence_risk,0.0,0.95,True,66,opening_frame,Persona,Convergent
169,169_e03,A,exploration_opening,3.0,0.9,True,213,other,Persona,Convergent
169,169_e03,A,reframing_quality,3.0,0.9,True,213,other,Persona,Convergent
169,169_e03,A,evaluative_discipline,2.0,0.7,True,213,other,Persona,Convergent
169,169_e03,A,agency_preservation,4.0,0.9,True,213,other,Persona,Convergent
169,169_e03,A,anchor_management,3.0,0.8,True,213,other,Persona,Convergent
169,169_e03,A,coregulation_uptake,4.0,0.9,True,213,other,Persona,Convergent
169,169_e03,A,timing_fit,4.0,0.9,True,213,other,Persona,Convergent
169,169_e03,A,implementation_grounding,3.0,0.8,True,213,other,Persona,Convergent
169,169_e03,A,cognitive_load_clarity,4.0,0.9,True,213,other,Persona,Convergent
169,169_e03,A,stance_integrity,4.0,0.9,True,213,other,Persona,Convergent
169,169_e03,A,premature_convergence_risk,0.0,0.9,True,213,other,Persona,Convergent
169,169_e03,A,runaway_divergence_risk,0.0,0.9,True,213,other,Persona,Convergent
170,170_e01,A,ALL,,0.0,False,118,opening_frame,Persona,Convergent
170,170_e04,A,exploration_opening,3.0,0.95,True,153,other,Persona,Convergent
170,170_e04,A,reframing_quality,3.0,0.95,True,153,other,Persona,Convergent
170,170_e04,A,evaluative_discipline,2.0,0.8,True,153,other,Persona,Convergent
170,170_e04,A,agency_preservation,4.0,0.95,True,153,other,Persona,Convergent
170,170_e04,A,anchor_management,3.0,0.9,True,153,other,Persona,Convergent
170,170_e04,A,coregulation_uptake,4.0,0.98,True,153,other,Persona,Convergent
170,170_e04,A,timing_fit,4.0,0.95,True,153,other,Persona,Convergent
170,170_e04,A,implementation_grounding,3.0,0.85,True,153,other,Persona,Convergent
170,170_e04,A,cognitive_load_clarity,4.0,0.98,True,153,other,Persona,Convergent
170,170_e04,A,stance_integrity,4.0,0.95,True,153,other,Persona,Convergent
170,170_e04,A,premature_convergence_risk,0.0,0.95,True,153,other,Persona,Convergent
170,170_e04,A,runaway_divergence_risk,0.0,0.95,True,153,other,Persona,Convergent
171,171_e02,A,exploration_opening,3.0,0.9,True,158,ideation_burst,Persona,Convergent
171,171_e02,A,reframing_quality,2.0,0.8,True,158,ideation_burst,Persona,Convergent
171,171_e02,A,evaluative_discipline,2.0,0.7,True,158,ideation_burst,Persona,Convergent
171,171_e02,A,agency_preservation,3.0,0.9,True,158,ideation_burst,Persona,Convergent
171,171_e02,A,anchor_management,3.0,0.9,True,158,ideation_burst,Persona,Convergent
171,171_e02,A,coregulation_uptake,3.0,0.9,True,158,ideation_burst,Persona,Convergent
171,171_e02,A,timing_fit,4.0,1.0,True,158,ideation_burst,Persona,Convergent
171,171_e02,A,implementation_grounding,2.0,0.6,True,158,ideation_burst,Persona,Convergent
171,171_e02,A,cognitive_load_clarity,3.0,0.9,True,158,ideation_burst,Persona,Convergent
171,171_e02,A,stance_integrity,4.0,1.0,True,158,ideation_burst,Persona,Convergent
171,171_e02,A,premature_convergence_risk,1.0,0.8,True,158,ideation_burst,Persona,Convergent
171,171_e02,A,runaway_divergence_risk,0.0,1.0,True,158,ideation_burst,Persona,Convergent
171,171_e05,A,exploration_opening,3.0,0.95,True,115,anchor_return,Persona,Convergent
171,171_e05,A,reframing_quality,2.0,0.85,True,115,anchor_return,Persona,Convergent
171,171_e05,A,evaluative_discipline,1.0,0.7,True,115,anchor_return,Persona,Convergent
171,171_e05,A,agency_preservation,4.0,0.98,True,115,anchor_return,Persona,Convergent
171,171_e05,A,anchor_management,3.0,0.9,True,115,anchor_return,Persona,Convergent
171,171_e05,A,coregulation_uptake,4.0,0.99,True,115,anchor_return,Persona,Convergent
171,171_e05,A,timing_fit,4.0,1.0,True,115,anchor_return,Persona,Convergent
171,171_e05,A,implementation_grounding,2.0,0.75,True,115,anchor_return,Persona,Convergent
171,171_e05,A,cognitive_load_clarity,3.0,0.9,True,115,anchor_return,Persona,Convergent
171,171_e05,A,stance_integrity,4.0,1.0,True,115,anchor_return,Persona,Convergent
171,171_e05,A,premature_convergence_risk,0.0,1.0,True,115,anchor_return,Persona,Convergent
171,171_e05,A,runaway_divergence_risk,0.0,1.0,True,115,anchor_return,Persona,Convergent
175,175_e04,A,exploration_opening,4.0,1.0,True,112,ideation_burst,Persona,Convergent
175,175_e04,A,reframing_quality,3.0,1.0,True,112,ideation_burst,Persona,Convergent
175,175_e04,A,evaluative_discipline,3.0,1.0,True,112,ideation_burst,Persona,Convergent
175,175_e04,A,agency_preservation,3.0,1.0,True,112,ideation_burst,Persona,Convergent
175,175_e04,A,anchor_management,3.0,1.0,True,112,ideation_burst,Persona,Convergent
175,175_e04,A,coregulation_uptake,3.0,1.0,True,112,ideation_burst,Persona,Convergent
175,175_e04,A,timing_fit,4.0,1.0,True,112,ideation_burst,Persona,Convergent
175,175_e04,A,implementation_grounding,3.0,1.0,True,112,ideation_burst,Persona,Convergent
175,175_e04,A,cognitive_load_clarity,4.0,1.0,True,112,ideation_burst,Persona,Convergent
175,175_e04,A,stance_integrity,4.0,1.0,True,112,ideation_burst,Persona,Convergent
175,175_e04,A,premature_convergence_risk,0.0,1.0,True,112,ideation_burst,Persona,Convergent
175,175_e04,A,runaway_divergence_risk,0.0,1.0,True,112,ideation_burst,Persona,Convergent
175,175_e05,A,exploration_opening,3.0,0.95,True,237,ideation_burst,Persona,Convergent
175,175_e05,A,reframing_quality,2.0,0.9,True,237,ideation_burst,Persona,Convergent
175,175_e05,A,evaluative_discipline,3.0,0.92,True,237,ideation_burst,Persona,Convergent
175,175_e05,A,agency_preservation,3.0,0.94,True,237,ideation_burst,Persona,Convergent
175,175_e05,A,anchor_management,2.0,0.85,True,237,ideation_burst,Persona,Convergent
175,175_e05,A,coregulation_uptake,3.0,0.93,True,237,ideation_burst,Persona,Convergent
175,175_e05,A,timing_fit,4.0,0.96,True,237,ideation_burst,Persona,Convergent
175,175_e05,A,implementation_grounding,3.0,0.91,True,237,ideation_burst,Persona,Convergent
175,175_e05,A,cognitive_load_clarity,3.0,0.93,True,237,ideation_burst,Persona,Convergent
175,175_e05,A,stance_integrity,4.0,0.97,True,237,ideation_burst,Persona,Convergent
175,175_e05,A,premature_convergence_risk,1.0,0.88,True,237,ideation_burst,Persona,Convergent
175,175_e05,A,runaway_divergence_risk,1.0,0.87,True,237,ideation_burst,Persona,Convergent
176,176_e02,A,exploration_opening,3.0,0.9,True,191,other,Persona,Convergent
176,176_e02,A,reframing_quality,3.0,0.9,True,191,other,Persona,Convergent
176,176_e02,A,evaluative_discipline,2.0,0.7,True,191,other,Persona,Convergent
176,176_e02,A,agency_preservation,3.0,0.9,True,191,other,Persona,Convergent
176,176_e02,A,anchor_management,2.0,0.8,True,191,other,Persona,Convergent
176,176_e02,A,coregulation_uptake,3.0,0.9,True,191,other,Persona,Convergent
176,176_e02,A,timing_fit,3.0,0.9,True,191,other,Persona,Convergent
176,176_e02,A,implementation_grounding,2.0,0.7,True,191,other,Persona,Convergent
176,176_e02,A,cognitive_load_clarity,3.0,0.9,True,191,other,Persona,Convergent
176,176_e02,A,stance_integrity,4.0,0.9,True,191,other,Persona,Convergent
176,176_e02,A,premature_convergence_risk,1.0,0.8,True,191,other,Persona,Convergent
176,176_e02,A,runaway_divergence_risk,1.0,0.8,True,191,other,Persona,Convergent
180,180_e04,A,exploration_opening,2.0,0.8,True,167,other,GPT,GPT
180,180_e04,A,reframing_quality,1.0,0.9,True,167,other,GPT,GPT
180,180_e04,A,evaluative_discipline,1.0,0.7,True,167,other,GPT,GPT
180,180_e04,A,agency_preservation,3.0,0.9,True,167,other,GPT,GPT
180,180_e04,A,anchor_management,2.0,0.8,True,167,other,GPT,GPT
180,180_e04,A,coregulation_uptake,3.0,0.9,True,167,other,GPT,GPT
180,180_e04,A,timing_fit,3.0,0.9,True,167,other,GPT,GPT
180,180_e04,A,implementation_grounding,3.0,0.8,True,167,other,GPT,GPT
180,180_e04,A,cognitive_load_clarity,4.0,1.0,True,167,other,GPT,GPT
180,180_e04,A,stance_integrity,4.0,1.0,True,167,other,GPT,GPT
180,180_e04,A,premature_convergence_risk,1.0,0.8,True,167,other,GPT,GPT
180,180_e04,A,runaway_divergence_risk,0.0,1.0,True,167,other,GPT,GPT
184,184_e03,A,exploration_opening,2.0,0.8,True,67,repair_event,GPT,GPT
184,184_e03,A,reframing_quality,1.0,0.9,True,67,repair_event,GPT,GPT
184,184_e03,A,evaluative_discipline,0.0,0.0,True,67,repair_event,GPT,GPT
184,184_e03,A,agency_preservation,1.0,0.7,True,67,repair_event,GPT,GPT
184,184_e03,A,anchor_management,1.0,0.8,True,67,repair_event,GPT,GPT
184,184_e03,A,coregulation_uptake,1.0,0.6,True,67,repair_event,GPT,GPT
184,184_e03,A,timing_fit,3.0,0.9,True,67,repair_event,GPT,GPT
184,184_e03,A,implementation_grounding,0.0,0.0,True,67,repair_event,GPT,GPT
184,184_e03,A,cognitive_load_clarity,2.0,0.7,True,67,repair_event,GPT,GPT
184,184_e03,A,stance_integrity,3.0,0.9,True,67,repair_event,GPT,GPT
184,184_e03,A,premature_convergence_risk,1.0,0.8,True,67,repair_event,GPT,GPT
184,184_e03,A,runaway_divergence_risk,0.0,0.0,True,67,repair_event,GPT,GPT
184,184_e05,A,exploration_opening,3.0,0.9,True,81,repair_event,GPT,GPT
184,184_e05,A,reframing_quality,3.0,0.9,True,81,repair_event,GPT,GPT
184,184_e05,A,evaluative_discipline,2.0,0.7,True,81,repair_event,GPT,GPT
184,184_e05,A,agency_preservation,4.0,0.9,True,81,repair_event,GPT,GPT
184,184_e05,A,anchor_management,3.0,0.9,True,81,repair_event,GPT,GPT
184,184_e05,A,coregulation_uptake,4.0,0.9,True,81,repair_event,GPT,GPT
184,184_e05,A,timing_fit,4.0,0.9,True,81,repair_event,GPT,GPT
184,184_e05,A,implementation_grounding,1.0,0.6,True,81,repair_event,GPT,GPT
184,184_e05,A,cognitive_load_clarity,4.0,0.9,True,81,repair_event,GPT,GPT
184,184_e05,A,stance_integrity,4.0,0.9,True,81,repair_event,GPT,GPT
184,184_e05,A,premature_convergence_risk,0.0,0.9,True,81,repair_event,GPT,GPT
184,184_e05,A,runaway_divergence_risk,0.0,0.9,True,81,repair_event,GPT,GPT
189,189_e01,A,exploration_opening,4.0,1.0,True,43,opening_frame,Persona,Divergent
189,189_e01,A,reframing_quality,3.0,1.0,True,43,opening_frame,Persona,Divergent
189,189_e01,A,evaluative_discipline,0.0,0.0,True,43,opening_frame,Persona,Divergent
189,189_e01,A,agency_preservation,4.0,1.0,True,43,opening_frame,Persona,Divergent
189,189_e01,A,anchor_management,3.0,1.0,True,43,opening_frame,Persona,Divergent
189,189_e01,A,coregulation_uptake,3.0,1.0,True,43,opening_frame,Persona,Divergent
189,189_e01,A,timing_fit,4.0,1.0,True,43,opening_frame,Persona,Divergent
189,189_e01,A,implementation_grounding,1.0,1.0,True,43,opening_frame,Persona,Divergent
189,189_e01,A,cognitive_load_clarity,4.0,1.0,True,43,opening_frame,Persona,Divergent
189,189_e01,A,stance_integrity,4.0,1.0,True,43,opening_frame,Persona,Divergent
189,189_e01,A,premature_convergence_risk,0.0,1.0,True,43,opening_frame,Persona,Divergent
189,189_e01,A,runaway_divergence_risk,0.0,1.0,True,43,opening_frame,Persona,Divergent
190,190_e01,A,exploration_opening,4.0,1.0,True,43,opening_frame,Persona,Divergent
190,190_e01,A,reframing_quality,3.0,1.0,True,43,opening_frame,Persona,Divergent
190,190_e01,A,evaluative_discipline,0.0,0.0,True,43,opening_frame,Persona,Divergent
190,190_e01,A,agency_preservation,4.0,1.0,True,43,opening_frame,Persona,Divergent
190,190_e01,A,anchor_management,3.0,1.0,True,43,opening_frame,Persona,Divergent
190,190_e01,A,coregulation_uptake,3.0,1.0,True,43,opening_frame,Persona,Divergent
190,190_e01,A,timing_fit,4.0,1.0,True,43,opening_frame,Persona,Divergent
190,190_e01,A,implementation_grounding,0.0,0.0,True,43,opening_frame,Persona,Divergent
190,190_e01,A,cognitive_load_clarity,4.0,1.0,True,43,opening_frame,Persona,Divergent
190,190_e01,A,stance_integrity,4.0,1.0,True,43,opening_frame,Persona,Divergent
190,190_e01,A,premature_convergence_risk,0.0,1.0,True,43,opening_frame,Persona,Divergent
190,190_e01,A,runaway_divergence_risk,0.0,1.0,True,43,opening_frame,Persona,Divergent
190,190_e02,A,exploration_opening,4.0,1.0,True,157,critique_event,Persona,Divergent
190,190_e02,A,reframing_quality,3.0,1.0,True,157,critique_event,Persona,Divergent
190,190_e02,A,evaluative_discipline,3.0,1.0,True,157,critique_event,Persona,Divergent
190,190_e02,A,agency_preservation,4.0,1.0,True,157,critique_event,Persona,Divergent
190,190_e02,A,anchor_management,3.0,1.0,True,157,critique_event,Persona,Divergent
190,190_e02,A,coregulation_uptake,3.0,1.0,True,157,critique_event,Persona,Divergent
190,190_e02,A,timing_fit,4.0,1.0,True,157,critique_event,Persona,Divergent
190,190_e02,A,implementation_grounding,2.0,1.0,True,157,critique_event,Persona,Divergent
190,190_e02,A,cognitive_load_clarity,3.0,1.0,True,157,critique_event,Persona,Divergent
190,190_e02,A,stance_integrity,4.0,1.0,True,157,critique_event,Persona,Divergent
190,190_e02,A,premature_convergence_risk,0.0,1.0,True,157,critique_event,Persona,Divergent
190,190_e02,A,runaway_divergence_risk,0.0,1.0,True,157,critique_event,Persona,Divergent
194,194_e03,A,ALL,,0.0,False,68,repair_event,Persona,BoundedRational
194,194_e06,A,ALL,,0.0,False,274,ideation_burst,Persona,BoundedRational
195,195_e01,A,exploration_opening,4.0,1.0,True,44,opening_frame,Persona,BoundedRational
195,195_e01,A,reframing_quality,3.0,1.0,True,44,opening_frame,Persona,BoundedRational
195,195_e01,A,evaluative_discipline,0.0,0.0,True,44,opening_frame,Persona,BoundedRational
195,195_e01,A,agency_preservation,4.0,1.0,True,44,opening_frame,Persona,BoundedRational
195,195_e01,A,anchor_management,3.0,1.0,True,44,opening_frame,Persona,BoundedRational
195,195_e01,A,coregulation_uptake,3.0,1.0,True,44,opening_frame,Persona,BoundedRational
195,195_e01,A,timing_fit,4.0,1.0,True,44,opening_frame,Persona,BoundedRational
195,195_e01,A,implementation_grounding,1.0,1.0,True,44,opening_frame,Persona,BoundedRational
195,195_e01,A,cognitive_load_clarity,4.0,1.0,True,44,opening_frame,Persona,BoundedRational
195,195_e01,A,stance_integrity,4.0,1.0,True,44,opening_frame,Persona,BoundedRational
195,195_e01,A,premature_convergence_risk,0.0,1.0,True,44,opening_frame,Persona,BoundedRational
195,195_e01,A,runaway_divergence_risk,0.0,1.0,True,44,opening_frame,Persona,BoundedRational
195,195_e04,A,exploration_opening,3.0,0.95,True,191,critique_event,Persona,BoundedRational
195,195_e04,A,reframing_quality,2.0,0.9,True,191,critique_event,Persona,BoundedRational
195,195_e04,A,evaluative_discipline,1.0,0.85,True,191,critique_event,Persona,BoundedRational
195,195_e04,A,agency_preservation,3.0,0.92,True,191,critique_event,Persona,BoundedRational
195,195_e04,A,anchor_management,2.0,0.88,True,191,critique_event,Persona,BoundedRational
195,195_e04,A,coregulation_uptake,3.0,0.93,True,191,critique_event,Persona,BoundedRational
195,195_e04,A,timing_fit,3.0,0.91,True,191,critique_event,Persona,BoundedRational
195,195_e04,A,implementation_grounding,1.0,0.8,True,191,critique_event,Persona,BoundedRational
195,195_e04,A,cognitive_load_clarity,3.0,0.94,True,191,critique_event,Persona,BoundedRational
195,195_e04,A,stance_integrity,4.0,0.96,True,191,critique_event,Persona,BoundedRational
195,195_e04,A,premature_convergence_risk,1.0,0.87,True,191,critique_event,Persona,BoundedRational
195,195_e04,A,runaway_divergence_risk,1.0,0.89,True,191,critique_event,Persona,BoundedRational
196,196_e03,A,exploration_opening,4.0,0.95,True,355,ideation_burst,Persona,BoundedRational
196,196_e03,A,reframing_quality,3.0,0.92,True,355,ideation_burst,Persona,BoundedRational
196,196_e03,A,evaluative_discipline,2.0,0.75,True,355,ideation_burst,Persona,BoundedRational
196,196_e03,A,agency_preservation,4.0,0.98,True,355,ideation_burst,Persona,BoundedRational
196,196_e03,A,anchor_management,3.0,0.88,True,355,ideation_burst,Persona,BoundedRational
196,196_e03,A,coregulation_uptake,3.0,0.94,True,355,ideation_burst,Persona,BoundedRational
196,196_e03,A,timing_fit,4.0,0.99,True,355,ideation_burst,Persona,BoundedRational
196,196_e03,A,implementation_grounding,3.0,0.85,True,355,ideation_burst,Persona,BoundedRational
196,196_e03,A,cognitive_load_clarity,4.0,0.97,True,355,ideation_burst,Persona,BoundedRational
196,196_e03,A,stance_integrity,4.0,0.99,True,355,ideation_burst,Persona,BoundedRational
196,196_e03,A,premature_convergence_risk,0.0,0.95,True,355,ideation_burst,Persona,BoundedRational
196,196_e03,A,runaway_divergence_risk,0.0,0.98,True,355,ideation_burst,Persona,BoundedRational
199,199_e01,A,ALL,,0.0,False,43,opening_frame,Persona,BoundedRational
199,199_e03,A,exploration_opening,3.0,0.9,True,81,implementation_grounding_event,Persona,BoundedRational
199,199_e03,A,reframing_quality,3.0,0.9,True,81,implementation_grounding_event,Persona,BoundedRational
199,199_e03,A,evaluative_discipline,2.0,0.7,True,81,implementation_grounding_event,Persona,BoundedRational
199,199_e03,A,agency_preservation,4.0,0.9,True,81,implementation_grounding_event,Persona,BoundedRational
199,199_e03,A,anchor_management,3.0,0.8,True,81,implementation_grounding_event,Persona,BoundedRational
199,199_e03,A,coregulation_uptake,4.0,0.9,True,81,implementation_grounding_event,Persona,BoundedRational
199,199_e03,A,timing_fit,4.0,0.9,True,81,implementation_grounding_event,Persona,BoundedRational
199,199_e03,A,implementation_grounding,4.0,0.9,True,81,implementation_grounding_event,Persona,BoundedRational
199,199_e03,A,cognitive_load_clarity,4.0,0.9,True,81,implementation_grounding_event,Persona,BoundedRational
199,199_e03,A,stance_integrity,4.0,0.9,True,81,implementation_grounding_event,Persona,BoundedRational
199,199_e03,A,premature_convergence_risk,0.0,0.9,True,81,implementation_grounding_event,Persona,BoundedRational
199,199_e03,A,runaway_divergence_risk,0.0,0.9,True,81,implementation_grounding_event,Persona,BoundedRational
199,199_e04,A,exploration_opening,3.0,0.98,True,96,critique_event,Persona,BoundedRational
199,199_e04,A,reframing_quality,3.0,0.98,True,96,critique_event,Persona,BoundedRational
199,199_e04,A,evaluative_discipline,2.0,0.85,True,96,critique_event,Persona,BoundedRational
199,199_e04,A,agency_preservation,4.0,0.99,True,96,critique_event,Persona,BoundedRational
199,199_e04,A,anchor_management,3.0,0.97,True,96,critique_event,Persona,BoundedRational
199,199_e04,A,coregulation_uptake,3.0,0.98,True,96,critique_event,Persona,BoundedRational
199,199_e04,A,timing_fit,4.0,0.99,True,96,critique_event,Persona,BoundedRational
199,199_e04,A,implementation_grounding,2.0,0.8,True,96,critique_event,Persona,BoundedRational
199,199_e04,A,cognitive_load_clarity,3.0,0.96,True,96,critique_event,Persona,BoundedRational
199,199_e04,A,stance_integrity,4.0,0.99,True,96,critique_event,Persona,BoundedRational
199,199_e04,A,premature_convergence_risk,0.0,1.0,True,96,critique_event,Persona,BoundedRational
199,199_e04,A,runaway_divergence_risk,0.0,1.0,True,96,critique_event,Persona,BoundedRational
199,199_e05,A,exploration_opening,2.0,0.7,True,81,other,Persona,BoundedRational
199,199_e05,A,reframing_quality,1.0,0.8,True,81,other,Persona,BoundedRational
199,199_e05,A,evaluative_discipline,1.0,0.7,True,81,other,Persona,BoundedRational
199,199_e05,A,agency_preservation,3.0,0.9,True,81,other,Persona,BoundedRational
199,199_e05,A,anchor_management,2.0,0.7,True,81,other,Persona,BoundedRational
199,199_e05,A,coregulation_uptake,3.0,0.9,True,81,other,Persona,BoundedRational
199,199_e05,A,timing_fit,3.0,0.8,True,81,other,Persona,BoundedRational
199,199_e05,A,implementation_grounding,3.0,0.8,True,81,other,Persona,BoundedRational
199,199_e05,A,cognitive_load_clarity,3.0,0.9,True,81,other,Persona,BoundedRational
199,199_e05,A,stance_integrity,3.0,0.9,True,81,other,Persona,BoundedRational
199,199_e05,A,premature_convergence_risk,1.0,0.7,True,81,other,Persona,BoundedRational
199,199_e05,A,runaway_divergence_risk,0.0,1.0,True,81,other,Persona,BoundedRational
199,199_e07,A,exploration_opening,3.0,0.95,True,92,user_agency_event,Persona,BoundedRational
199,199_e07,A,reframing_quality,2.0,0.9,True,92,user_agency_event,Persona,BoundedRational
199,199_e07,A,evaluative_discipline,3.0,0.92,True,92,user_agency_event,Persona,BoundedRational
199,199_e07,A,agency_preservation,3.0,0.94,True,92,user_agency_event,Persona,BoundedRational
199,199_e07,A,anchor_management,3.0,0.93,True,92,user_agency_event,Persona,BoundedRational
199,199_e07,A,coregulation_uptake,3.0,0.96,True,92,user_agency_event,Persona,BoundedRational
199,199_e07,A,timing_fit,4.0,0.98,True,92,user_agency_event,Persona,BoundedRational
199,199_e07,A,implementation_grounding,3.0,0.91,True,92,user_agency_event,Persona,BoundedRational
199,199_e07,A,cognitive_load_clarity,4.0,0.97,True,92,user_agency_event,Persona,BoundedRational
199,199_e07,A,stance_integrity,4.0,0.99,True,92,user_agency_event,Persona,BoundedRational
199,199_e07,A,premature_convergence_risk,0.0,0.99,True,92,user_agency_event,Persona,BoundedRational
199,199_e07,A,runaway_divergence_risk,0.0,0.98,True,92,user_agency_event,Persona,BoundedRational
200,200_e01,A,exploration_opening,4.0,1.0,True,45,opening_frame,Persona,BoundedRational
200,200_e01,A,reframing_quality,3.0,1.0,True,45,opening_frame,Persona,BoundedRational
200,200_e01,A,evaluative_discipline,0.0,1.0,True,45,opening_frame,Persona,BoundedRational
200,200_e01,A,agency_preservation,4.0,1.0,True,45,opening_frame,Persona,BoundedRational
200,200_e01,A,anchor_management,2.0,1.0,True,45,opening_frame,Persona,BoundedRational
200,200_e01,A,coregulation_uptake,3.0,1.0,True,45,opening_frame,Persona,BoundedRational
200,200_e01,A,timing_fit,4.0,1.0,True,45,opening_frame,Persona,BoundedRational
200,200_e01,A,implementation_grounding,0.0,1.0,True,45,opening_frame,Persona,BoundedRational
200,200_e01,A,cognitive_load_clarity,4.0,1.0,True,45,opening_frame,Persona,BoundedRational
200,200_e01,A,stance_integrity,4.0,1.0,True,45,opening_frame,Persona,BoundedRational
200,200_e01,A,premature_convergence_risk,0.0,1.0,True,45,opening_frame,Persona,BoundedRational
200,200_e01,A,runaway_divergence_risk,0.0,1.0,True,45,opening_frame,Persona,BoundedRational
200,200_e02,A,exploration_opening,2.0,0.9,True,91,repair_event,Persona,BoundedRational
200,200_e02,A,reframing_quality,1.0,0.8,True,91,repair_event,Persona,BoundedRational
200,200_e02,A,evaluative_discipline,0.0,0.9,True,91,repair_event,Persona,BoundedRational
200,200_e02,A,agency_preservation,3.0,0.9,True,91,repair_event,Persona,BoundedRational
200,200_e02,A,anchor_management,1.0,0.8,True,91,repair_event,Persona,BoundedRational
200,200_e02,A,coregulation_uptake,2.0,0.7,True,91,repair_event,Persona,BoundedRational
200,200_e02,A,timing_fit,3.0,0.9,True,91,repair_event,Persona,BoundedRational
200,200_e02,A,implementation_grounding,0.0,0.9,True,91,repair_event,Persona,BoundedRational
200,200_e02,A,cognitive_load_clarity,3.0,0.9,True,91,repair_event,Persona,BoundedRational
200,200_e02,A,stance_integrity,3.0,0.9,True,91,repair_event,Persona,BoundedRational
200,200_e02,A,premature_convergence_risk,0.0,0.9,True,91,repair_event,Persona,BoundedRational
200,200_e02,A,runaway_divergence_risk,0.0,0.9,True,91,repair_event,Persona,BoundedRational
200,200_e03,A,exploration_opening,3.0,0.9,True,70,ideation_burst,Persona,BoundedRational
200,200_e03,A,reframing_quality,3.0,0.9,True,70,ideation_burst,Persona,BoundedRational
200,200_e03,A,evaluative_discipline,2.0,0.8,True,70,ideation_burst,Persona,BoundedRational
200,200_e03,A,agency_preservation,4.0,0.9,True,70,ideation_burst,Persona,BoundedRational
200,200_e03,A,anchor_management,3.0,0.9,True,70,ideation_burst,Persona,BoundedRational
200,200_e03,A,coregulation_uptake,3.0,0.9,True,70,ideation_burst,Persona,BoundedRational
200,200_e03,A,timing_fit,4.0,0.9,True,70,ideation_burst,Persona,BoundedRational
200,200_e03,A,implementation_grounding,1.0,0.7,True,70,ideation_burst,Persona,BoundedRational
200,200_e03,A,cognitive_load_clarity,3.0,0.9,True,70,ideation_burst,Persona,BoundedRational
200,200_e03,A,stance_integrity,4.0,0.9,True,70,ideation_burst,Persona,BoundedRational
200,200_e03,A,premature_convergence_risk,0.0,1.0,True,70,ideation_burst,Persona,BoundedRational
200,200_e03,A,runaway_divergence_risk,1.0,0.8,True,70,ideation_burst,Persona,BoundedRational
200,200_e06,A,exploration_opening,4.0,1.0,True,137,ideation_burst,Persona,BoundedRational
200,200_e06,A,reframing_quality,3.0,1.0,True,137,ideation_burst,Persona,BoundedRational
200,200_e06,A,evaluative_discipline,2.0,1.0,True,137,ideation_burst,Persona,BoundedRational
200,200_e06,A,agency_preservation,3.0,1.0,True,137,ideation_burst,Persona,BoundedRational
200,200_e06,A,anchor_management,3.0,1.0,True,137,ideation_burst,Persona,BoundedRational
200,200_e06,A,coregulation_uptake,3.0,1.0,True,137,ideation_burst,Persona,BoundedRational
200,200_e06,A,timing_fit,4.0,1.0,True,137,ideation_burst,Persona,BoundedRational
200,200_e06,A,implementation_grounding,2.0,1.0,True,137,ideation_burst,Persona,BoundedRational
200,200_e06,A,cognitive_load_clarity,3.0,1.0,True,137,ideation_burst,Persona,BoundedRational
200,200_e06,A,stance_integrity,4.0,1.0,True,137,ideation_burst,Persona,BoundedRational
200,200_e06,A,premature_convergence_risk,0.0,1.0,True,137,ideation_burst,Persona,BoundedRational
200,200_e06,A,runaway_divergence_risk,0.0,1.0,True,137,ideation_burst,Persona,BoundedRational
201,201_e01,A,exploration_opening,4.0,1.0,True,43,opening_frame,Persona,BoundedRational
201,201_e01,A,reframing_quality,3.0,1.0,True,43,opening_frame,Persona,BoundedRational
201,201_e01,A,evaluative_discipline,0.0,0.0,True,43,opening_frame,Persona,BoundedRational
201,201_e01,A,agency_preservation,4.0,1.0,True,43,opening_frame,Persona,BoundedRational
201,201_e01,A,anchor_management,3.0,1.0,True,43,opening_frame,Persona,BoundedRational
201,201_e01,A,coregulation_uptake,3.0,1.0,True,43,opening_frame,Persona,BoundedRational
201,201_e01,A,timing_fit,4.0,1.0,True,43,opening_frame,Persona,BoundedRational
201,201_e01,A,implementation_grounding,0.0,0.0,True,43,opening_frame,Persona,BoundedRational
201,201_e01,A,cognitive_load_clarity,4.0,1.0,True,43,opening_frame,Persona,BoundedRational
201,201_e01,A,stance_integrity,4.0,1.0,True,43,opening_frame,Persona,BoundedRational
201,201_e01,A,premature_convergence_risk,0.0,1.0,True,43,opening_frame,Persona,BoundedRational
201,201_e01,A,runaway_divergence_risk,0.0,1.0,True,43,opening_frame,Persona,BoundedRational
201,201_e04,A,exploration_opening,2.0,0.8,True,142,other,Persona,BoundedRational
201,201_e04,A,reframing_quality,1.0,0.7,True,142,other,Persona,BoundedRational
201,201_e04,A,evaluative_discipline,0.0,0.9,True,142,other,Persona,BoundedRational
201,201_e04,A,agency_preservation,3.0,0.8,True,142,other,Persona,BoundedRational
201,201_e04,A,anchor_management,2.0,0.7,True,142,other,Persona,BoundedRational
201,201_e04,A,coregulation_uptake,3.0,0.9,True,142,other,Persona,BoundedRational
201,201_e04,A,timing_fit,3.0,0.8,True,142,other,Persona,BoundedRational
201,201_e04,A,implementation_grounding,1.0,0.7,True,142,other,Persona,BoundedRational
201,201_e04,A,cognitive_load_clarity,3.0,0.9,True,142,other,Persona,BoundedRational
201,201_e04,A,stance_integrity,3.0,0.9,True,142,other,Persona,BoundedRational
201,201_e04,A,premature_convergence_risk,1.0,0.8,True,142,other,Persona,BoundedRational
201,201_e04,A,runaway_divergence_risk,1.0,0.8,True,142,other,Persona,BoundedRational
201,201_e05,A,ALL,,0.0,False,109,other,Persona,BoundedRational
201,201_e06,A,exploration_opening,2.0,0.8,True,83,other,Persona,BoundedRational
201,201_e06,A,reframing_quality,1.0,0.9,True,83,other,Persona,BoundedRational
201,201_e06,A,evaluative_discipline,0.0,0.95,True,83,other,Persona,BoundedRational
201,201_e06,A,agency_preservation,3.0,0.85,True,83,other,Persona,BoundedRational
201,201_e06,A,anchor_management,2.0,0.8,True,83,other,Persona,BoundedRational
201,201_e06,A,coregulation_uptake,3.0,0.9,True,83,other,Persona,BoundedRational
201,201_e06,A,timing_fit,3.0,0.9,True,83,other,Persona,BoundedRational
201,201_e06,A,implementation_grounding,2.0,0.8,True,83,other,Persona,BoundedRational
201,201_e06,A,cognitive_load_clarity,3.0,0.9,True,83,other,Persona,BoundedRational
201,201_e06,A,stance_integrity,3.0,0.9,True,83,other,Persona,BoundedRational
201,201_e06,A,premature_convergence_risk,1.0,0.85,True,83,other,Persona,BoundedRational
201,201_e06,A,runaway_divergence_risk,0.0,0.95,True,83,other,Persona,BoundedRational
201,201_e07,A,exploration_opening,2.0,0.8,True,112,ideation_burst,Persona,BoundedRational
201,201_e07,A,reframing_quality,1.0,0.7,True,112,ideation_burst,Persona,BoundedRational
201,201_e07,A,evaluative_discipline,2.0,0.6,True,112,ideation_burst,Persona,BoundedRational
201,201_e07,A,agency_preservation,3.0,0.8,True,112,ideation_burst,Persona,BoundedRational
201,201_e07,A,anchor_management,2.0,0.7,True,112,ideation_burst,Persona,BoundedRational
201,201_e07,A,coregulation_uptake,3.0,0.9,True,112,ideation_burst,Persona,BoundedRational
201,201_e07,A,timing_fit,3.0,0.8,True,112,ideation_burst,Persona,BoundedRational
201,201_e07,A,implementation_grounding,2.0,0.7,True,112,ideation_burst,Persona,BoundedRational
201,201_e07,A,cognitive_load_clarity,3.0,0.9,True,112,ideation_burst,Persona,BoundedRational
201,201_e07,A,stance_integrity,3.0,0.8,True,112,ideation_burst,Persona,BoundedRational
201,201_e07,A,premature_convergence_risk,1.0,0.6,True,112,ideation_burst,Persona,BoundedRational
201,201_e07,A,runaway_divergence_risk,1.0,0.5,True,112,ideation_burst,Persona,BoundedRational
202,202_e01,A,exploration_opening,4.0,1.0,True,43,opening_frame,Persona,BoundedRational
202,202_e01,A,reframing_quality,3.0,1.0,True,43,opening_frame,Persona,BoundedRational
202,202_e01,A,evaluative_discipline,0.0,1.0,True,43,opening_frame,Persona,BoundedRational
202,202_e01,A,agency_preservation,4.0,1.0,True,43,opening_frame,Persona,BoundedRational
202,202_e01,A,anchor_management,3.0,1.0,True,43,opening_frame,Persona,BoundedRational
202,202_e01,A,coregulation_uptake,3.0,1.0,True,43,opening_frame,Persona,BoundedRational
202,202_e01,A,timing_fit,4.0,1.0,True,43,opening_frame,Persona,BoundedRational
202,202_e01,A,implementation_grounding,0.0,1.0,True,43,opening_frame,Persona,BoundedRational
202,202_e01,A,cognitive_load_clarity,3.0,1.0,True,43,opening_frame,Persona,BoundedRational
202,202_e01,A,stance_integrity,4.0,1.0,True,43,opening_frame,Persona,BoundedRational
202,202_e01,A,premature_convergence_risk,0.0,1.0,True,43,opening_frame,Persona,BoundedRational
202,202_e01,A,runaway_divergence_risk,0.0,1.0,True,43,opening_frame,Persona,BoundedRational
202,202_e02,A,exploration_opening,2.0,0.8,True,105,other,Persona,BoundedRational
202,202_e02,A,reframing_quality,1.0,0.7,True,105,other,Persona,BoundedRational
202,202_e02,A,evaluative_discipline,2.0,0.7,True,105,other,Persona,BoundedRational
202,202_e02,A,agency_preservation,3.0,0.9,True,105,other,Persona,BoundedRational
202,202_e02,A,anchor_management,1.0,0.6,True,105,other,Persona,BoundedRational
202,202_e02,A,coregulation_uptake,3.0,0.9,True,105,other,Persona,BoundedRational
202,202_e02,A,timing_fit,3.0,0.8,True,105,other,Persona,BoundedRational
202,202_e02,A,implementation_grounding,2.0,0.7,True,105,other,Persona,BoundedRational
202,202_e02,A,cognitive_load_clarity,3.0,0.9,True,105,other,Persona,BoundedRational
202,202_e02,A,stance_integrity,3.0,0.8,True,105,other,Persona,BoundedRational
202,202_e02,A,premature_convergence_risk,1.0,0.7,True,105,other,Persona,BoundedRational
202,202_e02,A,runaway_divergence_risk,1.0,0.7,True,105,other,Persona,BoundedRational
203,203_e02,A,exploration_opening,4.0,1.0,True,142,commitment_event,Persona,BoundedRational
203,203_e02,A,reframing_quality,3.0,1.0,True,142,commitment_event,Persona,BoundedRational
203,203_e02,A,evaluative_discipline,2.0,1.0,True,142,commitment_event,Persona,BoundedRational
203,203_e02,A,agency_preservation,3.0,1.0,True,142,commitment_event,Persona,BoundedRational
203,203_e02,A,anchor_management,3.0,1.0,True,142,commitment_event,Persona,BoundedRational
203,203_e02,A,coregulation_uptake,3.0,1.0,True,142,commitment_event,Persona,BoundedRational
203,203_e02,A,timing_fit,4.0,1.0,True,142,commitment_event,Persona,BoundedRational
203,203_e02,A,implementation_grounding,3.0,1.0,True,142,commitment_event,Persona,BoundedRational
203,203_e02,A,cognitive_load_clarity,3.0,1.0,True,142,commitment_event,Persona,BoundedRational
203,203_e02,A,stance_integrity,4.0,1.0,True,142,commitment_event,Persona,BoundedRational
203,203_e02,A,premature_convergence_risk,0.0,1.0,True,142,commitment_event,Persona,BoundedRational
203,203_e02,A,runaway_divergence_risk,0.0,1.0,True,142,commitment_event,Persona,BoundedRational
204,204_e02,A,exploration_opening,2.0,0.8,True,150,ideation_burst,Persona,BoundedRational
204,204_e02,A,reframing_quality,1.0,0.7,True,150,ideation_burst,Persona,BoundedRational
204,204_e02,A,evaluative_discipline,2.0,0.8,True,150,ideation_burst,Persona,BoundedRational
204,204_e02,A,agency_preservation,3.0,0.9,True,150,ideation_burst,Persona,BoundedRational
204,204_e02,A,anchor_management,2.0,0.7,True,150,ideation_burst,Persona,BoundedRational
204,204_e02,A,coregulation_uptake,3.0,0.9,True,150,ideation_burst,Persona,BoundedRational
204,204_e02,A,timing_fit,3.0,0.8,True,150,ideation_burst,Persona,BoundedRational
204,204_e02,A,implementation_grounding,3.0,0.9,True,150,ideation_burst,Persona,BoundedRational
204,204_e02,A,cognitive_load_clarity,3.0,0.9,True,150,ideation_burst,Persona,BoundedRational
204,204_e02,A,stance_integrity,4.0,0.9,True,150,ideation_burst,Persona,BoundedRational
204,204_e02,A,premature_convergence_risk,1.0,0.7,True,150,ideation_burst,Persona,BoundedRational
204,204_e02,A,runaway_divergence_risk,0.0,0.9,True,150,ideation_burst,Persona,BoundedRational
204,204_e04,A,exploration_opening,3.0,0.9,True,132,other,Persona,BoundedRational
204,204_e04,A,reframing_quality,3.0,0.9,True,132,other,Persona,BoundedRational
204,204_e04,A,evaluative_discipline,2.0,0.7,True,132,other,Persona,BoundedRational
204,204_e04,A,agency_preservation,3.0,0.9,True,132,other,Persona,BoundedRational
204,204_e04,A,anchor_management,2.0,0.8,True,132,other,Persona,BoundedRational
204,204_e04,A,coregulation_uptake,3.0,0.9,True,132,other,Persona,BoundedRational
204,204_e04,A,timing_fit,4.0,0.9,True,132,other,Persona,BoundedRational
204,204_e04,A,implementation_grounding,2.0,0.6,True,132,other,Persona,BoundedRational
204,204_e04,A,cognitive_load_clarity,3.0,0.9,True,132,other,Persona,BoundedRational
204,204_e04,A,stance_integrity,4.0,0.9,True,132,other,Persona,BoundedRational
204,204_e04,A,premature_convergence_risk,0.0,0.9,True,132,other,Persona,BoundedRational
204,204_e04,A,runaway_divergence_risk,0.0,0.9,True,132,other,Persona,BoundedRational
204,204_e05,A,exploration_opening,3.0,0.9,True,184,ideation_burst,Persona,BoundedRational
204,204_e05,A,reframing_quality,3.0,0.9,True,184,ideation_burst,Persona,BoundedRational
204,204_e05,A,evaluative_discipline,2.0,0.8,True,184,ideation_burst,Persona,BoundedRational
204,204_e05,A,agency_preservation,3.0,0.9,True,184,ideation_burst,Persona,BoundedRational
204,204_e05,A,anchor_management,2.0,0.7,True,184,ideation_burst,Persona,BoundedRational
204,204_e05,A,coregulation_uptake,3.0,0.9,True,184,ideation_burst,Persona,BoundedRational
204,204_e05,A,timing_fit,4.0,1.0,True,184,ideation_burst,Persona,BoundedRational
204,204_e05,A,implementation_grounding,3.0,0.9,True,184,ideation_burst,Persona,BoundedRational
204,204_e05,A,cognitive_load_clarity,4.0,1.0,True,184,ideation_burst,Persona,BoundedRational
204,204_e05,A,stance_integrity,4.0,1.0,True,184,ideation_burst,Persona,BoundedRational
204,204_e05,A,premature_convergence_risk,0.0,1.0,True,184,ideation_burst,Persona,BoundedRational
204,204_e05,A,runaway_divergence_risk,0.0,1.0,True,184,ideation_burst,Persona,BoundedRational
208,208_e02,A,ALL,,0.0,False,86,other,GPT,GPT
209,209_e07,A,exploration_opening,2.0,0.8,True,102,repair_event,GPT,GPT
209,209_e07,A,reframing_quality,1.0,0.7,True,102,repair_event,GPT,GPT
209,209_e07,A,evaluative_discipline,0.0,0.3,True,102,repair_event,GPT,GPT
209,209_e07,A,agency_preservation,3.0,0.9,True,102,repair_event,GPT,GPT
209,209_e07,A,anchor_management,2.0,0.6,True,102,repair_event,GPT,GPT
209,209_e07,A,coregulation_uptake,3.0,0.9,True,102,repair_event,GPT,GPT
209,209_e07,A,timing_fit,3.0,0.8,True,102,repair_event,GPT,GPT
209,209_e07,A,implementation_grounding,1.0,0.4,True,102,repair_event,GPT,GPT
209,209_e07,A,cognitive_load_clarity,3.0,0.8,True,102,repair_event,GPT,GPT
209,209_e07,A,stance_integrity,4.0,0.95,True,102,repair_event,GPT,GPT
209,209_e07,A,premature_convergence_risk,1.0,0.6,True,102,repair_event,GPT,GPT
209,209_e07,A,runaway_divergence_risk,0.0,0.9,True,102,repair_event,GPT,GPT
210,210_e07,A,ALL,,0.0,False,51,other,GPT,GPT
210,210_e08,A,exploration_opening,2.0,0.8,True,146,other,GPT,GPT
210,210_e08,A,reframing_quality,1.0,0.7,True,146,other,GPT,GPT
210,210_e08,A,evaluative_discipline,0.0,0.9,True,146,other,GPT,GPT
210,210_e08,A,agency_preservation,3.0,0.8,True,146,other,GPT,GPT
210,210_e08,A,anchor_management,2.0,0.7,True,146,other,GPT,GPT
210,210_e08,A,coregulation_uptake,2.0,0.6,True,146,other,GPT,GPT
210,210_e08,A,timing_fit,3.0,0.8,True,146,other,GPT,GPT
210,210_e08,A,implementation_grounding,1.0,0.7,True,146,other,GPT,GPT
210,210_e08,A,cognitive_load_clarity,3.0,0.8,True,146,other,GPT,GPT
210,210_e08,A,stance_integrity,3.0,0.9,True,146,other,GPT,GPT
210,210_e08,A,premature_convergence_risk,1.0,0.7,True,146,other,GPT,GPT
210,210_e08,A,runaway_divergence_risk,0.0,0.9,True,146,other,GPT,GPT
214,214_e04,A,ALL,,0.0,False,74,other,GPT,GPT
216,216_e01,A,ALL,,0.0,False,115,opening_frame,Persona,Rational
216,216_e02,A,exploration_opening,2.0,0.8,True,114,other,Persona,Rational
216,216_e02,A,reframing_quality,1.0,0.7,True,114,other,Persona,Rational
216,216_e02,A,evaluative_discipline,2.0,0.6,True,114,other,Persona,Rational
216,216_e02,A,agency_preservation,3.0,0.9,True,114,other,Persona,Rational
216,216_e02,A,anchor_management,2.0,0.7,True,114,other,Persona,Rational
216,216_e02,A,coregulation_uptake,3.0,0.9,True,114,other,Persona,Rational
216,216_e02,A,timing_fit,3.0,0.8,True,114,other,Persona,Rational
216,216_e02,A,implementation_grounding,2.0,0.6,True,114,other,Persona,Rational
216,216_e02,A,cognitive_load_clarity,3.0,0.9,True,114,other,Persona,Rational
216,216_e02,A,stance_integrity,3.0,0.9,True,114,other,Persona,Rational
216,216_e02,A,premature_convergence_risk,1.0,0.7,True,114,other,Persona,Rational
216,216_e02,A,runaway_divergence_risk,1.0,0.7,True,114,other,Persona,Rational
216,216_e03,A,exploration_opening,3.0,0.95,True,172,other,Persona,Rational
216,216_e03,A,reframing_quality,3.0,0.95,True,172,other,Persona,Rational
216,216_e03,A,evaluative_discipline,2.0,0.85,True,172,other,Persona,Rational
216,216_e03,A,agency_preservation,4.0,0.98,True,172,other,Persona,Rational
216,216_e03,A,anchor_management,3.0,0.92,True,172,other,Persona,Rational
216,216_e03,A,coregulation_uptake,3.0,0.96,True,172,other,Persona,Rational
216,216_e03,A,timing_fit,4.0,0.99,True,172,other,Persona,Rational
216,216_e03,A,implementation_grounding,2.0,0.75,True,172,other,Persona,Rational
216,216_e03,A,cognitive_load_clarity,3.0,0.94,True,172,other,Persona,Rational
216,216_e03,A,stance_integrity,4.0,0.99,True,172,other,Persona,Rational
216,216_e03,A,premature_convergence_risk,0.0,1.0,True,172,other,Persona,Rational
216,216_e03,A,runaway_divergence_risk,1.0,0.95,True,172,other,Persona,Rational
216,216_e04,A,ALL,,0.0,False,207,ideation_burst,Persona,Rational
217,217_e01,A,ALL,,0.0,False,61,opening_frame,Persona,Rational
217,217_e02,A,exploration_opening,4.0,1.0,True,179,reframe_event,Persona,Rational
217,217_e02,A,reframing_quality,3.0,1.0,True,179,reframe_event,Persona,Rational
217,217_e02,A,evaluative_discipline,3.0,1.0,True,179,reframe_event,Persona,Rational
217,217_e02,A,agency_preservation,3.0,1.0,True,179,reframe_event,Persona,Rational
217,217_e02,A,anchor_management,3.0,1.0,True,179,reframe_event,Persona,Rational
217,217_e02,A,coregulation_uptake,3.0,1.0,True,179,reframe_event,Persona,Rational
217,217_e02,A,timing_fit,4.0,1.0,True,179,reframe_event,Persona,Rational
217,217_e02,A,implementation_grounding,3.0,1.0,True,179,reframe_event,Persona,Rational
217,217_e02,A,cognitive_load_clarity,4.0,1.0,True,179,reframe_event,Persona,Rational
217,217_e02,A,stance_integrity,4.0,1.0,True,179,reframe_event,Persona,Rational
217,217_e02,A,premature_convergence_risk,0.0,1.0,True,179,reframe_event,Persona,Rational
217,217_e02,A,runaway_divergence_risk,0.0,1.0,True,179,reframe_event,Persona,Rational
217,217_e03,A,exploration_opening,2.0,0.9,True,80,other,Persona,Rational
217,217_e03,A,reframing_quality,2.0,0.9,True,80,other,Persona,Rational
217,217_e03,A,evaluative_discipline,3.0,0.9,True,80,other,Persona,Rational
217,217_e03,A,agency_preservation,3.0,0.9,True,80,other,Persona,Rational
217,217_e03,A,anchor_management,3.0,0.9,True,80,other,Persona,Rational
217,217_e03,A,coregulation_uptake,3.0,0.9,True,80,other,Persona,Rational
217,217_e03,A,timing_fit,4.0,0.9,True,80,other,Persona,Rational
217,217_e03,A,implementation_grounding,3.0,0.9,True,80,other,Persona,Rational
217,217_e03,A,cognitive_load_clarity,4.0,0.9,True,80,other,Persona,Rational
217,217_e03,A,stance_integrity,4.0,0.9,True,80,other,Persona,Rational
217,217_e03,A,premature_convergence_risk,1.0,0.9,True,80,other,Persona,Rational
217,217_e03,A,runaway_divergence_risk,0.0,0.9,True,80,other,Persona,Rational
217,217_e04,A,exploration_opening,2.0,0.9,True,106,other,Persona,Rational
217,217_e04,A,reframing_quality,1.0,0.8,True,106,other,Persona,Rational
217,217_e04,A,evaluative_discipline,2.0,0.8,True,106,other,Persona,Rational
217,217_e04,A,agency_preservation,3.0,0.9,True,106,other,Persona,Rational
217,217_e04,A,anchor_management,2.0,0.8,True,106,other,Persona,Rational
217,217_e04,A,coregulation_uptake,3.0,0.9,True,106,other,Persona,Rational
217,217_e04,A,timing_fit,3.0,0.9,True,106,other,Persona,Rational
217,217_e04,A,implementation_grounding,1.0,0.7,True,106,other,Persona,Rational
217,217_e04,A,cognitive_load_clarity,3.0,0.9,True,106,other,Persona,Rational
217,217_e04,A,stance_integrity,4.0,0.9,True,106,other,Persona,Rational
217,217_e04,A,premature_convergence_risk,1.0,0.8,True,106,other,Persona,Rational
217,217_e04,A,runaway_divergence_risk,0.0,0.9,True,106,other,Persona,Rational
218,218_e02,A,ALL,,0.0,False,173,other,Persona,Rational
218,218_e03,A,exploration_opening,3.0,0.9,True,123,ideation_burst,Persona,Rational
218,218_e03,A,reframing_quality,2.0,0.8,True,123,ideation_burst,Persona,Rational
218,218_e03,A,evaluative_discipline,3.0,0.9,True,123,ideation_burst,Persona,Rational
218,218_e03,A,agency_preservation,3.0,0.9,True,123,ideation_burst,Persona,Rational
218,218_e03,A,anchor_management,2.0,0.7,True,123,ideation_burst,Persona,Rational
218,218_e03,A,coregulation_uptake,3.0,0.9,True,123,ideation_burst,Persona,Rational
218,218_e03,A,timing_fit,4.0,1.0,True,123,ideation_burst,Persona,Rational
218,218_e03,A,implementation_grounding,3.0,0.9,True,123,ideation_burst,Persona,Rational
218,218_e03,A,cognitive_load_clarity,4.0,1.0,True,123,ideation_burst,Persona,Rational
218,218_e03,A,stance_integrity,4.0,1.0,True,123,ideation_burst,Persona,Rational
218,218_e03,A,premature_convergence_risk,1.0,0.8,True,123,ideation_burst,Persona,Rational
218,218_e03,A,runaway_divergence_risk,0.0,1.0,True,123,ideation_burst,Persona,Rational
219,219_e01,A,ALL,,0.0,False,103,opening_frame,Persona,Rational
219,219_e02,A,exploration_opening,4.0,1.0,True,116,user_agency_event,Persona,Rational
219,219_e02,A,reframing_quality,3.0,1.0,True,116,user_agency_event,Persona,Rational
219,219_e02,A,evaluative_discipline,3.0,1.0,True,116,user_agency_event,Persona,Rational
219,219_e02,A,agency_preservation,3.0,1.0,True,116,user_agency_event,Persona,Rational
219,219_e02,A,anchor_management,3.0,1.0,True,116,user_agency_event,Persona,Rational
219,219_e02,A,coregulation_uptake,3.0,1.0,True,116,user_agency_event,Persona,Rational
219,219_e02,A,timing_fit,4.0,1.0,True,116,user_agency_event,Persona,Rational
219,219_e02,A,implementation_grounding,3.0,1.0,True,116,user_agency_event,Persona,Rational
219,219_e02,A,cognitive_load_clarity,4.0,1.0,True,116,user_agency_event,Persona,Rational
219,219_e02,A,stance_integrity,4.0,1.0,True,116,user_agency_event,Persona,Rational
219,219_e02,A,premature_convergence_risk,0.0,1.0,True,116,user_agency_event,Persona,Rational
219,219_e02,A,runaway_divergence_risk,0.0,1.0,True,116,user_agency_event,Persona,Rational
219,219_e04,A,ALL,,0.0,False,73,user_agency_event,Persona,Rational
219,219_e05,A,exploration_opening,2.0,0.9,True,111,other,Persona,Rational
219,219_e05,A,reframing_quality,1.0,0.8,True,111,other,Persona,Rational
219,219_e05,A,evaluative_discipline,2.0,0.7,True,111,other,Persona,Rational
219,219_e05,A,agency_preservation,3.0,0.9,True,111,other,Persona,Rational
219,219_e05,A,anchor_management,2.0,0.7,True,111,other,Persona,Rational
219,219_e05,A,coregulation_uptake,3.0,0.9,True,111,other,Persona,Rational
219,219_e05,A,timing_fit,3.0,0.9,True,111,other,Persona,Rational
219,219_e05,A,implementation_grounding,2.0,0.6,True,111,other,Persona,Rational
219,219_e05,A,cognitive_load_clarity,3.0,0.8,True,111,other,Persona,Rational
219,219_e05,A,stance_integrity,3.0,0.9,True,111,other,Persona,Rational
219,219_e05,A,premature_convergence_risk,1.0,0.7,True,111,other,Persona,Rational
219,219_e05,A,runaway_divergence_risk,1.0,0.7,True,111,other,Persona,Rational
220,220_e03,A,exploration_opening,3.0,0.95,True,135,other,Persona,Rational
220,220_e03,A,reframing_quality,3.0,0.95,True,135,other,Persona,Rational
220,220_e03,A,evaluative_discipline,2.0,0.8,True,135,other,Persona,Rational
220,220_e03,A,agency_preservation,4.0,0.98,True,135,other,Persona,Rational
220,220_e03,A,anchor_management,3.0,0.92,True,135,other,Persona,Rational
220,220_e03,A,coregulation_uptake,3.0,0.96,True,135,other,Persona,Rational
220,220_e03,A,timing_fit,4.0,0.98,True,135,other,Persona,Rational
220,220_e03,A,implementation_grounding,2.0,0.85,True,135,other,Persona,Rational
220,220_e03,A,cognitive_load_clarity,3.0,0.93,True,135,other,Persona,Rational
220,220_e03,A,stance_integrity,4.0,0.99,True,135,other,Persona,Rational
220,220_e03,A,premature_convergence_risk,0.0,0.99,True,135,other,Persona,Rational
220,220_e03,A,runaway_divergence_risk,0.0,0.98,True,135,other,Persona,Rational
221,221_e01,A,exploration_opening,3.0,0.95,True,66,opening_frame,Persona,Rational
221,221_e01,A,reframing_quality,3.0,0.95,True,66,opening_frame,Persona,Rational
221,221_e01,A,evaluative_discipline,2.0,0.85,True,66,opening_frame,Persona,Rational
221,221_e01,A,agency_preservation,4.0,0.95,True,66,opening_frame,Persona,Rational
221,221_e01,A,anchor_management,3.0,0.95,True,66,opening_frame,Persona,Rational
221,221_e01,A,coregulation_uptake,3.0,0.95,True,66,opening_frame,Persona,Rational
221,221_e01,A,timing_fit,4.0,0.95,True,66,opening_frame,Persona,Rational
221,221_e01,A,implementation_grounding,1.0,0.8,True,66,opening_frame,Persona,Rational
221,221_e01,A,cognitive_load_clarity,3.0,0.9,True,66,opening_frame,Persona,Rational
221,221_e01,A,stance_integrity,4.0,0.95,True,66,opening_frame,Persona,Rational
221,221_e01,A,premature_convergence_risk,0.0,1.0,True,66,opening_frame,Persona,Rational
221,221_e01,A,runaway_divergence_risk,0.0,1.0,True,66,opening_frame,Persona,Rational
221,221_e02,A,exploration_opening,4.0,1.0,True,75,other,Persona,Rational
221,221_e02,A,reframing_quality,3.0,1.0,True,75,other,Persona,Rational
221,221_e02,A,evaluative_discipline,2.0,1.0,True,75,other,Persona,Rational
221,221_e02,A,agency_preservation,4.0,1.0,True,75,other,Persona,Rational
221,221_e02,A,anchor_management,3.0,1.0,True,75,other,Persona,Rational
221,221_e02,A,coregulation_uptake,3.0,1.0,True,75,other,Persona,Rational
221,221_e02,A,timing_fit,4.0,1.0,True,75,other,Persona,Rational
221,221_e02,A,implementation_grounding,2.0,1.0,True,75,other,Persona,Rational
221,221_e02,A,cognitive_load_clarity,3.0,1.0,True,75,other,Persona,Rational
221,221_e02,A,stance_integrity,4.0,1.0,True,75,other,Persona,Rational
221,221_e02,A,premature_convergence_risk,0.0,1.0,True,75,other,Persona,Rational
221,221_e02,A,runaway_divergence_risk,1.0,1.0,True,75,other,Persona,Rational
221,221_e03,A,exploration_opening,3.0,0.95,True,99,other,Persona,Rational
221,221_e03,A,reframing_quality,3.0,0.95,True,99,other,Persona,Rational
221,221_e03,A,evaluative_discipline,2.0,0.85,True,99,other,Persona,Rational
221,221_e03,A,agency_preservation,4.0,0.98,True,99,other,Persona,Rational
221,221_e03,A,anchor_management,3.0,0.92,True,99,other,Persona,Rational
221,221_e03,A,coregulation_uptake,3.0,0.96,True,99,other,Persona,Rational
221,221_e03,A,timing_fit,4.0,0.97,True,99,other,Persona,Rational
221,221_e03,A,implementation_grounding,2.0,0.75,True,99,other,Persona,Rational
221,221_e03,A,cognitive_load_clarity,3.0,0.93,True,99,other,Persona,Rational
221,221_e03,A,stance_integrity,4.0,0.99,True,99,other,Persona,Rational
221,221_e03,A,premature_convergence_risk,0.0,1.0,True,99,other,Persona,Rational
221,221_e03,A,runaway_divergence_risk,0.0,1.0,True,99,other,Persona,Rational
221,221_e07,A,exploration_opening,3.0,0.95,True,102,ideation_burst,Persona,Rational
221,221_e07,A,reframing_quality,3.0,0.95,True,102,ideation_burst,Persona,Rational
221,221_e07,A,evaluative_discipline,2.0,0.8,True,102,ideation_burst,Persona,Rational
221,221_e07,A,agency_preservation,3.0,0.95,True,102,ideation_burst,Persona,Rational
221,221_e07,A,anchor_management,2.0,0.8,True,102,ideation_burst,Persona,Rational
221,221_e07,A,coregulation_uptake,3.0,0.95,True,102,ideation_burst,Persona,Rational
221,221_e07,A,timing_fit,4.0,0.95,True,102,ideation_burst,Persona,Rational
221,221_e07,A,implementation_grounding,3.0,0.85,True,102,ideation_burst,Persona,Rational
221,221_e07,A,cognitive_load_clarity,3.0,0.95,True,102,ideation_burst,Persona,Rational
221,221_e07,A,stance_integrity,4.0,0.95,True,102,ideation_burst,Persona,Rational
221,221_e07,A,premature_convergence_risk,1.0,0.8,True,102,ideation_burst,Persona,Rational
221,221_e07,A,runaway_divergence_risk,1.0,0.9,True,102,ideation_burst,Persona,Rational
222,222_e01,A,exploration_opening,4.0,1.0,True,88,opening_frame,Persona,Rational
222,222_e01,A,reframing_quality,3.0,1.0,True,88,opening_frame,Persona,Rational
222,222_e01,A,evaluative_discipline,2.0,1.0,True,88,opening_frame,Persona,Rational
222,222_e01,A,agency_preservation,4.0,1.0,True,88,opening_frame,Persona,Rational
222,222_e01,A,anchor_management,3.0,1.0,True,88,opening_frame,Persona,Rational
222,222_e01,A,coregulation_uptake,3.0,1.0,True,88,opening_frame,Persona,Rational
222,222_e01,A,timing_fit,4.0,1.0,True,88,opening_frame,Persona,Rational
222,222_e01,A,implementation_grounding,1.0,1.0,True,88,opening_frame,Persona,Rational
222,222_e01,A,cognitive_load_clarity,3.0,1.0,True,88,opening_frame,Persona,Rational
222,222_e01,A,stance_integrity,4.0,1.0,True,88,opening_frame,Persona,Rational
222,222_e01,A,premature_convergence_risk,0.0,1.0,True,88,opening_frame,Persona,Rational
222,222_e01,A,runaway_divergence_risk,0.0,1.0,True,88,opening_frame,Persona,Rational
222,222_e02,A,exploration_opening,3.0,0.95,True,353,critique_event,Persona,Rational
222,222_e02,A,reframing_quality,3.0,0.95,True,353,critique_event,Persona,Rational
222,222_e02,A,evaluative_discipline,3.0,0.95,True,353,critique_event,Persona,Rational
222,222_e02,A,agency_preservation,4.0,0.95,True,353,critique_event,Persona,Rational
222,222_e02,A,anchor_management,3.0,0.95,True,353,critique_event,Persona,Rational
222,222_e02,A,coregulation_uptake,3.0,0.95,True,353,critique_event,Persona,Rational
222,222_e02,A,timing_fit,4.0,0.95,True,353,critique_event,Persona,Rational
222,222_e02,A,implementation_grounding,3.0,0.95,True,353,critique_event,Persona,Rational
222,222_e02,A,cognitive_load_clarity,4.0,0.95,True,353,critique_event,Persona,Rational
222,222_e02,A,stance_integrity,4.0,0.95,True,353,critique_event,Persona,Rational
222,222_e02,A,premature_convergence_risk,0.0,0.95,True,353,critique_event,Persona,Rational
222,222_e02,A,runaway_divergence_risk,0.0,0.95,True,353,critique_event,Persona,Rational
223,223_e01,A,exploration_opening,3.0,0.95,True,111,opening_frame,Persona,Rational
223,223_e01,A,reframing_quality,2.0,0.9,True,111,opening_frame,Persona,Rational
223,223_e01,A,evaluative_discipline,1.0,0.8,True,111,opening_frame,Persona,Rational
223,223_e01,A,agency_preservation,3.0,0.9,True,111,opening_frame,Persona,Rational
223,223_e01,A,anchor_management,2.0,0.85,True,111,opening_frame,Persona,Rational
223,223_e01,A,coregulation_uptake,3.0,0.9,True,111,opening_frame,Persona,Rational
223,223_e01,A,timing_fit,4.0,1.0,True,111,opening_frame,Persona,Rational
223,223_e01,A,implementation_grounding,1.0,0.7,True,111,opening_frame,Persona,Rational
223,223_e01,A,cognitive_load_clarity,3.0,0.9,True,111,opening_frame,Persona,Rational
223,223_e01,A,stance_integrity,4.0,1.0,True,111,opening_frame,Persona,Rational
223,223_e01,A,premature_convergence_risk,0.0,1.0,True,111,opening_frame,Persona,Rational
223,223_e01,A,runaway_divergence_risk,1.0,0.9,True,111,opening_frame,Persona,Rational
224,224_e01,A,exploration_opening,4.0,1.0,True,73,opening_frame,Persona,Rational
224,224_e01,A,reframing_quality,3.0,1.0,True,73,opening_frame,Persona,Rational
224,224_e01,A,evaluative_discipline,2.0,1.0,True,73,opening_frame,Persona,Rational
224,224_e01,A,agency_preservation,4.0,1.0,True,73,opening_frame,Persona,Rational
224,224_e01,A,anchor_management,3.0,1.0,True,73,opening_frame,Persona,Rational
224,224_e01,A,coregulation_uptake,3.0,1.0,True,73,opening_frame,Persona,Rational
224,224_e01,A,timing_fit,4.0,1.0,True,73,opening_frame,Persona,Rational
224,224_e01,A,implementation_grounding,1.0,1.0,True,73,opening_frame,Persona,Rational
224,224_e01,A,cognitive_load_clarity,4.0,1.0,True,73,opening_frame,Persona,Rational
224,224_e01,A,stance_integrity,4.0,1.0,True,73,opening_frame,Persona,Rational
224,224_e01,A,premature_convergence_risk,0.0,1.0,True,73,opening_frame,Persona,Rational
224,224_e01,A,runaway_divergence_risk,0.0,1.0,True,73,opening_frame,Persona,Rational
224,224_e04,A,exploration_opening,3.0,1.0,True,101,critique_event,Persona,Rational
224,224_e04,A,reframing_quality,3.0,1.0,True,101,critique_event,Persona,Rational
224,224_e04,A,evaluative_discipline,3.0,1.0,True,101,critique_event,Persona,Rational
224,224_e04,A,agency_preservation,3.0,1.0,True,101,critique_event,Persona,Rational
224,224_e04,A,anchor_management,3.0,1.0,True,101,critique_event,Persona,Rational
224,224_e04,A,coregulation_uptake,3.0,1.0,True,101,critique_event,Persona,Rational
224,224_e04,A,timing_fit,4.0,1.0,True,101,critique_event,Persona,Rational
224,224_e04,A,implementation_grounding,3.0,1.0,True,101,critique_event,Persona,Rational
224,224_e04,A,cognitive_load_clarity,4.0,1.0,True,101,critique_event,Persona,Rational
224,224_e04,A,stance_integrity,4.0,1.0,True,101,critique_event,Persona,Rational
224,224_e04,A,premature_convergence_risk,0.0,1.0,True,101,critique_event,Persona,Rational
224,224_e04,A,runaway_divergence_risk,0.0,1.0,True,101,critique_event,Persona,Rational
224,224_e08,A,exploration_opening,4.0,1.0,True,60,user_agency_event,Persona,Rational
224,224_e08,A,reframing_quality,3.0,1.0,True,60,user_agency_event,Persona,Rational
224,224_e08,A,evaluative_discipline,0.0,0.0,True,60,user_agency_event,Persona,Rational
224,224_e08,A,agency_preservation,4.0,1.0,True,60,user_agency_event,Persona,Rational
224,224_e08,A,anchor_management,3.0,1.0,True,60,user_agency_event,Persona,Rational
224,224_e08,A,coregulation_uptake,3.0,1.0,True,60,user_agency_event,Persona,Rational
224,224_e08,A,timing_fit,4.0,1.0,True,60,user_agency_event,Persona,Rational
224,224_e08,A,implementation_grounding,1.0,1.0,True,60,user_agency_event,Persona,Rational
224,224_e08,A,cognitive_load_clarity,3.0,1.0,True,60,user_agency_event,Persona,Rational
224,224_e08,A,stance_integrity,4.0,1.0,True,60,user_agency_event,Persona,Rational
224,224_e08,A,premature_convergence_risk,0.0,1.0,True,60,user_agency_event,Persona,Rational
224,224_e08,A,runaway_divergence_risk,0.0,1.0,True,60,user_agency_event,Persona,Rational
227,227_e06,A,ALL,,0.0,False,170,user_agency_event,GPT,GPT
236,236_e08,A,ALL,,0.0,False,86,other,GPT,GPT
244,244_e02,A,exploration_opening,2.0,0.8,True,76,repair_event,GPT,GPT
244,244_e02,A,reframing_quality,0.0,0.9,True,76,repair_event,GPT,GPT
244,244_e02,A,evaluative_discipline,1.0,0.7,True,76,repair_event,GPT,GPT
244,244_e02,A,agency_preservation,3.0,0.8,True,76,repair_event,GPT,GPT
244,244_e02,A,anchor_management,1.0,0.7,True,76,repair_event,GPT,GPT
244,244_e02,A,coregulation_uptake,2.0,0.6,True,76,repair_event,GPT,GPT
244,244_e02,A,timing_fit,3.0,0.9,True,76,repair_event,GPT,GPT
244,244_e02,A,implementation_grounding,2.0,0.8,True,76,repair_event,GPT,GPT
244,244_e02,A,cognitive_load_clarity,3.0,0.9,True,76,repair_event,GPT,GPT
244,244_e02,A,stance_integrity,3.0,0.9,True,76,repair_event,GPT,GPT
244,244_e02,A,premature_convergence_risk,0.0,0.9,True,76,repair_event,GPT,GPT
244,244_e02,A,runaway_divergence_risk,0.0,0.9,True,76,repair_event,GPT,GPT
279,279_e01,A,ALL,,0.0,False,97,opening_frame,Persona,Divergent
296,296_e02,A,exploration_opening,3.0,0.9,True,60,other,Persona,Divergent
296,296_e02,A,reframing_quality,3.0,0.9,True,60,other,Persona,Divergent
296,296_e02,A,evaluative_discipline,2.0,0.7,True,60,other,Persona,Divergent
296,296_e02,A,agency_preservation,3.0,0.9,True,60,other,Persona,Divergent
296,296_e02,A,anchor_management,2.0,0.8,True,60,other,Persona,Divergent
296,296_e02,A,coregulation_uptake,3.0,0.9,True,60,other,Persona,Divergent
296,296_e02,A,timing_fit,4.0,1.0,True,60,other,Persona,Divergent
296,296_e02,A,implementation_grounding,2.0,0.7,True,60,other,Persona,Divergent
296,296_e02,A,cognitive_load_clarity,3.0,0.9,True,60,other,Persona,Divergent
296,296_e02,A,stance_integrity,4.0,1.0,True,60,other,Persona,Divergent
296,296_e02,A,premature_convergence_risk,1.0,0.8,True,60,other,Persona,Divergent
296,296_e02,A,runaway_divergence_risk,0.0,1.0,True,60,other,Persona,Divergent
296,296_e03,A,ALL,,0.0,False,106,other,Persona,Divergent
296,296_e05,A,exploration_opening,2.0,0.8,True,68,other,Persona,Divergent
296,296_e05,A,reframing_quality,1.0,0.7,True,68,other,Persona,Divergent
296,296_e05,A,evaluative_discipline,2.0,0.6,True,68,other,Persona,Divergent
296,296_e05,A,agency_preservation,3.0,0.9,True,68,other,Persona,Divergent
296,296_e05,A,anchor_management,2.0,0.7,True,68,other,Persona,Divergent
296,296_e05,A,coregulation_uptake,3.0,0.9,True,68,other,Persona,Divergent
296,296_e05,A,timing_fit,3.0,0.8,True,68,other,Persona,Divergent
296,296_e05,A,implementation_grounding,2.0,0.6,True,68,other,Persona,Divergent
296,296_e05,A,cognitive_load_clarity,3.0,0.9,True,68,other,Persona,Divergent
296,296_e05,A,stance_integrity,3.0,0.9,True,68,other,Persona,Divergent
296,296_e05,A,premature_convergence_risk,1.0,0.7,True,68,other,Persona,Divergent
296,296_e05,A,runaway_divergence_risk,0.0,1.0,True,68,other,Persona,Divergent
297,297_e01,A,exploration_opening,4.0,1.0,True,80,opening_frame,Persona,Divergent
297,297_e01,A,reframing_quality,3.0,1.0,True,80,opening_frame,Persona,Divergent
297,297_e01,A,evaluative_discipline,1.0,1.0,True,80,opening_frame,Persona,Divergent
297,297_e01,A,agency_preservation,3.0,1.0,True,80,opening_frame,Persona,Divergent
297,297_e01,A,anchor_management,3.0,1.0,True,80,opening_frame,Persona,Divergent
297,297_e01,A,coregulation_uptake,3.0,1.0,True,80,opening_frame,Persona,Divergent
297,297_e01,A,timing_fit,4.0,1.0,True,80,opening_frame,Persona,Divergent
297,297_e01,A,implementation_grounding,1.0,1.0,True,80,opening_frame,Persona,Divergent
297,297_e01,A,cognitive_load_clarity,3.0,1.0,True,80,opening_frame,Persona,Divergent
297,297_e01,A,stance_integrity,4.0,1.0,True,80,opening_frame,Persona,Divergent
297,297_e01,A,premature_convergence_risk,0.0,1.0,True,80,opening_frame,Persona,Divergent
297,297_e01,A,runaway_divergence_risk,1.0,1.0,True,80,opening_frame,Persona,Divergent
297,297_e05,A,exploration_opening,4.0,1.0,True,175,ideation_burst,Persona,Divergent
297,297_e05,A,reframing_quality,3.0,1.0,True,175,ideation_burst,Persona,Divergent
297,297_e05,A,evaluative_discipline,2.0,1.0,True,175,ideation_burst,Persona,Divergent
297,297_e05,A,agency_preservation,4.0,1.0,True,175,ideation_burst,Persona,Divergent
297,297_e05,A,anchor_management,3.0,1.0,True,175,ideation_burst,Persona,Divergent
297,297_e05,A,coregulation_uptake,4.0,1.0,True,175,ideation_burst,Persona,Divergent
297,297_e05,A,timing_fit,4.0,1.0,True,175,ideation_burst,Persona,Divergent
297,297_e05,A,implementation_grounding,3.0,1.0,True,175,ideation_burst,Persona,Divergent
297,297_e05,A,cognitive_load_clarity,4.0,1.0,True,175,ideation_burst,Persona,Divergent
297,297_e05,A,stance_integrity,4.0,1.0,True,175,ideation_burst,Persona,Divergent
297,297_e05,A,premature_convergence_risk,0.0,1.0,True,175,ideation_burst,Persona,Divergent
297,297_e05,A,runaway_divergence_risk,0.0,1.0,True,175,ideation_burst,Persona,Divergent
298,298_e04,A,exploration_opening,3.0,0.95,True,143,other,Persona,Divergent
298,298_e04,A,reframing_quality,3.0,0.95,True,143,other,Persona,Divergent
298,298_e04,A,evaluative_discipline,2.0,0.8,True,143,other,Persona,Divergent
298,298_e04,A,agency_preservation,4.0,0.98,True,143,other,Persona,Divergent
298,298_e04,A,anchor_management,3.0,0.95,True,143,other,Persona,Divergent
298,298_e04,A,coregulation_uptake,3.0,0.97,True,143,other,Persona,Divergent
298,298_e04,A,timing_fit,4.0,0.99,True,143,other,Persona,Divergent
298,298_e04,A,implementation_grounding,2.0,0.8,True,143,other,Persona,Divergent
298,298_e04,A,cognitive_load_clarity,3.0,0.96,True,143,other,Persona,Divergent
298,298_e04,A,stance_integrity,4.0,0.99,True,143,other,Persona,Divergent
298,298_e04,A,premature_convergence_risk,0.0,1.0,True,143,other,Persona,Divergent
298,298_e04,A,runaway_divergence_risk,1.0,0.9,True,143,other,Persona,Divergent
298,298_e05,A,exploration_opening,4.0,1.0,True,188,ideation_burst,Persona,Divergent
298,298_e05,A,reframing_quality,3.0,1.0,True,188,ideation_burst,Persona,Divergent
298,298_e05,A,evaluative_discipline,2.0,1.0,True,188,ideation_burst,Persona,Divergent
298,298_e05,A,agency_preservation,4.0,1.0,True,188,ideation_burst,Persona,Divergent
298,298_e05,A,anchor_management,3.0,1.0,True,188,ideation_burst,Persona,Divergent
298,298_e05,A,coregulation_uptake,3.0,1.0,True,188,ideation_burst,Persona,Divergent
298,298_e05,A,timing_fit,4.0,1.0,True,188,ideation_burst,Persona,Divergent
298,298_e05,A,implementation_grounding,3.0,1.0,True,188,ideation_burst,Persona,Divergent
298,298_e05,A,cognitive_load_clarity,4.0,1.0,True,188,ideation_burst,Persona,Divergent
298,298_e05,A,stance_integrity,4.0,1.0,True,188,ideation_burst,Persona,Divergent
298,298_e05,A,premature_convergence_risk,0.0,1.0,True,188,ideation_burst,Persona,Divergent
298,298_e05,A,runaway_divergence_risk,0.0,1.0,True,188,ideation_burst,Persona,Divergent
299,299_e01,A,exploration_opening,4.0,1.0,True,86,opening_frame,Persona,Divergent
299,299_e01,A,reframing_quality,3.0,1.0,True,86,opening_frame,Persona,Divergent
299,299_e01,A,evaluative_discipline,1.0,1.0,True,86,opening_frame,Persona,Divergent
299,299_e01,A,agency_preservation,4.0,1.0,True,86,opening_frame,Persona,Divergent
299,299_e01,A,anchor_management,3.0,1.0,True,86,opening_frame,Persona,Divergent
299,299_e01,A,coregulation_uptake,3.0,1.0,True,86,opening_frame,Persona,Divergent
299,299_e01,A,timing_fit,4.0,1.0,True,86,opening_frame,Persona,Divergent
299,299_e01,A,implementation_grounding,1.0,1.0,True,86,opening_frame,Persona,Divergent
299,299_e01,A,cognitive_load_clarity,3.0,1.0,True,86,opening_frame,Persona,Divergent
299,299_e01,A,stance_integrity,4.0,1.0,True,86,opening_frame,Persona,Divergent
299,299_e01,A,premature_convergence_risk,0.0,1.0,True,86,opening_frame,Persona,Divergent
299,299_e01,A,runaway_divergence_risk,1.0,1.0,True,86,opening_frame,Persona,Divergent
299,299_e02,A,ALL,,0.0,False,116,repair_event,Persona,Divergent
299,299_e03,A,ALL,,0.0,False,163,ideation_burst,Persona,Divergent
299,299_e04,A,exploration_opening,4.0,1.0,True,139,commitment_event,Persona,Divergent
299,299_e04,A,reframing_quality,3.0,1.0,True,139,commitment_event,Persona,Divergent
299,299_e04,A,evaluative_discipline,3.0,1.0,True,139,commitment_event,Persona,Divergent
299,299_e04,A,agency_preservation,3.0,1.0,True,139,commitment_event,Persona,Divergent
299,299_e04,A,anchor_management,3.0,1.0,True,139,commitment_event,Persona,Divergent
299,299_e04,A,coregulation_uptake,3.0,1.0,True,139,commitment_event,Persona,Divergent
299,299_e04,A,timing_fit,4.0,1.0,True,139,commitment_event,Persona,Divergent
299,299_e04,A,implementation_grounding,4.0,1.0,True,139,commitment_event,Persona,Divergent
299,299_e04,A,cognitive_load_clarity,4.0,1.0,True,139,commitment_event,Persona,Divergent
299,299_e04,A,stance_integrity,4.0,1.0,True,139,commitment_event,Persona,Divergent
299,299_e04,A,premature_convergence_risk,0.0,1.0,True,139,commitment_event,Persona,Divergent
299,299_e04,A,runaway_divergence_risk,0.0,1.0,True,139,commitment_event,Persona,Divergent
300,300_e04,A,exploration_opening,4.0,1.0,True,117,ideation_burst,Persona,Divergent
300,300_e04,A,reframing_quality,3.0,1.0,True,117,ideation_burst,Persona,Divergent
300,300_e04,A,evaluative_discipline,2.0,1.0,True,117,ideation_burst,Persona,Divergent
300,300_e04,A,agency_preservation,3.0,1.0,True,117,ideation_burst,Persona,Divergent
300,300_e04,A,anchor_management,3.0,1.0,True,117,ideation_burst,Persona,Divergent
300,300_e04,A,coregulation_uptake,3.0,1.0,True,117,ideation_burst,Persona,Divergent
300,300_e04,A,timing_fit,4.0,1.0,True,117,ideation_burst,Persona,Divergent
300,300_e04,A,implementation_grounding,2.0,1.0,True,117,ideation_burst,Persona,Divergent
300,300_e04,A,cognitive_load_clarity,3.0,1.0,True,117,ideation_burst,Persona,Divergent
300,300_e04,A,stance_integrity,4.0,1.0,True,117,ideation_burst,Persona,Divergent
300,300_e04,A,premature_convergence_risk,1.0,1.0,True,117,ideation_burst,Persona,Divergent
300,300_e04,A,runaway_divergence_risk,1.0,1.0,True,117,ideation_burst,Persona,Divergent
301,301_e03,A,exploration_opening,4.0,1.0,True,233,ideation_burst,Persona,Divergent
301,301_e03,A,reframing_quality,3.0,1.0,True,233,ideation_burst,Persona,Divergent
301,301_e03,A,evaluative_discipline,3.0,1.0,True,233,ideation_burst,Persona,Divergent
301,301_e03,A,agency_preservation,3.0,1.0,True,233,ideation_burst,Persona,Divergent
301,301_e03,A,anchor_management,3.0,1.0,True,233,ideation_burst,Persona,Divergent
301,301_e03,A,coregulation_uptake,3.0,1.0,True,233,ideation_burst,Persona,Divergent
301,301_e03,A,timing_fit,4.0,1.0,True,233,ideation_burst,Persona,Divergent
301,301_e03,A,implementation_grounding,3.0,1.0,True,233,ideation_burst,Persona,Divergent
301,301_e03,A,cognitive_load_clarity,4.0,1.0,True,233,ideation_burst,Persona,Divergent
301,301_e03,A,stance_integrity,4.0,1.0,True,233,ideation_burst,Persona,Divergent
301,301_e03,A,premature_convergence_risk,0.0,1.0,True,233,ideation_burst,Persona,Divergent
301,301_e03,A,runaway_divergence_risk,0.0,1.0,True,233,ideation_burst,Persona,Divergent
303,303_e06,A,ALL,,0.0,False,129,other,GPT,GPT
304,304_e10,A,exploration_opening,2.0,0.8,True,81,repair_event,GPT,GPT
304,304_e10,A,reframing_quality,1.0,0.9,True,81,repair_event,GPT,GPT
304,304_e10,A,evaluative_discipline,1.0,0.7,True,81,repair_event,GPT,GPT
304,304_e10,A,agency_preservation,3.0,0.9,True,81,repair_event,GPT,GPT
304,304_e10,A,anchor_management,1.0,0.8,True,81,repair_event,GPT,GPT
304,304_e10,A,coregulation_uptake,2.0,0.7,True,81,repair_event,GPT,GPT
304,304_e10,A,timing_fit,3.0,0.9,True,81,repair_event,GPT,GPT
304,304_e10,A,implementation_grounding,2.0,0.7,True,81,repair_event,GPT,GPT
304,304_e10,A,cognitive_load_clarity,3.0,0.9,True,81,repair_event,GPT,GPT
304,304_e10,A,stance_integrity,3.0,0.9,True,81,repair_event,GPT,GPT
304,304_e10,A,premature_convergence_risk,1.0,0.8,True,81,repair_event,GPT,GPT
304,304_e10,A,runaway_divergence_risk,1.0,0.8,True,81,repair_event,GPT,GPT
308,308_e05,A,exploration_opening,3.0,0.95,True,89,ideation_burst,GPT,GPT
308,308_e05,A,reframing_quality,2.0,0.85,True,89,ideation_burst,GPT,GPT
308,308_e05,A,evaluative_discipline,1.0,0.7,True,89,ideation_burst,GPT,GPT
308,308_e05,A,agency_preservation,3.0,0.9,True,89,ideation_burst,GPT,GPT
308,308_e05,A,anchor_management,2.0,0.75,True,89,ideation_burst,GPT,GPT
308,308_e05,A,coregulation_uptake,3.0,0.9,True,89,ideation_burst,GPT,GPT
308,308_e05,A,timing_fit,4.0,1.0,True,89,ideation_burst,GPT,GPT
308,308_e05,A,implementation_grounding,2.0,0.7,True,89,ideation_burst,GPT,GPT
308,308_e05,A,cognitive_load_clarity,3.0,0.9,True,89,ideation_burst,GPT,GPT
308,308_e05,A,stance_integrity,4.0,1.0,True,89,ideation_burst,GPT,GPT
308,308_e05,A,premature_convergence_risk,1.0,0.8,True,89,ideation_burst,GPT,GPT
308,308_e05,A,runaway_divergence_risk,0.0,1.0,True,89,ideation_burst,GPT,GPT
313,313_e01,A,ALL,,0.0,False,43,opening_frame,Persona,Convergent
313,313_e04,A,exploration_opening,4.0,1.0,True,364,critique_event,Persona,Convergent
313,313_e04,A,reframing_quality,3.0,1.0,True,364,critique_event,Persona,Convergent
313,313_e04,A,evaluative_discipline,4.0,1.0,True,364,critique_event,Persona,Convergent
313,313_e04,A,agency_preservation,4.0,1.0,True,364,critique_event,Persona,Convergent
313,313_e04,A,anchor_management,3.0,1.0,True,364,critique_event,Persona,Convergent
313,313_e04,A,coregulation_uptake,4.0,1.0,True,364,critique_event,Persona,Convergent
313,313_e04,A,timing_fit,4.0,1.0,True,364,critique_event,Persona,Convergent
313,313_e04,A,implementation_grounding,4.0,1.0,True,364,critique_event,Persona,Convergent
313,313_e04,A,cognitive_load_clarity,4.0,1.0,True,364,critique_event,Persona,Convergent
313,313_e04,A,stance_integrity,4.0,1.0,True,364,critique_event,Persona,Convergent
313,313_e04,A,premature_convergence_risk,0.0,1.0,True,364,critique_event,Persona,Convergent
313,313_e04,A,runaway_divergence_risk,0.0,1.0,True,364,critique_event,Persona,Convergent
315,315_e05,A,exploration_opening,3.0,1.0,True,68,repair_event,Persona,Convergent
315,315_e05,A,reframing_quality,3.0,1.0,True,68,repair_event,Persona,Convergent
315,315_e05,A,evaluative_discipline,2.0,1.0,True,68,repair_event,Persona,Convergent
315,315_e05,A,agency_preservation,4.0,1.0,True,68,repair_event,Persona,Convergent
315,315_e05,A,anchor_management,3.0,1.0,True,68,repair_event,Persona,Convergent
315,315_e05,A,coregulation_uptake,3.0,1.0,True,68,repair_event,Persona,Convergent
315,315_e05,A,timing_fit,4.0,1.0,True,68,repair_event,Persona,Convergent
315,315_e05,A,implementation_grounding,3.0,1.0,True,68,repair_event,Persona,Convergent
315,315_e05,A,cognitive_load_clarity,4.0,1.0,True,68,repair_event,Persona,Convergent
315,315_e05,A,stance_integrity,4.0,1.0,True,68,repair_event,Persona,Convergent
315,315_e05,A,premature_convergence_risk,0.0,1.0,True,68,repair_event,Persona,Convergent
315,315_e05,A,runaway_divergence_risk,0.0,1.0,True,68,repair_event,Persona,Convergent
316,316_e05,A,exploration_opening,3.0,0.98,True,82,other,Persona,Convergent
316,316_e05,A,reframing_quality,3.0,0.97,True,82,other,Persona,Convergent
316,316_e05,A,evaluative_discipline,2.0,0.85,True,82,other,Persona,Convergent
316,316_e05,A,agency_preservation,3.0,0.96,True,82,other,Persona,Convergent
316,316_e05,A,anchor_management,2.0,0.8,True,82,other,Persona,Convergent
316,316_e05,A,coregulation_uptake,3.0,0.94,True,82,other,Persona,Convergent
316,316_e05,A,timing_fit,4.0,0.99,True,82,other,Persona,Convergent
316,316_e05,A,implementation_grounding,3.0,0.93,True,82,other,Persona,Convergent
316,316_e05,A,cognitive_load_clarity,4.0,0.98,True,82,other,Persona,Convergent
316,316_e05,A,stance_integrity,4.0,0.99,True,82,other,Persona,Convergent
316,316_e05,A,premature_convergence_risk,1.0,0.75,True,82,other,Persona,Convergent
316,316_e05,A,runaway_divergence_risk,0.0,0.99,True,82,other,Persona,Convergent
318,318_e01,A,ALL,,0.0,False,43,opening_frame,Persona,Convergent
321,321_e03,A,exploration_opening,2.0,0.8,True,83,other,GPT,GPT
321,321_e03,A,reframing_quality,1.0,0.9,True,83,other,GPT,GPT
321,321_e03,A,evaluative_discipline,0.0,0.9,True,83,other,GPT,GPT
321,321_e03,A,agency_preservation,3.0,0.9,True,83,other,GPT,GPT
321,321_e03,A,anchor_management,2.0,0.8,True,83,other,GPT,GPT
321,321_e03,A,coregulation_uptake,3.0,0.9,True,83,other,GPT,GPT
321,321_e03,A,timing_fit,3.0,0.9,True,83,other,GPT,GPT
321,321_e03,A,implementation_grounding,1.0,0.8,True,83,other,GPT,GPT
321,321_e03,A,cognitive_load_clarity,3.0,0.9,True,83,other,GPT,GPT
321,321_e03,A,stance_integrity,4.0,0.9,True,83,other,GPT,GPT
321,321_e03,A,premature_convergence_risk,1.0,0.8,True,83,other,GPT,GPT
321,321_e03,A,runaway_divergence_risk,0.0,1.0,True,83,other,GPT,GPT
324,324_e02,A,exploration_opening,2.0,0.8,True,46,repair_event,GPT,GPT
324,324_e02,A,reframing_quality,1.0,0.9,True,46,repair_event,GPT,GPT
324,324_e02,A,evaluative_discipline,0.0,0.95,True,46,repair_event,GPT,GPT
324,324_e02,A,agency_preservation,3.0,0.85,True,46,repair_event,GPT,GPT
324,324_e02,A,anchor_management,1.0,0.7,True,46,repair_event,GPT,GPT
324,324_e02,A,coregulation_uptake,2.0,0.75,True,46,repair_event,GPT,GPT
324,324_e02,A,timing_fit,3.0,0.9,True,46,repair_event,GPT,GPT
324,324_e02,A,implementation_grounding,0.0,0.9,True,46,repair_event,GPT,GPT
324,324_e02,A,cognitive_load_clarity,2.0,0.8,True,46,repair_event,GPT,GPT
324,324_e02,A,stance_integrity,3.0,0.9,True,46,repair_event,GPT,GPT
324,324_e02,A,premature_convergence_risk,1.0,0.8,True,46,repair_event,GPT,GPT
324,324_e02,A,runaway_divergence_risk,0.0,0.95,True,46,repair_event,GPT,GPT
329,329_e01,A,ALL,,0.0,False,43,opening_frame,GPT,GPT
329,329_e05,A,ALL,,0.0,False,92,user_agency_event,GPT,GPT
333,333_e04,A,exploration_opening,3.0,0.95,True,83,repair_event,GPT,GPT
333,333_e04,A,reframing_quality,1.0,0.8,True,83,repair_event,GPT,GPT
333,333_e04,A,evaluative_discipline,0.0,0.7,True,83,repair_event,GPT,GPT
333,333_e04,A,agency_preservation,3.0,0.9,True,83,repair_event,GPT,GPT
333,333_e04,A,anchor_management,2.0,0.8,True,83,repair_event,GPT,GPT
333,333_e04,A,coregulation_uptake,3.0,0.95,True,83,repair_event,GPT,GPT
333,333_e04,A,timing_fit,4.0,0.9,True,83,repair_event,GPT,GPT
333,333_e04,A,implementation_grounding,2.0,0.7,True,83,repair_event,GPT,GPT
333,333_e04,A,cognitive_load_clarity,3.0,0.9,True,83,repair_event,GPT,GPT
333,333_e04,A,stance_integrity,4.0,0.95,True,83,repair_event,GPT,GPT
333,333_e04,A,premature_convergence_risk,0.0,0.9,True,83,repair_event,GPT,GPT
333,333_e04,A,runaway_divergence_risk,0.0,0.9,True,83,repair_event,GPT,GPT
334,334_e04,A,exploration_opening,3.0,1.0,True,101,other,GPT,GPT
334,334_e04,A,reframing_quality,3.0,1.0,True,101,other,GPT,GPT
334,334_e04,A,evaluative_discipline,2.0,1.0,True,101,other,GPT,GPT
334,334_e04,A,agency_preservation,3.0,1.0,True,101,other,GPT,GPT
334,334_e04,A,anchor_management,2.0,1.0,True,101,other,GPT,GPT
334,334_e04,A,coregulation_uptake,3.0,1.0,True,101,other,GPT,GPT
334,334_e04,A,timing_fit,4.0,1.0,True,101,other,GPT,GPT
334,334_e04,A,implementation_grounding,3.0,1.0,True,101,other,GPT,GPT
334,334_e04,A,cognitive_load_clarity,4.0,1.0,True,101,other,GPT,GPT
334,334_e04,A,stance_integrity,4.0,1.0,True,101,other,GPT,GPT
334,334_e04,A,premature_convergence_risk,1.0,1.0,True,101,other,GPT,GPT
334,334_e04,A,runaway_divergence_risk,0.0,0.0,True,101,other,GPT,GPT
337,337_e04,A,exploration_opening,2.0,0.8,True,127,repair_event,GPT,GPT
337,337_e04,A,reframing_quality,1.0,0.7,True,127,repair_event,GPT,GPT
337,337_e04,A,evaluative_discipline,2.0,0.6,True,127,repair_event,GPT,GPT
337,337_e04,A,agency_preservation,3.0,0.9,True,127,repair_event,GPT,GPT
337,337_e04,A,anchor_management,2.0,0.6,True,127,repair_event,GPT,GPT
337,337_e04,A,coregulation_uptake,3.0,0.8,True,127,repair_event,GPT,GPT
337,337_e04,A,timing_fit,3.0,0.9,True,127,repair_event,GPT,GPT
337,337_e04,A,implementation_grounding,3.0,0.8,True,127,repair_event,GPT,GPT
337,337_e04,A,cognitive_load_clarity,4.0,1.0,True,127,repair_event,GPT,GPT
337,337_e04,A,stance_integrity,4.0,1.0,True,127,repair_event,GPT,GPT
337,337_e04,A,premature_convergence_risk,1.0,0.7,True,127,repair_event,GPT,GPT
337,337_e04,A,runaway_divergence_risk,0.0,1.0,True,127,repair_event,GPT,GPT
337,337_e06,A,ALL,,0.0,False,245,other,GPT,GPT
338,338_e05,A,exploration_opening,2.0,0.8,True,70,repair_event,GPT,GPT
338,338_e05,A,reframing_quality,1.0,0.7,True,70,repair_event,GPT,GPT
338,338_e05,A,evaluative_discipline,0.0,0.0,True,70,repair_event,GPT,GPT
338,338_e05,A,agency_preservation,3.0,0.9,True,70,repair_event,GPT,GPT
338,338_e05,A,anchor_management,1.0,0.6,True,70,repair_event,GPT,GPT
338,338_e05,A,coregulation_uptake,2.0,0.7,True,70,repair_event,GPT,GPT
338,338_e05,A,timing_fit,3.0,0.9,True,70,repair_event,GPT,GPT
338,338_e05,A,implementation_grounding,1.0,0.5,True,70,repair_event,GPT,GPT
338,338_e05,A,cognitive_load_clarity,3.0,0.9,True,70,repair_event,GPT,GPT
338,338_e05,A,stance_integrity,3.0,0.9,True,70,repair_event,GPT,GPT
338,338_e05,A,premature_convergence_risk,1.0,0.7,True,70,repair_event,GPT,GPT
338,338_e05,A,runaway_divergence_risk,0.0,0.9,True,70,repair_event,GPT,GPT
338,338_e06,A,exploration_opening,2.0,0.8,True,123,repair_event,GPT,GPT
338,338_e06,A,reframing_quality,1.0,0.7,True,123,repair_event,GPT,GPT
338,338_e06,A,evaluative_discipline,1.0,0.6,True,123,repair_event,GPT,GPT
338,338_e06,A,agency_preservation,3.0,0.9,True,123,repair_event,GPT,GPT
338,338_e06,A,anchor_management,2.0,0.7,True,123,repair_event,GPT,GPT
338,338_e06,A,coregulation_uptake,3.0,0.9,True,123,repair_event,GPT,GPT
338,338_e06,A,timing_fit,3.0,0.8,True,123,repair_event,GPT,GPT
338,338_e06,A,implementation_grounding,2.0,0.7,True,123,repair_event,GPT,GPT
338,338_e06,A,cognitive_load_clarity,3.0,0.9,True,123,repair_event,GPT,GPT
338,338_e06,A,stance_integrity,4.0,0.9,True,123,repair_event,GPT,GPT
338,338_e06,A,premature_convergence_risk,1.0,0.6,True,123,repair_event,GPT,GPT
338,338_e06,A,runaway_divergence_risk,1.0,0.6,True,123,repair_event,GPT,GPT
341,341_e01,A,exploration_opening,4.0,1.0,True,88,opening_frame,Persona,Divergent
341,341_e01,A,reframing_quality,3.0,1.0,True,88,opening_frame,Persona,Divergent
341,341_e01,A,evaluative_discipline,1.0,1.0,True,88,opening_frame,Persona,Divergent
341,341_e01,A,agency_preservation,4.0,1.0,True,88,opening_frame,Persona,Divergent
341,341_e01,A,anchor_management,3.0,1.0,True,88,opening_frame,Persona,Divergent
341,341_e01,A,coregulation_uptake,3.0,1.0,True,88,opening_frame,Persona,Divergent
341,341_e01,A,timing_fit,4.0,1.0,True,88,opening_frame,Persona,Divergent
341,341_e01,A,implementation_grounding,1.0,1.0,True,88,opening_frame,Persona,Divergent
341,341_e01,A,cognitive_load_clarity,3.0,1.0,True,88,opening_frame,Persona,Divergent
341,341_e01,A,stance_integrity,4.0,1.0,True,88,opening_frame,Persona,Divergent
341,341_e01,A,premature_convergence_risk,0.0,1.0,True,88,opening_frame,Persona,Divergent
341,341_e01,A,runaway_divergence_risk,0.0,1.0,True,88,opening_frame,Persona,Divergent
343,343_e01,A,exploration_opening,4.0,1.0,True,82,opening_frame,Persona,Divergent
343,343_e01,A,reframing_quality,3.0,1.0,True,82,opening_frame,Persona,Divergent
343,343_e01,A,evaluative_discipline,1.0,1.0,True,82,opening_frame,Persona,Divergent
343,343_e01,A,agency_preservation,3.0,1.0,True,82,opening_frame,Persona,Divergent
343,343_e01,A,anchor_management,2.0,1.0,True,82,opening_frame,Persona,Divergent
343,343_e01,A,coregulation_uptake,3.0,1.0,True,82,opening_frame,Persona,Divergent
343,343_e01,A,timing_fit,4.0,1.0,True,82,opening_frame,Persona,Divergent
343,343_e01,A,implementation_grounding,1.0,1.0,True,82,opening_frame,Persona,Divergent
343,343_e01,A,cognitive_load_clarity,3.0,1.0,True,82,opening_frame,Persona,Divergent
343,343_e01,A,stance_integrity,4.0,1.0,True,82,opening_frame,Persona,Divergent
343,343_e01,A,premature_convergence_risk,0.0,1.0,True,82,opening_frame,Persona,Divergent
343,343_e01,A,runaway_divergence_risk,1.0,1.0,True,82,opening_frame,Persona,Divergent
344,344_e02,A,exploration_opening,4.0,1.0,True,108,user_agency_event,Persona,Divergent
344,344_e02,A,reframing_quality,3.0,1.0,True,108,user_agency_event,Persona,Divergent
344,344_e02,A,evaluative_discipline,2.0,1.0,True,108,user_agency_event,Persona,Divergent
344,344_e02,A,agency_preservation,3.0,1.0,True,108,user_agency_event,Persona,Divergent
344,344_e02,A,anchor_management,3.0,1.0,True,108,user_agency_event,Persona,Divergent
344,344_e02,A,coregulation_uptake,3.0,1.0,True,108,user_agency_event,Persona,Divergent
344,344_e02,A,timing_fit,4.0,1.0,True,108,user_agency_event,Persona,Divergent
344,344_e02,A,implementation_grounding,3.0,1.0,True,108,user_agency_event,Persona,Divergent
344,344_e02,A,cognitive_load_clarity,4.0,1.0,True,108,user_agency_event,Persona,Divergent
344,344_e02,A,stance_integrity,4.0,1.0,True,108,user_agency_event,Persona,Divergent
344,344_e02,A,premature_convergence_risk,0.0,1.0,True,108,user_agency_event,Persona,Divergent
344,344_e02,A,runaway_divergence_risk,0.0,1.0,True,108,user_agency_event,Persona,Divergent
344,344_e04,A,exploration_opening,4.0,1.0,True,112,other,Persona,Divergent
344,344_e04,A,reframing_quality,3.0,1.0,True,112,other,Persona,Divergent
344,344_e04,A,evaluative_discipline,2.0,1.0,True,112,other,Persona,Divergent
344,344_e04,A,agency_preservation,3.0,1.0,True,112,other,Persona,Divergent
344,344_e04,A,anchor_management,3.0,1.0,True,112,other,Persona,Divergent
344,344_e04,A,coregulation_uptake,3.0,1.0,True,112,other,Persona,Divergent
344,344_e04,A,timing_fit,4.0,1.0,True,112,other,Persona,Divergent
344,344_e04,A,implementation_grounding,1.0,1.0,True,112,other,Persona,Divergent
344,344_e04,A,cognitive_load_clarity,3.0,1.0,True,112,other,Persona,Divergent
344,344_e04,A,stance_integrity,4.0,1.0,True,112,other,Persona,Divergent
344,344_e04,A,premature_convergence_risk,0.0,1.0,True,112,other,Persona,Divergent
344,344_e04,A,runaway_divergence_risk,0.0,1.0,True,112,other,Persona,Divergent
344,344_e05,A,exploration_opening,4.0,1.0,True,114,other,Persona,Divergent
344,344_e05,A,reframing_quality,3.0,1.0,True,114,other,Persona,Divergent
344,344_e05,A,evaluative_discipline,2.0,1.0,True,114,other,Persona,Divergent
344,344_e05,A,agency_preservation,3.0,1.0,True,114,other,Persona,Divergent
344,344_e05,A,anchor_management,3.0,1.0,True,114,other,Persona,Divergent
344,344_e05,A,coregulation_uptake,3.0,1.0,True,114,other,Persona,Divergent
344,344_e05,A,timing_fit,4.0,1.0,True,114,other,Persona,Divergent
344,344_e05,A,implementation_grounding,2.0,1.0,True,114,other,Persona,Divergent
344,344_e05,A,cognitive_load_clarity,3.0,1.0,True,114,other,Persona,Divergent
344,344_e05,A,stance_integrity,4.0,1.0,True,114,other,Persona,Divergent
344,344_e05,A,premature_convergence_risk,0.0,1.0,True,114,other,Persona,Divergent
344,344_e05,A,runaway_divergence_risk,1.0,1.0,True,114,other,Persona,Divergent
347,347_e02,A,exploration_opening,4.0,1.0,True,113,ideation_burst,Persona,Divergent
347,347_e02,A,reframing_quality,3.0,1.0,True,113,ideation_burst,Persona,Divergent
347,347_e02,A,evaluative_discipline,2.0,1.0,True,113,ideation_burst,Persona,Divergent
347,347_e02,A,agency_preservation,3.0,1.0,True,113,ideation_burst,Persona,Divergent
347,347_e02,A,anchor_management,3.0,1.0,True,113,ideation_burst,Persona,Divergent
347,347_e02,A,coregulation_uptake,3.0,1.0,True,113,ideation_burst,Persona,Divergent
347,347_e02,A,timing_fit,4.0,1.0,True,113,ideation_burst,Persona,Divergent
347,347_e02,A,implementation_grounding,2.0,1.0,True,113,ideation_burst,Persona,Divergent
347,347_e02,A,cognitive_load_clarity,3.0,1.0,True,113,ideation_burst,Persona,Divergent
347,347_e02,A,stance_integrity,4.0,1.0,True,113,ideation_burst,Persona,Divergent
347,347_e02,A,premature_convergence_risk,0.0,1.0,True,113,ideation_burst,Persona,Divergent
347,347_e02,A,runaway_divergence_risk,1.0,1.0,True,113,ideation_burst,Persona,Divergent
348,348_e04,A,exploration_opening,4.0,1.0,True,78,ideation_burst,Persona,Divergent
348,348_e04,A,reframing_quality,3.0,1.0,True,78,ideation_burst,Persona,Divergent
348,348_e04,A,evaluative_discipline,1.0,1.0,True,78,ideation_burst,Persona,Divergent
348,348_e04,A,agency_preservation,3.0,1.0,True,78,ideation_burst,Persona,Divergent
348,348_e04,A,anchor_management,2.0,1.0,True,78,ideation_burst,Persona,Divergent
348,348_e04,A,coregulation_uptake,3.0,1.0,True,78,ideation_burst,Persona,Divergent
348,348_e04,A,timing_fit,4.0,1.0,True,78,ideation_burst,Persona,Divergent
348,348_e04,A,implementation_grounding,1.0,1.0,True,78,ideation_burst,Persona,Divergent
348,348_e04,A,cognitive_load_clarity,3.0,1.0,True,78,ideation_burst,Persona,Divergent
348,348_e04,A,stance_integrity,4.0,1.0,True,78,ideation_burst,Persona,Divergent
348,348_e04,A,premature_convergence_risk,0.0,1.0,True,78,ideation_burst,Persona,Divergent
348,348_e04,A,runaway_divergence_risk,0.0,1.0,True,78,ideation_burst,Persona,Divergent
348,348_e05,A,exploration_opening,3.0,0.98,True,118,other,Persona,Divergent
348,348_e05,A,reframing_quality,3.0,0.97,True,118,other,Persona,Divergent
348,348_e05,A,evaluative_discipline,2.0,0.85,True,118,other,Persona,Divergent
348,348_e05,A,agency_preservation,3.0,0.96,True,118,other,Persona,Divergent
348,348_e05,A,anchor_management,2.0,0.82,True,118,other,Persona,Divergent
348,348_e05,A,coregulation_uptake,3.0,0.94,True,118,other,Persona,Divergent
348,348_e05,A,timing_fit,4.0,0.99,True,118,other,Persona,Divergent
348,348_e05,A,implementation_grounding,3.0,0.93,True,118,other,Persona,Divergent
348,348_e05,A,cognitive_load_clarity,3.0,0.95,True,118,other,Persona,Divergent
348,348_e05,A,stance_integrity,4.0,0.98,True,118,other,Persona,Divergent
348,348_e05,A,premature_convergence_risk,1.0,0.75,True,118,other,Persona,Divergent
348,348_e05,A,runaway_divergence_risk,1.0,0.7,True,118,other,Persona,Divergent
348,348_e06,A,ALL,,0.0,False,61,other,Persona,Divergent
349,349_e05,A,exploration_opening,4.0,1.0,True,132,ideation_burst,Persona,Divergent
349,349_e05,A,reframing_quality,3.0,1.0,True,132,ideation_burst,Persona,Divergent
349,349_e05,A,evaluative_discipline,2.0,1.0,True,132,ideation_burst,Persona,Divergent
349,349_e05,A,agency_preservation,3.0,1.0,True,132,ideation_burst,Persona,Divergent
349,349_e05,A,anchor_management,2.0,1.0,True,132,ideation_burst,Persona,Divergent
349,349_e05,A,coregulation_uptake,3.0,1.0,True,132,ideation_burst,Persona,Divergent
349,349_e05,A,timing_fit,4.0,1.0,True,132,ideation_burst,Persona,Divergent
349,349_e05,A,implementation_grounding,3.0,1.0,True,132,ideation_burst,Persona,Divergent
349,349_e05,A,cognitive_load_clarity,3.0,1.0,True,132,ideation_burst,Persona,Divergent
349,349_e05,A,stance_integrity,4.0,1.0,True,132,ideation_burst,Persona,Divergent
349,349_e05,A,premature_convergence_risk,0.0,1.0,True,132,ideation_burst,Persona,Divergent
349,349_e05,A,runaway_divergence_risk,1.0,1.0,True,132,ideation_burst,Persona,Divergent
351,351_e04,A,exploration_opening,4.0,1.0,True,211,ideation_burst,Persona,Divergent
351,351_e04,A,reframing_quality,3.0,1.0,True,211,ideation_burst,Persona,Divergent
351,351_e04,A,evaluative_discipline,2.0,1.0,True,211,ideation_burst,Persona,Divergent
351,351_e04,A,agency_preservation,3.0,1.0,True,211,ideation_burst,Persona,Divergent
351,351_e04,A,anchor_management,3.0,1.0,True,211,ideation_burst,Persona,Divergent
351,351_e04,A,coregulation_uptake,3.0,1.0,True,211,ideation_burst,Persona,Divergent
351,351_e04,A,timing_fit,4.0,1.0,True,211,ideation_burst,Persona,Divergent
351,351_e04,A,implementation_grounding,2.0,1.0,True,211,ideation_burst,Persona,Divergent
351,351_e04,A,cognitive_load_clarity,3.0,1.0,True,211,ideation_burst,Persona,Divergent
351,351_e04,A,stance_integrity,4.0,1.0,True,211,ideation_burst,Persona,Divergent
351,351_e04,A,premature_convergence_risk,0.0,1.0,True,211,ideation_burst,Persona,Divergent
351,351_e04,A,runaway_divergence_risk,1.0,1.0,True,211,ideation_burst,Persona,Divergent
354,354_e03,A,ALL,,0.0,False,144,user_agency_event,GPT,GPT
355,355_e01,A,ALL,,0.0,False,103,opening_frame,GPT,GPT
361,361_e03,A,exploration_opening,4.0,1.0,True,67,user_agency_event,Persona,Convergent
361,361_e03,A,reframing_quality,3.0,1.0,True,67,user_agency_event,Persona,Convergent
361,361_e03,A,evaluative_discipline,1.0,1.0,True,67,user_agency_event,Persona,Convergent
361,361_e03,A,agency_preservation,4.0,1.0,True,67,user_agency_event,Persona,Convergent
361,361_e03,A,anchor_management,2.0,1.0,True,67,user_agency_event,Persona,Convergent
361,361_e03,A,coregulation_uptake,3.0,1.0,True,67,user_agency_event,Persona,Convergent
361,361_e03,A,timing_fit,3.0,1.0,True,67,user_agency_event,Persona,Convergent
361,361_e03,A,implementation_grounding,2.0,1.0,True,67,user_agency_event,Persona,Convergent
361,361_e03,A,cognitive_load_clarity,3.0,1.0,True,67,user_agency_event,Persona,Convergent
361,361_e03,A,stance_integrity,4.0,1.0,True,67,user_agency_event,Persona,Convergent
361,361_e03,A,premature_convergence_risk,0.0,1.0,True,67,user_agency_event,Persona,Convergent
361,361_e03,A,runaway_divergence_risk,1.0,1.0,True,67,user_agency_event,Persona,Convergent
361,361_e07,A,ALL,,0.0,False,245,anchor_return,Persona,Convergent
362,362_e03,A,exploration_opening,3.0,0.9,True,74,other,Persona,Convergent
362,362_e03,A,reframing_quality,2.0,0.8,True,74,other,Persona,Convergent
362,362_e03,A,evaluative_discipline,3.0,0.9,True,74,other,Persona,Convergent
362,362_e03,A,agency_preservation,3.0,0.9,True,74,other,Persona,Convergent
362,362_e03,A,anchor_management,3.0,0.8,True,74,other,Persona,Convergent
362,362_e03,A,coregulation_uptake,3.0,0.9,True,74,other,Persona,Convergent
362,362_e03,A,timing_fit,4.0,1.0,True,74,other,Persona,Convergent
362,362_e03,A,implementation_grounding,3.0,0.9,True,74,other,Persona,Convergent
362,362_e03,A,cognitive_load_clarity,4.0,1.0,True,74,other,Persona,Convergent
362,362_e03,A,stance_integrity,4.0,1.0,True,74,other,Persona,Convergent
362,362_e03,A,premature_convergence_risk,1.0,0.7,True,74,other,Persona,Convergent
362,362_e03,A,runaway_divergence_risk,0.0,1.0,True,74,other,Persona,Convergent
362,362_e04,A,exploration_opening,2.0,0.8,True,82,other,Persona,Convergent
362,362_e04,A,reframing_quality,1.0,0.7,True,82,other,Persona,Convergent
362,362_e04,A,evaluative_discipline,1.0,0.6,True,82,other,Persona,Convergent
362,362_e04,A,agency_preservation,3.0,0.9,True,82,other,Persona,Convergent
362,362_e04,A,anchor_management,2.0,0.7,True,82,other,Persona,Convergent
362,362_e04,A,coregulation_uptake,3.0,0.9,True,82,other,Persona,Convergent
362,362_e04,A,timing_fit,3.0,0.8,True,82,other,Persona,Convergent
362,362_e04,A,implementation_grounding,2.0,0.6,True,82,other,Persona,Convergent
362,362_e04,A,cognitive_load_clarity,3.0,0.9,True,82,other,Persona,Convergent
362,362_e04,A,stance_integrity,4.0,0.9,True,82,other,Persona,Convergent
362,362_e04,A,premature_convergence_risk,1.0,0.7,True,82,other,Persona,Convergent
362,362_e04,A,runaway_divergence_risk,1.0,0.7,True,82,other,Persona,Convergent
362,362_e06,A,ALL,,0.0,False,189,other,Persona,Convergent
363,363_e01,A,exploration_opening,4.0,1.0,True,43,opening_frame,Persona,Convergent
363,363_e01,A,reframing_quality,3.0,1.0,True,43,opening_frame,Persona,Convergent
363,363_e01,A,evaluative_discipline,0.0,0.0,True,43,opening_frame,Persona,Convergent
363,363_e01,A,agency_preservation,4.0,1.0,True,43,opening_frame,Persona,Convergent
363,363_e01,A,anchor_management,3.0,1.0,True,43,opening_frame,Persona,Convergent
363,363_e01,A,coregulation_uptake,3.0,1.0,True,43,opening_frame,Persona,Convergent
363,363_e01,A,timing_fit,4.0,1.0,True,43,opening_frame,Persona,Convergent
363,363_e01,A,implementation_grounding,0.0,0.0,True,43,opening_frame,Persona,Convergent
363,363_e01,A,cognitive_load_clarity,4.0,1.0,True,43,opening_frame,Persona,Convergent
363,363_e01,A,stance_integrity,4.0,1.0,True,43,opening_frame,Persona,Convergent
363,363_e01,A,premature_convergence_risk,0.0,1.0,True,43,opening_frame,Persona,Convergent
363,363_e01,A,runaway_divergence_risk,0.0,1.0,True,43,opening_frame,Persona,Convergent
363,363_e07,A,ALL,,0.0,False,70,other,Persona,Convergent
364,364_e01,A,exploration_opening,4.0,1.0,True,43,opening_frame,Persona,Convergent
364,364_e01,A,reframing_quality,3.0,1.0,True,43,opening_frame,Persona,Convergent
364,364_e01,A,evaluative_discipline,0.0,0.0,True,43,opening_frame,Persona,Convergent
364,364_e01,A,agency_preservation,4.0,1.0,True,43,opening_frame,Persona,Convergent
364,364_e01,A,anchor_management,3.0,1.0,True,43,opening_frame,Persona,Convergent
364,364_e01,A,coregulation_uptake,4.0,1.0,True,43,opening_frame,Persona,Convergent
364,364_e01,A,timing_fit,4.0,1.0,True,43,opening_frame,Persona,Convergent
364,364_e01,A,implementation_grounding,0.0,0.0,True,43,opening_frame,Persona,Convergent
364,364_e01,A,cognitive_load_clarity,4.0,1.0,True,43,opening_frame,Persona,Convergent
364,364_e01,A,stance_integrity,4.0,1.0,True,43,opening_frame,Persona,Convergent
364,364_e01,A,premature_convergence_risk,0.0,1.0,True,43,opening_frame,Persona,Convergent
364,364_e01,A,runaway_divergence_risk,0.0,1.0,True,43,opening_frame,Persona,Convergent
364,364_e02,A,exploration_opening,2.0,0.8,True,54,other,Persona,Convergent
364,364_e02,A,reframing_quality,1.0,0.9,True,54,other,Persona,Convergent
364,364_e02,A,evaluative_discipline,0.0,0.9,True,54,other,Persona,Convergent
364,364_e02,A,agency_preservation,3.0,0.9,True,54,other,Persona,Convergent
364,364_e02,A,anchor_management,2.0,0.8,True,54,other,Persona,Convergent
364,364_e02,A,coregulation_uptake,3.0,0.9,True,54,other,Persona,Convergent
364,364_e02,A,timing_fit,3.0,0.9,True,54,other,Persona,Convergent
364,364_e02,A,implementation_grounding,1.0,0.8,True,54,other,Persona,Convergent
364,364_e02,A,cognitive_load_clarity,3.0,0.9,True,54,other,Persona,Convergent
364,364_e02,A,stance_integrity,4.0,0.9,True,54,other,Persona,Convergent
364,364_e02,A,premature_convergence_risk,1.0,0.8,True,54,other,Persona,Convergent
364,364_e02,A,runaway_divergence_risk,0.0,0.9,True,54,other,Persona,Convergent
364,364_e05,A,exploration_opening,2.0,0.8,True,51,user_agency_event,Persona,Convergent
364,364_e05,A,reframing_quality,1.0,0.7,True,51,user_agency_event,Persona,Convergent
364,364_e05,A,evaluative_discipline,2.0,0.7,True,51,user_agency_event,Persona,Convergent
364,364_e05,A,agency_preservation,3.0,0.9,True,51,user_agency_event,Persona,Convergent
364,364_e05,A,anchor_management,2.0,0.7,True,51,user_agency_event,Persona,Convergent
364,364_e05,A,coregulation_uptake,3.0,0.9,True,51,user_agency_event,Persona,Convergent
364,364_e05,A,timing_fit,3.0,0.9,True,51,user_agency_event,Persona,Convergent
364,364_e05,A,implementation_grounding,1.0,0.6,True,51,user_agency_event,Persona,Convergent
364,364_e05,A,cognitive_load_clarity,3.0,0.9,True,51,user_agency_event,Persona,Convergent
364,364_e05,A,stance_integrity,3.0,0.9,True,51,user_agency_event,Persona,Convergent
364,364_e05,A,premature_convergence_risk,1.0,0.7,True,51,user_agency_event,Persona,Convergent
364,364_e05,A,runaway_divergence_risk,0.0,0.9,True,51,user_agency_event,Persona,Convergent
365,365_e01,A,exploration_opening,4.0,1.0,True,43,opening_frame,Persona,Convergent
365,365_e01,A,reframing_quality,3.0,1.0,True,43,opening_frame,Persona,Convergent
365,365_e01,A,evaluative_discipline,0.0,0.0,True,43,opening_frame,Persona,Convergent
365,365_e01,A,agency_preservation,4.0,1.0,True,43,opening_frame,Persona,Convergent
365,365_e01,A,anchor_management,3.0,1.0,True,43,opening_frame,Persona,Convergent
365,365_e01,A,coregulation_uptake,3.0,1.0,True,43,opening_frame,Persona,Convergent
365,365_e01,A,timing_fit,4.0,1.0,True,43,opening_frame,Persona,Convergent
365,365_e01,A,implementation_grounding,0.0,0.0,True,43,opening_frame,Persona,Convergent
365,365_e01,A,cognitive_load_clarity,4.0,1.0,True,43,opening_frame,Persona,Convergent
365,365_e01,A,stance_integrity,4.0,1.0,True,43,opening_frame,Persona,Convergent
365,365_e01,A,premature_convergence_risk,0.0,1.0,True,43,opening_frame,Persona,Convergent
365,365_e01,A,runaway_divergence_risk,0.0,1.0,True,43,opening_frame,Persona,Convergent
365,365_e02,A,ALL,,0.0,False,65,other,Persona,Convergent
366,366_e01,A,ALL,,0.0,False,46,opening_frame,Persona,Convergent
368,368_e04,A,exploration_opening,3.0,0.9,True,139,ideation_burst,Persona,Convergent
368,368_e04,A,reframing_quality,2.0,0.8,True,139,ideation_burst,Persona,Convergent
368,368_e04,A,evaluative_discipline,3.0,0.9,True,139,ideation_burst,Persona,Convergent
368,368_e04,A,agency_preservation,3.0,0.9,True,139,ideation_burst,Persona,Convergent
368,368_e04,A,anchor_management,3.0,0.9,True,139,ideation_burst,Persona,Convergent
368,368_e04,A,coregulation_uptake,3.0,0.9,True,139,ideation_burst,Persona,Convergent
368,368_e04,A,timing_fit,4.0,1.0,True,139,ideation_burst,Persona,Convergent
368,368_e04,A,implementation_grounding,3.0,0.9,True,139,ideation_burst,Persona,Convergent
368,368_e04,A,cognitive_load_clarity,4.0,1.0,True,139,ideation_burst,Persona,Convergent
368,368_e04,A,stance_integrity,4.0,1.0,True,139,ideation_burst,Persona,Convergent
368,368_e04,A,premature_convergence_risk,1.0,0.9,True,139,ideation_burst,Persona,Convergent
368,368_e04,A,runaway_divergence_risk,1.0,0.9,True,139,ideation_burst,Persona,Convergent
370,370_e01,A,ALL,,0.0,False,13,opening_frame,Persona,Convergent
370,370_e04,A,exploration_opening,3.0,0.98,True,116,other,Persona,Convergent
370,370_e04,A,reframing_quality,3.0,0.97,True,116,other,Persona,Convergent
370,370_e04,A,evaluative_discipline,3.0,0.96,True,116,other,Persona,Convergent
370,370_e04,A,agency_preservation,3.0,0.95,True,116,other,Persona,Convergent
370,370_e04,A,anchor_management,2.0,0.85,True,116,other,Persona,Convergent
370,370_e04,A,coregulation_uptake,3.0,0.94,True,116,other,Persona,Convergent
370,370_e04,A,timing_fit,4.0,0.99,True,116,other,Persona,Convergent
370,370_e04,A,implementation_grounding,3.0,0.93,True,116,other,Persona,Convergent
370,370_e04,A,cognitive_load_clarity,4.0,0.98,True,116,other,Persona,Convergent
370,370_e04,A,stance_integrity,4.0,0.99,True,116,other,Persona,Convergent
370,370_e04,A,premature_convergence_risk,1.0,0.88,True,116,other,Persona,Convergent
370,370_e04,A,runaway_divergence_risk,0.0,1.0,True,116,other,Persona,Convergent
370,370_e05,A,exploration_opening,3.0,0.9,True,69,ideation_burst,Persona,Convergent
370,370_e05,A,reframing_quality,3.0,0.9,True,69,ideation_burst,Persona,Convergent
370,370_e05,A,evaluative_discipline,2.0,0.8,True,69,ideation_burst,Persona,Convergent
370,370_e05,A,agency_preservation,3.0,0.9,True,69,ideation_burst,Persona,Convergent
370,370_e05,A,anchor_management,2.0,0.8,True,69,ideation_burst,Persona,Convergent
370,370_e05,A,coregulation_uptake,3.0,0.9,True,69,ideation_burst,Persona,Convergent
370,370_e05,A,timing_fit,4.0,1.0,True,69,ideation_burst,Persona,Convergent
370,370_e05,A,implementation_grounding,2.0,0.7,True,69,ideation_burst,Persona,Convergent
370,370_e05,A,cognitive_load_clarity,3.0,0.9,True,69,ideation_burst,Persona,Convergent
370,370_e05,A,stance_integrity,4.0,1.0,True,69,ideation_burst,Persona,Convergent
370,370_e05,A,premature_convergence_risk,1.0,0.8,True,69,ideation_burst,Persona,Convergent
370,370_e05,A,runaway_divergence_risk,1.0,0.8,True,69,ideation_burst,Persona,Convergent
370,370_e10,A,exploration_opening,3.0,0.9,True,69,other,Persona,Convergent
370,370_e10,A,reframing_quality,3.0,0.9,True,69,other,Persona,Convergent
370,370_e10,A,evaluative_discipline,1.0,0.7,True,69,other,Persona,Convergent
370,370_e10,A,agency_preservation,3.0,0.8,True,69,other,Persona,Convergent
370,370_e10,A,anchor_management,2.0,0.7,True,69,other,Persona,Convergent
370,370_e10,A,coregulation_uptake,2.0,0.6,True,69,other,Persona,Convergent
370,370_e10,A,timing_fit,3.0,0.9,True,69,other,Persona,Convergent
370,370_e10,A,implementation_grounding,1.0,0.6,True,69,other,Persona,Convergent
370,370_e10,A,cognitive_load_clarity,3.0,0.9,True,69,other,Persona,Convergent
370,370_e10,A,stance_integrity,4.0,0.9,True,69,other,Persona,Convergent
370,370_e10,A,premature_convergence_risk,1.0,0.8,True,69,other,Persona,Convergent
370,370_e10,A,runaway_divergence_risk,1.0,0.8,True,69,other,Persona,Convergent
372,372_e01,A,ALL,,0.0,False,13,opening_frame,Persona,Convergent
373,373_e01,A,exploration_opening,3.0,0.9,True,149,other,Persona,Convergent
373,373_e01,A,reframing_quality,2.0,0.8,True,149,other,Persona,Convergent
373,373_e01,A,evaluative_discipline,1.0,0.7,True,149,other,Persona,Convergent
373,373_e01,A,agency_preservation,3.0,0.9,True,149,other,Persona,Convergent
373,373_e01,A,anchor_management,2.0,0.8,True,149,other,Persona,Convergent
373,373_e01,A,coregulation_uptake,3.0,0.9,True,149,other,Persona,Convergent
373,373_e01,A,timing_fit,4.0,0.9,True,149,other,Persona,Convergent
373,373_e01,A,implementation_grounding,1.0,0.7,True,149,other,Persona,Convergent
373,373_e01,A,cognitive_load_clarity,3.0,0.9,True,149,other,Persona,Convergent
373,373_e01,A,stance_integrity,4.0,0.9,True,149,other,Persona,Convergent
373,373_e01,A,premature_convergence_risk,1.0,0.8,True,149,other,Persona,Convergent
373,373_e01,A,runaway_divergence_risk,0.0,0.9,True,149,other,Persona,Convergent
373,373_e02,A,ALL,,0.0,False,159,other,Persona,Convergent
374,374_e06,A,exploration_opening,3.0,0.95,True,86,other,Persona,Convergent
374,374_e06,A,reframing_quality,2.0,0.85,True,86,other,Persona,Convergent
374,374_e06,A,evaluative_discipline,1.0,0.6,True,86,other,Persona,Convergent
374,374_e06,A,agency_preservation,3.0,0.9,True,86,other,Persona,Convergent
374,374_e06,A,anchor_management,3.0,0.85,True,86,other,Persona,Convergent
374,374_e06,A,coregulation_uptake,3.0,0.95,True,86,other,Persona,Convergent
374,374_e06,A,timing_fit,4.0,0.98,True,86,other,Persona,Convergent
374,374_e06,A,implementation_grounding,3.0,0.9,True,86,other,Persona,Convergent
374,374_e06,A,cognitive_load_clarity,4.0,0.95,True,86,other,Persona,Convergent
374,374_e06,A,stance_integrity,4.0,0.98,True,86,other,Persona,Convergent
374,374_e06,A,premature_convergence_risk,0.0,0.95,True,86,other,Persona,Convergent
374,374_e06,A,runaway_divergence_risk,0.0,0.9,True,86,other,Persona,Convergent
377,377_e01,A,exploration_opening,4.0,1.0,True,91,opening_frame,Persona,Convergent
377,377_e01,A,reframing_quality,3.0,1.0,True,91,opening_frame,Persona,Convergent
377,377_e01,A,evaluative_discipline,2.0,1.0,True,91,opening_frame,Persona,Convergent
377,377_e01,A,agency_preservation,3.0,1.0,True,91,opening_frame,Persona,Convergent
377,377_e01,A,anchor_management,3.0,1.0,True,91,opening_frame,Persona,Convergent
377,377_e01,A,coregulation_uptake,3.0,1.0,True,91,opening_frame,Persona,Convergent
377,377_e01,A,timing_fit,4.0,1.0,True,91,opening_frame,Persona,Convergent
377,377_e01,A,implementation_grounding,2.0,1.0,True,91,opening_frame,Persona,Convergent
377,377_e01,A,cognitive_load_clarity,3.0,1.0,True,91,opening_frame,Persona,Convergent
377,377_e01,A,stance_integrity,4.0,1.0,True,91,opening_frame,Persona,Convergent
377,377_e01,A,premature_convergence_risk,1.0,1.0,True,91,opening_frame,Persona,Convergent
377,377_e01,A,runaway_divergence_risk,1.0,1.0,True,91,opening_frame,Persona,Convergent
377,377_e04,A,ALL,,0.0,False,82,other,Persona,Convergent
377,377_e05,A,exploration_opening,3.0,1.0,True,113,other,Persona,Convergent
377,377_e05,A,reframing_quality,3.0,1.0,True,113,other,Persona,Convergent
377,377_e05,A,evaluative_discipline,2.0,1.0,True,113,other,Persona,Convergent
377,377_e05,A,agency_preservation,3.0,1.0,True,113,other,Persona,Convergent
377,377_e05,A,anchor_management,2.0,1.0,True,113,other,Persona,Convergent
377,377_e05,A,coregulation_uptake,3.0,1.0,True,113,other,Persona,Convergent
377,377_e05,A,timing_fit,4.0,1.0,True,113,other,Persona,Convergent
377,377_e05,A,implementation_grounding,3.0,1.0,True,113,other,Persona,Convergent
377,377_e05,A,cognitive_load_clarity,4.0,1.0,True,113,other,Persona,Convergent
377,377_e05,A,stance_integrity,4.0,1.0,True,113,other,Persona,Convergent
377,377_e05,A,premature_convergence_risk,1.0,1.0,True,113,other,Persona,Convergent
377,377_e05,A,runaway_divergence_risk,0.0,1.0,True,113,other,Persona,Convergent
380,380_e02,A,ALL,,0.0,False,62,other,Persona,Convergent
380,380_e07,A,exploration_opening,3.0,0.98,True,201,ideation_burst,Persona,Convergent
380,380_e07,A,reframing_quality,3.0,0.97,True,201,ideation_burst,Persona,Convergent
380,380_e07,A,evaluative_discipline,2.0,0.85,True,201,ideation_burst,Persona,Convergent
380,380_e07,A,agency_preservation,4.0,0.99,True,201,ideation_burst,Persona,Convergent
380,380_e07,A,anchor_management,3.0,0.96,True,201,ideation_burst,Persona,Convergent
380,380_e07,A,coregulation_uptake,3.0,0.98,True,201,ideation_burst,Persona,Convergent
380,380_e07,A,timing_fit,4.0,0.99,True,201,ideation_burst,Persona,Convergent
380,380_e07,A,implementation_grounding,3.0,0.92,True,201,ideation_burst,Persona,Convergent
380,380_e07,A,cognitive_load_clarity,4.0,0.98,True,201,ideation_burst,Persona,Convergent
380,380_e07,A,stance_integrity,4.0,0.99,True,201,ideation_burst,Persona,Convergent
380,380_e07,A,premature_convergence_risk,0.0,1.0,True,201,ideation_burst,Persona,Convergent
380,380_e07,A,runaway_divergence_risk,0.0,1.0,True,201,ideation_burst,Persona,Convergent
385,385_e03,A,exploration_opening,2.0,0.8,True,130,other,Persona,Convergent
385,385_e03,A,reframing_quality,1.0,0.9,True,130,other,Persona,Convergent
385,385_e03,A,evaluative_discipline,2.0,0.7,True,130,other,Persona,Convergent
385,385_e03,A,agency_preservation,3.0,0.9,True,130,other,Persona,Convergent
385,385_e03,A,anchor_management,2.0,0.8,True,130,other,Persona,Convergent
385,385_e03,A,coregulation_uptake,3.0,0.9,True,130,other,Persona,Convergent
385,385_e03,A,timing_fit,3.0,0.9,True,130,other,Persona,Convergent
385,385_e03,A,implementation_grounding,1.0,0.7,True,130,other,Persona,Convergent
385,385_e03,A,cognitive_load_clarity,3.0,0.9,True,130,other,Persona,Convergent
385,385_e03,A,stance_integrity,4.0,0.9,True,130,other,Persona,Convergent
385,385_e03,A,premature_convergence_risk,1.0,0.8,True,130,other,Persona,Convergent
385,385_e03,A,runaway_divergence_risk,0.0,0.9,True,130,other,Persona,Convergent
386,386_e07,A,exploration_opening,3.0,0.9,True,70,other,Persona,Convergent
386,386_e07,A,reframing_quality,2.0,0.8,True,70,other,Persona,Convergent
386,386_e07,A,evaluative_discipline,1.0,0.6,True,70,other,Persona,Convergent
386,386_e07,A,agency_preservation,3.0,0.9,True,70,other,Persona,Convergent
386,386_e07,A,anchor_management,2.0,0.7,True,70,other,Persona,Convergent
386,386_e07,A,coregulation_uptake,3.0,0.9,True,70,other,Persona,Convergent
386,386_e07,A,timing_fit,3.0,0.8,True,70,other,Persona,Convergent
386,386_e07,A,implementation_grounding,2.0,0.6,True,70,other,Persona,Convergent
386,386_e07,A,cognitive_load_clarity,3.0,0.9,True,70,other,Persona,Convergent
386,386_e07,A,stance_integrity,4.0,0.9,True,70,other,Persona,Convergent
386,386_e07,A,premature_convergence_risk,1.0,0.7,True,70,other,Persona,Convergent
386,386_e07,A,runaway_divergence_risk,1.0,0.7,True,70,other,Persona,Convergent
391,391_e01,A,ALL,,0.0,False,43,opening_frame,GPT,GPT
392,392_e06,A,ALL,,0.0,False,97,other,GPT,GPT
392,392_e08,A,ALL,,0.0,False,61,other,GPT,GPT
394,394_e02,A,exploration_opening,3.0,0.9,True,88,repair_event,GPT,GPT
394,394_e02,A,reframing_quality,3.0,0.9,True,88,repair_event,GPT,GPT
394,394_e02,A,evaluative_discipline,2.0,0.8,True,88,repair_event,GPT,GPT
394,394_e02,A,agency_preservation,4.0,0.9,True,88,repair_event,GPT,GPT
394,394_e02,A,anchor_management,3.0,0.9,True,88,repair_event,GPT,GPT
394,394_e02,A,coregulation_uptake,3.0,0.9,True,88,repair_event,GPT,GPT
394,394_e02,A,timing_fit,4.0,0.9,True,88,repair_event,GPT,GPT
394,394_e02,A,implementation_grounding,3.0,0.9,True,88,repair_event,GPT,GPT
394,394_e02,A,cognitive_load_clarity,4.0,0.9,True,88,repair_event,GPT,GPT
394,394_e02,A,stance_integrity,4.0,0.9,True,88,repair_event,GPT,GPT
394,394_e02,A,premature_convergence_risk,0.0,0.9,True,88,repair_event,GPT,GPT
394,394_e02,A,runaway_divergence_risk,0.0,0.9,True,88,repair_event,GPT,GPT
396,396_e03,A,exploration_opening,3.0,0.9,True,110,user_agency_event,GPT,GPT
396,396_e03,A,reframing_quality,3.0,0.9,True,110,user_agency_event,GPT,GPT
396,396_e03,A,evaluative_discipline,2.0,0.7,True,110,user_agency_event,GPT,GPT
396,396_e03,A,agency_preservation,3.0,0.9,True,110,user_agency_event,GPT,GPT
396,396_e03,A,anchor_management,2.0,0.8,True,110,user_agency_event,GPT,GPT
396,396_e03,A,coregulation_uptake,3.0,0.9,True,110,user_agency_event,GPT,GPT
396,396_e03,A,timing_fit,4.0,1.0,True,110,user_agency_event,GPT,GPT
396,396_e03,A,implementation_grounding,3.0,0.9,True,110,user_agency_event,GPT,GPT
396,396_e03,A,cognitive_load_clarity,3.0,0.9,True,110,user_agency_event,GPT,GPT
396,396_e03,A,stance_integrity,4.0,1.0,True,110,user_agency_event,GPT,GPT
396,396_e03,A,premature_convergence_risk,1.0,0.8,True,110,user_agency_event,GPT,GPT
396,396_e03,A,runaway_divergence_risk,1.0,0.9,True,110,user_agency_event,GPT,GPT
399,399_e03,A,exploration_opening,2.0,0.8,True,75,commitment_event,GPT,GPT
399,399_e03,A,reframing_quality,1.0,0.7,True,75,commitment_event,GPT,GPT
399,399_e03,A,evaluative_discipline,2.0,0.6,True,75,commitment_event,GPT,GPT
399,399_e03,A,agency_preservation,3.0,0.9,True,75,commitment_event,GPT,GPT
399,399_e03,A,anchor_management,2.0,0.7,True,75,commitment_event,GPT,GPT
399,399_e03,A,coregulation_uptake,3.0,0.9,True,75,commitment_event,GPT,GPT
399,399_e03,A,timing_fit,3.0,0.8,True,75,commitment_event,GPT,GPT
399,399_e03,A,implementation_grounding,3.0,0.9,True,75,commitment_event,GPT,GPT
399,399_e03,A,cognitive_load_clarity,3.0,0.9,True,75,commitment_event,GPT,GPT
399,399_e03,A,stance_integrity,4.0,0.9,True,75,commitment_event,GPT,GPT
399,399_e03,A,premature_convergence_risk,1.0,0.7,True,75,commitment_event,GPT,GPT
399,399_e03,A,runaway_divergence_risk,0.0,0.9,True,75,commitment_event,GPT,GPT
401,401_e07,A,exploration_opening,2.0,0.9,True,61,implementation_grounding_event,GPT,GPT
401,401_e07,A,reframing_quality,1.0,0.8,True,61,implementation_grounding_event,GPT,GPT
401,401_e07,A,evaluative_discipline,2.0,0.7,True,61,implementation_grounding_event,GPT,GPT
401,401_e07,A,agency_preservation,3.0,0.9,True,61,implementation_grounding_event,GPT,GPT
401,401_e07,A,anchor_management,1.0,0.6,True,61,implementation_grounding_event,GPT,GPT
401,401_e07,A,coregulation_uptake,2.0,0.7,True,61,implementation_grounding_event,GPT,GPT
401,401_e07,A,timing_fit,3.0,0.8,True,61,implementation_grounding_event,GPT,GPT
401,401_e07,A,implementation_grounding,3.0,0.9,True,61,implementation_grounding_event,GPT,GPT
401,401_e07,A,cognitive_load_clarity,3.0,0.9,True,61,implementation_grounding_event,GPT,GPT
401,401_e07,A,stance_integrity,3.0,0.9,True,61,implementation_grounding_event,GPT,GPT
401,401_e07,A,premature_convergence_risk,1.0,0.7,True,61,implementation_grounding_event,GPT,GPT
401,401_e07,A,runaway_divergence_risk,1.0,0.6,True,61,implementation_grounding_event,GPT,GPT
403,403_e02,A,exploration_opening,1.0,0.8,True,52,user_agency_event,GPT,GPT
403,403_e02,A,reframing_quality,0.0,0.2,True,52,user_agency_event,GPT,GPT
403,403_e02,A,evaluative_discipline,0.0,0.1,True,52,user_agency_event,GPT,GPT
403,403_e02,A,agency_preservation,2.0,0.6,True,52,user_agency_event,GPT,GPT
403,403_e02,A,anchor_management,1.0,0.4,True,52,user_agency_event,GPT,GPT
403,403_e02,A,coregulation_uptake,1.0,0.3,True,52,user_agency_event,GPT,GPT
403,403_e02,A,timing_fit,2.0,0.5,True,52,user_agency_event,GPT,GPT
403,403_e02,A,implementation_grounding,1.0,0.4,True,52,user_agency_event,GPT,GPT
403,403_e02,A,cognitive_load_clarity,3.0,0.8,True,52,user_agency_event,GPT,GPT
403,403_e02,A,stance_integrity,3.0,0.9,True,52,user_agency_event,GPT,GPT
403,403_e02,A,premature_convergence_risk,2.0,0.7,True,52,user_agency_event,GPT,GPT
403,403_e02,A,runaway_divergence_risk,0.0,0.9,True,52,user_agency_event,GPT,GPT
403,403_e08,A,exploration_opening,2.0,0.8,True,85,repair_event,GPT,GPT
403,403_e08,A,reframing_quality,0.0,1.0,True,85,repair_event,GPT,GPT
403,403_e08,A,evaluative_discipline,0.0,1.0,True,85,repair_event,GPT,GPT
403,403_e08,A,agency_preservation,1.0,0.7,True,85,repair_event,GPT,GPT
403,403_e08,A,anchor_management,1.0,0.9,True,85,repair_event,GPT,GPT
403,403_e08,A,coregulation_uptake,1.0,0.6,True,85,repair_event,GPT,GPT
403,403_e08,A,timing_fit,2.0,0.7,True,85,repair_event,GPT,GPT
403,403_e08,A,implementation_grounding,1.0,0.8,True,85,repair_event,GPT,GPT
403,403_e08,A,cognitive_load_clarity,2.0,0.8,True,85,repair_event,GPT,GPT
403,403_e08,A,stance_integrity,3.0,0.9,True,85,repair_event,GPT,GPT
403,403_e08,A,premature_convergence_risk,1.0,0.8,True,85,repair_event,GPT,GPT
403,403_e08,A,runaway_divergence_risk,2.0,0.8,True,85,repair_event,GPT,GPT
406,406_e04,A,ALL,,0.0,False,81,repair_event,GPT,GPT
414,414_e01,A,exploration_opening,4.0,1.0,True,120,opening_frame,Persona,Divergent
414,414_e01,A,reframing_quality,3.0,1.0,True,120,opening_frame,Persona,Divergent
414,414_e01,A,evaluative_discipline,2.0,1.0,True,120,opening_frame,Persona,Divergent
414,414_e01,A,agency_preservation,3.0,1.0,True,120,opening_frame,Persona,Divergent
414,414_e01,A,anchor_management,3.0,1.0,True,120,opening_frame,Persona,Divergent
414,414_e01,A,coregulation_uptake,3.0,1.0,True,120,opening_frame,Persona,Divergent
414,414_e01,A,timing_fit,4.0,1.0,True,120,opening_frame,Persona,Divergent
414,414_e01,A,implementation_grounding,2.0,1.0,True,120,opening_frame,Persona,Divergent
414,414_e01,A,cognitive_load_clarity,3.0,1.0,True,120,opening_frame,Persona,Divergent
414,414_e01,A,stance_integrity,4.0,1.0,True,120,opening_frame,Persona,Divergent
414,414_e01,A,premature_convergence_risk,1.0,1.0,True,120,opening_frame,Persona,Divergent
414,414_e01,A,runaway_divergence_risk,1.0,1.0,True,120,opening_frame,Persona,Divergent
414,414_e02,A,exploration_opening,4.0,1.0,True,143,critique_event,Persona,Divergent
414,414_e02,A,reframing_quality,3.0,1.0,True,143,critique_event,Persona,Divergent
414,414_e02,A,evaluative_discipline,2.0,1.0,True,143,critique_event,Persona,Divergent
414,414_e02,A,agency_preservation,3.0,1.0,True,143,critique_event,Persona,Divergent
414,414_e02,A,anchor_management,3.0,1.0,True,143,critique_event,Persona,Divergent
414,414_e02,A,coregulation_uptake,3.0,1.0,True,143,critique_event,Persona,Divergent
414,414_e02,A,timing_fit,4.0,1.0,True,143,critique_event,Persona,Divergent
414,414_e02,A,implementation_grounding,2.0,1.0,True,143,critique_event,Persona,Divergent
414,414_e02,A,cognitive_load_clarity,3.0,1.0,True,143,critique_event,Persona,Divergent
414,414_e02,A,stance_integrity,4.0,1.0,True,143,critique_event,Persona,Divergent
414,414_e02,A,premature_convergence_risk,1.0,1.0,True,143,critique_event,Persona,Divergent
414,414_e02,A,runaway_divergence_risk,1.0,1.0,True,143,critique_event,Persona,Divergent
414,414_e03,A,exploration_opening,4.0,1.0,True,177,ideation_burst,Persona,Divergent
414,414_e03,A,reframing_quality,3.0,1.0,True,177,ideation_burst,Persona,Divergent
414,414_e03,A,evaluative_discipline,2.0,1.0,True,177,ideation_burst,Persona,Divergent
414,414_e03,A,agency_preservation,4.0,1.0,True,177,ideation_burst,Persona,Divergent
414,414_e03,A,anchor_management,3.0,1.0,True,177,ideation_burst,Persona,Divergent
414,414_e03,A,coregulation_uptake,4.0,1.0,True,177,ideation_burst,Persona,Divergent
414,414_e03,A,timing_fit,4.0,1.0,True,177,ideation_burst,Persona,Divergent
414,414_e03,A,implementation_grounding,2.0,1.0,True,177,ideation_burst,Persona,Divergent
414,414_e03,A,cognitive_load_clarity,3.0,1.0,True,177,ideation_burst,Persona,Divergent
414,414_e03,A,stance_integrity,4.0,1.0,True,177,ideation_burst,Persona,Divergent
414,414_e03,A,premature_convergence_risk,0.0,1.0,True,177,ideation_burst,Persona,Divergent
414,414_e03,A,runaway_divergence_risk,1.0,1.0,True,177,ideation_burst,Persona,Divergent
415,415_e01,A,exploration_opening,4.0,1.0,True,92,opening_frame,Persona,Divergent
415,415_e01,A,reframing_quality,3.0,1.0,True,92,opening_frame,Persona,Divergent
415,415_e01,A,evaluative_discipline,1.0,1.0,True,92,opening_frame,Persona,Divergent
415,415_e01,A,agency_preservation,3.0,1.0,True,92,opening_frame,Persona,Divergent
415,415_e01,A,anchor_management,2.0,1.0,True,92,opening_frame,Persona,Divergent
415,415_e01,A,coregulation_uptake,3.0,1.0,True,92,opening_frame,Persona,Divergent
415,415_e01,A,timing_fit,4.0,1.0,True,92,opening_frame,Persona,Divergent
415,415_e01,A,implementation_grounding,1.0,1.0,True,92,opening_frame,Persona,Divergent
415,415_e01,A,cognitive_load_clarity,3.0,1.0,True,92,opening_frame,Persona,Divergent
415,415_e01,A,stance_integrity,4.0,1.0,True,92,opening_frame,Persona,Divergent
415,415_e01,A,premature_convergence_risk,0.0,1.0,True,92,opening_frame,Persona,Divergent
415,415_e01,A,runaway_divergence_risk,1.0,1.0,True,92,opening_frame,Persona,Divergent
415,415_e02,A,exploration_opening,3.0,0.9,True,114,other,Persona,Divergent
415,415_e02,A,reframing_quality,3.0,0.9,True,114,other,Persona,Divergent
415,415_e02,A,evaluative_discipline,2.0,0.8,True,114,other,Persona,Divergent
415,415_e02,A,agency_preservation,4.0,0.9,True,114,other,Persona,Divergent
415,415_e02,A,anchor_management,3.0,0.9,True,114,other,Persona,Divergent
415,415_e02,A,coregulation_uptake,3.0,0.9,True,114,other,Persona,Divergent
415,415_e02,A,timing_fit,4.0,0.9,True,114,other,Persona,Divergent
415,415_e02,A,implementation_grounding,3.0,0.8,True,114,other,Persona,Divergent
415,415_e02,A,cognitive_load_clarity,4.0,0.9,True,114,other,Persona,Divergent
415,415_e02,A,stance_integrity,4.0,0.9,True,114,other,Persona,Divergent
415,415_e02,A,premature_convergence_risk,0.0,1.0,True,114,other,Persona,Divergent
415,415_e02,A,runaway_divergence_risk,0.0,1.0,True,114,other,Persona,Divergent
415,415_e03,A,exploration_opening,4.0,1.0,True,134,other,Persona,Divergent
415,415_e03,A,reframing_quality,3.0,1.0,True,134,other,Persona,Divergent
415,415_e03,A,evaluative_discipline,2.0,1.0,True,134,other,Persona,Divergent
415,415_e03,A,agency_preservation,3.0,1.0,True,134,other,Persona,Divergent
415,415_e03,A,anchor_management,3.0,1.0,True,134,other,Persona,Divergent
415,415_e03,A,coregulation_uptake,3.0,1.0,True,134,other,Persona,Divergent
415,415_e03,A,timing_fit,4.0,1.0,True,134,other,Persona,Divergent
415,415_e03,A,implementation_grounding,3.0,1.0,True,134,other,Persona,Divergent
415,415_e03,A,cognitive_load_clarity,3.0,1.0,True,134,other,Persona,Divergent
415,415_e03,A,stance_integrity,4.0,1.0,True,134,other,Persona,Divergent
415,415_e03,A,premature_convergence_risk,1.0,1.0,True,134,other,Persona,Divergent
415,415_e03,A,runaway_divergence_risk,0.0,1.0,True,134,other,Persona,Divergent
416,416_e01,A,exploration_opening,4.0,1.0,True,151,other,Persona,Divergent
416,416_e01,A,reframing_quality,3.0,1.0,True,151,other,Persona,Divergent
416,416_e01,A,evaluative_discipline,2.0,1.0,True,151,other,Persona,Divergent
416,416_e01,A,agency_preservation,3.0,1.0,True,151,other,Persona,Divergent
416,416_e01,A,anchor_management,3.0,1.0,True,151,other,Persona,Divergent
416,416_e01,A,coregulation_uptake,3.0,1.0,True,151,other,Persona,Divergent
416,416_e01,A,timing_fit,4.0,1.0,True,151,other,Persona,Divergent
416,416_e01,A,implementation_grounding,2.0,1.0,True,151,other,Persona,Divergent
416,416_e01,A,cognitive_load_clarity,3.0,1.0,True,151,other,Persona,Divergent
416,416_e01,A,stance_integrity,4.0,1.0,True,151,other,Persona,Divergent
416,416_e01,A,premature_convergence_risk,0.0,1.0,True,151,other,Persona,Divergent
416,416_e01,A,runaway_divergence_risk,1.0,1.0,True,151,other,Persona,Divergent
416,416_e02,A,exploration_opening,4.0,1.0,True,63,user_agency_event,Persona,Divergent
416,416_e02,A,reframing_quality,3.0,1.0,True,63,user_agency_event,Persona,Divergent
416,416_e02,A,evaluative_discipline,1.0,1.0,True,63,user_agency_event,Persona,Divergent
416,416_e02,A,agency_preservation,3.0,1.0,True,63,user_agency_event,Persona,Divergent
416,416_e02,A,anchor_management,2.0,1.0,True,63,user_agency_event,Persona,Divergent
416,416_e02,A,coregulation_uptake,3.0,1.0,True,63,user_agency_event,Persona,Divergent
416,416_e02,A,timing_fit,4.0,1.0,True,63,user_agency_event,Persona,Divergent
416,416_e02,A,implementation_grounding,1.0,1.0,True,63,user_agency_event,Persona,Divergent
416,416_e02,A,cognitive_load_clarity,3.0,1.0,True,63,user_agency_event,Persona,Divergent
416,416_e02,A,stance_integrity,4.0,1.0,True,63,user_agency_event,Persona,Divergent
416,416_e02,A,premature_convergence_risk,1.0,1.0,True,63,user_agency_event,Persona,Divergent
416,416_e02,A,runaway_divergence_risk,1.0,1.0,True,63,user_agency_event,Persona,Divergent
416,416_e03,A,exploration_opening,4.0,1.0,True,103,ideation_burst,Persona,Divergent
416,416_e03,A,reframing_quality,3.0,1.0,True,103,ideation_burst,Persona,Divergent
416,416_e03,A,evaluative_discipline,1.0,0.0,True,103,ideation_burst,Persona,Divergent
416,416_e03,A,agency_preservation,3.0,1.0,True,103,ideation_burst,Persona,Divergent
416,416_e03,A,anchor_management,3.0,1.0,True,103,ideation_burst,Persona,Divergent
416,416_e03,A,coregulation_uptake,3.0,1.0,True,103,ideation_burst,Persona,Divergent
416,416_e03,A,timing_fit,4.0,1.0,True,103,ideation_burst,Persona,Divergent
416,416_e03,A,implementation_grounding,1.0,0.0,True,103,ideation_burst,Persona,Divergent
416,416_e03,A,cognitive_load_clarity,3.0,1.0,True,103,ideation_burst,Persona,Divergent
416,416_e03,A,stance_integrity,4.0,1.0,True,103,ideation_burst,Persona,Divergent
416,416_e03,A,premature_convergence_risk,0.0,1.0,True,103,ideation_burst,Persona,Divergent
416,416_e03,A,runaway_divergence_risk,2.0,1.0,True,103,ideation_burst,Persona,Divergent
416,416_e06,A,ALL,,0.0,False,41,other,Persona,Divergent
418,418_e02,A,ALL,,0.0,False,64,other,Persona,Divergent
418,418_e03,A,exploration_opening,4.0,1.0,True,108,other,Persona,Divergent
418,418_e03,A,reframing_quality,3.0,1.0,True,108,other,Persona,Divergent
418,418_e03,A,evaluative_discipline,2.0,1.0,True,108,other,Persona,Divergent
418,418_e03,A,agency_preservation,3.0,1.0,True,108,other,Persona,Divergent
418,418_e03,A,anchor_management,3.0,1.0,True,108,other,Persona,Divergent
418,418_e03,A,coregulation_uptake,3.0,1.0,True,108,other,Persona,Divergent
418,418_e03,A,timing_fit,4.0,1.0,True,108,other,Persona,Divergent
418,418_e03,A,implementation_grounding,2.0,1.0,True,108,other,Persona,Divergent
418,418_e03,A,cognitive_load_clarity,3.0,1.0,True,108,other,Persona,Divergent
418,418_e03,A,stance_integrity,4.0,1.0,True,108,other,Persona,Divergent
418,418_e03,A,premature_convergence_risk,1.0,1.0,True,108,other,Persona,Divergent
418,418_e03,A,runaway_divergence_risk,1.0,1.0,True,108,other,Persona,Divergent
420,420_e03,A,ALL,,0.0,False,79,other,GPT,GPT
425,425_e03,A,ALL,,0.0,False,57,user_agency_event,GPT,GPT
431,431_e11,A,exploration_opening,2.0,0.8,True,103,user_agency_event,GPT,GPT
431,431_e11,A,reframing_quality,1.0,0.7,True,103,user_agency_event,GPT,GPT
431,431_e11,A,evaluative_discipline,2.0,0.6,True,103,user_agency_event,GPT,GPT
431,431_e11,A,agency_preservation,3.0,0.9,True,103,user_agency_event,GPT,GPT
431,431_e11,A,anchor_management,2.0,0.7,True,103,user_agency_event,GPT,GPT
431,431_e11,A,coregulation_uptake,3.0,0.9,True,103,user_agency_event,GPT,GPT
431,431_e11,A,timing_fit,4.0,0.9,True,103,user_agency_event,GPT,GPT
431,431_e11,A,implementation_grounding,3.0,0.9,True,103,user_agency_event,GPT,GPT
431,431_e11,A,cognitive_load_clarity,4.0,0.9,True,103,user_agency_event,GPT,GPT
431,431_e11,A,stance_integrity,4.0,0.9,True,103,user_agency_event,GPT,GPT
431,431_e11,A,premature_convergence_risk,1.0,0.8,True,103,user_agency_event,GPT,GPT
431,431_e11,A,runaway_divergence_risk,0.0,1.0,True,103,user_agency_event,GPT,GPT
432,432_e04,A,exploration_opening,2.0,0.8,True,204,other,GPT,GPT
432,432_e04,A,reframing_quality,1.0,0.9,True,204,other,GPT,GPT
432,432_e04,A,evaluative_discipline,0.0,0.95,True,204,other,GPT,GPT
432,432_e04,A,agency_preservation,3.0,0.85,True,204,other,GPT,GPT
432,432_e04,A,anchor_management,1.0,0.8,True,204,other,GPT,GPT
432,432_e04,A,coregulation_uptake,2.0,0.75,True,204,other,GPT,GPT
432,432_e04,A,timing_fit,3.0,0.9,True,204,other,GPT,GPT
432,432_e04,A,implementation_grounding,1.0,0.8,True,204,other,GPT,GPT
432,432_e04,A,cognitive_load_clarity,3.0,0.9,True,204,other,GPT,GPT
432,432_e04,A,stance_integrity,3.0,0.95,True,204,other,GPT,GPT
432,432_e04,A,premature_convergence_risk,1.0,0.8,True,204,other,GPT,GPT
432,432_e04,A,runaway_divergence_risk,1.0,0.85,True,204,other,GPT,GPT
434,434_e01,A,ALL,,0.0,False,89,opening_frame,GPT,GPT
436,436_e03,A,ALL,,0.0,False,199,other,GPT,GPT
439,439_e01,A,ALL,,0.0,False,43,opening_frame,Persona,Divergent
439,439_e07,A,exploration_opening,4.0,1.0,True,173,ideation_burst,Persona,Divergent
439,439_e07,A,reframing_quality,3.0,1.0,True,173,ideation_burst,Persona,Divergent
439,439_e07,A,evaluative_discipline,3.0,1.0,True,173,ideation_burst,Persona,Divergent
439,439_e07,A,agency_preservation,3.0,1.0,True,173,ideation_burst,Persona,Divergent
439,439_e07,A,anchor_management,3.0,1.0,True,173,ideation_burst,Persona,Divergent
439,439_e07,A,coregulation_uptake,3.0,1.0,True,173,ideation_burst,Persona,Divergent
439,439_e07,A,timing_fit,4.0,1.0,True,173,ideation_burst,Persona,Divergent
439,439_e07,A,implementation_grounding,4.0,1.0,True,173,ideation_burst,Persona,Divergent
439,439_e07,A,cognitive_load_clarity,4.0,1.0,True,173,ideation_burst,Persona,Divergent
439,439_e07,A,stance_integrity,4.0,1.0,True,173,ideation_burst,Persona,Divergent
439,439_e07,A,premature_convergence_risk,0.0,1.0,True,173,ideation_burst,Persona,Divergent
439,439_e07,A,runaway_divergence_risk,0.0,1.0,True,173,ideation_burst,Persona,Divergent
439,439_e08,A,exploration_opening,3.0,0.95,True,137,other,Persona,Divergent
439,439_e08,A,reframing_quality,2.0,0.85,True,137,other,Persona,Divergent
439,439_e08,A,evaluative_discipline,1.0,0.6,True,137,other,Persona,Divergent
439,439_e08,A,agency_preservation,3.0,0.9,True,137,other,Persona,Divergent
439,439_e08,A,anchor_management,3.0,0.9,True,137,other,Persona,Divergent
439,439_e08,A,coregulation_uptake,3.0,0.95,True,137,other,Persona,Divergent
439,439_e08,A,timing_fit,4.0,0.98,True,137,other,Persona,Divergent
439,439_e08,A,implementation_grounding,2.0,0.7,True,137,other,Persona,Divergent
439,439_e08,A,cognitive_load_clarity,3.0,0.9,True,137,other,Persona,Divergent
439,439_e08,A,stance_integrity,4.0,0.95,True,137,other,Persona,Divergent
439,439_e08,A,premature_convergence_risk,0.0,0.99,True,137,other,Persona,Divergent
439,439_e08,A,runaway_divergence_risk,1.0,0.85,True,137,other,Persona,Divergent
441,441_e02,A,exploration_opening,3.0,0.9,True,295,other,Persona,Divergent
441,441_e02,A,reframing_quality,3.0,0.9,True,295,other,Persona,Divergent
441,441_e02,A,evaluative_discipline,2.0,0.7,True,295,other,Persona,Divergent
441,441_e02,A,agency_preservation,4.0,0.9,True,295,other,Persona,Divergent
441,441_e02,A,anchor_management,3.0,0.8,True,295,other,Persona,Divergent
441,441_e02,A,coregulation_uptake,3.0,0.9,True,295,other,Persona,Divergent
441,441_e02,A,timing_fit,4.0,0.9,True,295,other,Persona,Divergent
441,441_e02,A,implementation_grounding,1.0,0.6,True,295,other,Persona,Divergent
441,441_e02,A,cognitive_load_clarity,3.0,0.8,True,295,other,Persona,Divergent
441,441_e02,A,stance_integrity,4.0,0.9,True,295,other,Persona,Divergent
441,441_e02,A,premature_convergence_risk,0.0,1.0,True,295,other,Persona,Divergent
441,441_e02,A,runaway_divergence_risk,1.0,0.8,True,295,other,Persona,Divergent
442,442_e03,A,exploration_opening,4.0,1.0,True,89,user_agency_event,Persona,Divergent
442,442_e03,A,reframing_quality,3.0,1.0,True,89,user_agency_event,Persona,Divergent
442,442_e03,A,evaluative_discipline,2.0,1.0,True,89,user_agency_event,Persona,Divergent
442,442_e03,A,agency_preservation,4.0,1.0,True,89,user_agency_event,Persona,Divergent
442,442_e03,A,anchor_management,3.0,1.0,True,89,user_agency_event,Persona,Divergent
442,442_e03,A,coregulation_uptake,3.0,1.0,True,89,user_agency_event,Persona,Divergent
442,442_e03,A,timing_fit,4.0,1.0,True,89,user_agency_event,Persona,Divergent
442,442_e03,A,implementation_grounding,1.0,1.0,True,89,user_agency_event,Persona,Divergent
442,442_e03,A,cognitive_load_clarity,3.0,1.0,True,89,user_agency_event,Persona,Divergent
442,442_e03,A,stance_integrity,4.0,1.0,True,89,user_agency_event,Persona,Divergent
442,442_e03,A,premature_convergence_risk,0.0,1.0,True,89,user_agency_event,Persona,Divergent
442,442_e03,A,runaway_divergence_risk,1.0,1.0,True,89,user_agency_event,Persona,Divergent
442,442_e04,A,exploration_opening,4.0,1.0,True,123,user_agency_event,Persona,Divergent
442,442_e04,A,reframing_quality,3.0,1.0,True,123,user_agency_event,Persona,Divergent
442,442_e04,A,evaluative_discipline,2.0,1.0,True,123,user_agency_event,Persona,Divergent
442,442_e04,A,agency_preservation,3.0,1.0,True,123,user_agency_event,Persona,Divergent
442,442_e04,A,anchor_management,3.0,1.0,True,123,user_agency_event,Persona,Divergent
442,442_e04,A,coregulation_uptake,3.0,1.0,True,123,user_agency_event,Persona,Divergent
442,442_e04,A,timing_fit,4.0,1.0,True,123,user_agency_event,Persona,Divergent
442,442_e04,A,implementation_grounding,2.0,1.0,True,123,user_agency_event,Persona,Divergent
442,442_e04,A,cognitive_load_clarity,3.0,1.0,True,123,user_agency_event,Persona,Divergent
442,442_e04,A,stance_integrity,4.0,1.0,True,123,user_agency_event,Persona,Divergent
442,442_e04,A,premature_convergence_risk,0.0,1.0,True,123,user_agency_event,Persona,Divergent
442,442_e04,A,runaway_divergence_risk,1.0,1.0,True,123,user_agency_event,Persona,Divergent
443,443_e02,A,exploration_opening,4.0,1.0,True,119,other,Persona,Divergent
443,443_e02,A,reframing_quality,3.0,1.0,True,119,other,Persona,Divergent
443,443_e02,A,evaluative_discipline,2.0,1.0,True,119,other,Persona,Divergent
443,443_e02,A,agency_preservation,3.0,1.0,True,119,other,Persona,Divergent
443,443_e02,A,anchor_management,3.0,1.0,True,119,other,Persona,Divergent
443,443_e02,A,coregulation_uptake,3.0,1.0,True,119,other,Persona,Divergent
443,443_e02,A,timing_fit,4.0,1.0,True,119,other,Persona,Divergent
443,443_e02,A,implementation_grounding,2.0,1.0,True,119,other,Persona,Divergent
443,443_e02,A,cognitive_load_clarity,3.0,1.0,True,119,other,Persona,Divergent
443,443_e02,A,stance_integrity,4.0,1.0,True,119,other,Persona,Divergent
443,443_e02,A,premature_convergence_risk,0.0,1.0,True,119,other,Persona,Divergent
443,443_e02,A,runaway_divergence_risk,1.0,1.0,True,119,other,Persona,Divergent
443,443_e04,A,exploration_opening,4.0,1.0,True,158,ideation_burst,Persona,Divergent
443,443_e04,A,reframing_quality,3.0,1.0,True,158,ideation_burst,Persona,Divergent
443,443_e04,A,evaluative_discipline,2.0,1.0,True,158,ideation_burst,Persona,Divergent
443,443_e04,A,agency_preservation,3.0,1.0,True,158,ideation_burst,Persona,Divergent
443,443_e04,A,anchor_management,3.0,1.0,True,158,ideation_burst,Persona,Divergent
443,443_e04,A,coregulation_uptake,3.0,1.0,True,158,ideation_burst,Persona,Divergent
443,443_e04,A,timing_fit,4.0,1.0,True,158,ideation_burst,Persona,Divergent
443,443_e04,A,implementation_grounding,2.0,1.0,True,158,ideation_burst,Persona,Divergent
443,443_e04,A,cognitive_load_clarity,3.0,1.0,True,158,ideation_burst,Persona,Divergent
443,443_e04,A,stance_integrity,4.0,1.0,True,158,ideation_burst,Persona,Divergent
443,443_e04,A,premature_convergence_risk,0.0,1.0,True,158,ideation_burst,Persona,Divergent
443,443_e04,A,runaway_divergence_risk,1.0,1.0,True,158,ideation_burst,Persona,Divergent
444,444_e01,A,exploration_opening,4.0,1.0,True,43,opening_frame,Persona,Divergent
444,444_e01,A,reframing_quality,3.0,1.0,True,43,opening_frame,Persona,Divergent
444,444_e01,A,evaluative_discipline,0.0,0.0,True,43,opening_frame,Persona,Divergent
444,444_e01,A,agency_preservation,4.0,1.0,True,43,opening_frame,Persona,Divergent
444,444_e01,A,anchor_management,3.0,1.0,True,43,opening_frame,Persona,Divergent
444,444_e01,A,coregulation_uptake,3.0,1.0,True,43,opening_frame,Persona,Divergent
444,444_e01,A,timing_fit,4.0,1.0,True,43,opening_frame,Persona,Divergent
444,444_e01,A,implementation_grounding,0.0,0.0,True,43,opening_frame,Persona,Divergent
444,444_e01,A,cognitive_load_clarity,4.0,1.0,True,43,opening_frame,Persona,Divergent
444,444_e01,A,stance_integrity,4.0,1.0,True,43,opening_frame,Persona,Divergent
444,444_e01,A,premature_convergence_risk,0.0,1.0,True,43,opening_frame,Persona,Divergent
444,444_e01,A,runaway_divergence_risk,0.0,1.0,True,43,opening_frame,Persona,Divergent
445,445_e03,A,exploration_opening,4.0,1.0,True,111,repair_event,Persona,Divergent
445,445_e03,A,reframing_quality,3.0,1.0,True,111,repair_event,Persona,Divergent
445,445_e03,A,evaluative_discipline,2.0,1.0,True,111,repair_event,Persona,Divergent
445,445_e03,A,agency_preservation,3.0,1.0,True,111,repair_event,Persona,Divergent
445,445_e03,A,anchor_management,3.0,1.0,True,111,repair_event,Persona,Divergent
445,445_e03,A,coregulation_uptake,3.0,1.0,True,111,repair_event,Persona,Divergent
445,445_e03,A,timing_fit,4.0,1.0,True,111,repair_event,Persona,Divergent
445,445_e03,A,implementation_grounding,2.0,1.0,True,111,repair_event,Persona,Divergent
445,445_e03,A,cognitive_load_clarity,3.0,1.0,True,111,repair_event,Persona,Divergent
445,445_e03,A,stance_integrity,4.0,1.0,True,111,repair_event,Persona,Divergent
445,445_e03,A,premature_convergence_risk,0.0,1.0,True,111,repair_event,Persona,Divergent
445,445_e03,A,runaway_divergence_risk,0.0,1.0,True,111,repair_event,Persona,Divergent
466,466_e04,A,exploration_opening,2.0,0.8,True,174,critique_event,Persona,Convergent
466,466_e04,A,reframing_quality,2.0,0.7,True,174,critique_event,Persona,Convergent
466,466_e04,A,evaluative_discipline,3.0,0.9,True,174,critique_event,Persona,Convergent
466,466_e04,A,agency_preservation,4.0,1.0,True,174,critique_event,Persona,Convergent
466,466_e04,A,anchor_management,3.0,0.9,True,174,critique_event,Persona,Convergent
466,466_e04,A,coregulation_uptake,3.0,1.0,True,174,critique_event,Persona,Convergent
466,466_e04,A,timing_fit,4.0,1.0,True,174,critique_event,Persona,Convergent
466,466_e04,A,implementation_grounding,3.0,0.8,True,174,critique_event,Persona,Convergent
466,466_e04,A,cognitive_load_clarity,4.0,1.0,True,174,critique_event,Persona,Convergent
466,466_e04,A,stance_integrity,4.0,1.0,True,174,critique_event,Persona,Convergent
466,466_e04,A,premature_convergence_risk,1.0,0.9,True,174,critique_event,Persona,Convergent
466,466_e04,A,runaway_divergence_risk,0.0,1.0,True,174,critique_event,Persona,Convergent
467,467_e01,A,exploration_opening,4.0,1.0,True,43,opening_frame,Persona,Convergent
467,467_e01,A,reframing_quality,3.0,1.0,True,43,opening_frame,Persona,Convergent
467,467_e01,A,evaluative_discipline,0.0,0.0,True,43,opening_frame,Persona,Convergent
467,467_e01,A,agency_preservation,4.0,1.0,True,43,opening_frame,Persona,Convergent
467,467_e01,A,anchor_management,3.0,1.0,True,43,opening_frame,Persona,Convergent
467,467_e01,A,coregulation_uptake,3.0,1.0,True,43,opening_frame,Persona,Convergent
467,467_e01,A,timing_fit,4.0,1.0,True,43,opening_frame,Persona,Convergent
467,467_e01,A,implementation_grounding,0.0,0.0,True,43,opening_frame,Persona,Convergent
467,467_e01,A,cognitive_load_clarity,4.0,1.0,True,43,opening_frame,Persona,Convergent
467,467_e01,A,stance_integrity,4.0,1.0,True,43,opening_frame,Persona,Convergent
467,467_e01,A,premature_convergence_risk,0.0,1.0,True,43,opening_frame,Persona,Convergent
467,467_e01,A,runaway_divergence_risk,0.0,1.0,True,43,opening_frame,Persona,Convergent
467,467_e05,A,exploration_opening,3.0,0.95,True,72,user_agency_event,Persona,Convergent
467,467_e05,A,reframing_quality,3.0,0.95,True,72,user_agency_event,Persona,Convergent
467,467_e05,A,evaluative_discipline,2.0,0.8,True,72,user_agency_event,Persona,Convergent
467,467_e05,A,agency_preservation,4.0,0.95,True,72,user_agency_event,Persona,Convergent
467,467_e05,A,anchor_management,3.0,0.9,True,72,user_agency_event,Persona,Convergent
467,467_e05,A,coregulation_uptake,3.0,0.95,True,72,user_agency_event,Persona,Convergent
467,467_e05,A,timing_fit,4.0,0.95,True,72,user_agency_event,Persona,Convergent
467,467_e05,A,implementation_grounding,2.0,0.7,True,72,user_agency_event,Persona,Convergent
467,467_e05,A,cognitive_load_clarity,3.0,0.9,True,72,user_agency_event,Persona,Convergent
467,467_e05,A,stance_integrity,4.0,0.95,True,72,user_agency_event,Persona,Convergent
467,467_e05,A,premature_convergence_risk,0.0,0.95,True,72,user_agency_event,Persona,Convergent
467,467_e05,A,runaway_divergence_risk,0.0,0.95,True,72,user_agency_event,Persona,Convergent
469,469_e02,A,exploration_opening,3.0,0.9,True,175,ideation_burst,Persona,Convergent
469,469_e02,A,reframing_quality,3.0,0.9,True,175,ideation_burst,Persona,Convergent
469,469_e02,A,evaluative_discipline,2.0,0.8,True,175,ideation_burst,Persona,Convergent
469,469_e02,A,agency_preservation,4.0,0.9,True,175,ideation_burst,Persona,Convergent
469,469_e02,A,anchor_management,3.0,0.9,True,175,ideation_burst,Persona,Convergent
469,469_e02,A,coregulation_uptake,3.0,0.9,True,175,ideation_burst,Persona,Convergent
469,469_e02,A,timing_fit,4.0,0.9,True,175,ideation_burst,Persona,Convergent
469,469_e02,A,implementation_grounding,2.0,0.7,True,175,ideation_burst,Persona,Convergent
469,469_e02,A,cognitive_load_clarity,3.0,0.9,True,175,ideation_burst,Persona,Convergent
469,469_e02,A,stance_integrity,4.0,0.9,True,175,ideation_burst,Persona,Convergent
469,469_e02,A,premature_convergence_risk,1.0,0.8,True,175,ideation_burst,Persona,Convergent
469,469_e02,A,runaway_divergence_risk,0.0,0.9,True,175,ideation_burst,Persona,Convergent
470,470_e04,A,exploration_opening,2.0,0.8,True,60,critique_event,GPT,GPT
470,470_e04,A,reframing_quality,1.0,0.7,True,60,critique_event,GPT,GPT
470,470_e04,A,evaluative_discipline,0.0,0.0,True,60,critique_event,GPT,GPT
470,470_e04,A,agency_preservation,3.0,0.9,True,60,critique_event,GPT,GPT
470,470_e04,A,anchor_management,2.0,0.6,True,60,critique_event,GPT,GPT
470,470_e04,A,coregulation_uptake,3.0,0.9,True,60,critique_event,GPT,GPT
470,470_e04,A,timing_fit,3.0,0.8,True,60,critique_event,GPT,GPT
470,470_e04,A,implementation_grounding,1.0,0.5,True,60,critique_event,GPT,GPT
470,470_e04,A,cognitive_load_clarity,3.0,0.9,True,60,critique_event,GPT,GPT
470,470_e04,A,stance_integrity,3.0,0.9,True,60,critique_event,GPT,GPT
470,470_e04,A,premature_convergence_risk,0.0,0.0,True,60,critique_event,GPT,GPT
470,470_e04,A,runaway_divergence_risk,0.0,0.0,True,60,critique_event,GPT,GPT
154,154_e06,B,exploration_opening,2.0,0.9,True,99,commitment_event,GPT,GPT
154,154_e06,B,reframing_quality,1.0,0.95,True,99,commitment_event,GPT,GPT
154,154_e06,B,evaluative_discipline,0.0,0.98,True,99,commitment_event,GPT,GPT
154,154_e06,B,agency_preservation,3.0,0.95,True,99,commitment_event,GPT,GPT
154,154_e06,B,anchor_management,2.0,0.9,True,99,commitment_event,GPT,GPT
154,154_e06,B,coregulation_uptake,3.0,0.97,True,99,commitment_event,GPT,GPT
154,154_e06,B,timing_fit,4.0,0.98,True,99,commitment_event,GPT,GPT
154,154_e06,B,implementation_grounding,1.0,0.92,True,99,commitment_event,GPT,GPT
154,154_e06,B,cognitive_load_clarity,3.0,0.96,True,99,commitment_event,GPT,GPT
154,154_e06,B,stance_integrity,4.0,0.99,True,99,commitment_event,GPT,GPT
154,154_e06,B,premature_convergence_risk,0.0,0.95,True,99,commitment_event,GPT,GPT
154,154_e06,B,runaway_divergence_risk,0.0,0.97,True,99,commitment_event,GPT,GPT
157,157_e04,B,exploration_opening,3.0,0.9,True,142,commitment_event,GPT,GPT
157,157_e04,B,reframing_quality,2.0,0.8,True,142,commitment_event,GPT,GPT
157,157_e04,B,evaluative_discipline,3.0,0.85,True,142,commitment_event,GPT,GPT
157,157_e04,B,agency_preservation,4.0,0.95,True,142,commitment_event,GPT,GPT
157,157_e04,B,anchor_management,3.0,0.9,True,142,commitment_event,GPT,GPT
157,157_e04,B,coregulation_uptake,4.0,0.8,True,142,commitment_event,GPT,GPT
157,157_e04,B,timing_fit,4.0,0.85,True,142,commitment_event,GPT,GPT
157,157_e04,B,implementation_grounding,3.0,0.8,True,142,commitment_event,GPT,GPT
157,157_e04,B,cognitive_load_clarity,4.0,0.9,True,142,commitment_event,GPT,GPT
157,157_e04,B,stance_integrity,4.0,0.95,True,142,commitment_event,GPT,GPT
157,157_e04,B,premature_convergence_risk,0.0,1.0,True,142,commitment_event,GPT,GPT
157,157_e04,B,runaway_divergence_risk,0.0,1.0,True,142,commitment_event,GPT,GPT
160,160_e01,B,ALL,,0.0,False,43,opening_frame,GPT,GPT
167,167_e03,B,exploration_opening,3.0,0.9,True,168,commitment_event,Persona,Convergent
167,167_e03,B,reframing_quality,3.0,0.9,True,168,commitment_event,Persona,Convergent
167,167_e03,B,evaluative_discipline,3.0,0.9,True,168,commitment_event,Persona,Convergent
167,167_e03,B,agency_preservation,4.0,0.9,True,168,commitment_event,Persona,Convergent
167,167_e03,B,anchor_management,3.0,0.9,True,168,commitment_event,Persona,Convergent
167,167_e03,B,coregulation_uptake,4.0,0.9,True,168,commitment_event,Persona,Convergent
167,167_e03,B,timing_fit,4.0,0.9,True,168,commitment_event,Persona,Convergent
167,167_e03,B,implementation_grounding,4.0,0.9,True,168,commitment_event,Persona,Convergent
167,167_e03,B,cognitive_load_clarity,4.0,0.9,True,168,commitment_event,Persona,Convergent
167,167_e03,B,stance_integrity,4.0,0.9,True,168,commitment_event,Persona,Convergent
167,167_e03,B,premature_convergence_risk,0.0,1.0,True,168,commitment_event,Persona,Convergent
167,167_e03,B,runaway_divergence_risk,0.0,1.0,True,168,commitment_event,Persona,Convergent
169,169_e03,B,exploration_opening,4.0,1.0,True,213,other,Persona,Convergent
169,169_e03,B,reframing_quality,3.0,1.0,True,213,other,Persona,Convergent
169,169_e03,B,evaluative_discipline,3.0,1.0,True,213,other,Persona,Convergent
169,169_e03,B,agency_preservation,4.0,1.0,True,213,other,Persona,Convergent
169,169_e03,B,anchor_management,3.0,1.0,True,213,other,Persona,Convergent
169,169_e03,B,coregulation_uptake,4.0,1.0,True,213,other,Persona,Convergent
169,169_e03,B,timing_fit,4.0,1.0,True,213,other,Persona,Convergent
169,169_e03,B,implementation_grounding,3.0,1.0,True,213,other,Persona,Convergent
169,169_e03,B,cognitive_load_clarity,4.0,1.0,True,213,other,Persona,Convergent
169,169_e03,B,stance_integrity,4.0,1.0,True,213,other,Persona,Convergent
169,169_e03,B,premature_convergence_risk,0.0,1.0,True,213,other,Persona,Convergent
169,169_e03,B,runaway_divergence_risk,0.0,1.0,True,213,other,Persona,Convergent
171,171_e05,B,exploration_opening,3.0,0.95,True,115,anchor_return,Persona,Convergent
171,171_e05,B,reframing_quality,3.0,0.95,True,115,anchor_return,Persona,Convergent
171,171_e05,B,evaluative_discipline,2.0,0.85,True,115,anchor_return,Persona,Convergent
171,171_e05,B,agency_preservation,4.0,0.98,True,115,anchor_return,Persona,Convergent
171,171_e05,B,anchor_management,3.0,0.92,True,115,anchor_return,Persona,Convergent
171,171_e05,B,coregulation_uptake,4.0,0.97,True,115,anchor_return,Persona,Convergent
171,171_e05,B,timing_fit,4.0,0.96,True,115,anchor_return,Persona,Convergent
171,171_e05,B,implementation_grounding,3.0,0.93,True,115,anchor_return,Persona,Convergent
171,171_e05,B,cognitive_load_clarity,4.0,0.98,True,115,anchor_return,Persona,Convergent
171,171_e05,B,stance_integrity,4.0,0.99,True,115,anchor_return,Persona,Convergent
171,171_e05,B,premature_convergence_risk,0.0,1.0,True,115,anchor_return,Persona,Convergent
171,171_e05,B,runaway_divergence_risk,0.0,1.0,True,115,anchor_return,Persona,Convergent
184,184_e03,B,exploration_opening,2.0,0.8,True,67,repair_event,GPT,GPT
184,184_e03,B,reframing_quality,1.0,0.9,True,67,repair_event,GPT,GPT
184,184_e03,B,evaluative_discipline,0.0,1.0,True,67,repair_event,GPT,GPT
184,184_e03,B,agency_preservation,3.0,0.9,True,67,repair_event,GPT,GPT
184,184_e03,B,anchor_management,1.0,0.8,True,67,repair_event,GPT,GPT
184,184_e03,B,coregulation_uptake,2.0,0.8,True,67,repair_event,GPT,GPT
184,184_e03,B,timing_fit,3.0,0.9,True,67,repair_event,GPT,GPT
184,184_e03,B,implementation_grounding,1.0,0.8,True,67,repair_event,GPT,GPT
184,184_e03,B,cognitive_load_clarity,3.0,0.9,True,67,repair_event,GPT,GPT
184,184_e03,B,stance_integrity,4.0,1.0,True,67,repair_event,GPT,GPT
184,184_e03,B,premature_convergence_risk,0.0,1.0,True,67,repair_event,GPT,GPT
184,184_e03,B,runaway_divergence_risk,0.0,1.0,True,67,repair_event,GPT,GPT
184,184_e05,B,ALL,,0.0,False,81,repair_event,GPT,GPT
199,199_e01,B,ALL,,0.0,False,43,opening_frame,Persona,BoundedRational
199,199_e03,B,ALL,,0.0,False,81,implementation_grounding_event,Persona,BoundedRational
201,201_e07,B,exploration_opening,3.0,0.8,True,112,ideation_burst,Persona,BoundedRational
201,201_e07,B,reframing_quality,2.0,0.7,True,112,ideation_burst,Persona,BoundedRational
201,201_e07,B,evaluative_discipline,1.0,0.6,True,112,ideation_burst,Persona,BoundedRational
201,201_e07,B,agency_preservation,3.0,0.8,True,112,ideation_burst,Persona,BoundedRational
201,201_e07,B,anchor_management,3.0,0.8,True,112,ideation_burst,Persona,BoundedRational
201,201_e07,B,coregulation_uptake,3.0,0.9,True,112,ideation_burst,Persona,BoundedRational
201,201_e07,B,timing_fit,4.0,1.0,True,112,ideation_burst,Persona,BoundedRational
201,201_e07,B,implementation_grounding,2.0,0.7,True,112,ideation_burst,Persona,BoundedRational
201,201_e07,B,cognitive_load_clarity,4.0,0.9,True,112,ideation_burst,Persona,BoundedRational
201,201_e07,B,stance_integrity,4.0,1.0,True,112,ideation_burst,Persona,BoundedRational
201,201_e07,B,premature_convergence_risk,1.0,0.8,True,112,ideation_burst,Persona,BoundedRational
201,201_e07,B,runaway_divergence_risk,0.0,1.0,True,112,ideation_burst,Persona,BoundedRational
203,203_e02,B,exploration_opening,3.0,0.95,True,142,commitment_event,Persona,BoundedRational
203,203_e02,B,reframing_quality,3.0,0.95,True,142,commitment_event,Persona,BoundedRational
203,203_e02,B,evaluative_discipline,2.0,0.85,True,142,commitment_event,Persona,BoundedRational
203,203_e02,B,agency_preservation,4.0,0.98,True,142,commitment_event,Persona,BoundedRational
203,203_e02,B,anchor_management,3.0,0.92,True,142,commitment_event,Persona,BoundedRational
203,203_e02,B,coregulation_uptake,4.0,0.97,True,142,commitment_event,Persona,BoundedRational
203,203_e02,B,timing_fit,4.0,0.96,True,142,commitment_event,Persona,BoundedRational
203,203_e02,B,implementation_grounding,3.0,0.9,True,142,commitment_event,Persona,BoundedRational
203,203_e02,B,cognitive_load_clarity,4.0,0.98,True,142,commitment_event,Persona,BoundedRational
203,203_e02,B,stance_integrity,4.0,0.99,True,142,commitment_event,Persona,BoundedRational
203,203_e02,B,premature_convergence_risk,1.0,0.88,True,142,commitment_event,Persona,BoundedRational
203,203_e02,B,runaway_divergence_risk,0.0,1.0,True,142,commitment_event,Persona,BoundedRational
204,204_e02,B,exploration_opening,3.0,0.95,True,150,ideation_burst,Persona,BoundedRational
204,204_e02,B,reframing_quality,3.0,0.95,True,150,ideation_burst,Persona,BoundedRational
204,204_e02,B,evaluative_discipline,2.0,0.85,True,150,ideation_burst,Persona,BoundedRational
204,204_e02,B,agency_preservation,4.0,0.98,True,150,ideation_burst,Persona,BoundedRational
204,204_e02,B,anchor_management,3.0,0.95,True,150,ideation_burst,Persona,BoundedRational
204,204_e02,B,coregulation_uptake,4.0,0.99,True,150,ideation_burst,Persona,BoundedRational
204,204_e02,B,timing_fit,4.0,0.98,True,150,ideation_burst,Persona,BoundedRational
204,204_e02,B,implementation_grounding,3.0,0.97,True,150,ideation_burst,Persona,BoundedRational
204,204_e02,B,cognitive_load_clarity,4.0,0.99,True,150,ideation_burst,Persona,BoundedRational
204,204_e02,B,stance_integrity,4.0,0.99,True,150,ideation_burst,Persona,BoundedRational
204,204_e02,B,premature_convergence_risk,1.0,0.9,True,150,ideation_burst,Persona,BoundedRational
204,204_e02,B,runaway_divergence_risk,0.0,0.99,True,150,ideation_burst,Persona,BoundedRational
204,204_e04,B,ALL,,0.0,False,132,other,Persona,BoundedRational
217,217_e02,B,exploration_opening,4.0,1.0,True,179,reframe_event,Persona,Rational
217,217_e02,B,reframing_quality,4.0,1.0,True,179,reframe_event,Persona,Rational
217,217_e02,B,evaluative_discipline,4.0,1.0,True,179,reframe_event,Persona,Rational
217,217_e02,B,agency_preservation,4.0,1.0,True,179,reframe_event,Persona,Rational
217,217_e02,B,anchor_management,3.0,1.0,True,179,reframe_event,Persona,Rational
217,217_e02,B,coregulation_uptake,4.0,1.0,True,179,reframe_event,Persona,Rational
217,217_e02,B,timing_fit,4.0,1.0,True,179,reframe_event,Persona,Rational
217,217_e02,B,implementation_grounding,4.0,1.0,True,179,reframe_event,Persona,Rational
217,217_e02,B,cognitive_load_clarity,4.0,1.0,True,179,reframe_event,Persona,Rational
217,217_e02,B,stance_integrity,4.0,1.0,True,179,reframe_event,Persona,Rational
217,217_e02,B,premature_convergence_risk,0.0,1.0,True,179,reframe_event,Persona,Rational
217,217_e02,B,runaway_divergence_risk,0.0,1.0,True,179,reframe_event,Persona,Rational
218,218_e02,B,ALL,,0.0,False,173,other,Persona,Rational
218,218_e03,B,exploration_opening,3.0,0.9,True,123,ideation_burst,Persona,Rational
218,218_e03,B,reframing_quality,3.0,0.9,True,123,ideation_burst,Persona,Rational
218,218_e03,B,evaluative_discipline,2.0,0.8,True,123,ideation_burst,Persona,Rational
218,218_e03,B,agency_preservation,3.0,0.9,True,123,ideation_burst,Persona,Rational
218,218_e03,B,anchor_management,3.0,0.9,True,123,ideation_burst,Persona,Rational
218,218_e03,B,coregulation_uptake,4.0,1.0,True,123,ideation_burst,Persona,Rational
218,218_e03,B,timing_fit,4.0,1.0,True,123,ideation_burst,Persona,Rational
218,218_e03,B,implementation_grounding,3.0,0.9,True,123,ideation_burst,Persona,Rational
218,218_e03,B,cognitive_load_clarity,4.0,1.0,True,123,ideation_burst,Persona,Rational
218,218_e03,B,stance_integrity,4.0,1.0,True,123,ideation_burst,Persona,Rational
218,218_e03,B,premature_convergence_risk,0.0,1.0,True,123,ideation_burst,Persona,Rational
218,218_e03,B,runaway_divergence_risk,0.0,1.0,True,123,ideation_burst,Persona,Rational
219,219_e04,B,exploration_opening,4.0,1.0,True,73,user_agency_event,Persona,Rational
219,219_e04,B,reframing_quality,4.0,1.0,True,73,user_agency_event,Persona,Rational
219,219_e04,B,evaluative_discipline,3.0,1.0,True,73,user_agency_event,Persona,Rational
219,219_e04,B,agency_preservation,4.0,1.0,True,73,user_agency_event,Persona,Rational
219,219_e04,B,anchor_management,3.0,1.0,True,73,user_agency_event,Persona,Rational
219,219_e04,B,coregulation_uptake,4.0,1.0,True,73,user_agency_event,Persona,Rational
219,219_e04,B,timing_fit,4.0,1.0,True,73,user_agency_event,Persona,Rational
219,219_e04,B,implementation_grounding,3.0,1.0,True,73,user_agency_event,Persona,Rational
219,219_e04,B,cognitive_load_clarity,4.0,1.0,True,73,user_agency_event,Persona,Rational
219,219_e04,B,stance_integrity,4.0,1.0,True,73,user_agency_event,Persona,Rational
219,219_e04,B,premature_convergence_risk,0.0,1.0,True,73,user_agency_event,Persona,Rational
219,219_e04,B,runaway_divergence_risk,0.0,1.0,True,73,user_agency_event,Persona,Rational
220,220_e03,B,ALL,,0.0,False,135,other,Persona,Rational
221,221_e07,B,exploration_opening,4.0,1.0,True,102,ideation_burst,Persona,Rational
221,221_e07,B,reframing_quality,3.0,1.0,True,102,ideation_burst,Persona,Rational
221,221_e07,B,evaluative_discipline,2.0,1.0,True,102,ideation_burst,Persona,Rational
221,221_e07,B,agency_preservation,3.0,1.0,True,102,ideation_burst,Persona,Rational
221,221_e07,B,anchor_management,3.0,1.0,True,102,ideation_burst,Persona,Rational
221,221_e07,B,coregulation_uptake,3.0,1.0,True,102,ideation_burst,Persona,Rational
221,221_e07,B,timing_fit,4.0,1.0,True,102,ideation_burst,Persona,Rational
221,221_e07,B,implementation_grounding,3.0,1.0,True,102,ideation_burst,Persona,Rational
221,221_e07,B,cognitive_load_clarity,4.0,1.0,True,102,ideation_burst,Persona,Rational
221,221_e07,B,stance_integrity,4.0,1.0,True,102,ideation_burst,Persona,Rational
221,221_e07,B,premature_convergence_risk,1.0,1.0,True,102,ideation_burst,Persona,Rational
221,221_e07,B,runaway_divergence_risk,1.0,1.0,True,102,ideation_burst,Persona,Rational
227,227_e06,B,exploration_opening,2.0,0.8,True,170,user_agency_event,GPT,GPT
227,227_e06,B,reframing_quality,1.0,0.9,True,170,user_agency_event,GPT,GPT
227,227_e06,B,evaluative_discipline,0.0,0.9,True,170,user_agency_event,GPT,GPT
227,227_e06,B,agency_preservation,3.0,0.9,True,170,user_agency_event,GPT,GPT
227,227_e06,B,anchor_management,1.0,0.8,True,170,user_agency_event,GPT,GPT
227,227_e06,B,coregulation_uptake,2.0,0.7,True,170,user_agency_event,GPT,GPT
227,227_e06,B,timing_fit,3.0,0.9,True,170,user_agency_event,GPT,GPT
227,227_e06,B,implementation_grounding,1.0,0.8,True,170,user_agency_event,GPT,GPT
227,227_e06,B,cognitive_load_clarity,3.0,0.9,True,170,user_agency_event,GPT,GPT
227,227_e06,B,stance_integrity,4.0,0.9,True,170,user_agency_event,GPT,GPT
227,227_e06,B,premature_convergence_risk,0.0,0.9,True,170,user_agency_event,GPT,GPT
227,227_e06,B,runaway_divergence_risk,3.0,0.8,True,170,user_agency_event,GPT,GPT
296,296_e05,B,ALL,,0.0,False,68,other,Persona,Divergent
297,297_e01,B,ALL,,0.0,False,80,opening_frame,Persona,Divergent
298,298_e05,B,exploration_opening,4.0,1.0,True,188,ideation_burst,Persona,Divergent
298,298_e05,B,reframing_quality,3.0,1.0,True,188,ideation_burst,Persona,Divergent
298,298_e05,B,evaluative_discipline,1.0,1.0,True,188,ideation_burst,Persona,Divergent
298,298_e05,B,agency_preservation,4.0,1.0,True,188,ideation_burst,Persona,Divergent
298,298_e05,B,anchor_management,3.0,1.0,True,188,ideation_burst,Persona,Divergent
298,298_e05,B,coregulation_uptake,4.0,1.0,True,188,ideation_burst,Persona,Divergent
298,298_e05,B,timing_fit,4.0,1.0,True,188,ideation_burst,Persona,Divergent
298,298_e05,B,implementation_grounding,2.0,1.0,True,188,ideation_burst,Persona,Divergent
298,298_e05,B,cognitive_load_clarity,3.0,1.0,True,188,ideation_burst,Persona,Divergent
298,298_e05,B,stance_integrity,4.0,1.0,True,188,ideation_burst,Persona,Divergent
298,298_e05,B,premature_convergence_risk,0.0,1.0,True,188,ideation_burst,Persona,Divergent
298,298_e05,B,runaway_divergence_risk,1.0,1.0,True,188,ideation_burst,Persona,Divergent
299,299_e02,B,ALL,,0.0,False,116,repair_event,Persona,Divergent
299,299_e04,B,ALL,,0.0,False,139,commitment_event,Persona,Divergent
304,304_e10,B,ALL,,0.0,False,81,repair_event,GPT,GPT
316,316_e05,B,exploration_opening,3.0,0.95,True,82,other,Persona,Convergent
316,316_e05,B,reframing_quality,3.0,0.95,True,82,other,Persona,Convergent
316,316_e05,B,evaluative_discipline,2.0,0.85,True,82,other,Persona,Convergent
316,316_e05,B,agency_preservation,3.0,0.9,True,82,other,Persona,Convergent
316,316_e05,B,anchor_management,2.0,0.85,True,82,other,Persona,Convergent
316,316_e05,B,coregulation_uptake,3.0,0.95,True,82,other,Persona,Convergent
316,316_e05,B,timing_fit,4.0,0.95,True,82,other,Persona,Convergent
316,316_e05,B,implementation_grounding,3.0,0.9,True,82,other,Persona,Convergent
316,316_e05,B,cognitive_load_clarity,4.0,0.95,True,82,other,Persona,Convergent
316,316_e05,B,stance_integrity,4.0,0.95,True,82,other,Persona,Convergent
316,316_e05,B,premature_convergence_risk,1.0,0.8,True,82,other,Persona,Convergent
316,316_e05,B,runaway_divergence_risk,0.0,0.95,True,82,other,Persona,Convergent
321,321_e03,B,exploration_opening,2.0,0.7,True,83,other,GPT,GPT
321,321_e03,B,reframing_quality,1.0,0.9,True,83,other,GPT,GPT
321,321_e03,B,evaluative_discipline,,0.0,False,83,other,GPT,GPT
321,321_e03,B,agency_preservation,3.0,0.9,True,83,other,GPT,GPT
321,321_e03,B,anchor_management,2.0,0.8,True,83,other,GPT,GPT
321,321_e03,B,coregulation_uptake,3.0,0.9,True,83,other,GPT,GPT
321,321_e03,B,timing_fit,3.0,0.9,True,83,other,GPT,GPT
321,321_e03,B,implementation_grounding,1.0,0.8,True,83,other,GPT,GPT
321,321_e03,B,cognitive_load_clarity,3.0,0.9,True,83,other,GPT,GPT
321,321_e03,B,stance_integrity,4.0,0.9,True,83,other,GPT,GPT
321,321_e03,B,premature_convergence_risk,1.0,0.8,True,83,other,GPT,GPT
321,321_e03,B,runaway_divergence_risk,0.0,1.0,True,83,other,GPT,GPT
324,324_e02,B,exploration_opening,2.0,0.8,True,46,repair_event,GPT,GPT
324,324_e02,B,reframing_quality,1.0,0.9,True,46,repair_event,GPT,GPT
324,324_e02,B,evaluative_discipline,0.0,0.95,True,46,repair_event,GPT,GPT
324,324_e02,B,agency_preservation,3.0,0.9,True,46,repair_event,GPT,GPT
324,324_e02,B,anchor_management,1.0,0.8,True,46,repair_event,GPT,GPT
324,324_e02,B,coregulation_uptake,2.0,0.8,True,46,repair_event,GPT,GPT
324,324_e02,B,timing_fit,3.0,0.9,True,46,repair_event,GPT,GPT
324,324_e02,B,implementation_grounding,1.0,0.9,True,46,repair_event,GPT,GPT
324,324_e02,B,cognitive_load_clarity,3.0,0.9,True,46,repair_event,GPT,GPT
324,324_e02,B,stance_integrity,4.0,0.95,True,46,repair_event,GPT,GPT
324,324_e02,B,premature_convergence_risk,0.0,1.0,True,46,repair_event,GPT,GPT
324,324_e02,B,runaway_divergence_risk,0.0,1.0,True,46,repair_event,GPT,GPT
329,329_e05,B,exploration_opening,3.0,0.8,True,92,user_agency_event,GPT,GPT
329,329_e05,B,reframing_quality,2.0,0.9,True,92,user_agency_event,GPT,GPT
329,329_e05,B,evaluative_discipline,1.0,0.7,True,92,user_agency_event,GPT,GPT
329,329_e05,B,agency_preservation,3.0,0.9,True,92,user_agency_event,GPT,GPT
329,329_e05,B,anchor_management,2.0,0.8,True,92,user_agency_event,GPT,GPT
329,329_e05,B,coregulation_uptake,4.0,0.95,True,92,user_agency_event,GPT,GPT
329,329_e05,B,timing_fit,4.0,0.9,True,92,user_agency_event,GPT,GPT
329,329_e05,B,implementation_grounding,3.0,0.9,True,92,user_agency_event,GPT,GPT
329,329_e05,B,cognitive_load_clarity,4.0,0.95,True,92,user_agency_event,GPT,GPT
329,329_e05,B,stance_integrity,4.0,0.95,True,92,user_agency_event,GPT,GPT
329,329_e05,B,premature_convergence_risk,1.0,0.8,True,92,user_agency_event,GPT,GPT
329,329_e05,B,runaway_divergence_risk,0.0,1.0,True,92,user_agency_event,GPT,GPT
334,334_e04,B,ALL,,0.0,False,101,other,GPT,GPT
338,338_e06,B,exploration_opening,3.0,0.95,True,123,repair_event,GPT,GPT
338,338_e06,B,reframing_quality,2.0,0.9,True,123,repair_event,GPT,GPT
338,338_e06,B,evaluative_discipline,1.0,0.8,True,123,repair_event,GPT,GPT
338,338_e06,B,agency_preservation,3.0,0.95,True,123,repair_event,GPT,GPT
338,338_e06,B,anchor_management,3.0,0.9,True,123,repair_event,GPT,GPT
338,338_e06,B,coregulation_uptake,4.0,1.0,True,123,repair_event,GPT,GPT
338,338_e06,B,timing_fit,4.0,1.0,True,123,repair_event,GPT,GPT
338,338_e06,B,implementation_grounding,2.0,0.8,True,123,repair_event,GPT,GPT
338,338_e06,B,cognitive_load_clarity,3.0,0.95,True,123,repair_event,GPT,GPT
338,338_e06,B,stance_integrity,4.0,1.0,True,123,repair_event,GPT,GPT
338,338_e06,B,premature_convergence_risk,0.0,1.0,True,123,repair_event,GPT,GPT
338,338_e06,B,runaway_divergence_risk,1.0,0.9,True,123,repair_event,GPT,GPT
344,344_e05,B,ALL,,0.0,False,114,other,Persona,Divergent
349,349_e05,B,exploration_opening,4.0,1.0,True,132,ideation_burst,Persona,Divergent
349,349_e05,B,reframing_quality,3.0,1.0,True,132,ideation_burst,Persona,Divergent
349,349_e05,B,evaluative_discipline,2.0,1.0,True,132,ideation_burst,Persona,Divergent
349,349_e05,B,agency_preservation,3.0,1.0,True,132,ideation_burst,Persona,Divergent
349,349_e05,B,anchor_management,3.0,1.0,True,132,ideation_burst,Persona,Divergent
349,349_e05,B,coregulation_uptake,4.0,1.0,True,132,ideation_burst,Persona,Divergent
349,349_e05,B,timing_fit,4.0,1.0,True,132,ideation_burst,Persona,Divergent
349,349_e05,B,implementation_grounding,3.0,1.0,True,132,ideation_burst,Persona,Divergent
349,349_e05,B,cognitive_load_clarity,4.0,1.0,True,132,ideation_burst,Persona,Divergent
349,349_e05,B,stance_integrity,4.0,1.0,True,132,ideation_burst,Persona,Divergent
349,349_e05,B,premature_convergence_risk,0.0,1.0,True,132,ideation_burst,Persona,Divergent
349,349_e05,B,runaway_divergence_risk,0.0,1.0,True,132,ideation_burst,Persona,Divergent
351,351_e04,B,exploration_opening,4.0,1.0,True,211,ideation_burst,Persona,Divergent
351,351_e04,B,reframing_quality,4.0,1.0,True,211,ideation_burst,Persona,Divergent
351,351_e04,B,evaluative_discipline,3.0,1.0,True,211,ideation_burst,Persona,Divergent
351,351_e04,B,agency_preservation,4.0,1.0,True,211,ideation_burst,Persona,Divergent
351,351_e04,B,anchor_management,3.0,1.0,True,211,ideation_burst,Persona,Divergent
351,351_e04,B,coregulation_uptake,4.0,1.0,True,211,ideation_burst,Persona,Divergent
351,351_e04,B,timing_fit,4.0,1.0,True,211,ideation_burst,Persona,Divergent
351,351_e04,B,implementation_grounding,3.0,1.0,True,211,ideation_burst,Persona,Divergent
351,351_e04,B,cognitive_load_clarity,4.0,1.0,True,211,ideation_burst,Persona,Divergent
351,351_e04,B,stance_integrity,4.0,1.0,True,211,ideation_burst,Persona,Divergent
351,351_e04,B,premature_convergence_risk,0.0,1.0,True,211,ideation_burst,Persona,Divergent
351,351_e04,B,runaway_divergence_risk,0.0,1.0,True,211,ideation_burst,Persona,Divergent
361,361_e03,B,ALL,,0.0,False,67,user_agency_event,Persona,Convergent
362,362_e03,B,ALL,,0.0,False,74,other,Persona,Convergent
362,362_e06,B,ALL,,0.0,False,189,other,Persona,Convergent
370,370_e01,B,ALL,,0.0,False,13,opening_frame,Persona,Convergent
372,372_e01,B,ALL,,0.0,False,13,opening_frame,Persona,Convergent
377,377_e01,B,exploration_opening,3.0,1.0,True,91,opening_frame,Persona,Convergent
377,377_e01,B,reframing_quality,3.0,1.0,True,91,opening_frame,Persona,Convergent
377,377_e01,B,evaluative_discipline,2.0,1.0,True,91,opening_frame,Persona,Convergent
377,377_e01,B,agency_preservation,4.0,1.0,True,91,opening_frame,Persona,Convergent
377,377_e01,B,anchor_management,3.0,1.0,True,91,opening_frame,Persona,Convergent
377,377_e01,B,coregulation_uptake,4.0,1.0,True,91,opening_frame,Persona,Convergent
377,377_e01,B,timing_fit,4.0,1.0,True,91,opening_frame,Persona,Convergent
377,377_e01,B,implementation_grounding,2.0,1.0,True,91,opening_frame,Persona,Convergent
377,377_e01,B,cognitive_load_clarity,4.0,1.0,True,91,opening_frame,Persona,Convergent
377,377_e01,B,stance_integrity,4.0,1.0,True,91,opening_frame,Persona,Convergent
377,377_e01,B,premature_convergence_risk,1.0,1.0,True,91,opening_frame,Persona,Convergent
377,377_e01,B,runaway_divergence_risk,0.0,1.0,True,91,opening_frame,Persona,Convergent
385,385_e03,B,exploration_opening,3.0,0.95,True,130,other,Persona,Convergent
385,385_e03,B,reframing_quality,3.0,0.95,True,130,other,Persona,Convergent
385,385_e03,B,evaluative_discipline,3.0,0.95,True,130,other,Persona,Convergent
385,385_e03,B,agency_preservation,4.0,0.95,True,130,other,Persona,Convergent
385,385_e03,B,anchor_management,3.0,0.95,True,130,other,Persona,Convergent
385,385_e03,B,coregulation_uptake,4.0,0.95,True,130,other,Persona,Convergent
385,385_e03,B,timing_fit,4.0,0.95,True,130,other,Persona,Convergent
385,385_e03,B,implementation_grounding,3.0,0.95,True,130,other,Persona,Convergent
385,385_e03,B,cognitive_load_clarity,4.0,0.95,True,130,other,Persona,Convergent
385,385_e03,B,stance_integrity,4.0,0.95,True,130,other,Persona,Convergent
385,385_e03,B,premature_convergence_risk,1.0,0.95,True,130,other,Persona,Convergent
385,385_e03,B,runaway_divergence_risk,0.0,0.95,True,130,other,Persona,Convergent
394,394_e02,B,ALL,,0.0,False,88,repair_event,GPT,GPT
399,399_e03,B,ALL,,0.0,False,75,commitment_event,GPT,GPT
416,416_e02,B,exploration_opening,4.0,0.95,True,63,user_agency_event,Persona,Divergent
416,416_e02,B,reframing_quality,4.0,0.95,True,63,user_agency_event,Persona,Divergent
416,416_e02,B,evaluative_discipline,1.0,0.8,True,63,user_agency_event,Persona,Divergent
416,416_e02,B,agency_preservation,3.0,0.9,True,63,user_agency_event,Persona,Divergent
416,416_e02,B,anchor_management,3.0,0.9,True,63,user_agency_event,Persona,Divergent
416,416_e02,B,coregulation_uptake,4.0,0.95,True,63,user_agency_event,Persona,Divergent
416,416_e02,B,timing_fit,4.0,0.95,True,63,user_agency_event,Persona,Divergent
416,416_e02,B,implementation_grounding,2.0,0.8,True,63,user_agency_event,Persona,Divergent
416,416_e02,B,cognitive_load_clarity,3.0,0.9,True,63,user_agency_event,Persona,Divergent
416,416_e02,B,stance_integrity,4.0,0.95,True,63,user_agency_event,Persona,Divergent
416,416_e02,B,premature_convergence_risk,1.0,0.8,True,63,user_agency_event,Persona,Divergent
416,416_e02,B,runaway_divergence_risk,1.0,0.9,True,63,user_agency_event,Persona,Divergent
439,439_e01,B,ALL,,0.0,False,43,opening_frame,Persona,Divergent
442,442_e03,B,ALL,,0.0,False,89,user_agency_event,Persona,Divergent
442,442_e04,B,ALL,,0.0,False,123,user_agency_event,Persona,Divergent
466,466_e04,B,ALL,,0.0,False,174,critique_event,Persona,Convergent
