conversation_id,episode_id,scorer,criterion,score_0_4,confidence_0_1,counterevidence,possible_biases,usable_for_inference,episode_word_count,episode_type,condition_original_hidden,persona_family_original_hidden
154,154_e06,C,exploration_opening,1.0,0.9,,none,True,99,commitment_event,GPT,GPT
154,154_e06,C,reframing_quality,0.0,0.9,,none,True,99,commitment_event,GPT,GPT
154,154_e06,C,evaluative_discipline,0.0,0.9,,none,True,99,commitment_event,GPT,GPT
154,154_e06,C,agency_preservation,3.0,0.9,,none,True,99,commitment_event,GPT,GPT
154,154_e06,C,anchor_management,0.0,0.9,,none,True,99,commitment_event,GPT,GPT
154,154_e06,C,coregulation_uptake,3.0,0.9,,none,True,99,commitment_event,GPT,GPT
154,154_e06,C,timing_fit,2.0,0.8,,none,True,99,commitment_event,GPT,GPT
154,154_e06,C,implementation_grounding,1.0,0.9,,none,True,99,commitment_event,GPT,GPT
154,154_e06,C,cognitive_load_clarity,3.0,0.9,,none,True,99,commitment_event,GPT,GPT
154,154_e06,C,stance_integrity,2.0,0.8,,none,True,99,commitment_event,GPT,GPT
154,154_e06,C,premature_convergence_risk,3.0,0.9,,none,True,99,commitment_event,GPT,GPT
154,154_e06,C,runaway_divergence_risk,0.0,0.9,,none,True,99,commitment_event,GPT,GPT
157,157_e04,C,exploration_opening,1.0,0.9,,none,True,142,commitment_event,GPT,GPT
157,157_e04,C,reframing_quality,0.0,0.9,,none,True,142,commitment_event,GPT,GPT
157,157_e04,C,evaluative_discipline,2.0,0.8,,none,True,142,commitment_event,GPT,GPT
157,157_e04,C,agency_preservation,3.0,0.9,,none,True,142,commitment_event,GPT,GPT
157,157_e04,C,anchor_management,1.0,0.8,,none,True,142,commitment_event,GPT,GPT
157,157_e04,C,coregulation_uptake,1.0,0.9,,none,True,142,commitment_event,GPT,GPT
157,157_e04,C,timing_fit,2.0,0.8,,none,True,142,commitment_event,GPT,GPT
157,157_e04,C,implementation_grounding,2.0,0.8,,none,True,142,commitment_event,GPT,GPT
157,157_e04,C,cognitive_load_clarity,2.0,0.8,,none,True,142,commitment_event,GPT,GPT
157,157_e04,C,stance_integrity,3.0,0.8,,none,True,142,commitment_event,GPT,GPT
157,157_e04,C,premature_convergence_risk,1.0,0.8,,none,True,142,commitment_event,GPT,GPT
157,157_e04,C,runaway_divergence_risk,0.0,0.9,,none,True,142,commitment_event,GPT,GPT
160,160_e01,C,exploration_opening,1.0,0.9,,none,True,43,opening_frame,GPT,GPT
160,160_e01,C,reframing_quality,0.0,0.9,,none,True,43,opening_frame,GPT,GPT
160,160_e01,C,evaluative_discipline,,1.0,,none,False,43,opening_frame,GPT,GPT
160,160_e01,C,agency_preservation,3.0,0.9,,none,True,43,opening_frame,GPT,GPT
160,160_e01,C,anchor_management,,1.0,,none,False,43,opening_frame,GPT,GPT
160,160_e01,C,coregulation_uptake,3.0,0.9,,none,True,43,opening_frame,GPT,GPT
160,160_e01,C,timing_fit,3.0,0.9,,none,True,43,opening_frame,GPT,GPT
160,160_e01,C,implementation_grounding,0.0,0.9,,none,True,43,opening_frame,GPT,GPT
160,160_e01,C,cognitive_load_clarity,3.0,0.9,,none,True,43,opening_frame,GPT,GPT
160,160_e01,C,stance_integrity,3.0,0.9,,none,True,43,opening_frame,GPT,GPT
160,160_e01,C,premature_convergence_risk,0.0,0.9,,none,True,43,opening_frame,GPT,GPT
160,160_e01,C,runaway_divergence_risk,0.0,0.9,,none,True,43,opening_frame,GPT,GPT
167,167_e03,C,exploration_opening,2.0,0.9,,none,True,168,commitment_event,Persona,Convergent
167,167_e03,C,reframing_quality,2.0,0.8,,none,True,168,commitment_event,Persona,Convergent
167,167_e03,C,evaluative_discipline,2.0,0.8,,none,True,168,commitment_event,Persona,Convergent
167,167_e03,C,agency_preservation,3.0,0.9,,none,True,168,commitment_event,Persona,Convergent
167,167_e03,C,anchor_management,2.0,0.8,,none,True,168,commitment_event,Persona,Convergent
167,167_e03,C,coregulation_uptake,3.0,0.9,,none,True,168,commitment_event,Persona,Convergent
167,167_e03,C,timing_fit,3.0,0.9,,none,True,168,commitment_event,Persona,Convergent
167,167_e03,C,implementation_grounding,2.0,0.8,,none,True,168,commitment_event,Persona,Convergent
167,167_e03,C,cognitive_load_clarity,3.0,0.9,,none,True,168,commitment_event,Persona,Convergent
167,167_e03,C,stance_integrity,3.0,0.9,,none,True,168,commitment_event,Persona,Convergent
167,167_e03,C,premature_convergence_risk,1.0,0.8,,none,True,168,commitment_event,Persona,Convergent
167,167_e03,C,runaway_divergence_risk,0.0,0.9,,none,True,168,commitment_event,Persona,Convergent
169,169_e03,C,exploration_opening,2.0,0.9,,none,True,213,other,Persona,Convergent
169,169_e03,C,reframing_quality,1.0,0.8,,none,True,213,other,Persona,Convergent
169,169_e03,C,evaluative_discipline,1.0,0.8,,none,True,213,other,Persona,Convergent
169,169_e03,C,agency_preservation,3.0,0.9,,none,True,213,other,Persona,Convergent
169,169_e03,C,anchor_management,2.0,0.8,,none,True,213,other,Persona,Convergent
169,169_e03,C,coregulation_uptake,4.0,0.9,,none,True,213,other,Persona,Convergent
169,169_e03,C,timing_fit,3.0,0.9,,none,True,213,other,Persona,Convergent
169,169_e03,C,implementation_grounding,2.0,0.8,,none,True,213,other,Persona,Convergent
169,169_e03,C,cognitive_load_clarity,3.0,0.9,,none,True,213,other,Persona,Convergent
169,169_e03,C,stance_integrity,3.0,0.9,,none,True,213,other,Persona,Convergent
169,169_e03,C,premature_convergence_risk,1.0,0.8,,none,True,213,other,Persona,Convergent
169,169_e03,C,runaway_divergence_risk,0.0,0.9,,none,True,213,other,Persona,Convergent
171,171_e05,C,exploration_opening,2.0,0.9,,none,True,115,anchor_return,Persona,Convergent
171,171_e05,C,reframing_quality,1.0,0.8,,none,True,115,anchor_return,Persona,Convergent
171,171_e05,C,evaluative_discipline,1.0,0.8,,none,True,115,anchor_return,Persona,Convergent
171,171_e05,C,agency_preservation,3.0,0.9,,none,True,115,anchor_return,Persona,Convergent
171,171_e05,C,anchor_management,2.0,0.8,,none,True,115,anchor_return,Persona,Convergent
171,171_e05,C,coregulation_uptake,3.0,0.9,,none,True,115,anchor_return,Persona,Convergent
171,171_e05,C,timing_fit,3.0,0.9,,none,True,115,anchor_return,Persona,Convergent
171,171_e05,C,implementation_grounding,2.0,0.8,,none,True,115,anchor_return,Persona,Convergent
171,171_e05,C,cognitive_load_clarity,3.0,0.9,,none,True,115,anchor_return,Persona,Convergent
171,171_e05,C,stance_integrity,3.0,0.9,,none,True,115,anchor_return,Persona,Convergent
171,171_e05,C,premature_convergence_risk,1.0,0.8,,none,True,115,anchor_return,Persona,Convergent
171,171_e05,C,runaway_divergence_risk,1.0,0.8,,none,True,115,anchor_return,Persona,Convergent
184,184_e03,C,exploration_opening,2.0,0.9,,none,True,67,repair_event,GPT,GPT
184,184_e03,C,reframing_quality,1.0,0.8,,none,True,67,repair_event,GPT,GPT
184,184_e03,C,evaluative_discipline,0.0,0.9,,none,True,67,repair_event,GPT,GPT
184,184_e03,C,agency_preservation,3.0,0.9,,none,True,67,repair_event,GPT,GPT
184,184_e03,C,anchor_management,1.0,0.8,,none,True,67,repair_event,GPT,GPT
184,184_e03,C,coregulation_uptake,3.0,0.9,,none,True,67,repair_event,GPT,GPT
184,184_e03,C,timing_fit,3.0,0.9,,none,True,67,repair_event,GPT,GPT
184,184_e03,C,implementation_grounding,2.0,0.8,,none,True,67,repair_event,GPT,GPT
184,184_e03,C,cognitive_load_clarity,3.0,0.9,,none,True,67,repair_event,GPT,GPT
184,184_e03,C,stance_integrity,3.0,0.9,,none,True,67,repair_event,GPT,GPT
184,184_e03,C,premature_convergence_risk,1.0,0.8,,none,True,67,repair_event,GPT,GPT
184,184_e03,C,runaway_divergence_risk,0.0,0.9,,none,True,67,repair_event,GPT,GPT
184,184_e05,C,exploration_opening,2.0,0.9,,none,True,81,repair_event,GPT,GPT
184,184_e05,C,reframing_quality,1.0,0.8,,none,True,81,repair_event,GPT,GPT
184,184_e05,C,evaluative_discipline,1.0,0.9,,none,True,81,repair_event,GPT,GPT
184,184_e05,C,agency_preservation,3.0,0.9,,none,True,81,repair_event,GPT,GPT
184,184_e05,C,anchor_management,2.0,0.8,,none,True,81,repair_event,GPT,GPT
184,184_e05,C,coregulation_uptake,3.0,0.9,,none,True,81,repair_event,GPT,GPT
184,184_e05,C,timing_fit,3.0,0.9,,none,True,81,repair_event,GPT,GPT
184,184_e05,C,implementation_grounding,2.0,0.8,,none,True,81,repair_event,GPT,GPT
184,184_e05,C,cognitive_load_clarity,3.0,0.9,,none,True,81,repair_event,GPT,GPT
184,184_e05,C,stance_integrity,3.0,0.9,,none,True,81,repair_event,GPT,GPT
184,184_e05,C,premature_convergence_risk,0.0,0.8,,none,True,81,repair_event,GPT,GPT
184,184_e05,C,runaway_divergence_risk,0.0,0.8,,none,True,81,repair_event,GPT,GPT
199,199_e01,C,exploration_opening,2.0,0.9,,none,True,43,opening_frame,Persona,BoundedRational
199,199_e01,C,reframing_quality,0.0,0.9,,none,True,43,opening_frame,Persona,BoundedRational
199,199_e01,C,evaluative_discipline,,1.0,,none,False,43,opening_frame,Persona,BoundedRational
199,199_e01,C,agency_preservation,3.0,0.9,,none,True,43,opening_frame,Persona,BoundedRational
199,199_e01,C,anchor_management,,1.0,,none,False,43,opening_frame,Persona,BoundedRational
199,199_e01,C,coregulation_uptake,3.0,0.9,,none,True,43,opening_frame,Persona,BoundedRational
199,199_e01,C,timing_fit,3.0,0.9,,none,True,43,opening_frame,Persona,BoundedRational
199,199_e01,C,implementation_grounding,0.0,0.9,,none,True,43,opening_frame,Persona,BoundedRational
199,199_e01,C,cognitive_load_clarity,3.0,0.9,,none,True,43,opening_frame,Persona,BoundedRational
199,199_e01,C,stance_integrity,3.0,0.9,,none,True,43,opening_frame,Persona,BoundedRational
199,199_e01,C,premature_convergence_risk,0.0,0.9,,none,True,43,opening_frame,Persona,BoundedRational
199,199_e01,C,runaway_divergence_risk,0.0,0.9,,none,True,43,opening_frame,Persona,BoundedRational
199,199_e03,C,exploration_opening,2.0,0.9,,none,True,81,implementation_grounding_event,Persona,BoundedRational
199,199_e03,C,reframing_quality,2.0,0.8,,none,True,81,implementation_grounding_event,Persona,BoundedRational
199,199_e03,C,evaluative_discipline,,1.0,,none,False,81,implementation_grounding_event,Persona,BoundedRational
199,199_e03,C,agency_preservation,4.0,0.9,,none,True,81,implementation_grounding_event,Persona,BoundedRational
199,199_e03,C,anchor_management,2.0,0.8,,none,True,81,implementation_grounding_event,Persona,BoundedRational
199,199_e03,C,coregulation_uptake,4.0,0.9,,none,True,81,implementation_grounding_event,Persona,BoundedRational
199,199_e03,C,timing_fit,3.0,0.9,,none,True,81,implementation_grounding_event,Persona,BoundedRational
199,199_e03,C,implementation_grounding,3.0,0.9,,none,True,81,implementation_grounding_event,Persona,BoundedRational
199,199_e03,C,cognitive_load_clarity,3.0,0.9,,none,True,81,implementation_grounding_event,Persona,BoundedRational
199,199_e03,C,stance_integrity,3.0,0.9,,none,True,81,implementation_grounding_event,Persona,BoundedRational
199,199_e03,C,premature_convergence_risk,0.0,0.9,,none,True,81,implementation_grounding_event,Persona,BoundedRational
199,199_e03,C,runaway_divergence_risk,0.0,0.9,,none,True,81,implementation_grounding_event,Persona,BoundedRational
201,201_e07,C,exploration_opening,2.0,0.9,,none,True,112,ideation_burst,Persona,BoundedRational
201,201_e07,C,reframing_quality,1.0,0.9,,none,True,112,ideation_burst,Persona,BoundedRational
201,201_e07,C,evaluative_discipline,0.0,0.9,,none,True,112,ideation_burst,Persona,BoundedRational
201,201_e07,C,agency_preservation,3.0,0.9,,none,True,112,ideation_burst,Persona,BoundedRational
201,201_e07,C,anchor_management,1.0,0.8,,none,True,112,ideation_burst,Persona,BoundedRational
201,201_e07,C,coregulation_uptake,3.0,0.9,,none,True,112,ideation_burst,Persona,BoundedRational
201,201_e07,C,timing_fit,3.0,0.9,,none,True,112,ideation_burst,Persona,BoundedRational
201,201_e07,C,implementation_grounding,2.0,0.8,,none,True,112,ideation_burst,Persona,BoundedRational
201,201_e07,C,cognitive_load_clarity,3.0,0.9,,none,True,112,ideation_burst,Persona,BoundedRational
201,201_e07,C,stance_integrity,3.0,0.9,,none,True,112,ideation_burst,Persona,BoundedRational
201,201_e07,C,premature_convergence_risk,0.0,0.9,,none,True,112,ideation_burst,Persona,BoundedRational
201,201_e07,C,runaway_divergence_risk,1.0,0.9,,none,True,112,ideation_burst,Persona,BoundedRational
203,203_e02,C,exploration_opening,2.0,0.9,,none,True,142,commitment_event,Persona,BoundedRational
203,203_e02,C,reframing_quality,2.0,0.8,,none,True,142,commitment_event,Persona,BoundedRational
203,203_e02,C,evaluative_discipline,1.0,0.8,,none,True,142,commitment_event,Persona,BoundedRational
203,203_e02,C,agency_preservation,3.0,0.9,,none,True,142,commitment_event,Persona,BoundedRational
203,203_e02,C,anchor_management,2.0,0.8,,none,True,142,commitment_event,Persona,BoundedRational
203,203_e02,C,coregulation_uptake,3.0,0.9,,none,True,142,commitment_event,Persona,BoundedRational
203,203_e02,C,timing_fit,3.0,0.9,,none,True,142,commitment_event,Persona,BoundedRational
203,203_e02,C,implementation_grounding,2.0,0.8,,none,True,142,commitment_event,Persona,BoundedRational
203,203_e02,C,cognitive_load_clarity,3.0,0.9,,none,True,142,commitment_event,Persona,BoundedRational
203,203_e02,C,stance_integrity,3.0,0.9,,none,True,142,commitment_event,Persona,BoundedRational
203,203_e02,C,premature_convergence_risk,1.0,0.8,,none,True,142,commitment_event,Persona,BoundedRational
203,203_e02,C,runaway_divergence_risk,0.0,0.9,,none,True,142,commitment_event,Persona,BoundedRational
204,204_e02,C,exploration_opening,2.0,0.9,,none,True,150,ideation_burst,Persona,BoundedRational
204,204_e02,C,reframing_quality,1.0,0.8,,none,True,150,ideation_burst,Persona,BoundedRational
204,204_e02,C,evaluative_discipline,1.0,0.8,,none,True,150,ideation_burst,Persona,BoundedRational
204,204_e02,C,agency_preservation,3.0,0.9,,none,True,150,ideation_burst,Persona,BoundedRational
204,204_e02,C,anchor_management,0.0,0.9,,none,True,150,ideation_burst,Persona,BoundedRational
204,204_e02,C,coregulation_uptake,3.0,0.9,,none,True,150,ideation_burst,Persona,BoundedRational
204,204_e02,C,timing_fit,3.0,0.9,,none,True,150,ideation_burst,Persona,BoundedRational
204,204_e02,C,implementation_grounding,2.0,0.9,,none,True,150,ideation_burst,Persona,BoundedRational
204,204_e02,C,cognitive_load_clarity,3.0,0.9,,none,True,150,ideation_burst,Persona,BoundedRational
204,204_e02,C,stance_integrity,3.0,0.9,,none,True,150,ideation_burst,Persona,BoundedRational
204,204_e02,C,premature_convergence_risk,2.0,0.8,,none,True,150,ideation_burst,Persona,BoundedRational
204,204_e02,C,runaway_divergence_risk,0.0,0.9,,none,True,150,ideation_burst,Persona,BoundedRational
204,204_e04,C,exploration_opening,3.0,0.9,,none,True,132,other,Persona,BoundedRational
204,204_e04,C,reframing_quality,3.0,0.9,,none,True,132,other,Persona,BoundedRational
204,204_e04,C,evaluative_discipline,,1.0,,none,False,132,other,Persona,BoundedRational
204,204_e04,C,agency_preservation,3.0,0.9,,none,True,132,other,Persona,BoundedRational
204,204_e04,C,anchor_management,3.0,0.8,,none,True,132,other,Persona,BoundedRational
204,204_e04,C,coregulation_uptake,4.0,0.9,,none,True,132,other,Persona,BoundedRational
204,204_e04,C,timing_fit,3.0,0.8,,none,True,132,other,Persona,BoundedRational
204,204_e04,C,implementation_grounding,1.0,0.8,,none,True,132,other,Persona,BoundedRational
204,204_e04,C,cognitive_load_clarity,3.0,0.9,,none,True,132,other,Persona,BoundedRational
204,204_e04,C,stance_integrity,3.0,0.9,,none,True,132,other,Persona,BoundedRational
204,204_e04,C,premature_convergence_risk,0.0,0.9,,none,True,132,other,Persona,BoundedRational
204,204_e04,C,runaway_divergence_risk,1.0,0.8,,none,True,132,other,Persona,BoundedRational
217,217_e02,C,exploration_opening,2.0,0.9,,none,True,179,reframe_event,Persona,Rational
217,217_e02,C,reframing_quality,2.0,0.8,,none,True,179,reframe_event,Persona,Rational
217,217_e02,C,evaluative_discipline,3.0,0.9,,none,True,179,reframe_event,Persona,Rational
217,217_e02,C,agency_preservation,4.0,0.9,,none,True,179,reframe_event,Persona,Rational
217,217_e02,C,anchor_management,3.0,0.8,,none,True,179,reframe_event,Persona,Rational
217,217_e02,C,coregulation_uptake,3.0,0.9,,none,True,179,reframe_event,Persona,Rational
217,217_e02,C,timing_fit,4.0,0.9,,none,True,179,reframe_event,Persona,Rational
217,217_e02,C,implementation_grounding,3.0,0.9,,none,True,179,reframe_event,Persona,Rational
217,217_e02,C,cognitive_load_clarity,3.0,0.9,,none,True,179,reframe_event,Persona,Rational
217,217_e02,C,stance_integrity,3.0,0.9,,none,True,179,reframe_event,Persona,Rational
217,217_e02,C,premature_convergence_risk,0.0,0.9,,none,True,179,reframe_event,Persona,Rational
217,217_e02,C,runaway_divergence_risk,0.0,0.9,,none,True,179,reframe_event,Persona,Rational
218,218_e02,C,exploration_opening,2.0,0.9,,none,True,173,other,Persona,Rational
218,218_e02,C,reframing_quality,2.0,0.8,,none,True,173,other,Persona,Rational
218,218_e02,C,evaluative_discipline,,1.0,,none,False,173,other,Persona,Rational
218,218_e02,C,agency_preservation,3.0,0.9,,none,True,173,other,Persona,Rational
218,218_e02,C,anchor_management,2.0,0.8,,none,True,173,other,Persona,Rational
218,218_e02,C,coregulation_uptake,4.0,0.9,,none,True,173,other,Persona,Rational
218,218_e02,C,timing_fit,3.0,0.9,,none,True,173,other,Persona,Rational
218,218_e02,C,implementation_grounding,2.0,0.8,,none,True,173,other,Persona,Rational
218,218_e02,C,cognitive_load_clarity,3.0,0.9,,none,True,173,other,Persona,Rational
218,218_e02,C,stance_integrity,3.0,0.9,,none,True,173,other,Persona,Rational
218,218_e02,C,premature_convergence_risk,0.0,0.8,,none,True,173,other,Persona,Rational
218,218_e02,C,runaway_divergence_risk,0.0,0.8,,none,True,173,other,Persona,Rational
218,218_e03,C,exploration_opening,2.0,0.9,,none,True,123,ideation_burst,Persona,Rational
218,218_e03,C,reframing_quality,1.0,0.9,,none,True,123,ideation_burst,Persona,Rational
218,218_e03,C,evaluative_discipline,2.0,0.8,,none,True,123,ideation_burst,Persona,Rational
218,218_e03,C,agency_preservation,3.0,0.9,,none,True,123,ideation_burst,Persona,Rational
218,218_e03,C,anchor_management,1.0,0.8,,none,True,123,ideation_burst,Persona,Rational
218,218_e03,C,coregulation_uptake,3.0,0.9,,none,True,123,ideation_burst,Persona,Rational
218,218_e03,C,timing_fit,3.0,0.9,,none,True,123,ideation_burst,Persona,Rational
218,218_e03,C,implementation_grounding,2.0,0.8,,none,True,123,ideation_burst,Persona,Rational
218,218_e03,C,cognitive_load_clarity,3.0,0.9,,none,True,123,ideation_burst,Persona,Rational
218,218_e03,C,stance_integrity,3.0,0.9,,none,True,123,ideation_burst,Persona,Rational
218,218_e03,C,premature_convergence_risk,1.0,0.8,,none,True,123,ideation_burst,Persona,Rational
218,218_e03,C,runaway_divergence_risk,1.0,0.8,,none,True,123,ideation_burst,Persona,Rational
219,219_e04,C,exploration_opening,2.0,0.9,,none,True,73,user_agency_event,Persona,Rational
219,219_e04,C,reframing_quality,2.0,0.8,,none,True,73,user_agency_event,Persona,Rational
219,219_e04,C,evaluative_discipline,1.0,0.9,,none,True,73,user_agency_event,Persona,Rational
219,219_e04,C,agency_preservation,3.0,0.9,,none,True,73,user_agency_event,Persona,Rational
219,219_e04,C,anchor_management,2.0,0.8,,none,True,73,user_agency_event,Persona,Rational
219,219_e04,C,coregulation_uptake,3.0,0.9,,none,True,73,user_agency_event,Persona,Rational
219,219_e04,C,timing_fit,3.0,0.9,,none,True,73,user_agency_event,Persona,Rational
219,219_e04,C,implementation_grounding,2.0,0.8,,none,True,73,user_agency_event,Persona,Rational
219,219_e04,C,cognitive_load_clarity,3.0,0.9,,none,True,73,user_agency_event,Persona,Rational
219,219_e04,C,stance_integrity,3.0,0.9,,none,True,73,user_agency_event,Persona,Rational
219,219_e04,C,premature_convergence_risk,0.0,0.9,,none,True,73,user_agency_event,Persona,Rational
219,219_e04,C,runaway_divergence_risk,1.0,0.8,,none,True,73,user_agency_event,Persona,Rational
220,220_e03,C,exploration_opening,3.0,0.9,,none,True,135,other,Persona,Rational
220,220_e03,C,reframing_quality,2.0,0.8,,none,True,135,other,Persona,Rational
220,220_e03,C,evaluative_discipline,3.0,0.9,,none,True,135,other,Persona,Rational
220,220_e03,C,agency_preservation,3.0,0.9,,none,True,135,other,Persona,Rational
220,220_e03,C,anchor_management,2.0,0.8,,none,True,135,other,Persona,Rational
220,220_e03,C,coregulation_uptake,3.0,0.9,,none,True,135,other,Persona,Rational
220,220_e03,C,timing_fit,3.0,0.9,,none,True,135,other,Persona,Rational
220,220_e03,C,implementation_grounding,2.0,0.8,,none,True,135,other,Persona,Rational
220,220_e03,C,cognitive_load_clarity,3.0,0.9,,none,True,135,other,Persona,Rational
220,220_e03,C,stance_integrity,3.0,0.9,,none,True,135,other,Persona,Rational
220,220_e03,C,premature_convergence_risk,0.0,0.9,,none,True,135,other,Persona,Rational
220,220_e03,C,runaway_divergence_risk,1.0,0.9,,none,True,135,other,Persona,Rational
221,221_e07,C,exploration_opening,2.0,0.9,,none,True,102,ideation_burst,Persona,Rational
221,221_e07,C,reframing_quality,1.0,0.9,,none,True,102,ideation_burst,Persona,Rational
221,221_e07,C,evaluative_discipline,0.0,0.9,,none,True,102,ideation_burst,Persona,Rational
221,221_e07,C,agency_preservation,3.0,0.9,,none,True,102,ideation_burst,Persona,Rational
221,221_e07,C,anchor_management,1.0,0.8,,none,True,102,ideation_burst,Persona,Rational
221,221_e07,C,coregulation_uptake,3.0,0.9,,none,True,102,ideation_burst,Persona,Rational
221,221_e07,C,timing_fit,3.0,0.9,,none,True,102,ideation_burst,Persona,Rational
221,221_e07,C,implementation_grounding,2.0,0.8,,none,True,102,ideation_burst,Persona,Rational
221,221_e07,C,cognitive_load_clarity,3.0,0.9,,none,True,102,ideation_burst,Persona,Rational
221,221_e07,C,stance_integrity,3.0,0.9,,none,True,102,ideation_burst,Persona,Rational
221,221_e07,C,premature_convergence_risk,1.0,0.8,,none,True,102,ideation_burst,Persona,Rational
221,221_e07,C,runaway_divergence_risk,0.0,0.9,,none,True,102,ideation_burst,Persona,Rational
227,227_e06,C,exploration_opening,1.0,0.9,,none,True,170,user_agency_event,GPT,GPT
227,227_e06,C,reframing_quality,0.0,0.9,,none,True,170,user_agency_event,GPT,GPT
227,227_e06,C,evaluative_discipline,0.0,0.9,,none,True,170,user_agency_event,GPT,GPT
227,227_e06,C,agency_preservation,3.0,0.9,,none,True,170,user_agency_event,GPT,GPT
227,227_e06,C,anchor_management,0.0,0.9,,none,True,170,user_agency_event,GPT,GPT
227,227_e06,C,coregulation_uptake,1.0,0.9,,none,True,170,user_agency_event,GPT,GPT
227,227_e06,C,timing_fit,1.0,0.8,,none,True,170,user_agency_event,GPT,GPT
227,227_e06,C,implementation_grounding,1.0,0.9,,none,True,170,user_agency_event,GPT,GPT
227,227_e06,C,cognitive_load_clarity,1.0,0.9,,none,True,170,user_agency_event,GPT,GPT
227,227_e06,C,stance_integrity,0.0,0.9,,none,True,170,user_agency_event,GPT,GPT
227,227_e06,C,premature_convergence_risk,0.0,0.8,,none,True,170,user_agency_event,GPT,GPT
227,227_e06,C,runaway_divergence_risk,3.0,0.9,,none,True,170,user_agency_event,GPT,GPT
296,296_e05,C,exploration_opening,1.0,0.9,,none,True,68,other,Persona,Divergent
296,296_e05,C,reframing_quality,0.0,0.9,,none,True,68,other,Persona,Divergent
296,296_e05,C,evaluative_discipline,0.0,0.9,,none,True,68,other,Persona,Divergent
296,296_e05,C,agency_preservation,2.0,0.8,,none,True,68,other,Persona,Divergent
296,296_e05,C,anchor_management,0.0,0.9,,none,True,68,other,Persona,Divergent
296,296_e05,C,coregulation_uptake,2.0,0.8,,none,True,68,other,Persona,Divergent
296,296_e05,C,timing_fit,2.0,0.8,,none,True,68,other,Persona,Divergent
296,296_e05,C,implementation_grounding,1.0,0.8,,none,True,68,other,Persona,Divergent
296,296_e05,C,cognitive_load_clarity,3.0,0.9,,none,True,68,other,Persona,Divergent
296,296_e05,C,stance_integrity,2.0,0.8,,none,True,68,other,Persona,Divergent
296,296_e05,C,premature_convergence_risk,2.0,0.8,,none,True,68,other,Persona,Divergent
296,296_e05,C,runaway_divergence_risk,0.0,0.9,,none,True,68,other,Persona,Divergent
297,297_e01,C,exploration_opening,3.0,0.9,,none,True,80,opening_frame,Persona,Divergent
297,297_e01,C,reframing_quality,2.0,0.8,,none,True,80,opening_frame,Persona,Divergent
297,297_e01,C,evaluative_discipline,,1.0,,none,False,80,opening_frame,Persona,Divergent
297,297_e01,C,agency_preservation,3.0,0.9,,none,True,80,opening_frame,Persona,Divergent
297,297_e01,C,anchor_management,3.0,0.8,,none,True,80,opening_frame,Persona,Divergent
297,297_e01,C,coregulation_uptake,3.0,0.9,,none,True,80,opening_frame,Persona,Divergent
297,297_e01,C,timing_fit,3.0,0.9,,none,True,80,opening_frame,Persona,Divergent
297,297_e01,C,implementation_grounding,1.0,0.8,,none,True,80,opening_frame,Persona,Divergent
297,297_e01,C,cognitive_load_clarity,3.0,0.9,,none,True,80,opening_frame,Persona,Divergent
297,297_e01,C,stance_integrity,3.0,0.9,,none,True,80,opening_frame,Persona,Divergent
297,297_e01,C,premature_convergence_risk,0.0,0.9,,none,True,80,opening_frame,Persona,Divergent
297,297_e01,C,runaway_divergence_risk,1.0,0.8,,none,True,80,opening_frame,Persona,Divergent
298,298_e05,C,exploration_opening,3.0,0.9,,none,True,188,ideation_burst,Persona,Divergent
298,298_e05,C,reframing_quality,2.0,0.8,,none,True,188,ideation_burst,Persona,Divergent
298,298_e05,C,evaluative_discipline,1.0,0.8,,none,True,188,ideation_burst,Persona,Divergent
298,298_e05,C,agency_preservation,3.0,0.9,,none,True,188,ideation_burst,Persona,Divergent
298,298_e05,C,anchor_management,2.0,0.8,,none,True,188,ideation_burst,Persona,Divergent
298,298_e05,C,coregulation_uptake,4.0,0.9,,none,True,188,ideation_burst,Persona,Divergent
298,298_e05,C,timing_fit,3.0,0.8,,none,True,188,ideation_burst,Persona,Divergent
298,298_e05,C,implementation_grounding,2.0,0.8,,none,True,188,ideation_burst,Persona,Divergent
298,298_e05,C,cognitive_load_clarity,3.0,0.9,,none,True,188,ideation_burst,Persona,Divergent
298,298_e05,C,stance_integrity,3.0,0.9,,none,True,188,ideation_burst,Persona,Divergent
298,298_e05,C,premature_convergence_risk,2.0,0.7,,none,True,188,ideation_burst,Persona,Divergent
298,298_e05,C,runaway_divergence_risk,1.0,0.8,,none,True,188,ideation_burst,Persona,Divergent
299,299_e02,C,exploration_opening,4.0,0.9,,none,True,116,repair_event,Persona,Divergent
299,299_e02,C,reframing_quality,3.0,0.9,,none,True,116,repair_event,Persona,Divergent
299,299_e02,C,evaluative_discipline,,1.0,,none,False,116,repair_event,Persona,Divergent
299,299_e02,C,agency_preservation,4.0,0.9,,none,True,116,repair_event,Persona,Divergent
299,299_e02,C,anchor_management,3.0,0.8,,none,True,116,repair_event,Persona,Divergent
299,299_e02,C,coregulation_uptake,4.0,0.9,,none,True,116,repair_event,Persona,Divergent
299,299_e02,C,timing_fit,4.0,0.9,,none,True,116,repair_event,Persona,Divergent
299,299_e02,C,implementation_grounding,2.0,0.8,,none,True,116,repair_event,Persona,Divergent
299,299_e02,C,cognitive_load_clarity,3.0,0.9,,none,True,116,repair_event,Persona,Divergent
299,299_e02,C,stance_integrity,3.0,0.9,,none,True,116,repair_event,Persona,Divergent
299,299_e02,C,premature_convergence_risk,0.0,0.9,,none,True,116,repair_event,Persona,Divergent
299,299_e02,C,runaway_divergence_risk,1.0,0.8,,none,True,116,repair_event,Persona,Divergent
299,299_e04,C,exploration_opening,2.0,0.9,,none,True,139,commitment_event,Persona,Divergent
299,299_e04,C,reframing_quality,1.0,0.8,,none,True,139,commitment_event,Persona,Divergent
299,299_e04,C,evaluative_discipline,,1.0,,none,False,139,commitment_event,Persona,Divergent
299,299_e04,C,agency_preservation,3.0,0.9,,none,True,139,commitment_event,Persona,Divergent
299,299_e04,C,anchor_management,1.0,0.8,,none,True,139,commitment_event,Persona,Divergent
299,299_e04,C,coregulation_uptake,3.0,0.9,,none,True,139,commitment_event,Persona,Divergent
299,299_e04,C,timing_fit,3.0,0.9,,none,True,139,commitment_event,Persona,Divergent
299,299_e04,C,implementation_grounding,2.0,0.8,,none,True,139,commitment_event,Persona,Divergent
299,299_e04,C,cognitive_load_clarity,3.0,0.9,,none,True,139,commitment_event,Persona,Divergent
299,299_e04,C,stance_integrity,3.0,0.9,,none,True,139,commitment_event,Persona,Divergent
299,299_e04,C,premature_convergence_risk,0.0,0.8,,none,True,139,commitment_event,Persona,Divergent
299,299_e04,C,runaway_divergence_risk,0.0,0.8,,none,True,139,commitment_event,Persona,Divergent
304,304_e10,C,exploration_opening,1.0,0.9,,none,True,81,repair_event,GPT,GPT
304,304_e10,C,reframing_quality,0.0,0.9,,none,True,81,repair_event,GPT,GPT
304,304_e10,C,evaluative_discipline,0.0,0.9,,none,True,81,repair_event,GPT,GPT
304,304_e10,C,agency_preservation,1.0,0.8,,none,True,81,repair_event,GPT,GPT
304,304_e10,C,anchor_management,0.0,0.9,,none,True,81,repair_event,GPT,GPT
304,304_e10,C,coregulation_uptake,1.0,0.8,,none,True,81,repair_event,GPT,GPT
304,304_e10,C,timing_fit,1.0,0.8,,none,True,81,repair_event,GPT,GPT
304,304_e10,C,implementation_grounding,1.0,0.9,,none,True,81,repair_event,GPT,GPT
304,304_e10,C,cognitive_load_clarity,2.0,0.8,,none,True,81,repair_event,GPT,GPT
304,304_e10,C,stance_integrity,0.0,0.8,,none,True,81,repair_event,GPT,GPT
304,304_e10,C,premature_convergence_risk,2.0,0.7,,none,True,81,repair_event,GPT,GPT
304,304_e10,C,runaway_divergence_risk,0.0,0.9,,none,True,81,repair_event,GPT,GPT
316,316_e05,C,exploration_opening,2.0,0.9,,none,True,82,other,Persona,Convergent
316,316_e05,C,reframing_quality,1.0,0.8,,none,True,82,other,Persona,Convergent
316,316_e05,C,evaluative_discipline,1.0,0.8,,none,True,82,other,Persona,Convergent
316,316_e05,C,agency_preservation,3.0,0.9,,none,True,82,other,Persona,Convergent
316,316_e05,C,anchor_management,1.0,0.8,,none,True,82,other,Persona,Convergent
316,316_e05,C,coregulation_uptake,3.0,0.9,,none,True,82,other,Persona,Convergent
316,316_e05,C,timing_fit,3.0,0.8,,none,True,82,other,Persona,Convergent
316,316_e05,C,implementation_grounding,2.0,0.8,,none,True,82,other,Persona,Convergent
316,316_e05,C,cognitive_load_clarity,3.0,0.9,,none,True,82,other,Persona,Convergent
316,316_e05,C,stance_integrity,3.0,0.8,,none,True,82,other,Persona,Convergent
316,316_e05,C,premature_convergence_risk,1.0,0.7,,none,True,82,other,Persona,Convergent
316,316_e05,C,runaway_divergence_risk,0.0,0.9,,none,True,82,other,Persona,Convergent
321,321_e03,C,exploration_opening,1.0,0.9,,none,True,83,other,GPT,GPT
321,321_e03,C,reframing_quality,0.0,0.9,,none,True,83,other,GPT,GPT
321,321_e03,C,evaluative_discipline,0.0,0.9,,none,True,83,other,GPT,GPT
321,321_e03,C,agency_preservation,3.0,0.9,,none,True,83,other,GPT,GPT
321,321_e03,C,anchor_management,0.0,0.9,,none,True,83,other,GPT,GPT
321,321_e03,C,coregulation_uptake,3.0,0.9,,none,True,83,other,GPT,GPT
321,321_e03,C,timing_fit,2.0,0.8,,none,True,83,other,GPT,GPT
321,321_e03,C,implementation_grounding,1.0,0.9,,none,True,83,other,GPT,GPT
321,321_e03,C,cognitive_load_clarity,3.0,0.9,,none,True,83,other,GPT,GPT
321,321_e03,C,stance_integrity,2.0,0.8,,none,True,83,other,GPT,GPT
321,321_e03,C,premature_convergence_risk,1.0,0.8,,none,True,83,other,GPT,GPT
321,321_e03,C,runaway_divergence_risk,0.0,0.9,,none,True,83,other,GPT,GPT
324,324_e02,C,exploration_opening,2.0,0.9,,none,True,46,repair_event,GPT,GPT
324,324_e02,C,reframing_quality,0.0,0.9,,none,True,46,repair_event,GPT,GPT
324,324_e02,C,evaluative_discipline,0.0,0.9,,none,True,46,repair_event,GPT,GPT
324,324_e02,C,agency_preservation,1.0,0.8,,none,True,46,repair_event,GPT,GPT
324,324_e02,C,anchor_management,0.0,0.9,,none,True,46,repair_event,GPT,GPT
324,324_e02,C,coregulation_uptake,1.0,0.8,,none,True,46,repair_event,GPT,GPT
324,324_e02,C,timing_fit,2.0,0.8,,none,True,46,repair_event,GPT,GPT
324,324_e02,C,implementation_grounding,1.0,0.9,,none,True,46,repair_event,GPT,GPT
324,324_e02,C,cognitive_load_clarity,2.0,0.9,,none,True,46,repair_event,GPT,GPT
324,324_e02,C,stance_integrity,0.0,0.8,,none,True,46,repair_event,GPT,GPT
324,324_e02,C,premature_convergence_risk,2.0,0.8,,none,True,46,repair_event,GPT,GPT
324,324_e02,C,runaway_divergence_risk,0.0,0.9,,none,True,46,repair_event,GPT,GPT
329,329_e05,C,exploration_opening,1.0,0.9,,none,True,92,user_agency_event,GPT,GPT
329,329_e05,C,reframing_quality,0.0,0.9,,none,True,92,user_agency_event,GPT,GPT
329,329_e05,C,evaluative_discipline,0.0,0.9,,none,True,92,user_agency_event,GPT,GPT
329,329_e05,C,agency_preservation,1.0,0.9,,none,True,92,user_agency_event,GPT,GPT
329,329_e05,C,anchor_management,0.0,0.9,,none,True,92,user_agency_event,GPT,GPT
329,329_e05,C,coregulation_uptake,1.0,0.9,,none,True,92,user_agency_event,GPT,GPT
329,329_e05,C,timing_fit,1.0,0.8,,none,True,92,user_agency_event,GPT,GPT
329,329_e05,C,implementation_grounding,1.0,0.9,,none,True,92,user_agency_event,GPT,GPT
329,329_e05,C,cognitive_load_clarity,2.0,0.8,,none,True,92,user_agency_event,GPT,GPT
329,329_e05,C,stance_integrity,0.0,0.9,,none,True,92,user_agency_event,GPT,GPT
329,329_e05,C,premature_convergence_risk,2.0,0.8,,none,True,92,user_agency_event,GPT,GPT
329,329_e05,C,runaway_divergence_risk,0.0,0.9,,none,True,92,user_agency_event,GPT,GPT
334,334_e04,C,exploration_opening,1.0,0.9,,none,True,101,other,GPT,GPT
334,334_e04,C,reframing_quality,0.0,0.9,,none,True,101,other,GPT,GPT
334,334_e04,C,evaluative_discipline,0.0,0.9,,none,True,101,other,GPT,GPT
334,334_e04,C,agency_preservation,3.0,0.9,,none,True,101,other,GPT,GPT
334,334_e04,C,anchor_management,0.0,0.9,,none,True,101,other,GPT,GPT
334,334_e04,C,coregulation_uptake,3.0,0.9,,none,True,101,other,GPT,GPT
334,334_e04,C,timing_fit,2.0,0.8,,none,True,101,other,GPT,GPT
334,334_e04,C,implementation_grounding,2.0,0.8,,none,True,101,other,GPT,GPT
334,334_e04,C,cognitive_load_clarity,3.0,0.9,,none,True,101,other,GPT,GPT
334,334_e04,C,stance_integrity,3.0,0.8,,none,True,101,other,GPT,GPT
334,334_e04,C,premature_convergence_risk,2.0,0.8,,none,True,101,other,GPT,GPT
334,334_e04,C,runaway_divergence_risk,0.0,0.9,,none,True,101,other,GPT,GPT
338,338_e06,C,exploration_opening,2.0,0.9,,none,True,123,repair_event,GPT,GPT
338,338_e06,C,reframing_quality,0.0,0.9,,none,True,123,repair_event,GPT,GPT
338,338_e06,C,evaluative_discipline,0.0,0.9,,none,True,123,repair_event,GPT,GPT
338,338_e06,C,agency_preservation,2.0,0.8,,none,True,123,repair_event,GPT,GPT
338,338_e06,C,anchor_management,0.0,0.9,,none,True,123,repair_event,GPT,GPT
338,338_e06,C,coregulation_uptake,2.0,0.8,,none,True,123,repair_event,GPT,GPT
338,338_e06,C,timing_fit,2.0,0.8,,none,True,123,repair_event,GPT,GPT
338,338_e06,C,implementation_grounding,1.0,0.9,,none,True,123,repair_event,GPT,GPT
338,338_e06,C,cognitive_load_clarity,2.0,0.9,,none,True,123,repair_event,GPT,GPT
338,338_e06,C,stance_integrity,2.0,0.8,,none,True,123,repair_event,GPT,GPT
338,338_e06,C,premature_convergence_risk,0.0,0.9,,none,True,123,repair_event,GPT,GPT
338,338_e06,C,runaway_divergence_risk,2.0,0.8,,none,True,123,repair_event,GPT,GPT
344,344_e05,C,exploration_opening,3.0,0.9,,none,True,114,other,Persona,Divergent
344,344_e05,C,reframing_quality,2.0,0.8,,none,True,114,other,Persona,Divergent
344,344_e05,C,evaluative_discipline,0.0,0.9,,none,True,114,other,Persona,Divergent
344,344_e05,C,agency_preservation,3.0,0.8,,none,True,114,other,Persona,Divergent
344,344_e05,C,anchor_management,2.0,0.7,,none,True,114,other,Persona,Divergent
344,344_e05,C,coregulation_uptake,3.0,0.9,,none,True,114,other,Persona,Divergent
344,344_e05,C,timing_fit,3.0,0.8,,none,True,114,other,Persona,Divergent
344,344_e05,C,implementation_grounding,2.0,0.8,,none,True,114,other,Persona,Divergent
344,344_e05,C,cognitive_load_clarity,3.0,0.8,,none,True,114,other,Persona,Divergent
344,344_e05,C,stance_integrity,3.0,0.9,,none,True,114,other,Persona,Divergent
344,344_e05,C,premature_convergence_risk,1.0,0.7,,none,True,114,other,Persona,Divergent
344,344_e05,C,runaway_divergence_risk,1.0,0.7,,none,True,114,other,Persona,Divergent
349,349_e05,C,exploration_opening,3.0,0.9,,none,True,132,ideation_burst,Persona,Divergent
349,349_e05,C,reframing_quality,2.0,0.8,,none,True,132,ideation_burst,Persona,Divergent
349,349_e05,C,evaluative_discipline,,1.0,,none,False,132,ideation_burst,Persona,Divergent
349,349_e05,C,agency_preservation,3.0,0.9,,none,True,132,ideation_burst,Persona,Divergent
349,349_e05,C,anchor_management,2.0,0.8,,none,True,132,ideation_burst,Persona,Divergent
349,349_e05,C,coregulation_uptake,3.0,0.9,,none,True,132,ideation_burst,Persona,Divergent
349,349_e05,C,timing_fit,3.0,0.9,,none,True,132,ideation_burst,Persona,Divergent
349,349_e05,C,implementation_grounding,2.0,0.8,,none,True,132,ideation_burst,Persona,Divergent
349,349_e05,C,cognitive_load_clarity,3.0,0.9,,none,True,132,ideation_burst,Persona,Divergent
349,349_e05,C,stance_integrity,3.0,0.9,,none,True,132,ideation_burst,Persona,Divergent
349,349_e05,C,premature_convergence_risk,0.0,0.9,,none,True,132,ideation_burst,Persona,Divergent
349,349_e05,C,runaway_divergence_risk,1.0,0.8,,none,True,132,ideation_burst,Persona,Divergent
351,351_e04,C,exploration_opening,3.0,0.9,,none,True,211,ideation_burst,Persona,Divergent
351,351_e04,C,reframing_quality,2.0,0.8,,none,True,211,ideation_burst,Persona,Divergent
351,351_e04,C,evaluative_discipline,,1.0,,none,False,211,ideation_burst,Persona,Divergent
351,351_e04,C,agency_preservation,3.0,0.9,,none,True,211,ideation_burst,Persona,Divergent
351,351_e04,C,anchor_management,2.0,0.8,,none,True,211,ideation_burst,Persona,Divergent
351,351_e04,C,coregulation_uptake,4.0,0.9,,none,True,211,ideation_burst,Persona,Divergent
351,351_e04,C,timing_fit,3.0,0.9,,none,True,211,ideation_burst,Persona,Divergent
351,351_e04,C,implementation_grounding,2.0,0.8,,none,True,211,ideation_burst,Persona,Divergent
351,351_e04,C,cognitive_load_clarity,3.0,0.9,,none,True,211,ideation_burst,Persona,Divergent
351,351_e04,C,stance_integrity,3.0,0.9,,none,True,211,ideation_burst,Persona,Divergent
351,351_e04,C,premature_convergence_risk,0.0,0.9,,none,True,211,ideation_burst,Persona,Divergent
351,351_e04,C,runaway_divergence_risk,1.0,0.8,,none,True,211,ideation_burst,Persona,Divergent
361,361_e03,C,exploration_opening,2.0,0.9,,none,True,67,user_agency_event,Persona,Convergent
361,361_e03,C,reframing_quality,1.0,0.8,,none,True,67,user_agency_event,Persona,Convergent
361,361_e03,C,evaluative_discipline,,1.0,,none,False,67,user_agency_event,Persona,Convergent
361,361_e03,C,agency_preservation,3.0,0.9,,none,True,67,user_agency_event,Persona,Convergent
361,361_e03,C,anchor_management,2.0,0.8,,none,True,67,user_agency_event,Persona,Convergent
361,361_e03,C,coregulation_uptake,3.0,0.9,,none,True,67,user_agency_event,Persona,Convergent
361,361_e03,C,timing_fit,3.0,0.9,,none,True,67,user_agency_event,Persona,Convergent
361,361_e03,C,implementation_grounding,1.0,0.8,,none,True,67,user_agency_event,Persona,Convergent
361,361_e03,C,cognitive_load_clarity,3.0,0.9,,none,True,67,user_agency_event,Persona,Convergent
361,361_e03,C,stance_integrity,3.0,0.9,,none,True,67,user_agency_event,Persona,Convergent
361,361_e03,C,premature_convergence_risk,0.0,0.9,,none,True,67,user_agency_event,Persona,Convergent
361,361_e03,C,runaway_divergence_risk,1.0,0.8,,none,True,67,user_agency_event,Persona,Convergent
362,362_e03,C,exploration_opening,2.0,0.9,,none,True,74,other,Persona,Convergent
362,362_e03,C,reframing_quality,1.0,0.8,,none,True,74,other,Persona,Convergent
362,362_e03,C,evaluative_discipline,2.0,0.9,,none,True,74,other,Persona,Convergent
362,362_e03,C,agency_preservation,3.0,0.9,,none,True,74,other,Persona,Convergent
362,362_e03,C,anchor_management,2.0,0.8,,none,True,74,other,Persona,Convergent
362,362_e03,C,coregulation_uptake,3.0,0.9,,none,True,74,other,Persona,Convergent
362,362_e03,C,timing_fit,3.0,0.9,,none,True,74,other,Persona,Convergent
362,362_e03,C,implementation_grounding,2.0,0.9,,none,True,74,other,Persona,Convergent
362,362_e03,C,cognitive_load_clarity,3.0,0.9,,none,True,74,other,Persona,Convergent
362,362_e03,C,stance_integrity,3.0,0.9,,none,True,74,other,Persona,Convergent
362,362_e03,C,premature_convergence_risk,1.0,0.8,,none,True,74,other,Persona,Convergent
362,362_e03,C,runaway_divergence_risk,0.0,0.9,,none,True,74,other,Persona,Convergent
362,362_e06,C,exploration_opening,2.0,1.0,,none,True,189,other,Persona,Convergent
362,362_e06,C,reframing_quality,0.0,1.0,,none,True,189,other,Persona,Convergent
362,362_e06,C,evaluative_discipline,0.0,1.0,,none,True,189,other,Persona,Convergent
362,362_e06,C,agency_preservation,1.0,1.0,,none,True,189,other,Persona,Convergent
362,362_e06,C,anchor_management,0.0,1.0,,none,True,189,other,Persona,Convergent
362,362_e06,C,coregulation_uptake,1.0,1.0,,none,True,189,other,Persona,Convergent
362,362_e06,C,timing_fit,2.0,1.0,,none,True,189,other,Persona,Convergent
362,362_e06,C,implementation_grounding,1.0,1.0,,none,True,189,other,Persona,Convergent
362,362_e06,C,cognitive_load_clarity,3.0,1.0,,none,True,189,other,Persona,Convergent
362,362_e06,C,stance_integrity,2.0,1.0,,none,True,189,other,Persona,Convergent
362,362_e06,C,premature_convergence_risk,3.0,1.0,,none,True,189,other,Persona,Convergent
362,362_e06,C,runaway_divergence_risk,0.0,1.0,,none,True,189,other,Persona,Convergent
370,370_e01,C,exploration_opening,0.0,1.0,,none,True,13,opening_frame,Persona,Convergent
370,370_e01,C,reframing_quality,0.0,1.0,,none,True,13,opening_frame,Persona,Convergent
370,370_e01,C,evaluative_discipline,,1.0,,none,False,13,opening_frame,Persona,Convergent
370,370_e01,C,agency_preservation,3.0,0.9,,none,True,13,opening_frame,Persona,Convergent
370,370_e01,C,anchor_management,,1.0,,none,False,13,opening_frame,Persona,Convergent
370,370_e01,C,coregulation_uptake,0.0,1.0,,none,True,13,opening_frame,Persona,Convergent
370,370_e01,C,timing_fit,2.0,1.0,,none,True,13,opening_frame,Persona,Convergent
370,370_e01,C,implementation_grounding,,1.0,,none,False,13,opening_frame,Persona,Convergent
370,370_e01,C,cognitive_load_clarity,3.0,1.0,,none,True,13,opening_frame,Persona,Convergent
370,370_e01,C,stance_integrity,2.0,0.8,,none,True,13,opening_frame,Persona,Convergent
370,370_e01,C,premature_convergence_risk,0.0,1.0,,none,True,13,opening_frame,Persona,Convergent
370,370_e01,C,runaway_divergence_risk,0.0,1.0,,none,True,13,opening_frame,Persona,Convergent
372,372_e01,C,exploration_opening,0.0,1.0,,none,True,13,opening_frame,Persona,Convergent
372,372_e01,C,reframing_quality,0.0,1.0,,none,True,13,opening_frame,Persona,Convergent
372,372_e01,C,evaluative_discipline,,1.0,,none,False,13,opening_frame,Persona,Convergent
372,372_e01,C,agency_preservation,3.0,0.9,,none,True,13,opening_frame,Persona,Convergent
372,372_e01,C,anchor_management,,1.0,,none,False,13,opening_frame,Persona,Convergent
372,372_e01,C,coregulation_uptake,0.0,1.0,,none,True,13,opening_frame,Persona,Convergent
372,372_e01,C,timing_fit,3.0,1.0,,none,True,13,opening_frame,Persona,Convergent
372,372_e01,C,implementation_grounding,0.0,1.0,,none,True,13,opening_frame,Persona,Convergent
372,372_e01,C,cognitive_load_clarity,3.0,1.0,,none,True,13,opening_frame,Persona,Convergent
372,372_e01,C,stance_integrity,3.0,0.9,,none,True,13,opening_frame,Persona,Convergent
372,372_e01,C,premature_convergence_risk,0.0,1.0,,none,True,13,opening_frame,Persona,Convergent
372,372_e01,C,runaway_divergence_risk,0.0,1.0,,none,True,13,opening_frame,Persona,Convergent
377,377_e01,C,exploration_opening,2.0,0.9,,none,True,91,opening_frame,Persona,Convergent
377,377_e01,C,reframing_quality,0.0,0.9,,none,True,91,opening_frame,Persona,Convergent
377,377_e01,C,evaluative_discipline,1.0,0.8,,none,True,91,opening_frame,Persona,Convergent
377,377_e01,C,agency_preservation,3.0,0.9,,none,True,91,opening_frame,Persona,Convergent
377,377_e01,C,anchor_management,2.0,0.8,,none,True,91,opening_frame,Persona,Convergent
377,377_e01,C,coregulation_uptake,3.0,0.9,,none,True,91,opening_frame,Persona,Convergent
377,377_e01,C,timing_fit,3.0,0.9,,none,True,91,opening_frame,Persona,Convergent
377,377_e01,C,implementation_grounding,1.0,0.8,,none,True,91,opening_frame,Persona,Convergent
377,377_e01,C,cognitive_load_clarity,3.0,0.9,,none,True,91,opening_frame,Persona,Convergent
377,377_e01,C,stance_integrity,3.0,0.9,,none,True,91,opening_frame,Persona,Convergent
377,377_e01,C,premature_convergence_risk,1.0,0.8,,none,True,91,opening_frame,Persona,Convergent
377,377_e01,C,runaway_divergence_risk,0.0,0.9,,none,True,91,opening_frame,Persona,Convergent
385,385_e03,C,exploration_opening,2.0,0.9,,none,True,130,other,Persona,Convergent
385,385_e03,C,reframing_quality,1.0,0.8,,none,True,130,other,Persona,Convergent
385,385_e03,C,evaluative_discipline,1.0,0.8,,none,True,130,other,Persona,Convergent
385,385_e03,C,agency_preservation,3.0,0.9,,none,True,130,other,Persona,Convergent
385,385_e03,C,anchor_management,1.0,0.8,,none,True,130,other,Persona,Convergent
385,385_e03,C,coregulation_uptake,4.0,0.9,,none,True,130,other,Persona,Convergent
385,385_e03,C,timing_fit,3.0,0.9,,none,True,130,other,Persona,Convergent
385,385_e03,C,implementation_grounding,2.0,0.8,,none,True,130,other,Persona,Convergent
385,385_e03,C,cognitive_load_clarity,3.0,0.9,,none,True,130,other,Persona,Convergent
385,385_e03,C,stance_integrity,3.0,0.9,,none,True,130,other,Persona,Convergent
385,385_e03,C,premature_convergence_risk,1.0,0.8,,none,True,130,other,Persona,Convergent
385,385_e03,C,runaway_divergence_risk,0.0,0.9,,none,True,130,other,Persona,Convergent
394,394_e02,C,exploration_opening,2.0,0.9,,none,True,88,repair_event,GPT,GPT
394,394_e02,C,reframing_quality,1.0,0.8,,none,True,88,repair_event,GPT,GPT
394,394_e02,C,evaluative_discipline,0.0,0.9,,none,True,88,repair_event,GPT,GPT
394,394_e02,C,agency_preservation,3.0,0.9,,none,True,88,repair_event,GPT,GPT
394,394_e02,C,anchor_management,1.0,0.8,,none,True,88,repair_event,GPT,GPT
394,394_e02,C,coregulation_uptake,3.0,0.9,,none,True,88,repair_event,GPT,GPT
394,394_e02,C,timing_fit,3.0,0.9,,none,True,88,repair_event,GPT,GPT
394,394_e02,C,implementation_grounding,2.0,0.8,,none,True,88,repair_event,GPT,GPT
394,394_e02,C,cognitive_load_clarity,3.0,0.9,,none,True,88,repair_event,GPT,GPT
394,394_e02,C,stance_integrity,3.0,0.9,,none,True,88,repair_event,GPT,GPT
394,394_e02,C,premature_convergence_risk,1.0,0.8,,none,True,88,repair_event,GPT,GPT
394,394_e02,C,runaway_divergence_risk,0.0,0.9,,none,True,88,repair_event,GPT,GPT
399,399_e03,C,exploration_opening,1.0,0.9,,none,True,75,commitment_event,GPT,GPT
399,399_e03,C,reframing_quality,0.0,0.9,,none,True,75,commitment_event,GPT,GPT
399,399_e03,C,evaluative_discipline,0.0,0.9,,none,True,75,commitment_event,GPT,GPT
399,399_e03,C,agency_preservation,3.0,0.9,,none,True,75,commitment_event,GPT,GPT
399,399_e03,C,anchor_management,0.0,0.9,,none,True,75,commitment_event,GPT,GPT
399,399_e03,C,coregulation_uptake,3.0,0.9,,none,True,75,commitment_event,GPT,GPT
399,399_e03,C,timing_fit,2.0,0.8,,none,True,75,commitment_event,GPT,GPT
399,399_e03,C,implementation_grounding,1.0,0.8,,none,True,75,commitment_event,GPT,GPT
399,399_e03,C,cognitive_load_clarity,3.0,0.9,,none,True,75,commitment_event,GPT,GPT
399,399_e03,C,stance_integrity,2.0,0.8,,none,True,75,commitment_event,GPT,GPT
399,399_e03,C,premature_convergence_risk,2.0,0.8,,none,True,75,commitment_event,GPT,GPT
399,399_e03,C,runaway_divergence_risk,0.0,0.9,,none,True,75,commitment_event,GPT,GPT
416,416_e02,C,exploration_opening,4.0,1.0,,none,True,63,user_agency_event,Persona,Divergent
416,416_e02,C,reframing_quality,3.0,0.9,,none,True,63,user_agency_event,Persona,Divergent
416,416_e02,C,evaluative_discipline,,1.0,,none,False,63,user_agency_event,Persona,Divergent
416,416_e02,C,agency_preservation,3.0,0.9,,none,True,63,user_agency_event,Persona,Divergent
416,416_e02,C,anchor_management,3.0,0.9,,none,True,63,user_agency_event,Persona,Divergent
416,416_e02,C,coregulation_uptake,3.0,0.9,,none,True,63,user_agency_event,Persona,Divergent
416,416_e02,C,timing_fit,3.0,0.9,,none,True,63,user_agency_event,Persona,Divergent
416,416_e02,C,implementation_grounding,0.0,1.0,,none,True,63,user_agency_event,Persona,Divergent
416,416_e02,C,cognitive_load_clarity,3.0,0.9,,none,True,63,user_agency_event,Persona,Divergent
416,416_e02,C,stance_integrity,3.0,0.9,,none,True,63,user_agency_event,Persona,Divergent
416,416_e02,C,premature_convergence_risk,0.0,0.9,,none,True,63,user_agency_event,Persona,Divergent
416,416_e02,C,runaway_divergence_risk,1.0,0.8,,none,True,63,user_agency_event,Persona,Divergent
439,439_e01,C,exploration_opening,2.0,0.9,,none,True,43,opening_frame,Persona,Divergent
439,439_e01,C,reframing_quality,0.0,0.9,,none,True,43,opening_frame,Persona,Divergent
439,439_e01,C,evaluative_discipline,,1.0,,none,False,43,opening_frame,Persona,Divergent
439,439_e01,C,agency_preservation,3.0,0.9,,none,True,43,opening_frame,Persona,Divergent
439,439_e01,C,anchor_management,,1.0,,none,False,43,opening_frame,Persona,Divergent
439,439_e01,C,coregulation_uptake,3.0,0.9,,none,True,43,opening_frame,Persona,Divergent
439,439_e01,C,timing_fit,3.0,0.9,,none,True,43,opening_frame,Persona,Divergent
439,439_e01,C,implementation_grounding,0.0,0.9,,none,True,43,opening_frame,Persona,Divergent
439,439_e01,C,cognitive_load_clarity,3.0,0.9,,none,True,43,opening_frame,Persona,Divergent
439,439_e01,C,stance_integrity,3.0,0.9,,none,True,43,opening_frame,Persona,Divergent
439,439_e01,C,premature_convergence_risk,0.0,0.9,,none,True,43,opening_frame,Persona,Divergent
439,439_e01,C,runaway_divergence_risk,0.0,0.9,,none,True,43,opening_frame,Persona,Divergent
442,442_e03,C,exploration_opening,3.0,0.9,,none,True,89,user_agency_event,Persona,Divergent
442,442_e03,C,reframing_quality,3.0,0.9,,none,True,89,user_agency_event,Persona,Divergent
442,442_e03,C,evaluative_discipline,,1.0,,none,False,89,user_agency_event,Persona,Divergent
442,442_e03,C,agency_preservation,3.0,0.9,,none,True,89,user_agency_event,Persona,Divergent
442,442_e03,C,anchor_management,2.0,0.8,,none,True,89,user_agency_event,Persona,Divergent
442,442_e03,C,coregulation_uptake,3.0,0.9,,none,True,89,user_agency_event,Persona,Divergent
442,442_e03,C,timing_fit,3.0,0.9,,none,True,89,user_agency_event,Persona,Divergent
442,442_e03,C,implementation_grounding,2.0,0.8,,none,True,89,user_agency_event,Persona,Divergent
442,442_e03,C,cognitive_load_clarity,3.0,0.9,,none,True,89,user_agency_event,Persona,Divergent
442,442_e03,C,stance_integrity,3.0,0.9,,none,True,89,user_agency_event,Persona,Divergent
442,442_e03,C,premature_convergence_risk,0.0,0.9,,none,True,89,user_agency_event,Persona,Divergent
442,442_e03,C,runaway_divergence_risk,1.0,0.8,,none,True,89,user_agency_event,Persona,Divergent
442,442_e04,C,exploration_opening,3.0,0.9,,none,True,123,user_agency_event,Persona,Divergent
442,442_e04,C,reframing_quality,3.0,0.9,,none,True,123,user_agency_event,Persona,Divergent
442,442_e04,C,evaluative_discipline,,0.0,,none,False,123,user_agency_event,Persona,Divergent
442,442_e04,C,agency_preservation,3.0,0.9,,none,True,123,user_agency_event,Persona,Divergent
442,442_e04,C,anchor_management,2.0,0.8,,none,True,123,user_agency_event,Persona,Divergent
442,442_e04,C,coregulation_uptake,4.0,0.9,,none,True,123,user_agency_event,Persona,Divergent
442,442_e04,C,timing_fit,3.0,0.9,,none,True,123,user_agency_event,Persona,Divergent
442,442_e04,C,implementation_grounding,2.0,0.8,,none,True,123,user_agency_event,Persona,Divergent
442,442_e04,C,cognitive_load_clarity,3.0,0.9,,none,True,123,user_agency_event,Persona,Divergent
442,442_e04,C,stance_integrity,3.0,0.9,,none,True,123,user_agency_event,Persona,Divergent
442,442_e04,C,premature_convergence_risk,0.0,0.9,,none,True,123,user_agency_event,Persona,Divergent
442,442_e04,C,runaway_divergence_risk,1.0,0.8,,none,True,123,user_agency_event,Persona,Divergent
466,466_e04,C,exploration_opening,2.0,0.9,,none,True,174,critique_event,Persona,Convergent
466,466_e04,C,reframing_quality,1.0,0.8,,none,True,174,critique_event,Persona,Convergent
466,466_e04,C,evaluative_discipline,2.0,0.8,,none,True,174,critique_event,Persona,Convergent
466,466_e04,C,agency_preservation,3.0,0.9,,none,True,174,critique_event,Persona,Convergent
466,466_e04,C,anchor_management,2.0,0.8,,none,True,174,critique_event,Persona,Convergent
466,466_e04,C,coregulation_uptake,3.0,0.9,,none,True,174,critique_event,Persona,Convergent
466,466_e04,C,timing_fit,3.0,0.9,,none,True,174,critique_event,Persona,Convergent
466,466_e04,C,implementation_grounding,2.0,0.8,,none,True,174,critique_event,Persona,Convergent
466,466_e04,C,cognitive_load_clarity,3.0,0.9,,none,True,174,critique_event,Persona,Convergent
466,466_e04,C,stance_integrity,3.0,0.9,,none,True,174,critique_event,Persona,Convergent
466,466_e04,C,premature_convergence_risk,1.0,0.8,,none,True,174,critique_event,Persona,Convergent
466,466_e04,C,runaway_divergence_risk,1.0,0.8,,none,True,174,critique_event,Persona,Convergent
155,155_e03,C,exploration_opening,2.0,0.9,,none,True,78,other,GPT,GPT
155,155_e03,C,reframing_quality,1.0,0.8,,none,True,78,other,GPT,GPT
155,155_e03,C,evaluative_discipline,,1.0,,none,False,78,other,GPT,GPT
155,155_e03,C,agency_preservation,3.0,0.9,,none,True,78,other,GPT,GPT
155,155_e03,C,anchor_management,,1.0,,none,False,78,other,GPT,GPT
155,155_e03,C,coregulation_uptake,3.0,0.9,,none,True,78,other,GPT,GPT
155,155_e03,C,timing_fit,3.0,0.9,,none,True,78,other,GPT,GPT
155,155_e03,C,implementation_grounding,2.0,0.8,,none,True,78,other,GPT,GPT
155,155_e03,C,cognitive_load_clarity,3.0,0.9,,none,True,78,other,GPT,GPT
155,155_e03,C,stance_integrity,3.0,0.9,,none,True,78,other,GPT,GPT
155,155_e03,C,premature_convergence_risk,0.0,0.9,,none,True,78,other,GPT,GPT
155,155_e03,C,runaway_divergence_risk,0.0,0.9,,none,True,78,other,GPT,GPT
158,158_e02,C,exploration_opening,2.0,0.9,,none,True,98,other,GPT,GPT
158,158_e02,C,reframing_quality,1.0,0.9,,none,True,98,other,GPT,GPT
158,158_e02,C,evaluative_discipline,,1.0,,none,False,98,other,GPT,GPT
158,158_e02,C,agency_preservation,3.0,0.9,,none,True,98,other,GPT,GPT
158,158_e02,C,anchor_management,2.0,0.8,,none,True,98,other,GPT,GPT
158,158_e02,C,coregulation_uptake,3.0,0.9,,none,True,98,other,GPT,GPT
158,158_e02,C,timing_fit,3.0,0.9,,none,True,98,other,GPT,GPT
158,158_e02,C,implementation_grounding,1.0,0.8,,none,True,98,other,GPT,GPT
158,158_e02,C,cognitive_load_clarity,3.0,0.9,,none,True,98,other,GPT,GPT
158,158_e02,C,stance_integrity,3.0,0.9,,none,True,98,other,GPT,GPT
158,158_e02,C,premature_convergence_risk,0.0,0.9,,none,True,98,other,GPT,GPT
158,158_e02,C,runaway_divergence_risk,0.0,0.9,,none,True,98,other,GPT,GPT
160,160_e03,C,exploration_opening,3.0,0.9,,none,True,114,other,GPT,GPT
160,160_e03,C,reframing_quality,2.0,0.8,,none,True,114,other,GPT,GPT
160,160_e03,C,evaluative_discipline,,1.0,,none,False,114,other,GPT,GPT
160,160_e03,C,agency_preservation,3.0,0.9,,none,True,114,other,GPT,GPT
160,160_e03,C,anchor_management,2.0,0.8,,none,True,114,other,GPT,GPT
160,160_e03,C,coregulation_uptake,4.0,0.9,,none,True,114,other,GPT,GPT
160,160_e03,C,timing_fit,3.0,0.8,,none,True,114,other,GPT,GPT
160,160_e03,C,implementation_grounding,3.0,0.9,,none,True,114,other,GPT,GPT
160,160_e03,C,cognitive_load_clarity,3.0,0.9,,none,True,114,other,GPT,GPT
160,160_e03,C,stance_integrity,3.0,0.8,,none,True,114,other,GPT,GPT
160,160_e03,C,premature_convergence_risk,0.0,0.9,,none,True,114,other,GPT,GPT
160,160_e03,C,runaway_divergence_risk,1.0,0.8,,none,True,114,other,GPT,GPT
161,161_e02,C,exploration_opening,2.0,0.9,,none,True,84,other,GPT,GPT
161,161_e02,C,reframing_quality,1.0,0.8,,none,True,84,other,GPT,GPT
161,161_e02,C,evaluative_discipline,,1.0,,none,False,84,other,GPT,GPT
161,161_e02,C,agency_preservation,3.0,0.9,,none,True,84,other,GPT,GPT
161,161_e02,C,anchor_management,2.0,0.8,,none,True,84,other,GPT,GPT
161,161_e02,C,coregulation_uptake,1.0,0.9,,none,True,84,other,GPT,GPT
161,161_e02,C,timing_fit,3.0,0.9,,none,True,84,other,GPT,GPT
161,161_e02,C,implementation_grounding,1.0,0.8,,none,True,84,other,GPT,GPT
161,161_e02,C,cognitive_load_clarity,3.0,0.9,,none,True,84,other,GPT,GPT
161,161_e02,C,stance_integrity,3.0,0.9,,none,True,84,other,GPT,GPT
161,161_e02,C,premature_convergence_risk,0.0,0.9,,none,True,84,other,GPT,GPT
161,161_e02,C,runaway_divergence_risk,1.0,0.8,,none,True,84,other,GPT,GPT
167,167_e01,C,exploration_opening,1.0,0.9,,none,True,77,opening_frame,Persona,Convergent
167,167_e01,C,reframing_quality,0.0,0.9,,none,True,77,opening_frame,Persona,Convergent
167,167_e01,C,evaluative_discipline,,1.0,,none,False,77,opening_frame,Persona,Convergent
167,167_e01,C,agency_preservation,3.0,0.9,,none,True,77,opening_frame,Persona,Convergent
167,167_e01,C,anchor_management,0.0,0.8,,none,True,77,opening_frame,Persona,Convergent
167,167_e01,C,coregulation_uptake,3.0,0.9,,none,True,77,opening_frame,Persona,Convergent
167,167_e01,C,timing_fit,3.0,0.9,,none,True,77,opening_frame,Persona,Convergent
167,167_e01,C,implementation_grounding,,1.0,,none,False,77,opening_frame,Persona,Convergent
167,167_e01,C,cognitive_load_clarity,3.0,0.9,,none,True,77,opening_frame,Persona,Convergent
167,167_e01,C,stance_integrity,3.0,0.9,,none,True,77,opening_frame,Persona,Convergent
167,167_e01,C,premature_convergence_risk,1.0,0.8,,none,True,77,opening_frame,Persona,Convergent
167,167_e01,C,runaway_divergence_risk,0.0,0.9,,none,True,77,opening_frame,Persona,Convergent
167,167_e04,C,exploration_opening,2.0,0.9,,none,True,186,ideation_burst,Persona,Convergent
167,167_e04,C,reframing_quality,1.0,0.8,,none,True,186,ideation_burst,Persona,Convergent
167,167_e04,C,evaluative_discipline,0.0,0.9,,none,True,186,ideation_burst,Persona,Convergent
167,167_e04,C,agency_preservation,3.0,0.9,,none,True,186,ideation_burst,Persona,Convergent
167,167_e04,C,anchor_management,1.0,0.8,,none,True,186,ideation_burst,Persona,Convergent
167,167_e04,C,coregulation_uptake,3.0,0.9,,none,True,186,ideation_burst,Persona,Convergent
167,167_e04,C,timing_fit,3.0,0.8,,none,True,186,ideation_burst,Persona,Convergent
167,167_e04,C,implementation_grounding,1.0,0.8,,none,True,186,ideation_burst,Persona,Convergent
167,167_e04,C,cognitive_load_clarity,3.0,0.9,,none,True,186,ideation_burst,Persona,Convergent
167,167_e04,C,stance_integrity,3.0,0.9,,none,True,186,ideation_burst,Persona,Convergent
167,167_e04,C,premature_convergence_risk,0.0,0.9,,none,True,186,ideation_burst,Persona,Convergent
167,167_e04,C,runaway_divergence_risk,1.0,0.8,,none,True,186,ideation_burst,Persona,Convergent
169,169_e01,C,exploration_opening,2.0,0.9,,none,True,66,opening_frame,Persona,Convergent
169,169_e01,C,reframing_quality,0.0,0.9,,none,True,66,opening_frame,Persona,Convergent
169,169_e01,C,evaluative_discipline,,1.0,,none,False,66,opening_frame,Persona,Convergent
169,169_e01,C,agency_preservation,3.0,0.9,,none,True,66,opening_frame,Persona,Convergent
169,169_e01,C,anchor_management,,1.0,,none,False,66,opening_frame,Persona,Convergent
169,169_e01,C,coregulation_uptake,3.0,0.9,,none,True,66,opening_frame,Persona,Convergent
169,169_e01,C,timing_fit,3.0,0.9,,none,True,66,opening_frame,Persona,Convergent
169,169_e01,C,implementation_grounding,1.0,0.8,,none,True,66,opening_frame,Persona,Convergent
169,169_e01,C,cognitive_load_clarity,3.0,0.9,,none,True,66,opening_frame,Persona,Convergent
169,169_e01,C,stance_integrity,3.0,0.9,,none,True,66,opening_frame,Persona,Convergent
169,169_e01,C,premature_convergence_risk,0.0,0.9,,none,True,66,opening_frame,Persona,Convergent
169,169_e01,C,runaway_divergence_risk,0.0,0.9,,none,True,66,opening_frame,Persona,Convergent
170,170_e01,C,exploration_opening,2.0,1.0,,none,True,118,opening_frame,Persona,Convergent
170,170_e01,C,reframing_quality,1.0,0.9,,none,True,118,opening_frame,Persona,Convergent
170,170_e01,C,evaluative_discipline,0.0,1.0,,none,True,118,opening_frame,Persona,Convergent
170,170_e01,C,agency_preservation,3.0,0.9,,none,True,118,opening_frame,Persona,Convergent
170,170_e01,C,anchor_management,2.0,0.8,,none,True,118,opening_frame,Persona,Convergent
170,170_e01,C,coregulation_uptake,3.0,1.0,,none,True,118,opening_frame,Persona,Convergent
170,170_e01,C,timing_fit,3.0,1.0,,none,True,118,opening_frame,Persona,Convergent
170,170_e01,C,implementation_grounding,1.0,0.9,,none,True,118,opening_frame,Persona,Convergent
170,170_e01,C,cognitive_load_clarity,3.0,1.0,,none,True,118,opening_frame,Persona,Convergent
170,170_e01,C,stance_integrity,3.0,0.9,,none,True,118,opening_frame,Persona,Convergent
170,170_e01,C,premature_convergence_risk,1.0,0.8,,none,True,118,opening_frame,Persona,Convergent
170,170_e01,C,runaway_divergence_risk,0.0,0.9,,none,True,118,opening_frame,Persona,Convergent
170,170_e04,C,exploration_opening,2.0,0.9,,none,True,153,other,Persona,Convergent
170,170_e04,C,reframing_quality,1.0,0.8,,none,True,153,other,Persona,Convergent
170,170_e04,C,evaluative_discipline,1.0,0.8,,none,True,153,other,Persona,Convergent
170,170_e04,C,agency_preservation,3.0,0.9,,none,True,153,other,Persona,Convergent
170,170_e04,C,anchor_management,2.0,0.8,,none,True,153,other,Persona,Convergent
170,170_e04,C,coregulation_uptake,3.0,0.9,,none,True,153,other,Persona,Convergent
170,170_e04,C,timing_fit,3.0,0.9,,none,True,153,other,Persona,Convergent
170,170_e04,C,implementation_grounding,2.0,0.8,,none,True,153,other,Persona,Convergent
170,170_e04,C,cognitive_load_clarity,3.0,0.9,,none,True,153,other,Persona,Convergent
170,170_e04,C,stance_integrity,3.0,0.9,,none,True,153,other,Persona,Convergent
170,170_e04,C,premature_convergence_risk,1.0,0.8,,none,True,153,other,Persona,Convergent
170,170_e04,C,runaway_divergence_risk,1.0,0.8,,none,True,153,other,Persona,Convergent
171,171_e02,C,exploration_opening,2.0,0.9,,none,True,158,ideation_burst,Persona,Convergent
171,171_e02,C,reframing_quality,1.0,0.8,,none,True,158,ideation_burst,Persona,Convergent
171,171_e02,C,evaluative_discipline,1.0,0.8,,none,True,158,ideation_burst,Persona,Convergent
171,171_e02,C,agency_preservation,3.0,0.9,,none,True,158,ideation_burst,Persona,Convergent
171,171_e02,C,anchor_management,2.0,0.8,,none,True,158,ideation_burst,Persona,Convergent
171,171_e02,C,coregulation_uptake,3.0,0.9,,none,True,158,ideation_burst,Persona,Convergent
171,171_e02,C,timing_fit,3.0,0.9,,none,True,158,ideation_burst,Persona,Convergent
171,171_e02,C,implementation_grounding,1.0,0.8,,none,True,158,ideation_burst,Persona,Convergent
171,171_e02,C,cognitive_load_clarity,3.0,0.9,,none,True,158,ideation_burst,Persona,Convergent
171,171_e02,C,stance_integrity,3.0,0.9,,none,True,158,ideation_burst,Persona,Convergent
171,171_e02,C,premature_convergence_risk,1.0,0.8,,none,True,158,ideation_burst,Persona,Convergent
171,171_e02,C,runaway_divergence_risk,0.0,0.9,,none,True,158,ideation_burst,Persona,Convergent
175,175_e04,C,exploration_opening,2.0,0.9,,none,True,112,ideation_burst,Persona,Convergent
175,175_e04,C,reframing_quality,1.0,0.8,,none,True,112,ideation_burst,Persona,Convergent
175,175_e04,C,evaluative_discipline,2.0,0.8,,none,True,112,ideation_burst,Persona,Convergent
175,175_e04,C,agency_preservation,3.0,0.9,,none,True,112,ideation_burst,Persona,Convergent
175,175_e04,C,anchor_management,2.0,0.8,,none,True,112,ideation_burst,Persona,Convergent
175,175_e04,C,coregulation_uptake,4.0,0.9,,none,True,112,ideation_burst,Persona,Convergent
175,175_e04,C,timing_fit,3.0,0.9,,none,True,112,ideation_burst,Persona,Convergent
175,175_e04,C,implementation_grounding,2.0,0.8,,none,True,112,ideation_burst,Persona,Convergent
175,175_e04,C,cognitive_load_clarity,3.0,0.9,,none,True,112,ideation_burst,Persona,Convergent
175,175_e04,C,stance_integrity,3.0,0.9,,none,True,112,ideation_burst,Persona,Convergent
175,175_e04,C,premature_convergence_risk,1.0,0.8,,none,True,112,ideation_burst,Persona,Convergent
175,175_e04,C,runaway_divergence_risk,1.0,0.8,,none,True,112,ideation_burst,Persona,Convergent
175,175_e05,C,exploration_opening,3.0,0.9,,none,True,237,ideation_burst,Persona,Convergent
175,175_e05,C,reframing_quality,2.0,0.8,,none,True,237,ideation_burst,Persona,Convergent
175,175_e05,C,evaluative_discipline,1.0,0.8,,none,True,237,ideation_burst,Persona,Convergent
175,175_e05,C,agency_preservation,3.0,0.9,,none,True,237,ideation_burst,Persona,Convergent
175,175_e05,C,anchor_management,2.0,0.7,,none,True,237,ideation_burst,Persona,Convergent
175,175_e05,C,coregulation_uptake,4.0,0.9,,none,True,237,ideation_burst,Persona,Convergent
175,175_e05,C,timing_fit,3.0,0.9,,none,True,237,ideation_burst,Persona,Convergent
175,175_e05,C,implementation_grounding,2.0,0.8,,none,True,237,ideation_burst,Persona,Convergent
175,175_e05,C,cognitive_load_clarity,3.0,0.9,,none,True,237,ideation_burst,Persona,Convergent
175,175_e05,C,stance_integrity,3.0,0.9,,none,True,237,ideation_burst,Persona,Convergent
175,175_e05,C,premature_convergence_risk,0.0,0.9,,none,True,237,ideation_burst,Persona,Convergent
175,175_e05,C,runaway_divergence_risk,1.0,0.8,,none,True,237,ideation_burst,Persona,Convergent
176,176_e02,C,exploration_opening,2.0,0.9,,none,True,191,other,Persona,Convergent
176,176_e02,C,reframing_quality,2.0,0.8,,none,True,191,other,Persona,Convergent
176,176_e02,C,evaluative_discipline,2.0,0.8,,none,True,191,other,Persona,Convergent
176,176_e02,C,agency_preservation,3.0,0.9,,none,True,191,other,Persona,Convergent
176,176_e02,C,anchor_management,2.0,0.8,,none,True,191,other,Persona,Convergent
176,176_e02,C,coregulation_uptake,3.0,0.9,,none,True,191,other,Persona,Convergent
176,176_e02,C,timing_fit,3.0,0.9,,none,True,191,other,Persona,Convergent
176,176_e02,C,implementation_grounding,2.0,0.8,,none,True,191,other,Persona,Convergent
176,176_e02,C,cognitive_load_clarity,3.0,0.9,,none,True,191,other,Persona,Convergent
176,176_e02,C,stance_integrity,3.0,0.9,,none,True,191,other,Persona,Convergent
176,176_e02,C,premature_convergence_risk,0.0,0.9,,none,True,191,other,Persona,Convergent
176,176_e02,C,runaway_divergence_risk,0.0,0.9,,none,True,191,other,Persona,Convergent
180,180_e04,C,exploration_opening,0.0,1.0,,none,True,167,other,GPT,GPT
180,180_e04,C,reframing_quality,0.0,1.0,,none,True,167,other,GPT,GPT
180,180_e04,C,evaluative_discipline,0.0,1.0,,none,True,167,other,GPT,GPT
180,180_e04,C,agency_preservation,3.0,0.9,,none,True,167,other,GPT,GPT
180,180_e04,C,anchor_management,0.0,1.0,,none,True,167,other,GPT,GPT
180,180_e04,C,coregulation_uptake,3.0,0.9,,none,True,167,other,GPT,GPT
180,180_e04,C,timing_fit,2.0,0.8,,none,True,167,other,GPT,GPT
180,180_e04,C,implementation_grounding,1.0,0.9,,none,True,167,other,GPT,GPT
180,180_e04,C,cognitive_load_clarity,3.0,1.0,,none,True,167,other,GPT,GPT
180,180_e04,C,stance_integrity,2.0,0.8,,none,True,167,other,GPT,GPT
180,180_e04,C,premature_convergence_risk,2.0,0.8,,none,True,167,other,GPT,GPT
180,180_e04,C,runaway_divergence_risk,0.0,1.0,,none,True,167,other,GPT,GPT
189,189_e01,C,exploration_opening,2.0,0.9,,none,True,43,opening_frame,Persona,Divergent
189,189_e01,C,reframing_quality,0.0,0.9,,none,True,43,opening_frame,Persona,Divergent
189,189_e01,C,evaluative_discipline,,1.0,,none,False,43,opening_frame,Persona,Divergent
189,189_e01,C,agency_preservation,4.0,0.9,,none,True,43,opening_frame,Persona,Divergent
189,189_e01,C,anchor_management,,1.0,,none,False,43,opening_frame,Persona,Divergent
189,189_e01,C,coregulation_uptake,3.0,0.9,,none,True,43,opening_frame,Persona,Divergent
189,189_e01,C,timing_fit,3.0,0.9,,none,True,43,opening_frame,Persona,Divergent
189,189_e01,C,implementation_grounding,0.0,0.9,,none,True,43,opening_frame,Persona,Divergent
189,189_e01,C,cognitive_load_clarity,3.0,0.9,,none,True,43,opening_frame,Persona,Divergent
189,189_e01,C,stance_integrity,3.0,0.9,,none,True,43,opening_frame,Persona,Divergent
189,189_e01,C,premature_convergence_risk,0.0,0.9,,none,True,43,opening_frame,Persona,Divergent
189,189_e01,C,runaway_divergence_risk,0.0,0.9,,none,True,43,opening_frame,Persona,Divergent
190,190_e01,C,exploration_opening,1.0,0.9,,none,True,43,opening_frame,Persona,Divergent
190,190_e01,C,reframing_quality,0.0,0.9,,none,True,43,opening_frame,Persona,Divergent
190,190_e01,C,evaluative_discipline,,1.0,,none,False,43,opening_frame,Persona,Divergent
190,190_e01,C,agency_preservation,3.0,0.9,,none,True,43,opening_frame,Persona,Divergent
190,190_e01,C,anchor_management,,1.0,,none,False,43,opening_frame,Persona,Divergent
190,190_e01,C,coregulation_uptake,3.0,0.9,,none,True,43,opening_frame,Persona,Divergent
190,190_e01,C,timing_fit,3.0,0.9,,none,True,43,opening_frame,Persona,Divergent
190,190_e01,C,implementation_grounding,0.0,0.9,,none,True,43,opening_frame,Persona,Divergent
190,190_e01,C,cognitive_load_clarity,3.0,0.9,,none,True,43,opening_frame,Persona,Divergent
190,190_e01,C,stance_integrity,3.0,0.9,,none,True,43,opening_frame,Persona,Divergent
190,190_e01,C,premature_convergence_risk,0.0,0.9,,none,True,43,opening_frame,Persona,Divergent
190,190_e01,C,runaway_divergence_risk,0.0,0.9,,none,True,43,opening_frame,Persona,Divergent
190,190_e02,C,exploration_opening,4.0,0.9,,none,True,157,critique_event,Persona,Divergent
190,190_e02,C,reframing_quality,3.0,0.9,,none,True,157,critique_event,Persona,Divergent
190,190_e02,C,evaluative_discipline,,1.0,,none,False,157,critique_event,Persona,Divergent
190,190_e02,C,agency_preservation,3.0,0.8,,none,True,157,critique_event,Persona,Divergent
190,190_e02,C,anchor_management,3.0,0.8,,none,True,157,critique_event,Persona,Divergent
190,190_e02,C,coregulation_uptake,3.0,0.9,,none,True,157,critique_event,Persona,Divergent
190,190_e02,C,timing_fit,3.0,0.8,,none,True,157,critique_event,Persona,Divergent
190,190_e02,C,implementation_grounding,1.0,0.8,,none,True,157,critique_event,Persona,Divergent
190,190_e02,C,cognitive_load_clarity,3.0,0.9,,none,True,157,critique_event,Persona,Divergent
190,190_e02,C,stance_integrity,3.0,0.9,,none,True,157,critique_event,Persona,Divergent
190,190_e02,C,premature_convergence_risk,0.0,0.9,,none,True,157,critique_event,Persona,Divergent
190,190_e02,C,runaway_divergence_risk,1.0,0.8,,none,True,157,critique_event,Persona,Divergent
194,194_e03,C,exploration_opening,3.0,0.9,,none,True,68,repair_event,Persona,BoundedRational
194,194_e03,C,reframing_quality,3.0,0.9,,none,True,68,repair_event,Persona,BoundedRational
194,194_e03,C,evaluative_discipline,0.0,0.9,,none,True,68,repair_event,Persona,BoundedRational
194,194_e03,C,agency_preservation,4.0,0.9,,none,True,68,repair_event,Persona,BoundedRational
194,194_e03,C,anchor_management,4.0,0.9,,none,True,68,repair_event,Persona,BoundedRational
194,194_e03,C,coregulation_uptake,3.0,0.8,,none,True,68,repair_event,Persona,BoundedRational
194,194_e03,C,timing_fit,3.0,0.8,,none,True,68,repair_event,Persona,BoundedRational
194,194_e03,C,implementation_grounding,0.0,0.9,,none,True,68,repair_event,Persona,BoundedRational
194,194_e03,C,cognitive_load_clarity,3.0,0.8,,none,True,68,repair_event,Persona,BoundedRational
194,194_e03,C,stance_integrity,4.0,0.9,,none,True,68,repair_event,Persona,BoundedRational
194,194_e03,C,premature_convergence_risk,0.0,0.9,,none,True,68,repair_event,Persona,BoundedRational
194,194_e03,C,runaway_divergence_risk,1.0,0.8,,none,True,68,repair_event,Persona,BoundedRational
194,194_e06,C,exploration_opening,2.0,0.9,,none,True,274,ideation_burst,Persona,BoundedRational
194,194_e06,C,reframing_quality,1.0,0.8,,none,True,274,ideation_burst,Persona,BoundedRational
194,194_e06,C,evaluative_discipline,0.0,0.9,,none,True,274,ideation_burst,Persona,BoundedRational
194,194_e06,C,agency_preservation,3.0,0.9,,none,True,274,ideation_burst,Persona,BoundedRational
194,194_e06,C,anchor_management,1.0,0.8,,none,True,274,ideation_burst,Persona,BoundedRational
194,194_e06,C,coregulation_uptake,3.0,0.9,,none,True,274,ideation_burst,Persona,BoundedRational
194,194_e06,C,timing_fit,2.0,0.8,,none,True,274,ideation_burst,Persona,BoundedRational
194,194_e06,C,implementation_grounding,1.0,0.8,,none,True,274,ideation_burst,Persona,BoundedRational
194,194_e06,C,cognitive_load_clarity,2.0,0.8,,none,True,274,ideation_burst,Persona,BoundedRational
194,194_e06,C,stance_integrity,2.0,0.8,,none,True,274,ideation_burst,Persona,BoundedRational
194,194_e06,C,premature_convergence_risk,2.0,0.7,,none,True,274,ideation_burst,Persona,BoundedRational
194,194_e06,C,runaway_divergence_risk,0.0,0.9,,none,True,274,ideation_burst,Persona,BoundedRational
195,195_e01,C,exploration_opening,2.0,0.9,,none,True,44,opening_frame,Persona,BoundedRational
195,195_e01,C,reframing_quality,0.0,0.9,,none,True,44,opening_frame,Persona,BoundedRational
195,195_e01,C,evaluative_discipline,,1.0,,none,False,44,opening_frame,Persona,BoundedRational
195,195_e01,C,agency_preservation,3.0,0.9,,none,True,44,opening_frame,Persona,BoundedRational
195,195_e01,C,anchor_management,,1.0,,none,False,44,opening_frame,Persona,BoundedRational
195,195_e01,C,coregulation_uptake,3.0,0.9,,none,True,44,opening_frame,Persona,BoundedRational
195,195_e01,C,timing_fit,3.0,0.9,,none,True,44,opening_frame,Persona,BoundedRational
195,195_e01,C,implementation_grounding,,1.0,,none,False,44,opening_frame,Persona,BoundedRational
195,195_e01,C,cognitive_load_clarity,3.0,0.9,,none,True,44,opening_frame,Persona,BoundedRational
195,195_e01,C,stance_integrity,3.0,0.9,,none,True,44,opening_frame,Persona,BoundedRational
195,195_e01,C,premature_convergence_risk,0.0,0.9,,none,True,44,opening_frame,Persona,BoundedRational
195,195_e01,C,runaway_divergence_risk,0.0,0.9,,none,True,44,opening_frame,Persona,BoundedRational
195,195_e04,C,exploration_opening,2.0,0.9,,none,True,191,critique_event,Persona,BoundedRational
195,195_e04,C,reframing_quality,1.0,0.8,,none,True,191,critique_event,Persona,BoundedRational
195,195_e04,C,evaluative_discipline,0.0,0.9,,none,True,191,critique_event,Persona,BoundedRational
195,195_e04,C,agency_preservation,3.0,0.9,,none,True,191,critique_event,Persona,BoundedRational
195,195_e04,C,anchor_management,1.0,0.8,,none,True,191,critique_event,Persona,BoundedRational
195,195_e04,C,coregulation_uptake,3.0,0.9,,none,True,191,critique_event,Persona,BoundedRational
195,195_e04,C,timing_fit,2.0,0.8,,none,True,191,critique_event,Persona,BoundedRational
195,195_e04,C,implementation_grounding,1.0,0.9,,none,True,191,critique_event,Persona,BoundedRational
195,195_e04,C,cognitive_load_clarity,3.0,0.9,,none,True,191,critique_event,Persona,BoundedRational
195,195_e04,C,stance_integrity,3.0,0.9,,none,True,191,critique_event,Persona,BoundedRational
195,195_e04,C,premature_convergence_risk,1.0,0.8,,none,True,191,critique_event,Persona,BoundedRational
195,195_e04,C,runaway_divergence_risk,1.0,0.8,,none,True,191,critique_event,Persona,BoundedRational
196,196_e03,C,exploration_opening,2.0,0.9,,none,True,355,ideation_burst,Persona,BoundedRational
196,196_e03,C,reframing_quality,2.0,0.8,,none,True,355,ideation_burst,Persona,BoundedRational
196,196_e03,C,evaluative_discipline,1.0,0.8,,none,True,355,ideation_burst,Persona,BoundedRational
196,196_e03,C,agency_preservation,3.0,0.9,,none,True,355,ideation_burst,Persona,BoundedRational
196,196_e03,C,anchor_management,2.0,0.8,,none,True,355,ideation_burst,Persona,BoundedRational
196,196_e03,C,coregulation_uptake,4.0,0.9,,none,True,355,ideation_burst,Persona,BoundedRational
196,196_e03,C,timing_fit,3.0,0.8,,none,True,355,ideation_burst,Persona,BoundedRational
196,196_e03,C,implementation_grounding,3.0,0.9,,none,True,355,ideation_burst,Persona,BoundedRational
196,196_e03,C,cognitive_load_clarity,3.0,0.9,,none,True,355,ideation_burst,Persona,BoundedRational
196,196_e03,C,stance_integrity,3.0,0.9,,none,True,355,ideation_burst,Persona,BoundedRational
196,196_e03,C,premature_convergence_risk,0.0,0.8,,none,True,355,ideation_burst,Persona,BoundedRational
196,196_e03,C,runaway_divergence_risk,1.0,0.8,,none,True,355,ideation_burst,Persona,BoundedRational
199,199_e04,C,exploration_opening,2.0,0.9,,none,True,96,critique_event,Persona,BoundedRational
199,199_e04,C,reframing_quality,2.0,0.9,,none,True,96,critique_event,Persona,BoundedRational
199,199_e04,C,evaluative_discipline,3.0,0.9,,none,True,96,critique_event,Persona,BoundedRational
199,199_e04,C,agency_preservation,3.0,0.9,,none,True,96,critique_event,Persona,BoundedRational
199,199_e04,C,anchor_management,2.0,0.8,,none,True,96,critique_event,Persona,BoundedRational
199,199_e04,C,coregulation_uptake,3.0,0.9,,none,True,96,critique_event,Persona,BoundedRational
199,199_e04,C,timing_fit,3.0,0.9,,none,True,96,critique_event,Persona,BoundedRational
199,199_e04,C,implementation_grounding,2.0,0.8,,none,True,96,critique_event,Persona,BoundedRational
199,199_e04,C,cognitive_load_clarity,3.0,0.9,,none,True,96,critique_event,Persona,BoundedRational
199,199_e04,C,stance_integrity,3.0,0.9,,none,True,96,critique_event,Persona,BoundedRational
199,199_e04,C,premature_convergence_risk,0.0,0.9,,none,True,96,critique_event,Persona,BoundedRational
199,199_e04,C,runaway_divergence_risk,0.0,0.9,,none,True,96,critique_event,Persona,BoundedRational
199,199_e05,C,exploration_opening,1.0,0.9,,none,True,81,other,Persona,BoundedRational
199,199_e05,C,reframing_quality,0.0,0.9,,none,True,81,other,Persona,BoundedRational
199,199_e05,C,evaluative_discipline,1.0,0.8,,none,True,81,other,Persona,BoundedRational
199,199_e05,C,agency_preservation,3.0,0.9,,none,True,81,other,Persona,BoundedRational
199,199_e05,C,anchor_management,0.0,0.8,,none,True,81,other,Persona,BoundedRational
199,199_e05,C,coregulation_uptake,3.0,0.9,,none,True,81,other,Persona,BoundedRational
199,199_e05,C,timing_fit,3.0,0.8,,none,True,81,other,Persona,BoundedRational
199,199_e05,C,implementation_grounding,2.0,0.8,,none,True,81,other,Persona,BoundedRational
199,199_e05,C,cognitive_load_clarity,3.0,0.9,,none,True,81,other,Persona,BoundedRational
199,199_e05,C,stance_integrity,3.0,0.8,,none,True,81,other,Persona,BoundedRational
199,199_e05,C,premature_convergence_risk,2.0,0.7,,none,True,81,other,Persona,BoundedRational
199,199_e05,C,runaway_divergence_risk,0.0,0.9,,none,True,81,other,Persona,BoundedRational
199,199_e07,C,exploration_opening,3.0,0.9,,none,True,92,user_agency_event,Persona,BoundedRational
199,199_e07,C,reframing_quality,2.0,0.8,,none,True,92,user_agency_event,Persona,BoundedRational
199,199_e07,C,evaluative_discipline,3.0,0.9,,none,True,92,user_agency_event,Persona,BoundedRational
199,199_e07,C,agency_preservation,3.0,0.9,,none,True,92,user_agency_event,Persona,BoundedRational
199,199_e07,C,anchor_management,3.0,0.8,,none,True,92,user_agency_event,Persona,BoundedRational
199,199_e07,C,coregulation_uptake,3.0,0.9,,none,True,92,user_agency_event,Persona,BoundedRational
199,199_e07,C,timing_fit,3.0,0.9,,none,True,92,user_agency_event,Persona,BoundedRational
199,199_e07,C,implementation_grounding,3.0,0.9,,none,True,92,user_agency_event,Persona,BoundedRational
199,199_e07,C,cognitive_load_clarity,3.0,0.9,,none,True,92,user_agency_event,Persona,BoundedRational
199,199_e07,C,stance_integrity,3.0,0.9,,none,True,92,user_agency_event,Persona,BoundedRational
199,199_e07,C,premature_convergence_risk,0.0,0.9,,none,True,92,user_agency_event,Persona,BoundedRational
199,199_e07,C,runaway_divergence_risk,1.0,0.9,,none,True,92,user_agency_event,Persona,BoundedRational
200,200_e01,C,exploration_opening,1.0,0.9,,none,True,45,opening_frame,Persona,BoundedRational
200,200_e01,C,reframing_quality,0.0,0.9,,none,True,45,opening_frame,Persona,BoundedRational
200,200_e01,C,evaluative_discipline,,1.0,,none,False,45,opening_frame,Persona,BoundedRational
200,200_e01,C,agency_preservation,3.0,0.9,,none,True,45,opening_frame,Persona,BoundedRational
200,200_e01,C,anchor_management,,1.0,,none,False,45,opening_frame,Persona,BoundedRational
200,200_e01,C,coregulation_uptake,3.0,0.9,,none,True,45,opening_frame,Persona,BoundedRational
200,200_e01,C,timing_fit,3.0,0.9,,none,True,45,opening_frame,Persona,BoundedRational
200,200_e01,C,implementation_grounding,0.0,0.9,,none,True,45,opening_frame,Persona,BoundedRational
200,200_e01,C,cognitive_load_clarity,3.0,0.9,,none,True,45,opening_frame,Persona,BoundedRational
200,200_e01,C,stance_integrity,3.0,0.9,,none,True,45,opening_frame,Persona,BoundedRational
200,200_e01,C,premature_convergence_risk,0.0,0.9,,none,True,45,opening_frame,Persona,BoundedRational
200,200_e01,C,runaway_divergence_risk,0.0,0.9,,none,True,45,opening_frame,Persona,BoundedRational
200,200_e02,C,exploration_opening,1.0,0.9,,none,True,91,repair_event,Persona,BoundedRational
200,200_e02,C,reframing_quality,0.0,0.9,,none,True,91,repair_event,Persona,BoundedRational
200,200_e02,C,evaluative_discipline,,1.0,,none,False,91,repair_event,Persona,BoundedRational
200,200_e02,C,agency_preservation,3.0,0.9,,none,True,91,repair_event,Persona,BoundedRational
200,200_e02,C,anchor_management,1.0,0.8,,none,True,91,repair_event,Persona,BoundedRational
200,200_e02,C,coregulation_uptake,3.0,0.9,,none,True,91,repair_event,Persona,BoundedRational
200,200_e02,C,timing_fit,3.0,0.9,,none,True,91,repair_event,Persona,BoundedRational
200,200_e02,C,implementation_grounding,0.0,0.9,,none,True,91,repair_event,Persona,BoundedRational
200,200_e02,C,cognitive_load_clarity,3.0,0.9,,none,True,91,repair_event,Persona,BoundedRational
200,200_e02,C,stance_integrity,3.0,0.9,,none,True,91,repair_event,Persona,BoundedRational
200,200_e02,C,premature_convergence_risk,0.0,0.9,,none,True,91,repair_event,Persona,BoundedRational
200,200_e02,C,runaway_divergence_risk,0.0,0.9,,none,True,91,repair_event,Persona,BoundedRational
200,200_e03,C,exploration_opening,2.0,0.9,,none,True,70,ideation_burst,Persona,BoundedRational
200,200_e03,C,reframing_quality,2.0,0.8,,none,True,70,ideation_burst,Persona,BoundedRational
200,200_e03,C,evaluative_discipline,,1.0,,none,False,70,ideation_burst,Persona,BoundedRational
200,200_e03,C,agency_preservation,3.0,0.9,,none,True,70,ideation_burst,Persona,BoundedRational
200,200_e03,C,anchor_management,2.0,0.8,,none,True,70,ideation_burst,Persona,BoundedRational
200,200_e03,C,coregulation_uptake,3.0,0.9,,none,True,70,ideation_burst,Persona,BoundedRational
200,200_e03,C,timing_fit,3.0,0.9,,none,True,70,ideation_burst,Persona,BoundedRational
200,200_e03,C,implementation_grounding,1.0,0.8,,none,True,70,ideation_burst,Persona,BoundedRational
200,200_e03,C,cognitive_load_clarity,3.0,0.9,,none,True,70,ideation_burst,Persona,BoundedRational
200,200_e03,C,stance_integrity,3.0,0.9,,none,True,70,ideation_burst,Persona,BoundedRational
200,200_e03,C,premature_convergence_risk,0.0,0.9,,none,True,70,ideation_burst,Persona,BoundedRational
200,200_e03,C,runaway_divergence_risk,1.0,0.8,,none,True,70,ideation_burst,Persona,BoundedRational
200,200_e06,C,exploration_opening,2.0,0.9,,none,True,137,ideation_burst,Persona,BoundedRational
200,200_e06,C,reframing_quality,1.0,0.8,,none,True,137,ideation_burst,Persona,BoundedRational
200,200_e06,C,evaluative_discipline,0.0,0.9,,none,True,137,ideation_burst,Persona,BoundedRational
200,200_e06,C,agency_preservation,3.0,0.9,,none,True,137,ideation_burst,Persona,BoundedRational
200,200_e06,C,anchor_management,2.0,0.8,,none,True,137,ideation_burst,Persona,BoundedRational
200,200_e06,C,coregulation_uptake,3.0,0.9,,none,True,137,ideation_burst,Persona,BoundedRational
200,200_e06,C,timing_fit,3.0,0.9,,none,True,137,ideation_burst,Persona,BoundedRational
200,200_e06,C,implementation_grounding,1.0,0.8,,none,True,137,ideation_burst,Persona,BoundedRational
200,200_e06,C,cognitive_load_clarity,3.0,0.9,,none,True,137,ideation_burst,Persona,BoundedRational
200,200_e06,C,stance_integrity,3.0,0.9,,none,True,137,ideation_burst,Persona,BoundedRational
200,200_e06,C,premature_convergence_risk,0.0,0.9,,none,True,137,ideation_burst,Persona,BoundedRational
200,200_e06,C,runaway_divergence_risk,1.0,0.8,,none,True,137,ideation_burst,Persona,BoundedRational
201,201_e01,C,exploration_opening,2.0,0.9,,none,True,43,opening_frame,Persona,BoundedRational
201,201_e01,C,reframing_quality,0.0,1.0,,none,True,43,opening_frame,Persona,BoundedRational
201,201_e01,C,evaluative_discipline,,1.0,,none,False,43,opening_frame,Persona,BoundedRational
201,201_e01,C,agency_preservation,3.0,0.9,,none,True,43,opening_frame,Persona,BoundedRational
201,201_e01,C,anchor_management,,1.0,,none,False,43,opening_frame,Persona,BoundedRational
201,201_e01,C,coregulation_uptake,3.0,0.9,,none,True,43,opening_frame,Persona,BoundedRational
201,201_e01,C,timing_fit,3.0,1.0,,none,True,43,opening_frame,Persona,BoundedRational
201,201_e01,C,implementation_grounding,1.0,0.8,,none,True,43,opening_frame,Persona,BoundedRational
201,201_e01,C,cognitive_load_clarity,3.0,1.0,,none,True,43,opening_frame,Persona,BoundedRational
201,201_e01,C,stance_integrity,3.0,0.9,,none,True,43,opening_frame,Persona,BoundedRational
201,201_e01,C,premature_convergence_risk,0.0,1.0,,none,True,43,opening_frame,Persona,BoundedRational
201,201_e01,C,runaway_divergence_risk,0.0,1.0,,none,True,43,opening_frame,Persona,BoundedRational
201,201_e04,C,exploration_opening,2.0,0.9,,none,True,142,other,Persona,BoundedRational
201,201_e04,C,reframing_quality,1.0,0.9,,none,True,142,other,Persona,BoundedRational
201,201_e04,C,evaluative_discipline,0.0,0.9,,none,True,142,other,Persona,BoundedRational
201,201_e04,C,agency_preservation,3.0,0.9,,none,True,142,other,Persona,BoundedRational
201,201_e04,C,anchor_management,0.0,0.9,,none,True,142,other,Persona,BoundedRational
201,201_e04,C,coregulation_uptake,3.0,0.9,,none,True,142,other,Persona,BoundedRational
201,201_e04,C,timing_fit,3.0,0.9,,none,True,142,other,Persona,BoundedRational
201,201_e04,C,implementation_grounding,1.0,0.9,,none,True,142,other,Persona,BoundedRational
201,201_e04,C,cognitive_load_clarity,3.0,0.9,,none,True,142,other,Persona,BoundedRational
201,201_e04,C,stance_integrity,3.0,0.9,,none,True,142,other,Persona,BoundedRational
201,201_e04,C,premature_convergence_risk,2.0,0.9,,none,True,142,other,Persona,BoundedRational
201,201_e04,C,runaway_divergence_risk,0.0,0.9,,none,True,142,other,Persona,BoundedRational
201,201_e05,C,exploration_opening,2.0,0.9,,none,True,109,other,Persona,BoundedRational
201,201_e05,C,reframing_quality,1.0,0.8,,none,True,109,other,Persona,BoundedRational
201,201_e05,C,evaluative_discipline,,1.0,,none,False,109,other,Persona,BoundedRational
201,201_e05,C,agency_preservation,3.0,0.9,,none,True,109,other,Persona,BoundedRational
201,201_e05,C,anchor_management,1.0,0.8,,none,True,109,other,Persona,BoundedRational
201,201_e05,C,coregulation_uptake,3.0,0.9,,none,True,109,other,Persona,BoundedRational
201,201_e05,C,timing_fit,3.0,0.9,,none,True,109,other,Persona,BoundedRational
201,201_e05,C,implementation_grounding,2.0,0.9,,none,True,109,other,Persona,BoundedRational
201,201_e05,C,cognitive_load_clarity,3.0,0.9,,none,True,109,other,Persona,BoundedRational
201,201_e05,C,stance_integrity,3.0,0.9,,none,True,109,other,Persona,BoundedRational
201,201_e05,C,premature_convergence_risk,1.0,0.8,,none,True,109,other,Persona,BoundedRational
201,201_e05,C,runaway_divergence_risk,0.0,0.9,,none,True,109,other,Persona,BoundedRational
201,201_e06,C,exploration_opening,2.0,0.9,,none,True,83,other,Persona,BoundedRational
201,201_e06,C,reframing_quality,1.0,0.9,,none,True,83,other,Persona,BoundedRational
201,201_e06,C,evaluative_discipline,0.0,0.9,,none,True,83,other,Persona,BoundedRational
201,201_e06,C,agency_preservation,3.0,0.9,,none,True,83,other,Persona,BoundedRational
201,201_e06,C,anchor_management,1.0,0.8,,none,True,83,other,Persona,BoundedRational
201,201_e06,C,coregulation_uptake,3.0,0.9,,none,True,83,other,Persona,BoundedRational
201,201_e06,C,timing_fit,3.0,0.8,,none,True,83,other,Persona,BoundedRational
201,201_e06,C,implementation_grounding,2.0,0.8,,none,True,83,other,Persona,BoundedRational
201,201_e06,C,cognitive_load_clarity,3.0,0.9,,none,True,83,other,Persona,BoundedRational
201,201_e06,C,stance_integrity,3.0,0.9,,none,True,83,other,Persona,BoundedRational
201,201_e06,C,premature_convergence_risk,1.0,0.8,,none,True,83,other,Persona,BoundedRational
201,201_e06,C,runaway_divergence_risk,0.0,0.9,,none,True,83,other,Persona,BoundedRational
202,202_e01,C,exploration_opening,2.0,0.9,,none,True,43,opening_frame,Persona,BoundedRational
202,202_e01,C,reframing_quality,0.0,0.9,,none,True,43,opening_frame,Persona,BoundedRational
202,202_e01,C,evaluative_discipline,,1.0,,none,False,43,opening_frame,Persona,BoundedRational
202,202_e01,C,agency_preservation,3.0,0.9,,none,True,43,opening_frame,Persona,BoundedRational
202,202_e01,C,anchor_management,,1.0,,none,False,43,opening_frame,Persona,BoundedRational
202,202_e01,C,coregulation_uptake,3.0,0.9,,none,True,43,opening_frame,Persona,BoundedRational
202,202_e01,C,timing_fit,3.0,0.9,,none,True,43,opening_frame,Persona,BoundedRational
202,202_e01,C,implementation_grounding,1.0,0.8,,none,True,43,opening_frame,Persona,BoundedRational
202,202_e01,C,cognitive_load_clarity,3.0,0.9,,none,True,43,opening_frame,Persona,BoundedRational
202,202_e01,C,stance_integrity,3.0,0.9,,none,True,43,opening_frame,Persona,BoundedRational
202,202_e01,C,premature_convergence_risk,0.0,0.9,,none,True,43,opening_frame,Persona,BoundedRational
202,202_e01,C,runaway_divergence_risk,0.0,0.9,,none,True,43,opening_frame,Persona,BoundedRational
202,202_e02,C,exploration_opening,2.0,0.9,,none,True,105,other,Persona,BoundedRational
202,202_e02,C,reframing_quality,1.0,0.8,,none,True,105,other,Persona,BoundedRational
202,202_e02,C,evaluative_discipline,1.0,0.8,,none,True,105,other,Persona,BoundedRational
202,202_e02,C,agency_preservation,3.0,0.9,,none,True,105,other,Persona,BoundedRational
202,202_e02,C,anchor_management,0.0,0.9,,none,True,105,other,Persona,BoundedRational
202,202_e02,C,coregulation_uptake,3.0,0.9,,none,True,105,other,Persona,BoundedRational
202,202_e02,C,timing_fit,3.0,0.8,,none,True,105,other,Persona,BoundedRational
202,202_e02,C,implementation_grounding,2.0,0.8,,none,True,105,other,Persona,BoundedRational
202,202_e02,C,cognitive_load_clarity,3.0,0.9,,none,True,105,other,Persona,BoundedRational
202,202_e02,C,stance_integrity,3.0,0.9,,none,True,105,other,Persona,BoundedRational
202,202_e02,C,premature_convergence_risk,2.0,0.8,,none,True,105,other,Persona,BoundedRational
202,202_e02,C,runaway_divergence_risk,0.0,0.9,,none,True,105,other,Persona,BoundedRational
204,204_e05,C,exploration_opening,2.0,0.9,,none,True,184,ideation_burst,Persona,BoundedRational
204,204_e05,C,reframing_quality,2.0,0.8,,none,True,184,ideation_burst,Persona,BoundedRational
204,204_e05,C,evaluative_discipline,,1.0,,none,False,184,ideation_burst,Persona,BoundedRational
204,204_e05,C,agency_preservation,3.0,0.9,,none,True,184,ideation_burst,Persona,BoundedRational
204,204_e05,C,anchor_management,2.0,0.8,,none,True,184,ideation_burst,Persona,BoundedRational
204,204_e05,C,coregulation_uptake,3.0,0.9,,none,True,184,ideation_burst,Persona,BoundedRational
204,204_e05,C,timing_fit,3.0,0.9,,none,True,184,ideation_burst,Persona,BoundedRational
204,204_e05,C,implementation_grounding,2.0,0.9,,none,True,184,ideation_burst,Persona,BoundedRational
204,204_e05,C,cognitive_load_clarity,3.0,0.9,,none,True,184,ideation_burst,Persona,BoundedRational
204,204_e05,C,stance_integrity,3.0,0.9,,none,True,184,ideation_burst,Persona,BoundedRational
204,204_e05,C,premature_convergence_risk,1.0,0.8,,none,True,184,ideation_burst,Persona,BoundedRational
204,204_e05,C,runaway_divergence_risk,0.0,0.9,,none,True,184,ideation_burst,Persona,BoundedRational
208,208_e02,C,exploration_opening,0.0,0.9,,none,True,86,other,GPT,GPT
208,208_e02,C,reframing_quality,0.0,0.9,,none,True,86,other,GPT,GPT
208,208_e02,C,evaluative_discipline,0.0,0.9,,none,True,86,other,GPT,GPT
208,208_e02,C,agency_preservation,1.0,0.8,,none,True,86,other,GPT,GPT
208,208_e02,C,anchor_management,0.0,0.9,,none,True,86,other,GPT,GPT
208,208_e02,C,coregulation_uptake,0.0,0.9,,none,True,86,other,GPT,GPT
208,208_e02,C,timing_fit,0.0,0.8,,none,True,86,other,GPT,GPT
208,208_e02,C,implementation_grounding,0.0,0.9,,none,True,86,other,GPT,GPT
208,208_e02,C,cognitive_load_clarity,1.0,0.8,,none,True,86,other,GPT,GPT
208,208_e02,C,stance_integrity,0.0,0.9,,none,True,86,other,GPT,GPT
208,208_e02,C,premature_convergence_risk,3.0,0.8,,none,True,86,other,GPT,GPT
208,208_e02,C,runaway_divergence_risk,0.0,0.8,,none,True,86,other,GPT,GPT
209,209_e07,C,exploration_opening,0.0,0.9,,none,True,102,repair_event,GPT,GPT
209,209_e07,C,reframing_quality,0.0,0.9,,none,True,102,repair_event,GPT,GPT
209,209_e07,C,evaluative_discipline,0.0,0.9,,none,True,102,repair_event,GPT,GPT
209,209_e07,C,agency_preservation,0.0,0.9,,none,True,102,repair_event,GPT,GPT
209,209_e07,C,anchor_management,0.0,0.9,,none,True,102,repair_event,GPT,GPT
209,209_e07,C,coregulation_uptake,0.0,0.9,,none,True,102,repair_event,GPT,GPT
209,209_e07,C,timing_fit,0.0,0.9,,none,True,102,repair_event,GPT,GPT
209,209_e07,C,implementation_grounding,0.0,0.9,,none,True,102,repair_event,GPT,GPT
209,209_e07,C,cognitive_load_clarity,0.0,0.9,,none,True,102,repair_event,GPT,GPT
209,209_e07,C,stance_integrity,0.0,0.9,,none,True,102,repair_event,GPT,GPT
209,209_e07,C,premature_convergence_risk,3.0,0.8,,none,True,102,repair_event,GPT,GPT
209,209_e07,C,runaway_divergence_risk,0.0,0.9,,none,True,102,repair_event,GPT,GPT
210,210_e07,C,exploration_opening,0.0,0.9,,none,True,51,other,GPT,GPT
210,210_e07,C,reframing_quality,0.0,0.9,,none,True,51,other,GPT,GPT
210,210_e07,C,evaluative_discipline,,1.0,,none,False,51,other,GPT,GPT
210,210_e07,C,agency_preservation,3.0,0.9,,none,True,51,other,GPT,GPT
210,210_e07,C,anchor_management,,1.0,,none,False,51,other,GPT,GPT
210,210_e07,C,coregulation_uptake,3.0,0.9,,none,True,51,other,GPT,GPT
210,210_e07,C,timing_fit,3.0,0.9,,none,True,51,other,GPT,GPT
210,210_e07,C,implementation_grounding,1.0,0.8,,none,True,51,other,GPT,GPT
210,210_e07,C,cognitive_load_clarity,3.0,0.9,,none,True,51,other,GPT,GPT
210,210_e07,C,stance_integrity,,1.0,,none,False,51,other,GPT,GPT
210,210_e07,C,premature_convergence_risk,0.0,0.9,,none,True,51,other,GPT,GPT
210,210_e07,C,runaway_divergence_risk,0.0,0.9,,none,True,51,other,GPT,GPT
210,210_e08,C,exploration_opening,1.0,0.9,,none,True,146,other,GPT,GPT
210,210_e08,C,reframing_quality,0.0,0.9,,none,True,146,other,GPT,GPT
210,210_e08,C,evaluative_discipline,0.0,0.9,,none,True,146,other,GPT,GPT
210,210_e08,C,agency_preservation,1.0,0.8,,none,True,146,other,GPT,GPT
210,210_e08,C,anchor_management,0.0,0.9,,none,True,146,other,GPT,GPT
210,210_e08,C,coregulation_uptake,1.0,0.9,,none,True,146,other,GPT,GPT
210,210_e08,C,timing_fit,1.0,0.8,,none,True,146,other,GPT,GPT
210,210_e08,C,implementation_grounding,1.0,0.9,,none,True,146,other,GPT,GPT
210,210_e08,C,cognitive_load_clarity,2.0,0.8,,none,True,146,other,GPT,GPT
210,210_e08,C,stance_integrity,0.0,0.9,,none,True,146,other,GPT,GPT
210,210_e08,C,premature_convergence_risk,3.0,0.8,,none,True,146,other,GPT,GPT
210,210_e08,C,runaway_divergence_risk,0.0,0.9,,none,True,146,other,GPT,GPT
214,214_e04,C,exploration_opening,2.0,0.9,,none,True,74,other,GPT,GPT
214,214_e04,C,reframing_quality,0.0,0.9,,none,True,74,other,GPT,GPT
214,214_e04,C,evaluative_discipline,0.0,0.9,,none,True,74,other,GPT,GPT
214,214_e04,C,agency_preservation,3.0,0.9,,none,True,74,other,GPT,GPT
214,214_e04,C,anchor_management,1.0,0.8,,none,True,74,other,GPT,GPT
214,214_e04,C,coregulation_uptake,3.0,0.9,,none,True,74,other,GPT,GPT
214,214_e04,C,timing_fit,3.0,0.9,,none,True,74,other,GPT,GPT
214,214_e04,C,implementation_grounding,1.0,0.8,,none,True,74,other,GPT,GPT
214,214_e04,C,cognitive_load_clarity,3.0,0.9,,none,True,74,other,GPT,GPT
214,214_e04,C,stance_integrity,3.0,0.9,,none,True,74,other,GPT,GPT
214,214_e04,C,premature_convergence_risk,0.0,0.9,,none,True,74,other,GPT,GPT
214,214_e04,C,runaway_divergence_risk,0.0,0.9,,none,True,74,other,GPT,GPT
216,216_e01,C,exploration_opening,2.0,0.9,,none,True,115,opening_frame,Persona,Rational
216,216_e01,C,reframing_quality,1.0,0.9,,none,True,115,opening_frame,Persona,Rational
216,216_e01,C,evaluative_discipline,,1.0,,none,False,115,opening_frame,Persona,Rational
216,216_e01,C,agency_preservation,3.0,0.9,,none,True,115,opening_frame,Persona,Rational
216,216_e01,C,anchor_management,1.0,0.8,,none,True,115,opening_frame,Persona,Rational
216,216_e01,C,coregulation_uptake,3.0,0.9,,none,True,115,opening_frame,Persona,Rational
216,216_e01,C,timing_fit,3.0,0.9,,none,True,115,opening_frame,Persona,Rational
216,216_e01,C,implementation_grounding,1.0,0.8,,none,True,115,opening_frame,Persona,Rational
216,216_e01,C,cognitive_load_clarity,3.0,0.9,,none,True,115,opening_frame,Persona,Rational
216,216_e01,C,stance_integrity,3.0,0.9,,none,True,115,opening_frame,Persona,Rational
216,216_e01,C,premature_convergence_risk,1.0,0.8,,none,True,115,opening_frame,Persona,Rational
216,216_e01,C,runaway_divergence_risk,0.0,0.9,,none,True,115,opening_frame,Persona,Rational
216,216_e02,C,exploration_opening,2.0,0.9,,none,True,114,other,Persona,Rational
216,216_e02,C,reframing_quality,1.0,0.8,,none,True,114,other,Persona,Rational
216,216_e02,C,evaluative_discipline,0.0,0.9,,none,True,114,other,Persona,Rational
216,216_e02,C,agency_preservation,3.0,0.9,,none,True,114,other,Persona,Rational
216,216_e02,C,anchor_management,1.0,0.8,,none,True,114,other,Persona,Rational
216,216_e02,C,coregulation_uptake,3.0,0.9,,none,True,114,other,Persona,Rational
216,216_e02,C,timing_fit,3.0,0.9,,none,True,114,other,Persona,Rational
216,216_e02,C,implementation_grounding,1.0,0.8,,none,True,114,other,Persona,Rational
216,216_e02,C,cognitive_load_clarity,3.0,0.9,,none,True,114,other,Persona,Rational
216,216_e02,C,stance_integrity,3.0,0.9,,none,True,114,other,Persona,Rational
216,216_e02,C,premature_convergence_risk,0.0,0.9,,none,True,114,other,Persona,Rational
216,216_e02,C,runaway_divergence_risk,1.0,0.8,,none,True,114,other,Persona,Rational
216,216_e03,C,exploration_opening,2.0,0.9,,none,True,172,other,Persona,Rational
216,216_e03,C,reframing_quality,1.0,0.8,,none,True,172,other,Persona,Rational
216,216_e03,C,evaluative_discipline,3.0,0.9,,none,True,172,other,Persona,Rational
216,216_e03,C,agency_preservation,3.0,0.9,,none,True,172,other,Persona,Rational
216,216_e03,C,anchor_management,2.0,0.8,,none,True,172,other,Persona,Rational
216,216_e03,C,coregulation_uptake,3.0,0.9,,none,True,172,other,Persona,Rational
216,216_e03,C,timing_fit,3.0,0.9,,none,True,172,other,Persona,Rational
216,216_e03,C,implementation_grounding,3.0,0.9,,none,True,172,other,Persona,Rational
216,216_e03,C,cognitive_load_clarity,3.0,0.9,,none,True,172,other,Persona,Rational
216,216_e03,C,stance_integrity,3.0,0.9,,none,True,172,other,Persona,Rational
216,216_e03,C,premature_convergence_risk,0.0,0.8,,none,True,172,other,Persona,Rational
216,216_e03,C,runaway_divergence_risk,0.0,0.9,,none,True,172,other,Persona,Rational
216,216_e04,C,exploration_opening,2.0,0.9,,none,True,207,ideation_burst,Persona,Rational
216,216_e04,C,reframing_quality,1.0,0.8,,none,True,207,ideation_burst,Persona,Rational
216,216_e04,C,evaluative_discipline,0.0,0.9,,none,True,207,ideation_burst,Persona,Rational
216,216_e04,C,agency_preservation,3.0,0.9,,none,True,207,ideation_burst,Persona,Rational
216,216_e04,C,anchor_management,1.0,0.8,,none,True,207,ideation_burst,Persona,Rational
216,216_e04,C,coregulation_uptake,3.0,0.9,,none,True,207,ideation_burst,Persona,Rational
216,216_e04,C,timing_fit,2.0,0.8,,none,True,207,ideation_burst,Persona,Rational
216,216_e04,C,implementation_grounding,1.0,0.9,,none,True,207,ideation_burst,Persona,Rational
216,216_e04,C,cognitive_load_clarity,3.0,0.9,,none,True,207,ideation_burst,Persona,Rational
216,216_e04,C,stance_integrity,3.0,0.9,,none,True,207,ideation_burst,Persona,Rational
216,216_e04,C,premature_convergence_risk,0.0,0.8,,none,True,207,ideation_burst,Persona,Rational
216,216_e04,C,runaway_divergence_risk,1.0,0.8,,none,True,207,ideation_burst,Persona,Rational
217,217_e01,C,exploration_opening,2.0,0.9,,none,True,61,opening_frame,Persona,Rational
217,217_e01,C,reframing_quality,1.0,0.8,,none,True,61,opening_frame,Persona,Rational
217,217_e01,C,evaluative_discipline,,1.0,,none,False,61,opening_frame,Persona,Rational
217,217_e01,C,agency_preservation,3.0,0.9,,none,True,61,opening_frame,Persona,Rational
217,217_e01,C,anchor_management,,1.0,,none,False,61,opening_frame,Persona,Rational
217,217_e01,C,coregulation_uptake,3.0,0.9,,none,True,61,opening_frame,Persona,Rational
217,217_e01,C,timing_fit,3.0,0.9,,none,True,61,opening_frame,Persona,Rational
217,217_e01,C,implementation_grounding,1.0,0.8,,none,True,61,opening_frame,Persona,Rational
217,217_e01,C,cognitive_load_clarity,3.0,0.9,,none,True,61,opening_frame,Persona,Rational
217,217_e01,C,stance_integrity,3.0,0.9,,none,True,61,opening_frame,Persona,Rational
217,217_e01,C,premature_convergence_risk,0.0,0.9,,none,True,61,opening_frame,Persona,Rational
217,217_e01,C,runaway_divergence_risk,0.0,0.9,,none,True,61,opening_frame,Persona,Rational
217,217_e03,C,exploration_opening,2.0,0.9,,none,True,80,other,Persona,Rational
217,217_e03,C,reframing_quality,0.0,0.9,,none,True,80,other,Persona,Rational
217,217_e03,C,evaluative_discipline,0.0,0.9,,none,True,80,other,Persona,Rational
217,217_e03,C,agency_preservation,1.0,0.9,,none,True,80,other,Persona,Rational
217,217_e03,C,anchor_management,0.0,0.9,,none,True,80,other,Persona,Rational
217,217_e03,C,coregulation_uptake,0.0,0.9,,none,True,80,other,Persona,Rational
217,217_e03,C,timing_fit,0.0,0.9,,none,True,80,other,Persona,Rational
217,217_e03,C,implementation_grounding,1.0,0.9,,none,True,80,other,Persona,Rational
217,217_e03,C,cognitive_load_clarity,2.0,0.9,,none,True,80,other,Persona,Rational
217,217_e03,C,stance_integrity,1.0,0.9,,none,True,80,other,Persona,Rational
217,217_e03,C,premature_convergence_risk,3.0,0.9,,none,True,80,other,Persona,Rational
217,217_e03,C,runaway_divergence_risk,0.0,0.9,,none,True,80,other,Persona,Rational
217,217_e04,C,exploration_opening,1.0,0.9,,none,True,106,other,Persona,Rational
217,217_e04,C,reframing_quality,1.0,0.9,,none,True,106,other,Persona,Rational
217,217_e04,C,evaluative_discipline,0.0,0.9,,none,True,106,other,Persona,Rational
217,217_e04,C,agency_preservation,3.0,0.9,,none,True,106,other,Persona,Rational
217,217_e04,C,anchor_management,1.0,0.8,,none,True,106,other,Persona,Rational
217,217_e04,C,coregulation_uptake,3.0,0.9,,none,True,106,other,Persona,Rational
217,217_e04,C,timing_fit,2.0,0.8,,none,True,106,other,Persona,Rational
217,217_e04,C,implementation_grounding,1.0,0.8,,none,True,106,other,Persona,Rational
217,217_e04,C,cognitive_load_clarity,3.0,0.9,,none,True,106,other,Persona,Rational
217,217_e04,C,stance_integrity,3.0,0.9,,none,True,106,other,Persona,Rational
217,217_e04,C,premature_convergence_risk,2.0,0.8,,none,True,106,other,Persona,Rational
217,217_e04,C,runaway_divergence_risk,0.0,0.9,,none,True,106,other,Persona,Rational
219,219_e01,C,exploration_opening,2.0,0.9,,none,True,103,opening_frame,Persona,Rational
219,219_e01,C,reframing_quality,1.0,0.8,,none,True,103,opening_frame,Persona,Rational
219,219_e01,C,evaluative_discipline,,1.0,,none,False,103,opening_frame,Persona,Rational
219,219_e01,C,agency_preservation,3.0,0.9,,none,True,103,opening_frame,Persona,Rational
219,219_e01,C,anchor_management,2.0,0.8,,none,True,103,opening_frame,Persona,Rational
219,219_e01,C,coregulation_uptake,3.0,0.9,,none,True,103,opening_frame,Persona,Rational
219,219_e01,C,timing_fit,3.0,0.9,,none,True,103,opening_frame,Persona,Rational
219,219_e01,C,implementation_grounding,1.0,0.8,,none,True,103,opening_frame,Persona,Rational
219,219_e01,C,cognitive_load_clarity,3.0,0.9,,none,True,103,opening_frame,Persona,Rational
219,219_e01,C,stance_integrity,3.0,0.9,,none,True,103,opening_frame,Persona,Rational
219,219_e01,C,premature_convergence_risk,0.0,0.9,,none,True,103,opening_frame,Persona,Rational
219,219_e01,C,runaway_divergence_risk,0.0,0.9,,none,True,103,opening_frame,Persona,Rational
219,219_e02,C,exploration_opening,2.0,0.9,,none,True,116,user_agency_event,Persona,Rational
219,219_e02,C,reframing_quality,2.0,0.9,,none,True,116,user_agency_event,Persona,Rational
219,219_e02,C,evaluative_discipline,,1.0,,none,False,116,user_agency_event,Persona,Rational
219,219_e02,C,agency_preservation,3.0,0.9,,none,True,116,user_agency_event,Persona,Rational
219,219_e02,C,anchor_management,2.0,0.8,,none,True,116,user_agency_event,Persona,Rational
219,219_e02,C,coregulation_uptake,4.0,0.9,,none,True,116,user_agency_event,Persona,Rational
219,219_e02,C,timing_fit,3.0,0.9,,none,True,116,user_agency_event,Persona,Rational
219,219_e02,C,implementation_grounding,2.0,0.8,,none,True,116,user_agency_event,Persona,Rational
219,219_e02,C,cognitive_load_clarity,3.0,0.9,,none,True,116,user_agency_event,Persona,Rational
219,219_e02,C,stance_integrity,3.0,0.9,,none,True,116,user_agency_event,Persona,Rational
219,219_e02,C,premature_convergence_risk,0.0,0.9,,none,True,116,user_agency_event,Persona,Rational
219,219_e02,C,runaway_divergence_risk,1.0,0.9,,none,True,116,user_agency_event,Persona,Rational
219,219_e05,C,exploration_opening,2.0,0.9,,none,True,111,other,Persona,Rational
219,219_e05,C,reframing_quality,1.0,0.8,,none,True,111,other,Persona,Rational
219,219_e05,C,evaluative_discipline,0.0,0.9,,none,True,111,other,Persona,Rational
219,219_e05,C,agency_preservation,3.0,0.9,,none,True,111,other,Persona,Rational
219,219_e05,C,anchor_management,1.0,0.8,,none,True,111,other,Persona,Rational
219,219_e05,C,coregulation_uptake,3.0,0.9,,none,True,111,other,Persona,Rational
219,219_e05,C,timing_fit,2.0,0.8,,none,True,111,other,Persona,Rational
219,219_e05,C,implementation_grounding,2.0,0.8,,none,True,111,other,Persona,Rational
219,219_e05,C,cognitive_load_clarity,3.0,0.9,,none,True,111,other,Persona,Rational
219,219_e05,C,stance_integrity,3.0,0.9,,none,True,111,other,Persona,Rational
219,219_e05,C,premature_convergence_risk,1.0,0.8,,none,True,111,other,Persona,Rational
219,219_e05,C,runaway_divergence_risk,0.0,0.9,,none,True,111,other,Persona,Rational
221,221_e01,C,exploration_opening,2.0,0.9,,none,True,66,opening_frame,Persona,Rational
221,221_e01,C,reframing_quality,2.0,0.8,,none,True,66,opening_frame,Persona,Rational
221,221_e01,C,evaluative_discipline,,1.0,,none,False,66,opening_frame,Persona,Rational
221,221_e01,C,agency_preservation,3.0,0.9,,none,True,66,opening_frame,Persona,Rational
221,221_e01,C,anchor_management,,1.0,,none,False,66,opening_frame,Persona,Rational
221,221_e01,C,coregulation_uptake,3.0,0.9,,none,True,66,opening_frame,Persona,Rational
221,221_e01,C,timing_fit,3.0,0.9,,none,True,66,opening_frame,Persona,Rational
221,221_e01,C,implementation_grounding,1.0,0.8,,none,True,66,opening_frame,Persona,Rational
221,221_e01,C,cognitive_load_clarity,3.0,0.9,,none,True,66,opening_frame,Persona,Rational
221,221_e01,C,stance_integrity,3.0,0.9,,none,True,66,opening_frame,Persona,Rational
221,221_e01,C,premature_convergence_risk,0.0,0.9,,none,True,66,opening_frame,Persona,Rational
221,221_e01,C,runaway_divergence_risk,0.0,0.9,,none,True,66,opening_frame,Persona,Rational
221,221_e02,C,exploration_opening,3.0,0.9,,none,True,75,other,Persona,Rational
221,221_e02,C,reframing_quality,3.0,0.9,,none,True,75,other,Persona,Rational
221,221_e02,C,evaluative_discipline,,1.0,,none,False,75,other,Persona,Rational
221,221_e02,C,agency_preservation,3.0,0.9,,none,True,75,other,Persona,Rational
221,221_e02,C,anchor_management,3.0,0.8,,none,True,75,other,Persona,Rational
221,221_e02,C,coregulation_uptake,3.0,0.9,,none,True,75,other,Persona,Rational
221,221_e02,C,timing_fit,3.0,0.9,,none,True,75,other,Persona,Rational
221,221_e02,C,implementation_grounding,1.0,0.8,,none,True,75,other,Persona,Rational
221,221_e02,C,cognitive_load_clarity,3.0,0.9,,none,True,75,other,Persona,Rational
221,221_e02,C,stance_integrity,3.0,0.9,,none,True,75,other,Persona,Rational
221,221_e02,C,premature_convergence_risk,0.0,0.9,,none,True,75,other,Persona,Rational
221,221_e02,C,runaway_divergence_risk,1.0,0.8,,none,True,75,other,Persona,Rational
221,221_e03,C,exploration_opening,3.0,0.9,,none,True,99,other,Persona,Rational
221,221_e03,C,reframing_quality,3.0,0.9,,none,True,99,other,Persona,Rational
221,221_e03,C,evaluative_discipline,,1.0,,none,False,99,other,Persona,Rational
221,221_e03,C,agency_preservation,3.0,0.9,,none,True,99,other,Persona,Rational
221,221_e03,C,anchor_management,3.0,0.9,,none,True,99,other,Persona,Rational
221,221_e03,C,coregulation_uptake,3.0,0.9,,none,True,99,other,Persona,Rational
221,221_e03,C,timing_fit,3.0,0.9,,none,True,99,other,Persona,Rational
221,221_e03,C,implementation_grounding,1.0,0.8,,none,True,99,other,Persona,Rational
221,221_e03,C,cognitive_load_clarity,3.0,0.9,,none,True,99,other,Persona,Rational
221,221_e03,C,stance_integrity,3.0,0.9,,none,True,99,other,Persona,Rational
221,221_e03,C,premature_convergence_risk,0.0,0.9,,none,True,99,other,Persona,Rational
221,221_e03,C,runaway_divergence_risk,1.0,0.8,,none,True,99,other,Persona,Rational
222,222_e01,C,exploration_opening,2.0,0.9,,none,True,88,opening_frame,Persona,Rational
222,222_e01,C,reframing_quality,2.0,0.8,,none,True,88,opening_frame,Persona,Rational
222,222_e01,C,evaluative_discipline,,1.0,,none,False,88,opening_frame,Persona,Rational
222,222_e01,C,agency_preservation,3.0,0.9,,none,True,88,opening_frame,Persona,Rational
222,222_e01,C,anchor_management,,1.0,,none,False,88,opening_frame,Persona,Rational
222,222_e01,C,coregulation_uptake,3.0,0.9,,none,True,88,opening_frame,Persona,Rational
222,222_e01,C,timing_fit,3.0,0.9,,none,True,88,opening_frame,Persona,Rational
222,222_e01,C,implementation_grounding,1.0,0.8,,none,True,88,opening_frame,Persona,Rational
222,222_e01,C,cognitive_load_clarity,3.0,0.9,,none,True,88,opening_frame,Persona,Rational
222,222_e01,C,stance_integrity,3.0,0.9,,none,True,88,opening_frame,Persona,Rational
222,222_e01,C,premature_convergence_risk,0.0,0.9,,none,True,88,opening_frame,Persona,Rational
222,222_e01,C,runaway_divergence_risk,0.0,0.9,,none,True,88,opening_frame,Persona,Rational
222,222_e02,C,exploration_opening,3.0,0.9,,none,True,353,critique_event,Persona,Rational
222,222_e02,C,reframing_quality,2.0,0.8,,none,True,353,critique_event,Persona,Rational
222,222_e02,C,evaluative_discipline,3.0,0.9,,none,True,353,critique_event,Persona,Rational
222,222_e02,C,agency_preservation,3.0,0.9,,none,True,353,critique_event,Persona,Rational
222,222_e02,C,anchor_management,3.0,0.8,,none,True,353,critique_event,Persona,Rational
222,222_e02,C,coregulation_uptake,4.0,0.9,,none,True,353,critique_event,Persona,Rational
222,222_e02,C,timing_fit,3.0,0.9,,none,True,353,critique_event,Persona,Rational
222,222_e02,C,implementation_grounding,2.0,0.8,,none,True,353,critique_event,Persona,Rational
222,222_e02,C,cognitive_load_clarity,3.0,0.9,,none,True,353,critique_event,Persona,Rational
222,222_e02,C,stance_integrity,3.0,0.9,,none,True,353,critique_event,Persona,Rational
222,222_e02,C,premature_convergence_risk,0.0,0.9,,none,True,353,critique_event,Persona,Rational
222,222_e02,C,runaway_divergence_risk,1.0,0.9,,none,True,353,critique_event,Persona,Rational
223,223_e01,C,exploration_opening,2.0,0.9,,none,True,111,opening_frame,Persona,Rational
223,223_e01,C,reframing_quality,2.0,0.8,,none,True,111,opening_frame,Persona,Rational
223,223_e01,C,evaluative_discipline,,1.0,,none,False,111,opening_frame,Persona,Rational
223,223_e01,C,agency_preservation,3.0,0.9,,none,True,111,opening_frame,Persona,Rational
223,223_e01,C,anchor_management,2.0,0.8,,none,True,111,opening_frame,Persona,Rational
223,223_e01,C,coregulation_uptake,3.0,0.9,,none,True,111,opening_frame,Persona,Rational
223,223_e01,C,timing_fit,3.0,0.9,,none,True,111,opening_frame,Persona,Rational
223,223_e01,C,implementation_grounding,1.0,0.8,,none,True,111,opening_frame,Persona,Rational
223,223_e01,C,cognitive_load_clarity,3.0,0.9,,none,True,111,opening_frame,Persona,Rational
223,223_e01,C,stance_integrity,3.0,0.9,,none,True,111,opening_frame,Persona,Rational
223,223_e01,C,premature_convergence_risk,0.0,0.9,,none,True,111,opening_frame,Persona,Rational
223,223_e01,C,runaway_divergence_risk,1.0,0.8,,none,True,111,opening_frame,Persona,Rational
224,224_e01,C,exploration_opening,1.0,0.9,,none,True,73,opening_frame,Persona,Rational
224,224_e01,C,reframing_quality,1.0,0.9,,none,True,73,opening_frame,Persona,Rational
224,224_e01,C,evaluative_discipline,,1.0,,none,False,73,opening_frame,Persona,Rational
224,224_e01,C,agency_preservation,3.0,0.9,,none,True,73,opening_frame,Persona,Rational
224,224_e01,C,anchor_management,2.0,0.8,,none,True,73,opening_frame,Persona,Rational
224,224_e01,C,coregulation_uptake,3.0,0.9,,none,True,73,opening_frame,Persona,Rational
224,224_e01,C,timing_fit,3.0,0.9,,none,True,73,opening_frame,Persona,Rational
224,224_e01,C,implementation_grounding,1.0,0.8,,none,True,73,opening_frame,Persona,Rational
224,224_e01,C,cognitive_load_clarity,3.0,0.9,,none,True,73,opening_frame,Persona,Rational
224,224_e01,C,stance_integrity,3.0,0.9,,none,True,73,opening_frame,Persona,Rational
224,224_e01,C,premature_convergence_risk,0.0,0.9,,none,True,73,opening_frame,Persona,Rational
224,224_e01,C,runaway_divergence_risk,0.0,0.9,,none,True,73,opening_frame,Persona,Rational
224,224_e04,C,exploration_opening,1.0,0.9,,none,True,101,critique_event,Persona,Rational
224,224_e04,C,reframing_quality,2.0,0.9,,none,True,101,critique_event,Persona,Rational
224,224_e04,C,evaluative_discipline,3.0,0.9,,none,True,101,critique_event,Persona,Rational
224,224_e04,C,agency_preservation,3.0,0.9,,none,True,101,critique_event,Persona,Rational
224,224_e04,C,anchor_management,2.0,0.8,,none,True,101,critique_event,Persona,Rational
224,224_e04,C,coregulation_uptake,3.0,0.9,,none,True,101,critique_event,Persona,Rational
224,224_e04,C,timing_fit,3.0,0.9,,none,True,101,critique_event,Persona,Rational
224,224_e04,C,implementation_grounding,2.0,0.9,,none,True,101,critique_event,Persona,Rational
224,224_e04,C,cognitive_load_clarity,3.0,0.9,,none,True,101,critique_event,Persona,Rational
224,224_e04,C,stance_integrity,3.0,0.9,,none,True,101,critique_event,Persona,Rational
224,224_e04,C,premature_convergence_risk,1.0,0.8,,none,True,101,critique_event,Persona,Rational
224,224_e04,C,runaway_divergence_risk,0.0,0.9,,none,True,101,critique_event,Persona,Rational
224,224_e08,C,exploration_opening,3.0,1.0,,none,True,60,user_agency_event,Persona,Rational
224,224_e08,C,reframing_quality,2.0,0.9,,none,True,60,user_agency_event,Persona,Rational
224,224_e08,C,evaluative_discipline,,1.0,,none,False,60,user_agency_event,Persona,Rational
224,224_e08,C,agency_preservation,3.0,0.9,,none,True,60,user_agency_event,Persona,Rational
224,224_e08,C,anchor_management,2.0,0.8,,none,True,60,user_agency_event,Persona,Rational
224,224_e08,C,coregulation_uptake,3.0,0.9,,none,True,60,user_agency_event,Persona,Rational
224,224_e08,C,timing_fit,3.0,0.9,,none,True,60,user_agency_event,Persona,Rational
224,224_e08,C,implementation_grounding,1.0,0.9,,none,True,60,user_agency_event,Persona,Rational
224,224_e08,C,cognitive_load_clarity,3.0,0.9,,none,True,60,user_agency_event,Persona,Rational
224,224_e08,C,stance_integrity,3.0,0.9,,none,True,60,user_agency_event,Persona,Rational
224,224_e08,C,premature_convergence_risk,0.0,0.9,,none,True,60,user_agency_event,Persona,Rational
224,224_e08,C,runaway_divergence_risk,1.0,0.9,,none,True,60,user_agency_event,Persona,Rational
236,236_e08,C,exploration_opening,2.0,0.9,,none,True,86,other,GPT,GPT
236,236_e08,C,reframing_quality,0.0,0.9,,none,True,86,other,GPT,GPT
236,236_e08,C,evaluative_discipline,0.0,0.9,,none,True,86,other,GPT,GPT
236,236_e08,C,agency_preservation,1.0,0.9,,none,True,86,other,GPT,GPT
236,236_e08,C,anchor_management,0.0,0.9,,none,True,86,other,GPT,GPT
236,236_e08,C,coregulation_uptake,1.0,0.9,,none,True,86,other,GPT,GPT
236,236_e08,C,timing_fit,2.0,0.8,,none,True,86,other,GPT,GPT
236,236_e08,C,implementation_grounding,2.0,0.9,,none,True,86,other,GPT,GPT
236,236_e08,C,cognitive_load_clarity,2.0,0.9,,none,True,86,other,GPT,GPT
236,236_e08,C,stance_integrity,2.0,0.8,,none,True,86,other,GPT,GPT
236,236_e08,C,premature_convergence_risk,2.0,0.8,,none,True,86,other,GPT,GPT
236,236_e08,C,runaway_divergence_risk,1.0,0.8,,none,True,86,other,GPT,GPT
244,244_e02,C,exploration_opening,1.0,0.9,,none,True,76,repair_event,GPT,GPT
244,244_e02,C,reframing_quality,0.0,0.9,,none,True,76,repair_event,GPT,GPT
244,244_e02,C,evaluative_discipline,0.0,0.9,,none,True,76,repair_event,GPT,GPT
244,244_e02,C,agency_preservation,1.0,0.8,,none,True,76,repair_event,GPT,GPT
244,244_e02,C,anchor_management,0.0,0.9,,none,True,76,repair_event,GPT,GPT
244,244_e02,C,coregulation_uptake,1.0,0.9,,none,True,76,repair_event,GPT,GPT
244,244_e02,C,timing_fit,2.0,0.8,,none,True,76,repair_event,GPT,GPT
244,244_e02,C,implementation_grounding,2.0,0.8,,none,True,76,repair_event,GPT,GPT
244,244_e02,C,cognitive_load_clarity,3.0,0.9,,none,True,76,repair_event,GPT,GPT
244,244_e02,C,stance_integrity,0.0,0.8,,none,True,76,repair_event,GPT,GPT
244,244_e02,C,premature_convergence_risk,2.0,0.8,,none,True,76,repair_event,GPT,GPT
244,244_e02,C,runaway_divergence_risk,0.0,0.9,,none,True,76,repair_event,GPT,GPT
279,279_e01,C,exploration_opening,3.0,0.9,,none,True,97,opening_frame,Persona,Divergent
279,279_e01,C,reframing_quality,2.0,0.8,,none,True,97,opening_frame,Persona,Divergent
279,279_e01,C,evaluative_discipline,,1.0,,none,False,97,opening_frame,Persona,Divergent
279,279_e01,C,agency_preservation,3.0,0.9,,none,True,97,opening_frame,Persona,Divergent
279,279_e01,C,anchor_management,3.0,0.8,,none,True,97,opening_frame,Persona,Divergent
279,279_e01,C,coregulation_uptake,3.0,0.9,,none,True,97,opening_frame,Persona,Divergent
279,279_e01,C,timing_fit,3.0,0.9,,none,True,97,opening_frame,Persona,Divergent
279,279_e01,C,implementation_grounding,1.0,0.8,,none,True,97,opening_frame,Persona,Divergent
279,279_e01,C,cognitive_load_clarity,3.0,0.9,,none,True,97,opening_frame,Persona,Divergent
279,279_e01,C,stance_integrity,3.0,0.9,,none,True,97,opening_frame,Persona,Divergent
279,279_e01,C,premature_convergence_risk,0.0,0.9,,none,True,97,opening_frame,Persona,Divergent
279,279_e01,C,runaway_divergence_risk,1.0,0.8,,none,True,97,opening_frame,Persona,Divergent
296,296_e02,C,exploration_opening,3.0,0.9,,none,True,60,other,Persona,Divergent
296,296_e02,C,reframing_quality,2.0,0.8,,none,True,60,other,Persona,Divergent
296,296_e02,C,evaluative_discipline,,1.0,,none,False,60,other,Persona,Divergent
296,296_e02,C,agency_preservation,3.0,0.9,,none,True,60,other,Persona,Divergent
296,296_e02,C,anchor_management,2.0,0.8,,none,True,60,other,Persona,Divergent
296,296_e02,C,coregulation_uptake,4.0,0.9,,none,True,60,other,Persona,Divergent
296,296_e02,C,timing_fit,3.0,0.9,,none,True,60,other,Persona,Divergent
296,296_e02,C,implementation_grounding,2.0,0.8,,none,True,60,other,Persona,Divergent
296,296_e02,C,cognitive_load_clarity,3.0,0.9,,none,True,60,other,Persona,Divergent
296,296_e02,C,stance_integrity,3.0,0.9,,none,True,60,other,Persona,Divergent
296,296_e02,C,premature_convergence_risk,0.0,0.9,,none,True,60,other,Persona,Divergent
296,296_e02,C,runaway_divergence_risk,1.0,0.8,,none,True,60,other,Persona,Divergent
296,296_e03,C,exploration_opening,2.0,0.9,,none,True,106,other,Persona,Divergent
296,296_e03,C,reframing_quality,2.0,0.8,,none,True,106,other,Persona,Divergent
296,296_e03,C,evaluative_discipline,0.0,0.9,,none,True,106,other,Persona,Divergent
296,296_e03,C,agency_preservation,3.0,0.9,,none,True,106,other,Persona,Divergent
296,296_e03,C,anchor_management,1.0,0.8,,none,True,106,other,Persona,Divergent
296,296_e03,C,coregulation_uptake,3.0,0.9,,none,True,106,other,Persona,Divergent
296,296_e03,C,timing_fit,3.0,0.9,,none,True,106,other,Persona,Divergent
296,296_e03,C,implementation_grounding,1.0,0.8,,none,True,106,other,Persona,Divergent
296,296_e03,C,cognitive_load_clarity,3.0,0.9,,none,True,106,other,Persona,Divergent
296,296_e03,C,stance_integrity,3.0,0.9,,none,True,106,other,Persona,Divergent
296,296_e03,C,premature_convergence_risk,1.0,0.8,,none,True,106,other,Persona,Divergent
296,296_e03,C,runaway_divergence_risk,0.0,0.9,,none,True,106,other,Persona,Divergent
297,297_e05,C,exploration_opening,3.0,0.9,,none,True,175,ideation_burst,Persona,Divergent
297,297_e05,C,reframing_quality,2.0,0.8,,none,True,175,ideation_burst,Persona,Divergent
297,297_e05,C,evaluative_discipline,2.0,0.8,,none,True,175,ideation_burst,Persona,Divergent
297,297_e05,C,agency_preservation,3.0,0.9,,none,True,175,ideation_burst,Persona,Divergent
297,297_e05,C,anchor_management,2.0,0.7,,none,True,175,ideation_burst,Persona,Divergent
297,297_e05,C,coregulation_uptake,4.0,0.9,,none,True,175,ideation_burst,Persona,Divergent
297,297_e05,C,timing_fit,3.0,0.8,,none,True,175,ideation_burst,Persona,Divergent
297,297_e05,C,implementation_grounding,2.0,0.8,,none,True,175,ideation_burst,Persona,Divergent
297,297_e05,C,cognitive_load_clarity,3.0,0.9,,none,True,175,ideation_burst,Persona,Divergent
297,297_e05,C,stance_integrity,3.0,0.9,,none,True,175,ideation_burst,Persona,Divergent
297,297_e05,C,premature_convergence_risk,0.0,0.8,,none,True,175,ideation_burst,Persona,Divergent
297,297_e05,C,runaway_divergence_risk,1.0,0.8,,none,True,175,ideation_burst,Persona,Divergent
298,298_e04,C,exploration_opening,3.0,0.9,,none,True,143,other,Persona,Divergent
298,298_e04,C,reframing_quality,2.0,0.8,,none,True,143,other,Persona,Divergent
298,298_e04,C,evaluative_discipline,,1.0,,none,False,143,other,Persona,Divergent
298,298_e04,C,agency_preservation,3.0,0.9,,none,True,143,other,Persona,Divergent
298,298_e04,C,anchor_management,2.0,0.8,,none,True,143,other,Persona,Divergent
298,298_e04,C,coregulation_uptake,3.0,0.9,,none,True,143,other,Persona,Divergent
298,298_e04,C,timing_fit,3.0,0.9,,none,True,143,other,Persona,Divergent
298,298_e04,C,implementation_grounding,1.0,0.8,,none,True,143,other,Persona,Divergent
298,298_e04,C,cognitive_load_clarity,3.0,0.9,,none,True,143,other,Persona,Divergent
298,298_e04,C,stance_integrity,3.0,0.9,,none,True,143,other,Persona,Divergent
298,298_e04,C,premature_convergence_risk,0.0,0.9,,none,True,143,other,Persona,Divergent
298,298_e04,C,runaway_divergence_risk,1.0,0.8,,none,True,143,other,Persona,Divergent
299,299_e01,C,exploration_opening,3.0,0.9,,none,True,86,opening_frame,Persona,Divergent
299,299_e01,C,reframing_quality,2.0,0.8,,none,True,86,opening_frame,Persona,Divergent
299,299_e01,C,evaluative_discipline,,1.0,,none,False,86,opening_frame,Persona,Divergent
299,299_e01,C,agency_preservation,3.0,0.9,,none,True,86,opening_frame,Persona,Divergent
299,299_e01,C,anchor_management,3.0,0.8,,none,True,86,opening_frame,Persona,Divergent
299,299_e01,C,coregulation_uptake,3.0,0.9,,none,True,86,opening_frame,Persona,Divergent
299,299_e01,C,timing_fit,3.0,0.9,,none,True,86,opening_frame,Persona,Divergent
299,299_e01,C,implementation_grounding,1.0,0.8,,none,True,86,opening_frame,Persona,Divergent
299,299_e01,C,cognitive_load_clarity,3.0,0.9,,none,True,86,opening_frame,Persona,Divergent
299,299_e01,C,stance_integrity,3.0,0.9,,none,True,86,opening_frame,Persona,Divergent
299,299_e01,C,premature_convergence_risk,0.0,0.9,,none,True,86,opening_frame,Persona,Divergent
299,299_e01,C,runaway_divergence_risk,1.0,0.8,,none,True,86,opening_frame,Persona,Divergent
299,299_e03,C,exploration_opening,3.0,0.9,,none,True,163,ideation_burst,Persona,Divergent
299,299_e03,C,reframing_quality,2.0,0.8,,none,True,163,ideation_burst,Persona,Divergent
299,299_e03,C,evaluative_discipline,,1.0,,none,False,163,ideation_burst,Persona,Divergent
299,299_e03,C,agency_preservation,3.0,0.9,,none,True,163,ideation_burst,Persona,Divergent
299,299_e03,C,anchor_management,2.0,0.8,,none,True,163,ideation_burst,Persona,Divergent
299,299_e03,C,coregulation_uptake,3.0,0.9,,none,True,163,ideation_burst,Persona,Divergent
299,299_e03,C,timing_fit,3.0,0.9,,none,True,163,ideation_burst,Persona,Divergent
299,299_e03,C,implementation_grounding,2.0,0.8,,none,True,163,ideation_burst,Persona,Divergent
299,299_e03,C,cognitive_load_clarity,3.0,0.9,,none,True,163,ideation_burst,Persona,Divergent
299,299_e03,C,stance_integrity,3.0,0.9,,none,True,163,ideation_burst,Persona,Divergent
299,299_e03,C,premature_convergence_risk,0.0,0.9,,none,True,163,ideation_burst,Persona,Divergent
299,299_e03,C,runaway_divergence_risk,1.0,0.8,,none,True,163,ideation_burst,Persona,Divergent
300,300_e04,C,exploration_opening,2.0,0.9,,none,True,117,ideation_burst,Persona,Divergent
300,300_e04,C,reframing_quality,2.0,0.8,,none,True,117,ideation_burst,Persona,Divergent
300,300_e04,C,evaluative_discipline,1.0,0.9,,none,True,117,ideation_burst,Persona,Divergent
300,300_e04,C,agency_preservation,3.0,0.9,,none,True,117,ideation_burst,Persona,Divergent
300,300_e04,C,anchor_management,2.0,0.8,,none,True,117,ideation_burst,Persona,Divergent
300,300_e04,C,coregulation_uptake,4.0,0.9,,none,True,117,ideation_burst,Persona,Divergent
300,300_e04,C,timing_fit,3.0,0.9,,none,True,117,ideation_burst,Persona,Divergent
300,300_e04,C,implementation_grounding,1.0,0.8,,none,True,117,ideation_burst,Persona,Divergent
300,300_e04,C,cognitive_load_clarity,3.0,0.9,,none,True,117,ideation_burst,Persona,Divergent
300,300_e04,C,stance_integrity,3.0,0.9,,none,True,117,ideation_burst,Persona,Divergent
300,300_e04,C,premature_convergence_risk,0.0,0.9,,none,True,117,ideation_burst,Persona,Divergent
300,300_e04,C,runaway_divergence_risk,1.0,0.8,,none,True,117,ideation_burst,Persona,Divergent
301,301_e03,C,exploration_opening,4.0,0.9,,none,True,233,ideation_burst,Persona,Divergent
301,301_e03,C,reframing_quality,3.0,0.8,,none,True,233,ideation_burst,Persona,Divergent
301,301_e03,C,evaluative_discipline,,1.0,,none,False,233,ideation_burst,Persona,Divergent
301,301_e03,C,agency_preservation,3.0,0.9,,none,True,233,ideation_burst,Persona,Divergent
301,301_e03,C,anchor_management,3.0,0.8,,none,True,233,ideation_burst,Persona,Divergent
301,301_e03,C,coregulation_uptake,4.0,0.9,,none,True,233,ideation_burst,Persona,Divergent
301,301_e03,C,timing_fit,3.0,0.9,,none,True,233,ideation_burst,Persona,Divergent
301,301_e03,C,implementation_grounding,2.0,0.8,,none,True,233,ideation_burst,Persona,Divergent
301,301_e03,C,cognitive_load_clarity,3.0,0.9,,none,True,233,ideation_burst,Persona,Divergent
301,301_e03,C,stance_integrity,3.0,0.9,,none,True,233,ideation_burst,Persona,Divergent
301,301_e03,C,premature_convergence_risk,0.0,0.9,,none,True,233,ideation_burst,Persona,Divergent
301,301_e03,C,runaway_divergence_risk,1.0,0.8,,none,True,233,ideation_burst,Persona,Divergent
303,303_e06,C,exploration_opening,2.0,0.9,,none,True,129,other,GPT,GPT
303,303_e06,C,reframing_quality,1.0,0.8,,none,True,129,other,GPT,GPT
303,303_e06,C,evaluative_discipline,0.0,0.9,,none,True,129,other,GPT,GPT
303,303_e06,C,agency_preservation,3.0,0.9,,none,True,129,other,GPT,GPT
303,303_e06,C,anchor_management,2.0,0.8,,none,True,129,other,GPT,GPT
303,303_e06,C,coregulation_uptake,4.0,0.9,,none,True,129,other,GPT,GPT
303,303_e06,C,timing_fit,3.0,0.8,,none,True,129,other,GPT,GPT
303,303_e06,C,implementation_grounding,3.0,0.9,,none,True,129,other,GPT,GPT
303,303_e06,C,cognitive_load_clarity,3.0,0.9,,none,True,129,other,GPT,GPT
303,303_e06,C,stance_integrity,3.0,0.8,,none,True,129,other,GPT,GPT
303,303_e06,C,premature_convergence_risk,1.0,0.8,,none,True,129,other,GPT,GPT
303,303_e06,C,runaway_divergence_risk,0.0,0.9,,none,True,129,other,GPT,GPT
308,308_e05,C,exploration_opening,1.0,0.9,,none,True,89,ideation_burst,GPT,GPT
308,308_e05,C,reframing_quality,0.0,0.9,,none,True,89,ideation_burst,GPT,GPT
308,308_e05,C,evaluative_discipline,0.0,0.9,,none,True,89,ideation_burst,GPT,GPT
308,308_e05,C,agency_preservation,1.0,0.9,,none,True,89,ideation_burst,GPT,GPT
308,308_e05,C,anchor_management,0.0,0.9,,none,True,89,ideation_burst,GPT,GPT
308,308_e05,C,coregulation_uptake,1.0,0.9,,none,True,89,ideation_burst,GPT,GPT
308,308_e05,C,timing_fit,1.0,0.8,,none,True,89,ideation_burst,GPT,GPT
308,308_e05,C,implementation_grounding,1.0,0.9,,none,True,89,ideation_burst,GPT,GPT
308,308_e05,C,cognitive_load_clarity,2.0,0.9,,none,True,89,ideation_burst,GPT,GPT
308,308_e05,C,stance_integrity,0.0,0.9,,none,True,89,ideation_burst,GPT,GPT
308,308_e05,C,premature_convergence_risk,3.0,0.9,,none,True,89,ideation_burst,GPT,GPT
308,308_e05,C,runaway_divergence_risk,0.0,0.9,,none,True,89,ideation_burst,GPT,GPT
313,313_e01,C,exploration_opening,2.0,0.9,,none,True,43,opening_frame,Persona,Convergent
313,313_e01,C,reframing_quality,0.0,0.9,,none,True,43,opening_frame,Persona,Convergent
313,313_e01,C,evaluative_discipline,,1.0,,none,False,43,opening_frame,Persona,Convergent
313,313_e01,C,agency_preservation,3.0,0.9,,none,True,43,opening_frame,Persona,Convergent
313,313_e01,C,anchor_management,,1.0,,none,False,43,opening_frame,Persona,Convergent
313,313_e01,C,coregulation_uptake,3.0,0.9,,none,True,43,opening_frame,Persona,Convergent
313,313_e01,C,timing_fit,3.0,0.9,,none,True,43,opening_frame,Persona,Convergent
313,313_e01,C,implementation_grounding,0.0,0.9,,none,True,43,opening_frame,Persona,Convergent
313,313_e01,C,cognitive_load_clarity,3.0,0.9,,none,True,43,opening_frame,Persona,Convergent
313,313_e01,C,stance_integrity,3.0,0.9,,none,True,43,opening_frame,Persona,Convergent
313,313_e01,C,premature_convergence_risk,0.0,0.9,,none,True,43,opening_frame,Persona,Convergent
313,313_e01,C,runaway_divergence_risk,0.0,0.9,,none,True,43,opening_frame,Persona,Convergent
313,313_e04,C,exploration_opening,2.0,0.9,,none,True,364,critique_event,Persona,Convergent
313,313_e04,C,reframing_quality,1.0,0.8,,none,True,364,critique_event,Persona,Convergent
313,313_e04,C,evaluative_discipline,2.0,0.8,,none,True,364,critique_event,Persona,Convergent
313,313_e04,C,agency_preservation,2.0,0.8,,none,True,364,critique_event,Persona,Convergent
313,313_e04,C,anchor_management,1.0,0.8,,none,True,364,critique_event,Persona,Convergent
313,313_e04,C,coregulation_uptake,3.0,0.9,,none,True,364,critique_event,Persona,Convergent
313,313_e04,C,timing_fit,3.0,0.9,,none,True,364,critique_event,Persona,Convergent
313,313_e04,C,implementation_grounding,3.0,0.9,,none,True,364,critique_event,Persona,Convergent
313,313_e04,C,cognitive_load_clarity,4.0,0.9,,none,True,364,critique_event,Persona,Convergent
313,313_e04,C,stance_integrity,3.0,0.9,,none,True,364,critique_event,Persona,Convergent
313,313_e04,C,premature_convergence_risk,2.0,0.8,,none,True,364,critique_event,Persona,Convergent
313,313_e04,C,runaway_divergence_risk,0.0,0.9,,none,True,364,critique_event,Persona,Convergent
315,315_e05,C,exploration_opening,2.0,0.9,,none,True,68,repair_event,Persona,Convergent
315,315_e05,C,reframing_quality,2.0,0.8,,none,True,68,repair_event,Persona,Convergent
315,315_e05,C,evaluative_discipline,3.0,0.9,,none,True,68,repair_event,Persona,Convergent
315,315_e05,C,agency_preservation,3.0,0.9,,none,True,68,repair_event,Persona,Convergent
315,315_e05,C,anchor_management,2.0,0.8,,none,True,68,repair_event,Persona,Convergent
315,315_e05,C,coregulation_uptake,3.0,0.9,,none,True,68,repair_event,Persona,Convergent
315,315_e05,C,timing_fit,3.0,0.9,,none,True,68,repair_event,Persona,Convergent
315,315_e05,C,implementation_grounding,2.0,0.8,,none,True,68,repair_event,Persona,Convergent
315,315_e05,C,cognitive_load_clarity,3.0,0.9,,none,True,68,repair_event,Persona,Convergent
315,315_e05,C,stance_integrity,3.0,0.9,,none,True,68,repair_event,Persona,Convergent
315,315_e05,C,premature_convergence_risk,0.0,0.8,,none,True,68,repair_event,Persona,Convergent
315,315_e05,C,runaway_divergence_risk,0.0,0.8,,none,True,68,repair_event,Persona,Convergent
318,318_e01,C,exploration_opening,2.0,0.9,,none,True,43,opening_frame,Persona,Convergent
318,318_e01,C,reframing_quality,0.0,0.9,,none,True,43,opening_frame,Persona,Convergent
318,318_e01,C,evaluative_discipline,,1.0,,none,False,43,opening_frame,Persona,Convergent
318,318_e01,C,agency_preservation,3.0,0.9,,none,True,43,opening_frame,Persona,Convergent
318,318_e01,C,anchor_management,,1.0,,none,False,43,opening_frame,Persona,Convergent
318,318_e01,C,coregulation_uptake,3.0,0.9,,none,True,43,opening_frame,Persona,Convergent
318,318_e01,C,timing_fit,3.0,0.9,,none,True,43,opening_frame,Persona,Convergent
318,318_e01,C,implementation_grounding,0.0,0.9,,none,True,43,opening_frame,Persona,Convergent
318,318_e01,C,cognitive_load_clarity,3.0,0.9,,none,True,43,opening_frame,Persona,Convergent
318,318_e01,C,stance_integrity,3.0,0.9,,none,True,43,opening_frame,Persona,Convergent
318,318_e01,C,premature_convergence_risk,0.0,0.9,,none,True,43,opening_frame,Persona,Convergent
318,318_e01,C,runaway_divergence_risk,0.0,0.9,,none,True,43,opening_frame,Persona,Convergent
329,329_e01,C,exploration_opening,2.0,0.9,,none,True,43,opening_frame,GPT,GPT
329,329_e01,C,reframing_quality,0.0,0.9,,none,True,43,opening_frame,GPT,GPT
329,329_e01,C,evaluative_discipline,,1.0,,none,False,43,opening_frame,GPT,GPT
329,329_e01,C,agency_preservation,3.0,0.9,,none,True,43,opening_frame,GPT,GPT
329,329_e01,C,anchor_management,,1.0,,none,False,43,opening_frame,GPT,GPT
329,329_e01,C,coregulation_uptake,3.0,0.9,,none,True,43,opening_frame,GPT,GPT
329,329_e01,C,timing_fit,3.0,0.9,,none,True,43,opening_frame,GPT,GPT
329,329_e01,C,implementation_grounding,0.0,0.9,,none,True,43,opening_frame,GPT,GPT
329,329_e01,C,cognitive_load_clarity,3.0,0.9,,none,True,43,opening_frame,GPT,GPT
329,329_e01,C,stance_integrity,3.0,0.9,,none,True,43,opening_frame,GPT,GPT
329,329_e01,C,premature_convergence_risk,0.0,0.9,,none,True,43,opening_frame,GPT,GPT
329,329_e01,C,runaway_divergence_risk,0.0,0.9,,none,True,43,opening_frame,GPT,GPT
333,333_e04,C,exploration_opening,2.0,0.9,,none,True,83,repair_event,GPT,GPT
333,333_e04,C,reframing_quality,0.0,0.9,,none,True,83,repair_event,GPT,GPT
333,333_e04,C,evaluative_discipline,0.0,0.9,,none,True,83,repair_event,GPT,GPT
333,333_e04,C,agency_preservation,3.0,0.9,,none,True,83,repair_event,GPT,GPT
333,333_e04,C,anchor_management,1.0,0.8,,none,True,83,repair_event,GPT,GPT
333,333_e04,C,coregulation_uptake,3.0,0.9,,none,True,83,repair_event,GPT,GPT
333,333_e04,C,timing_fit,2.0,0.8,,none,True,83,repair_event,GPT,GPT
333,333_e04,C,implementation_grounding,2.0,0.8,,none,True,83,repair_event,GPT,GPT
333,333_e04,C,cognitive_load_clarity,2.0,0.9,,none,True,83,repair_event,GPT,GPT
333,333_e04,C,stance_integrity,2.0,0.8,,none,True,83,repair_event,GPT,GPT
333,333_e04,C,premature_convergence_risk,0.0,0.8,,none,True,83,repair_event,GPT,GPT
333,333_e04,C,runaway_divergence_risk,1.0,0.8,,none,True,83,repair_event,GPT,GPT
337,337_e04,C,exploration_opening,2.0,0.9,,none,True,127,repair_event,GPT,GPT
337,337_e04,C,reframing_quality,1.0,0.8,,none,True,127,repair_event,GPT,GPT
337,337_e04,C,evaluative_discipline,2.0,0.8,,none,True,127,repair_event,GPT,GPT
337,337_e04,C,agency_preservation,3.0,0.9,,none,True,127,repair_event,GPT,GPT
337,337_e04,C,anchor_management,2.0,0.7,,none,True,127,repair_event,GPT,GPT
337,337_e04,C,coregulation_uptake,3.0,0.9,,none,True,127,repair_event,GPT,GPT
337,337_e04,C,timing_fit,3.0,0.9,,none,True,127,repair_event,GPT,GPT
337,337_e04,C,implementation_grounding,3.0,0.9,,none,True,127,repair_event,GPT,GPT
337,337_e04,C,cognitive_load_clarity,3.0,0.9,,none,True,127,repair_event,GPT,GPT
337,337_e04,C,stance_integrity,3.0,0.8,,none,True,127,repair_event,GPT,GPT
337,337_e04,C,premature_convergence_risk,1.0,0.8,,none,True,127,repair_event,GPT,GPT
337,337_e04,C,runaway_divergence_risk,1.0,0.8,,none,True,127,repair_event,GPT,GPT
337,337_e06,C,exploration_opening,1.0,0.9,,none,True,245,other,GPT,GPT
337,337_e06,C,reframing_quality,1.0,0.9,,none,True,245,other,GPT,GPT
337,337_e06,C,evaluative_discipline,0.0,0.9,,none,True,245,other,GPT,GPT
337,337_e06,C,agency_preservation,3.0,0.9,,none,True,245,other,GPT,GPT
337,337_e06,C,anchor_management,0.0,0.9,,none,True,245,other,GPT,GPT
337,337_e06,C,coregulation_uptake,3.0,0.9,,none,True,245,other,GPT,GPT
337,337_e06,C,timing_fit,2.0,0.8,,none,True,245,other,GPT,GPT
337,337_e06,C,implementation_grounding,2.0,0.9,,none,True,245,other,GPT,GPT
337,337_e06,C,cognitive_load_clarity,3.0,0.9,,none,True,245,other,GPT,GPT
337,337_e06,C,stance_integrity,3.0,0.9,,none,True,245,other,GPT,GPT
337,337_e06,C,premature_convergence_risk,2.0,0.8,,none,True,245,other,GPT,GPT
337,337_e06,C,runaway_divergence_risk,0.0,0.9,,none,True,245,other,GPT,GPT
338,338_e05,C,exploration_opening,2.0,0.9,,none,True,70,repair_event,GPT,GPT
338,338_e05,C,reframing_quality,0.0,0.9,,none,True,70,repair_event,GPT,GPT
338,338_e05,C,evaluative_discipline,0.0,0.9,,none,True,70,repair_event,GPT,GPT
338,338_e05,C,agency_preservation,1.0,0.8,,none,True,70,repair_event,GPT,GPT
338,338_e05,C,anchor_management,0.0,0.9,,none,True,70,repair_event,GPT,GPT
338,338_e05,C,coregulation_uptake,1.0,0.8,,none,True,70,repair_event,GPT,GPT
338,338_e05,C,timing_fit,2.0,0.8,,none,True,70,repair_event,GPT,GPT
338,338_e05,C,implementation_grounding,1.0,0.9,,none,True,70,repair_event,GPT,GPT
338,338_e05,C,cognitive_load_clarity,2.0,0.9,,none,True,70,repair_event,GPT,GPT
338,338_e05,C,stance_integrity,1.0,0.8,,none,True,70,repair_event,GPT,GPT
338,338_e05,C,premature_convergence_risk,2.0,0.8,,none,True,70,repair_event,GPT,GPT
338,338_e05,C,runaway_divergence_risk,0.0,0.9,,none,True,70,repair_event,GPT,GPT
341,341_e01,C,exploration_opening,4.0,1.0,,none,True,88,opening_frame,Persona,Divergent
341,341_e01,C,reframing_quality,3.0,0.9,,none,True,88,opening_frame,Persona,Divergent
341,341_e01,C,evaluative_discipline,,1.0,,none,False,88,opening_frame,Persona,Divergent
341,341_e01,C,agency_preservation,3.0,0.9,,none,True,88,opening_frame,Persona,Divergent
341,341_e01,C,anchor_management,3.0,0.9,,none,True,88,opening_frame,Persona,Divergent
341,341_e01,C,coregulation_uptake,3.0,0.9,,none,True,88,opening_frame,Persona,Divergent
341,341_e01,C,timing_fit,4.0,1.0,,none,True,88,opening_frame,Persona,Divergent
341,341_e01,C,implementation_grounding,1.0,0.8,,none,True,88,opening_frame,Persona,Divergent
341,341_e01,C,cognitive_load_clarity,3.0,0.9,,none,True,88,opening_frame,Persona,Divergent
341,341_e01,C,stance_integrity,3.0,0.9,,none,True,88,opening_frame,Persona,Divergent
341,341_e01,C,premature_convergence_risk,0.0,0.9,,none,True,88,opening_frame,Persona,Divergent
341,341_e01,C,runaway_divergence_risk,1.0,0.8,,none,True,88,opening_frame,Persona,Divergent
343,343_e01,C,exploration_opening,3.0,0.9,,none,True,82,opening_frame,Persona,Divergent
343,343_e01,C,reframing_quality,3.0,0.9,,none,True,82,opening_frame,Persona,Divergent
343,343_e01,C,evaluative_discipline,,1.0,,none,False,82,opening_frame,Persona,Divergent
343,343_e01,C,agency_preservation,3.0,0.8,,none,True,82,opening_frame,Persona,Divergent
343,343_e01,C,anchor_management,3.0,0.8,,none,True,82,opening_frame,Persona,Divergent
343,343_e01,C,coregulation_uptake,3.0,0.9,,none,True,82,opening_frame,Persona,Divergent
343,343_e01,C,timing_fit,3.0,0.9,,none,True,82,opening_frame,Persona,Divergent
343,343_e01,C,implementation_grounding,,1.0,,none,False,82,opening_frame,Persona,Divergent
343,343_e01,C,cognitive_load_clarity,3.0,0.9,,none,True,82,opening_frame,Persona,Divergent
343,343_e01,C,stance_integrity,3.0,0.9,,none,True,82,opening_frame,Persona,Divergent
343,343_e01,C,premature_convergence_risk,0.0,0.9,,none,True,82,opening_frame,Persona,Divergent
343,343_e01,C,runaway_divergence_risk,1.0,0.8,,none,True,82,opening_frame,Persona,Divergent
344,344_e02,C,exploration_opening,4.0,1.0,,none,True,108,user_agency_event,Persona,Divergent
344,344_e02,C,reframing_quality,3.0,0.9,,none,True,108,user_agency_event,Persona,Divergent
344,344_e02,C,evaluative_discipline,,1.0,,none,False,108,user_agency_event,Persona,Divergent
344,344_e02,C,agency_preservation,4.0,0.9,,none,True,108,user_agency_event,Persona,Divergent
344,344_e02,C,anchor_management,3.0,0.9,,none,True,108,user_agency_event,Persona,Divergent
344,344_e02,C,coregulation_uptake,4.0,0.9,,none,True,108,user_agency_event,Persona,Divergent
344,344_e02,C,timing_fit,3.0,0.9,,none,True,108,user_agency_event,Persona,Divergent
344,344_e02,C,implementation_grounding,2.0,0.8,,none,True,108,user_agency_event,Persona,Divergent
344,344_e02,C,cognitive_load_clarity,3.0,0.9,,none,True,108,user_agency_event,Persona,Divergent
344,344_e02,C,stance_integrity,3.0,0.9,,none,True,108,user_agency_event,Persona,Divergent
344,344_e02,C,premature_convergence_risk,0.0,0.9,,none,True,108,user_agency_event,Persona,Divergent
344,344_e02,C,runaway_divergence_risk,1.0,0.8,,none,True,108,user_agency_event,Persona,Divergent
344,344_e04,C,exploration_opening,3.0,0.9,,none,True,112,other,Persona,Divergent
344,344_e04,C,reframing_quality,2.0,0.8,,none,True,112,other,Persona,Divergent
344,344_e04,C,evaluative_discipline,,1.0,,none,False,112,other,Persona,Divergent
344,344_e04,C,agency_preservation,3.0,0.9,,none,True,112,other,Persona,Divergent
344,344_e04,C,anchor_management,2.0,0.8,,none,True,112,other,Persona,Divergent
344,344_e04,C,coregulation_uptake,4.0,0.9,,none,True,112,other,Persona,Divergent
344,344_e04,C,timing_fit,3.0,0.9,,none,True,112,other,Persona,Divergent
344,344_e04,C,implementation_grounding,1.0,0.8,,none,True,112,other,Persona,Divergent
344,344_e04,C,cognitive_load_clarity,3.0,0.9,,none,True,112,other,Persona,Divergent
344,344_e04,C,stance_integrity,3.0,0.9,,none,True,112,other,Persona,Divergent
344,344_e04,C,premature_convergence_risk,0.0,0.9,,none,True,112,other,Persona,Divergent
344,344_e04,C,runaway_divergence_risk,1.0,0.8,,none,True,112,other,Persona,Divergent
347,347_e02,C,exploration_opening,3.0,0.9,,none,True,113,ideation_burst,Persona,Divergent
347,347_e02,C,reframing_quality,2.0,0.8,,none,True,113,ideation_burst,Persona,Divergent
347,347_e02,C,evaluative_discipline,,1.0,,none,False,113,ideation_burst,Persona,Divergent
347,347_e02,C,agency_preservation,3.0,0.9,,none,True,113,ideation_burst,Persona,Divergent
347,347_e02,C,anchor_management,2.0,0.8,,none,True,113,ideation_burst,Persona,Divergent
347,347_e02,C,coregulation_uptake,3.0,0.9,,none,True,113,ideation_burst,Persona,Divergent
347,347_e02,C,timing_fit,3.0,0.9,,none,True,113,ideation_burst,Persona,Divergent
347,347_e02,C,implementation_grounding,1.0,0.8,,none,True,113,ideation_burst,Persona,Divergent
347,347_e02,C,cognitive_load_clarity,3.0,0.9,,none,True,113,ideation_burst,Persona,Divergent
347,347_e02,C,stance_integrity,3.0,0.9,,none,True,113,ideation_burst,Persona,Divergent
347,347_e02,C,premature_convergence_risk,0.0,0.9,,none,True,113,ideation_burst,Persona,Divergent
347,347_e02,C,runaway_divergence_risk,1.0,0.8,,none,True,113,ideation_burst,Persona,Divergent
348,348_e04,C,exploration_opening,3.0,0.9,,none,True,78,ideation_burst,Persona,Divergent
348,348_e04,C,reframing_quality,2.0,0.8,,none,True,78,ideation_burst,Persona,Divergent
348,348_e04,C,evaluative_discipline,,1.0,,none,False,78,ideation_burst,Persona,Divergent
348,348_e04,C,agency_preservation,3.0,0.9,,none,True,78,ideation_burst,Persona,Divergent
348,348_e04,C,anchor_management,3.0,0.9,,none,True,78,ideation_burst,Persona,Divergent
348,348_e04,C,coregulation_uptake,4.0,0.9,,none,True,78,ideation_burst,Persona,Divergent
348,348_e04,C,timing_fit,3.0,0.9,,none,True,78,ideation_burst,Persona,Divergent
348,348_e04,C,implementation_grounding,1.0,0.8,,none,True,78,ideation_burst,Persona,Divergent
348,348_e04,C,cognitive_load_clarity,3.0,0.9,,none,True,78,ideation_burst,Persona,Divergent
348,348_e04,C,stance_integrity,3.0,0.9,,none,True,78,ideation_burst,Persona,Divergent
348,348_e04,C,premature_convergence_risk,0.0,0.9,,none,True,78,ideation_burst,Persona,Divergent
348,348_e04,C,runaway_divergence_risk,1.0,0.8,,none,True,78,ideation_burst,Persona,Divergent
348,348_e05,C,exploration_opening,2.0,0.9,,none,True,118,other,Persona,Divergent
348,348_e05,C,reframing_quality,1.0,0.8,,none,True,118,other,Persona,Divergent
348,348_e05,C,evaluative_discipline,0.0,0.9,,none,True,118,other,Persona,Divergent
348,348_e05,C,agency_preservation,2.0,0.8,,none,True,118,other,Persona,Divergent
348,348_e05,C,anchor_management,0.0,0.9,,none,True,118,other,Persona,Divergent
348,348_e05,C,coregulation_uptake,3.0,0.9,,none,True,118,other,Persona,Divergent
348,348_e05,C,timing_fit,2.0,0.8,,none,True,118,other,Persona,Divergent
348,348_e05,C,implementation_grounding,2.0,0.8,,none,True,118,other,Persona,Divergent
348,348_e05,C,cognitive_load_clarity,3.0,0.9,,none,True,118,other,Persona,Divergent
348,348_e05,C,stance_integrity,3.0,0.8,,none,True,118,other,Persona,Divergent
348,348_e05,C,premature_convergence_risk,2.0,0.8,,none,True,118,other,Persona,Divergent
348,348_e05,C,runaway_divergence_risk,0.0,0.9,,none,True,118,other,Persona,Divergent
348,348_e06,C,exploration_opening,3.0,0.9,,none,True,61,other,Persona,Divergent
348,348_e06,C,reframing_quality,2.0,0.8,,none,True,61,other,Persona,Divergent
348,348_e06,C,evaluative_discipline,,1.0,,none,False,61,other,Persona,Divergent
348,348_e06,C,agency_preservation,3.0,0.9,,none,True,61,other,Persona,Divergent
348,348_e06,C,anchor_management,2.0,0.8,,none,True,61,other,Persona,Divergent
348,348_e06,C,coregulation_uptake,4.0,0.9,,none,True,61,other,Persona,Divergent
348,348_e06,C,timing_fit,3.0,0.9,,none,True,61,other,Persona,Divergent
348,348_e06,C,implementation_grounding,2.0,0.8,,none,True,61,other,Persona,Divergent
348,348_e06,C,cognitive_load_clarity,3.0,0.9,,none,True,61,other,Persona,Divergent
348,348_e06,C,stance_integrity,3.0,0.9,,none,True,61,other,Persona,Divergent
348,348_e06,C,premature_convergence_risk,0.0,0.9,,none,True,61,other,Persona,Divergent
348,348_e06,C,runaway_divergence_risk,1.0,0.8,,none,True,61,other,Persona,Divergent
354,354_e03,C,exploration_opening,1.0,0.9,,none,True,144,user_agency_event,GPT,GPT
354,354_e03,C,reframing_quality,0.0,0.9,,none,True,144,user_agency_event,GPT,GPT
354,354_e03,C,evaluative_discipline,0.0,0.9,,none,True,144,user_agency_event,GPT,GPT
354,354_e03,C,agency_preservation,3.0,0.9,,none,True,144,user_agency_event,GPT,GPT
354,354_e03,C,anchor_management,0.0,0.8,,none,True,144,user_agency_event,GPT,GPT
354,354_e03,C,coregulation_uptake,1.0,0.9,,none,True,144,user_agency_event,GPT,GPT
354,354_e03,C,timing_fit,2.0,0.8,,none,True,144,user_agency_event,GPT,GPT
354,354_e03,C,implementation_grounding,1.0,0.9,,none,True,144,user_agency_event,GPT,GPT
354,354_e03,C,cognitive_load_clarity,2.0,0.9,,none,True,144,user_agency_event,GPT,GPT
354,354_e03,C,stance_integrity,0.0,0.9,,none,True,144,user_agency_event,GPT,GPT
354,354_e03,C,premature_convergence_risk,2.0,0.8,,none,True,144,user_agency_event,GPT,GPT
354,354_e03,C,runaway_divergence_risk,2.0,0.8,,none,True,144,user_agency_event,GPT,GPT
355,355_e01,C,exploration_opening,2.0,0.9,,none,True,103,opening_frame,GPT,GPT
355,355_e01,C,reframing_quality,0.0,0.9,,none,True,103,opening_frame,GPT,GPT
355,355_e01,C,evaluative_discipline,0.0,0.9,,none,True,103,opening_frame,GPT,GPT
355,355_e01,C,agency_preservation,1.0,0.8,,none,True,103,opening_frame,GPT,GPT
355,355_e01,C,anchor_management,0.0,0.9,,none,True,103,opening_frame,GPT,GPT
355,355_e01,C,coregulation_uptake,1.0,0.9,,none,True,103,opening_frame,GPT,GPT
355,355_e01,C,timing_fit,1.0,0.8,,none,True,103,opening_frame,GPT,GPT
355,355_e01,C,implementation_grounding,1.0,0.9,,none,True,103,opening_frame,GPT,GPT
355,355_e01,C,cognitive_load_clarity,2.0,0.9,,none,True,103,opening_frame,GPT,GPT
355,355_e01,C,stance_integrity,0.0,0.9,,none,True,103,opening_frame,GPT,GPT
355,355_e01,C,premature_convergence_risk,3.0,0.9,,none,True,103,opening_frame,GPT,GPT
355,355_e01,C,runaway_divergence_risk,0.0,0.9,,none,True,103,opening_frame,GPT,GPT
361,361_e07,C,exploration_opening,2.0,0.9,,none,True,245,anchor_return,Persona,Convergent
361,361_e07,C,reframing_quality,1.0,0.9,,none,True,245,anchor_return,Persona,Convergent
361,361_e07,C,evaluative_discipline,1.0,0.8,,none,True,245,anchor_return,Persona,Convergent
361,361_e07,C,agency_preservation,3.0,0.9,,none,True,245,anchor_return,Persona,Convergent
361,361_e07,C,anchor_management,2.0,0.8,,none,True,245,anchor_return,Persona,Convergent
361,361_e07,C,coregulation_uptake,3.0,0.9,,none,True,245,anchor_return,Persona,Convergent
361,361_e07,C,timing_fit,3.0,0.9,,none,True,245,anchor_return,Persona,Convergent
361,361_e07,C,implementation_grounding,2.0,0.8,,none,True,245,anchor_return,Persona,Convergent
361,361_e07,C,cognitive_load_clarity,3.0,0.9,,none,True,245,anchor_return,Persona,Convergent
361,361_e07,C,stance_integrity,3.0,0.9,,none,True,245,anchor_return,Persona,Convergent
361,361_e07,C,premature_convergence_risk,1.0,0.8,,none,True,245,anchor_return,Persona,Convergent
361,361_e07,C,runaway_divergence_risk,2.0,0.8,,none,True,245,anchor_return,Persona,Convergent
362,362_e04,C,exploration_opening,1.0,0.9,,none,True,82,other,Persona,Convergent
362,362_e04,C,reframing_quality,1.0,0.9,,none,True,82,other,Persona,Convergent
362,362_e04,C,evaluative_discipline,0.0,0.9,,none,True,82,other,Persona,Convergent
362,362_e04,C,agency_preservation,1.0,0.9,,none,True,82,other,Persona,Convergent
362,362_e04,C,anchor_management,0.0,0.9,,none,True,82,other,Persona,Convergent
362,362_e04,C,coregulation_uptake,1.0,0.9,,none,True,82,other,Persona,Convergent
362,362_e04,C,timing_fit,2.0,0.8,,none,True,82,other,Persona,Convergent
362,362_e04,C,implementation_grounding,1.0,0.9,,none,True,82,other,Persona,Convergent
362,362_e04,C,cognitive_load_clarity,2.0,0.9,,none,True,82,other,Persona,Convergent
362,362_e04,C,stance_integrity,2.0,0.8,,none,True,82,other,Persona,Convergent
362,362_e04,C,premature_convergence_risk,2.0,0.8,,none,True,82,other,Persona,Convergent
362,362_e04,C,runaway_divergence_risk,0.0,0.9,,none,True,82,other,Persona,Convergent
363,363_e01,C,exploration_opening,2.0,0.9,,none,True,43,opening_frame,Persona,Convergent
363,363_e01,C,reframing_quality,0.0,0.9,,none,True,43,opening_frame,Persona,Convergent
363,363_e01,C,evaluative_discipline,,1.0,,none,False,43,opening_frame,Persona,Convergent
363,363_e01,C,agency_preservation,3.0,0.9,,none,True,43,opening_frame,Persona,Convergent
363,363_e01,C,anchor_management,,1.0,,none,False,43,opening_frame,Persona,Convergent
363,363_e01,C,coregulation_uptake,3.0,0.9,,none,True,43,opening_frame,Persona,Convergent
363,363_e01,C,timing_fit,3.0,0.9,,none,True,43,opening_frame,Persona,Convergent
363,363_e01,C,implementation_grounding,1.0,0.8,,none,True,43,opening_frame,Persona,Convergent
363,363_e01,C,cognitive_load_clarity,3.0,0.9,,none,True,43,opening_frame,Persona,Convergent
363,363_e01,C,stance_integrity,3.0,0.9,,none,True,43,opening_frame,Persona,Convergent
363,363_e01,C,premature_convergence_risk,0.0,0.9,,none,True,43,opening_frame,Persona,Convergent
363,363_e01,C,runaway_divergence_risk,0.0,0.9,,none,True,43,opening_frame,Persona,Convergent
363,363_e07,C,exploration_opening,2.0,0.9,,none,True,70,other,Persona,Convergent
363,363_e07,C,reframing_quality,1.0,0.8,,none,True,70,other,Persona,Convergent
363,363_e07,C,evaluative_discipline,0.0,0.9,,none,True,70,other,Persona,Convergent
363,363_e07,C,agency_preservation,2.0,0.8,,none,True,70,other,Persona,Convergent
363,363_e07,C,anchor_management,1.0,0.8,,none,True,70,other,Persona,Convergent
363,363_e07,C,coregulation_uptake,3.0,0.9,,none,True,70,other,Persona,Convergent
363,363_e07,C,timing_fit,2.0,0.8,,none,True,70,other,Persona,Convergent
363,363_e07,C,implementation_grounding,1.0,0.8,,none,True,70,other,Persona,Convergent
363,363_e07,C,cognitive_load_clarity,3.0,0.9,,none,True,70,other,Persona,Convergent
363,363_e07,C,stance_integrity,3.0,0.9,,none,True,70,other,Persona,Convergent
363,363_e07,C,premature_convergence_risk,1.0,0.7,,none,True,70,other,Persona,Convergent
363,363_e07,C,runaway_divergence_risk,0.0,0.9,,none,True,70,other,Persona,Convergent
364,364_e01,C,exploration_opening,1.0,0.9,,none,True,43,opening_frame,Persona,Convergent
364,364_e01,C,reframing_quality,0.0,0.9,,none,True,43,opening_frame,Persona,Convergent
364,364_e01,C,evaluative_discipline,,1.0,,none,False,43,opening_frame,Persona,Convergent
364,364_e01,C,agency_preservation,3.0,0.9,,none,True,43,opening_frame,Persona,Convergent
364,364_e01,C,anchor_management,,1.0,,none,False,43,opening_frame,Persona,Convergent
364,364_e01,C,coregulation_uptake,3.0,0.9,,none,True,43,opening_frame,Persona,Convergent
364,364_e01,C,timing_fit,3.0,0.9,,none,True,43,opening_frame,Persona,Convergent
364,364_e01,C,implementation_grounding,0.0,0.9,,none,True,43,opening_frame,Persona,Convergent
364,364_e01,C,cognitive_load_clarity,3.0,0.9,,none,True,43,opening_frame,Persona,Convergent
364,364_e01,C,stance_integrity,3.0,0.9,,none,True,43,opening_frame,Persona,Convergent
364,364_e01,C,premature_convergence_risk,0.0,0.9,,none,True,43,opening_frame,Persona,Convergent
364,364_e01,C,runaway_divergence_risk,0.0,0.9,,none,True,43,opening_frame,Persona,Convergent
364,364_e02,C,exploration_opening,1.0,0.9,,none,True,54,other,Persona,Convergent
364,364_e02,C,reframing_quality,0.0,0.9,,none,True,54,other,Persona,Convergent
364,364_e02,C,evaluative_discipline,0.0,0.9,,none,True,54,other,Persona,Convergent
364,364_e02,C,agency_preservation,3.0,0.9,,none,True,54,other,Persona,Convergent
364,364_e02,C,anchor_management,0.0,0.9,,none,True,54,other,Persona,Convergent
364,364_e02,C,coregulation_uptake,3.0,0.9,,none,True,54,other,Persona,Convergent
364,364_e02,C,timing_fit,3.0,0.9,,none,True,54,other,Persona,Convergent
364,364_e02,C,implementation_grounding,1.0,0.9,,none,True,54,other,Persona,Convergent
364,364_e02,C,cognitive_load_clarity,3.0,0.9,,none,True,54,other,Persona,Convergent
364,364_e02,C,stance_integrity,3.0,0.9,,none,True,54,other,Persona,Convergent
364,364_e02,C,premature_convergence_risk,1.0,0.8,,none,True,54,other,Persona,Convergent
364,364_e02,C,runaway_divergence_risk,0.0,0.9,,none,True,54,other,Persona,Convergent
364,364_e05,C,exploration_opening,2.0,0.9,,none,True,51,user_agency_event,Persona,Convergent
364,364_e05,C,reframing_quality,1.0,0.8,,none,True,51,user_agency_event,Persona,Convergent
364,364_e05,C,evaluative_discipline,2.0,0.9,,none,True,51,user_agency_event,Persona,Convergent
364,364_e05,C,agency_preservation,3.0,0.9,,none,True,51,user_agency_event,Persona,Convergent
364,364_e05,C,anchor_management,2.0,0.8,,none,True,51,user_agency_event,Persona,Convergent
364,364_e05,C,coregulation_uptake,3.0,0.9,,none,True,51,user_agency_event,Persona,Convergent
364,364_e05,C,timing_fit,3.0,0.9,,none,True,51,user_agency_event,Persona,Convergent
364,364_e05,C,implementation_grounding,1.0,0.8,,none,True,51,user_agency_event,Persona,Convergent
364,364_e05,C,cognitive_load_clarity,3.0,0.9,,none,True,51,user_agency_event,Persona,Convergent
364,364_e05,C,stance_integrity,3.0,0.9,,none,True,51,user_agency_event,Persona,Convergent
364,364_e05,C,premature_convergence_risk,1.0,0.8,,none,True,51,user_agency_event,Persona,Convergent
364,364_e05,C,runaway_divergence_risk,0.0,0.9,,none,True,51,user_agency_event,Persona,Convergent
365,365_e01,C,exploration_opening,1.0,0.9,,none,True,43,opening_frame,Persona,Convergent
365,365_e01,C,reframing_quality,0.0,0.9,,none,True,43,opening_frame,Persona,Convergent
365,365_e01,C,evaluative_discipline,,1.0,,none,False,43,opening_frame,Persona,Convergent
365,365_e01,C,agency_preservation,3.0,0.9,,none,True,43,opening_frame,Persona,Convergent
365,365_e01,C,anchor_management,,1.0,,none,False,43,opening_frame,Persona,Convergent
365,365_e01,C,coregulation_uptake,3.0,0.9,,none,True,43,opening_frame,Persona,Convergent
365,365_e01,C,timing_fit,3.0,0.9,,none,True,43,opening_frame,Persona,Convergent
365,365_e01,C,implementation_grounding,,1.0,,none,False,43,opening_frame,Persona,Convergent
365,365_e01,C,cognitive_load_clarity,3.0,0.9,,none,True,43,opening_frame,Persona,Convergent
365,365_e01,C,stance_integrity,3.0,0.9,,none,True,43,opening_frame,Persona,Convergent
365,365_e01,C,premature_convergence_risk,0.0,0.9,,none,True,43,opening_frame,Persona,Convergent
365,365_e01,C,runaway_divergence_risk,0.0,0.9,,none,True,43,opening_frame,Persona,Convergent
365,365_e02,C,exploration_opening,1.0,0.9,,none,True,65,other,Persona,Convergent
365,365_e02,C,reframing_quality,1.0,0.9,,none,True,65,other,Persona,Convergent
365,365_e02,C,evaluative_discipline,0.0,0.9,,none,True,65,other,Persona,Convergent
365,365_e02,C,agency_preservation,3.0,0.9,,none,True,65,other,Persona,Convergent
365,365_e02,C,anchor_management,0.0,0.9,,none,True,65,other,Persona,Convergent
365,365_e02,C,coregulation_uptake,3.0,0.9,,none,True,65,other,Persona,Convergent
365,365_e02,C,timing_fit,3.0,0.9,,none,True,65,other,Persona,Convergent
365,365_e02,C,implementation_grounding,2.0,0.9,,none,True,65,other,Persona,Convergent
365,365_e02,C,cognitive_load_clarity,3.0,0.9,,none,True,65,other,Persona,Convergent
365,365_e02,C,stance_integrity,3.0,0.9,,none,True,65,other,Persona,Convergent
365,365_e02,C,premature_convergence_risk,1.0,0.9,,none,True,65,other,Persona,Convergent
365,365_e02,C,runaway_divergence_risk,0.0,0.9,,none,True,65,other,Persona,Convergent
366,366_e01,C,exploration_opening,2.0,0.9,,none,True,46,opening_frame,Persona,Convergent
366,366_e01,C,reframing_quality,1.0,0.8,,none,True,46,opening_frame,Persona,Convergent
366,366_e01,C,evaluative_discipline,,1.0,,none,False,46,opening_frame,Persona,Convergent
366,366_e01,C,agency_preservation,3.0,0.9,,none,True,46,opening_frame,Persona,Convergent
366,366_e01,C,anchor_management,,1.0,,none,False,46,opening_frame,Persona,Convergent
366,366_e01,C,coregulation_uptake,3.0,0.9,,none,True,46,opening_frame,Persona,Convergent
366,366_e01,C,timing_fit,3.0,0.9,,none,True,46,opening_frame,Persona,Convergent
366,366_e01,C,implementation_grounding,1.0,0.8,,none,True,46,opening_frame,Persona,Convergent
366,366_e01,C,cognitive_load_clarity,3.0,0.9,,none,True,46,opening_frame,Persona,Convergent
366,366_e01,C,stance_integrity,3.0,0.9,,none,True,46,opening_frame,Persona,Convergent
366,366_e01,C,premature_convergence_risk,0.0,0.9,,none,True,46,opening_frame,Persona,Convergent
366,366_e01,C,runaway_divergence_risk,0.0,0.9,,none,True,46,opening_frame,Persona,Convergent
368,368_e04,C,exploration_opening,2.0,0.9,,none,True,139,ideation_burst,Persona,Convergent
368,368_e04,C,reframing_quality,1.0,0.8,,none,True,139,ideation_burst,Persona,Convergent
368,368_e04,C,evaluative_discipline,0.0,0.9,,none,True,139,ideation_burst,Persona,Convergent
368,368_e04,C,agency_preservation,3.0,0.9,,none,True,139,ideation_burst,Persona,Convergent
368,368_e04,C,anchor_management,1.0,0.8,,none,True,139,ideation_burst,Persona,Convergent
368,368_e04,C,coregulation_uptake,3.0,0.9,,none,True,139,ideation_burst,Persona,Convergent
368,368_e04,C,timing_fit,3.0,0.9,,none,True,139,ideation_burst,Persona,Convergent
368,368_e04,C,implementation_grounding,2.0,0.8,,none,True,139,ideation_burst,Persona,Convergent
368,368_e04,C,cognitive_load_clarity,3.0,0.9,,none,True,139,ideation_burst,Persona,Convergent
368,368_e04,C,stance_integrity,3.0,0.9,,none,True,139,ideation_burst,Persona,Convergent
368,368_e04,C,premature_convergence_risk,0.0,0.9,,none,True,139,ideation_burst,Persona,Convergent
368,368_e04,C,runaway_divergence_risk,1.0,0.8,,none,True,139,ideation_burst,Persona,Convergent
370,370_e04,C,exploration_opening,2.0,0.9,,none,True,116,other,Persona,Convergent
370,370_e04,C,reframing_quality,2.0,0.8,,none,True,116,other,Persona,Convergent
370,370_e04,C,evaluative_discipline,3.0,0.9,,none,True,116,other,Persona,Convergent
370,370_e04,C,agency_preservation,3.0,0.9,,none,True,116,other,Persona,Convergent
370,370_e04,C,anchor_management,3.0,0.9,,none,True,116,other,Persona,Convergent
370,370_e04,C,coregulation_uptake,4.0,0.9,,none,True,116,other,Persona,Convergent
370,370_e04,C,timing_fit,3.0,0.9,,none,True,116,other,Persona,Convergent
370,370_e04,C,implementation_grounding,2.0,0.8,,none,True,116,other,Persona,Convergent
370,370_e04,C,cognitive_load_clarity,3.0,0.9,,none,True,116,other,Persona,Convergent
370,370_e04,C,stance_integrity,3.0,0.9,,none,True,116,other,Persona,Convergent
370,370_e04,C,premature_convergence_risk,0.0,0.9,,none,True,116,other,Persona,Convergent
370,370_e04,C,runaway_divergence_risk,0.0,0.9,,none,True,116,other,Persona,Convergent
370,370_e05,C,exploration_opening,2.0,0.9,,none,True,69,ideation_burst,Persona,Convergent
370,370_e05,C,reframing_quality,2.0,0.8,,none,True,69,ideation_burst,Persona,Convergent
370,370_e05,C,evaluative_discipline,,1.0,,none,False,69,ideation_burst,Persona,Convergent
370,370_e05,C,agency_preservation,3.0,0.9,,none,True,69,ideation_burst,Persona,Convergent
370,370_e05,C,anchor_management,2.0,0.8,,none,True,69,ideation_burst,Persona,Convergent
370,370_e05,C,coregulation_uptake,3.0,0.9,,none,True,69,ideation_burst,Persona,Convergent
370,370_e05,C,timing_fit,3.0,0.9,,none,True,69,ideation_burst,Persona,Convergent
370,370_e05,C,implementation_grounding,1.0,0.8,,none,True,69,ideation_burst,Persona,Convergent
370,370_e05,C,cognitive_load_clarity,3.0,0.9,,none,True,69,ideation_burst,Persona,Convergent
370,370_e05,C,stance_integrity,3.0,0.9,,none,True,69,ideation_burst,Persona,Convergent
370,370_e05,C,premature_convergence_risk,1.0,0.8,,none,True,69,ideation_burst,Persona,Convergent
370,370_e05,C,runaway_divergence_risk,1.0,0.8,,none,True,69,ideation_burst,Persona,Convergent
370,370_e10,C,exploration_opening,2.0,0.9,,none,True,69,other,Persona,Convergent
370,370_e10,C,reframing_quality,1.0,0.8,,none,True,69,other,Persona,Convergent
370,370_e10,C,evaluative_discipline,0.0,0.9,,none,True,69,other,Persona,Convergent
370,370_e10,C,agency_preservation,1.0,0.8,,none,True,69,other,Persona,Convergent
370,370_e10,C,anchor_management,0.0,0.9,,none,True,69,other,Persona,Convergent
370,370_e10,C,coregulation_uptake,0.0,0.9,,none,True,69,other,Persona,Convergent
370,370_e10,C,timing_fit,0.0,0.9,,none,True,69,other,Persona,Convergent
370,370_e10,C,implementation_grounding,1.0,0.8,,none,True,69,other,Persona,Convergent
370,370_e10,C,cognitive_load_clarity,2.0,0.8,,none,True,69,other,Persona,Convergent
370,370_e10,C,stance_integrity,0.0,0.8,,none,True,69,other,Persona,Convergent
370,370_e10,C,premature_convergence_risk,2.0,0.7,,none,True,69,other,Persona,Convergent
370,370_e10,C,runaway_divergence_risk,0.0,0.8,,none,True,69,other,Persona,Convergent
373,373_e01,C,exploration_opening,2.0,1.0,,none,True,149,other,Persona,Convergent
373,373_e01,C,reframing_quality,1.0,0.9,,none,True,149,other,Persona,Convergent
373,373_e01,C,evaluative_discipline,2.0,0.9,,none,True,149,other,Persona,Convergent
373,373_e01,C,agency_preservation,3.0,0.9,,none,True,149,other,Persona,Convergent
373,373_e01,C,anchor_management,2.0,0.8,,none,True,149,other,Persona,Convergent
373,373_e01,C,coregulation_uptake,3.0,0.9,,none,True,149,other,Persona,Convergent
373,373_e01,C,timing_fit,3.0,0.9,,none,True,149,other,Persona,Convergent
373,373_e01,C,implementation_grounding,2.0,0.8,,none,True,149,other,Persona,Convergent
373,373_e01,C,cognitive_load_clarity,3.0,0.9,,none,True,149,other,Persona,Convergent
373,373_e01,C,stance_integrity,3.0,0.9,,none,True,149,other,Persona,Convergent
373,373_e01,C,premature_convergence_risk,1.0,0.8,,none,True,149,other,Persona,Convergent
373,373_e01,C,runaway_divergence_risk,0.0,0.9,,none,True,149,other,Persona,Convergent
373,373_e02,C,exploration_opening,2.0,0.9,,none,True,159,other,Persona,Convergent
373,373_e02,C,reframing_quality,1.0,0.8,,none,True,159,other,Persona,Convergent
373,373_e02,C,evaluative_discipline,1.0,0.8,,none,True,159,other,Persona,Convergent
373,373_e02,C,agency_preservation,3.0,0.9,,none,True,159,other,Persona,Convergent
373,373_e02,C,anchor_management,1.0,0.8,,none,True,159,other,Persona,Convergent
373,373_e02,C,coregulation_uptake,4.0,0.9,,none,True,159,other,Persona,Convergent
373,373_e02,C,timing_fit,3.0,0.9,,none,True,159,other,Persona,Convergent
373,373_e02,C,implementation_grounding,2.0,0.8,,none,True,159,other,Persona,Convergent
373,373_e02,C,cognitive_load_clarity,3.0,0.9,,none,True,159,other,Persona,Convergent
373,373_e02,C,stance_integrity,3.0,0.9,,none,True,159,other,Persona,Convergent
373,373_e02,C,premature_convergence_risk,1.0,0.8,,none,True,159,other,Persona,Convergent
373,373_e02,C,runaway_divergence_risk,0.0,0.9,,none,True,159,other,Persona,Convergent
374,374_e06,C,exploration_opening,2.0,0.9,,none,True,86,other,Persona,Convergent
374,374_e06,C,reframing_quality,1.0,0.8,,none,True,86,other,Persona,Convergent
374,374_e06,C,evaluative_discipline,1.0,0.8,,none,True,86,other,Persona,Convergent
374,374_e06,C,agency_preservation,3.0,0.9,,none,True,86,other,Persona,Convergent
374,374_e06,C,anchor_management,1.0,0.8,,none,True,86,other,Persona,Convergent
374,374_e06,C,coregulation_uptake,3.0,0.9,,none,True,86,other,Persona,Convergent
374,374_e06,C,timing_fit,3.0,0.9,,none,True,86,other,Persona,Convergent
374,374_e06,C,implementation_grounding,2.0,0.8,,none,True,86,other,Persona,Convergent
374,374_e06,C,cognitive_load_clarity,3.0,0.9,,none,True,86,other,Persona,Convergent
374,374_e06,C,stance_integrity,3.0,0.8,,none,True,86,other,Persona,Convergent
374,374_e06,C,premature_convergence_risk,1.0,0.8,,none,True,86,other,Persona,Convergent
374,374_e06,C,runaway_divergence_risk,1.0,0.8,,none,True,86,other,Persona,Convergent
377,377_e04,C,exploration_opening,2.0,0.9,,none,True,82,other,Persona,Convergent
377,377_e04,C,reframing_quality,1.0,0.8,,none,True,82,other,Persona,Convergent
377,377_e04,C,evaluative_discipline,0.0,0.9,,none,True,82,other,Persona,Convergent
377,377_e04,C,agency_preservation,3.0,0.9,,none,True,82,other,Persona,Convergent
377,377_e04,C,anchor_management,2.0,0.8,,none,True,82,other,Persona,Convergent
377,377_e04,C,coregulation_uptake,3.0,0.9,,none,True,82,other,Persona,Convergent
377,377_e04,C,timing_fit,3.0,0.9,,none,True,82,other,Persona,Convergent
377,377_e04,C,implementation_grounding,2.0,0.8,,none,True,82,other,Persona,Convergent
377,377_e04,C,cognitive_load_clarity,3.0,0.9,,none,True,82,other,Persona,Convergent
377,377_e04,C,stance_integrity,3.0,0.9,,none,True,82,other,Persona,Convergent
377,377_e04,C,premature_convergence_risk,0.0,0.9,,none,True,82,other,Persona,Convergent
377,377_e04,C,runaway_divergence_risk,1.0,0.9,,none,True,82,other,Persona,Convergent
377,377_e05,C,exploration_opening,2.0,0.9,,none,True,113,other,Persona,Convergent
377,377_e05,C,reframing_quality,1.0,0.9,,none,True,113,other,Persona,Convergent
377,377_e05,C,evaluative_discipline,1.0,0.8,,none,True,113,other,Persona,Convergent
377,377_e05,C,agency_preservation,3.0,0.9,,none,True,113,other,Persona,Convergent
377,377_e05,C,anchor_management,2.0,0.8,,none,True,113,other,Persona,Convergent
377,377_e05,C,coregulation_uptake,4.0,0.9,,none,True,113,other,Persona,Convergent
377,377_e05,C,timing_fit,3.0,0.9,,none,True,113,other,Persona,Convergent
377,377_e05,C,implementation_grounding,2.0,0.8,,none,True,113,other,Persona,Convergent
377,377_e05,C,cognitive_load_clarity,3.0,0.9,,none,True,113,other,Persona,Convergent
377,377_e05,C,stance_integrity,3.0,0.9,,none,True,113,other,Persona,Convergent
377,377_e05,C,premature_convergence_risk,1.0,0.8,,none,True,113,other,Persona,Convergent
377,377_e05,C,runaway_divergence_risk,0.0,0.9,,none,True,113,other,Persona,Convergent
380,380_e02,C,exploration_opening,1.0,0.9,,none,True,62,other,Persona,Convergent
380,380_e02,C,reframing_quality,1.0,0.9,,none,True,62,other,Persona,Convergent
380,380_e02,C,evaluative_discipline,1.0,0.8,,none,True,62,other,Persona,Convergent
380,380_e02,C,agency_preservation,3.0,0.9,,none,True,62,other,Persona,Convergent
380,380_e02,C,anchor_management,1.0,0.8,,none,True,62,other,Persona,Convergent
380,380_e02,C,coregulation_uptake,3.0,0.9,,none,True,62,other,Persona,Convergent
380,380_e02,C,timing_fit,3.0,0.9,,none,True,62,other,Persona,Convergent
380,380_e02,C,implementation_grounding,1.0,0.8,,none,True,62,other,Persona,Convergent
380,380_e02,C,cognitive_load_clarity,3.0,0.9,,none,True,62,other,Persona,Convergent
380,380_e02,C,stance_integrity,3.0,0.9,,none,True,62,other,Persona,Convergent
380,380_e02,C,premature_convergence_risk,1.0,0.8,,none,True,62,other,Persona,Convergent
380,380_e02,C,runaway_divergence_risk,0.0,0.9,,none,True,62,other,Persona,Convergent
380,380_e07,C,exploration_opening,3.0,0.9,,none,True,201,ideation_burst,Persona,Convergent
380,380_e07,C,reframing_quality,2.0,0.8,,none,True,201,ideation_burst,Persona,Convergent
380,380_e07,C,evaluative_discipline,0.0,0.9,,none,True,201,ideation_burst,Persona,Convergent
380,380_e07,C,agency_preservation,3.0,0.9,,none,True,201,ideation_burst,Persona,Convergent
380,380_e07,C,anchor_management,1.0,0.8,,none,True,201,ideation_burst,Persona,Convergent
380,380_e07,C,coregulation_uptake,4.0,0.9,,none,True,201,ideation_burst,Persona,Convergent
380,380_e07,C,timing_fit,3.0,0.9,,none,True,201,ideation_burst,Persona,Convergent
380,380_e07,C,implementation_grounding,1.0,0.8,,none,True,201,ideation_burst,Persona,Convergent
380,380_e07,C,cognitive_load_clarity,3.0,0.9,,none,True,201,ideation_burst,Persona,Convergent
380,380_e07,C,stance_integrity,3.0,0.9,,none,True,201,ideation_burst,Persona,Convergent
380,380_e07,C,premature_convergence_risk,0.0,0.9,,none,True,201,ideation_burst,Persona,Convergent
380,380_e07,C,runaway_divergence_risk,2.0,0.8,,none,True,201,ideation_burst,Persona,Convergent
386,386_e07,C,exploration_opening,2.0,0.9,,none,True,70,other,Persona,Convergent
386,386_e07,C,reframing_quality,1.0,0.8,,none,True,70,other,Persona,Convergent
386,386_e07,C,evaluative_discipline,0.0,0.9,,none,True,70,other,Persona,Convergent
386,386_e07,C,agency_preservation,2.0,0.8,,none,True,70,other,Persona,Convergent
386,386_e07,C,anchor_management,1.0,0.8,,none,True,70,other,Persona,Convergent
386,386_e07,C,coregulation_uptake,1.0,0.9,,none,True,70,other,Persona,Convergent
386,386_e07,C,timing_fit,2.0,0.8,,none,True,70,other,Persona,Convergent
386,386_e07,C,implementation_grounding,1.0,0.8,,none,True,70,other,Persona,Convergent
386,386_e07,C,cognitive_load_clarity,2.0,0.9,,none,True,70,other,Persona,Convergent
386,386_e07,C,stance_integrity,2.0,0.8,,none,True,70,other,Persona,Convergent
386,386_e07,C,premature_convergence_risk,1.0,0.8,,none,True,70,other,Persona,Convergent
386,386_e07,C,runaway_divergence_risk,1.0,0.8,,none,True,70,other,Persona,Convergent
391,391_e01,C,exploration_opening,2.0,0.9,,none,True,43,opening_frame,GPT,GPT
391,391_e01,C,reframing_quality,0.0,0.9,,none,True,43,opening_frame,GPT,GPT
391,391_e01,C,evaluative_discipline,,1.0,,none,False,43,opening_frame,GPT,GPT
391,391_e01,C,agency_preservation,3.0,0.9,,none,True,43,opening_frame,GPT,GPT
391,391_e01,C,anchor_management,,1.0,,none,False,43,opening_frame,GPT,GPT
391,391_e01,C,coregulation_uptake,3.0,0.9,,none,True,43,opening_frame,GPT,GPT
391,391_e01,C,timing_fit,3.0,0.9,,none,True,43,opening_frame,GPT,GPT
391,391_e01,C,implementation_grounding,0.0,0.9,,none,True,43,opening_frame,GPT,GPT
391,391_e01,C,cognitive_load_clarity,3.0,0.9,,none,True,43,opening_frame,GPT,GPT
391,391_e01,C,stance_integrity,3.0,0.9,,none,True,43,opening_frame,GPT,GPT
391,391_e01,C,premature_convergence_risk,0.0,0.9,,none,True,43,opening_frame,GPT,GPT
391,391_e01,C,runaway_divergence_risk,0.0,0.9,,none,True,43,opening_frame,GPT,GPT
392,392_e06,C,exploration_opening,0.0,0.9,,none,True,97,other,GPT,GPT
392,392_e06,C,reframing_quality,3.0,0.9,,none,True,97,other,GPT,GPT
392,392_e06,C,evaluative_discipline,2.0,0.8,,none,True,97,other,GPT,GPT
392,392_e06,C,agency_preservation,3.0,0.9,,none,True,97,other,GPT,GPT
392,392_e06,C,anchor_management,4.0,0.9,,none,True,97,other,GPT,GPT
392,392_e06,C,coregulation_uptake,4.0,0.9,,none,True,97,other,GPT,GPT
392,392_e06,C,timing_fit,4.0,0.9,,none,True,97,other,GPT,GPT
392,392_e06,C,implementation_grounding,3.0,0.9,,none,True,97,other,GPT,GPT
392,392_e06,C,cognitive_load_clarity,3.0,0.9,,none,True,97,other,GPT,GPT
392,392_e06,C,stance_integrity,3.0,0.8,,none,True,97,other,GPT,GPT
392,392_e06,C,premature_convergence_risk,1.0,0.8,,none,True,97,other,GPT,GPT
392,392_e06,C,runaway_divergence_risk,0.0,0.9,,none,True,97,other,GPT,GPT
392,392_e08,C,exploration_opening,0.0,1.0,,none,True,61,other,GPT,GPT
392,392_e08,C,reframing_quality,0.0,1.0,,none,True,61,other,GPT,GPT
392,392_e08,C,evaluative_discipline,0.0,1.0,,none,True,61,other,GPT,GPT
392,392_e08,C,agency_preservation,0.0,1.0,,none,True,61,other,GPT,GPT
392,392_e08,C,anchor_management,0.0,1.0,,none,True,61,other,GPT,GPT
392,392_e08,C,coregulation_uptake,0.0,1.0,,none,True,61,other,GPT,GPT
392,392_e08,C,timing_fit,0.0,1.0,,none,True,61,other,GPT,GPT
392,392_e08,C,implementation_grounding,1.0,0.9,,none,True,61,other,GPT,GPT
392,392_e08,C,cognitive_load_clarity,2.0,0.9,,none,True,61,other,GPT,GPT
392,392_e08,C,stance_integrity,0.0,0.9,,none,True,61,other,GPT,GPT
392,392_e08,C,premature_convergence_risk,3.0,0.9,,none,True,61,other,GPT,GPT
392,392_e08,C,runaway_divergence_risk,0.0,1.0,,none,True,61,other,GPT,GPT
396,396_e03,C,exploration_opening,3.0,0.9,,none,True,110,user_agency_event,GPT,GPT
396,396_e03,C,reframing_quality,2.0,0.8,,none,True,110,user_agency_event,GPT,GPT
396,396_e03,C,evaluative_discipline,0.0,0.9,,none,True,110,user_agency_event,GPT,GPT
396,396_e03,C,agency_preservation,3.0,0.9,,none,True,110,user_agency_event,GPT,GPT
396,396_e03,C,anchor_management,1.0,0.8,,none,True,110,user_agency_event,GPT,GPT
396,396_e03,C,coregulation_uptake,3.0,0.9,,none,True,110,user_agency_event,GPT,GPT
396,396_e03,C,timing_fit,2.0,0.8,,none,True,110,user_agency_event,GPT,GPT
396,396_e03,C,implementation_grounding,1.0,0.9,,none,True,110,user_agency_event,GPT,GPT
396,396_e03,C,cognitive_load_clarity,2.0,0.8,,none,True,110,user_agency_event,GPT,GPT
396,396_e03,C,stance_integrity,2.0,0.8,,none,True,110,user_agency_event,GPT,GPT
396,396_e03,C,premature_convergence_risk,0.0,0.9,,none,True,110,user_agency_event,GPT,GPT
396,396_e03,C,runaway_divergence_risk,1.0,0.8,,none,True,110,user_agency_event,GPT,GPT
401,401_e07,C,exploration_opening,0.0,0.9,,none,True,61,implementation_grounding_event,GPT,GPT
401,401_e07,C,reframing_quality,0.0,0.9,,none,True,61,implementation_grounding_event,GPT,GPT
401,401_e07,C,evaluative_discipline,1.0,0.8,,none,True,61,implementation_grounding_event,GPT,GPT
401,401_e07,C,agency_preservation,2.0,0.8,,none,True,61,implementation_grounding_event,GPT,GPT
401,401_e07,C,anchor_management,0.0,0.9,,none,True,61,implementation_grounding_event,GPT,GPT
401,401_e07,C,coregulation_uptake,1.0,0.9,,none,True,61,implementation_grounding_event,GPT,GPT
401,401_e07,C,timing_fit,1.0,0.8,,none,True,61,implementation_grounding_event,GPT,GPT
401,401_e07,C,implementation_grounding,2.0,0.8,,none,True,61,implementation_grounding_event,GPT,GPT
401,401_e07,C,cognitive_load_clarity,2.0,0.9,,none,True,61,implementation_grounding_event,GPT,GPT
401,401_e07,C,stance_integrity,1.0,0.8,,none,True,61,implementation_grounding_event,GPT,GPT
401,401_e07,C,premature_convergence_risk,2.0,0.8,,none,True,61,implementation_grounding_event,GPT,GPT
401,401_e07,C,runaway_divergence_risk,0.0,0.9,,none,True,61,implementation_grounding_event,GPT,GPT
403,403_e02,C,exploration_opening,0.0,1.0,,none,True,52,user_agency_event,GPT,GPT
403,403_e02,C,reframing_quality,0.0,1.0,,none,True,52,user_agency_event,GPT,GPT
403,403_e02,C,evaluative_discipline,0.0,1.0,,none,True,52,user_agency_event,GPT,GPT
403,403_e02,C,agency_preservation,0.0,1.0,,none,True,52,user_agency_event,GPT,GPT
403,403_e02,C,anchor_management,0.0,1.0,,none,True,52,user_agency_event,GPT,GPT
403,403_e02,C,coregulation_uptake,0.0,1.0,,none,True,52,user_agency_event,GPT,GPT
403,403_e02,C,timing_fit,0.0,1.0,,none,True,52,user_agency_event,GPT,GPT
403,403_e02,C,implementation_grounding,1.0,1.0,,none,True,52,user_agency_event,GPT,GPT
403,403_e02,C,cognitive_load_clarity,1.0,1.0,,none,True,52,user_agency_event,GPT,GPT
403,403_e02,C,stance_integrity,0.0,1.0,,none,True,52,user_agency_event,GPT,GPT
403,403_e02,C,premature_convergence_risk,3.0,1.0,,none,True,52,user_agency_event,GPT,GPT
403,403_e02,C,runaway_divergence_risk,0.0,1.0,,none,True,52,user_agency_event,GPT,GPT
403,403_e08,C,exploration_opening,0.0,1.0,,none,True,85,repair_event,GPT,GPT
403,403_e08,C,reframing_quality,0.0,1.0,,none,True,85,repair_event,GPT,GPT
403,403_e08,C,evaluative_discipline,0.0,1.0,,none,True,85,repair_event,GPT,GPT
403,403_e08,C,agency_preservation,0.0,1.0,,none,True,85,repair_event,GPT,GPT
403,403_e08,C,anchor_management,0.0,1.0,,none,True,85,repair_event,GPT,GPT
403,403_e08,C,coregulation_uptake,0.0,1.0,,none,True,85,repair_event,GPT,GPT
403,403_e08,C,timing_fit,0.0,1.0,,none,True,85,repair_event,GPT,GPT
403,403_e08,C,implementation_grounding,1.0,1.0,,none,True,85,repair_event,GPT,GPT
403,403_e08,C,cognitive_load_clarity,0.0,1.0,,none,True,85,repair_event,GPT,GPT
403,403_e08,C,stance_integrity,0.0,1.0,,none,True,85,repair_event,GPT,GPT
403,403_e08,C,premature_convergence_risk,4.0,1.0,,none,True,85,repair_event,GPT,GPT
403,403_e08,C,runaway_divergence_risk,0.0,1.0,,none,True,85,repair_event,GPT,GPT
406,406_e04,C,exploration_opening,2.0,0.9,,none,True,81,repair_event,GPT,GPT
406,406_e04,C,reframing_quality,0.0,0.9,,none,True,81,repair_event,GPT,GPT
406,406_e04,C,evaluative_discipline,0.0,0.9,,none,True,81,repair_event,GPT,GPT
406,406_e04,C,agency_preservation,1.0,0.8,,none,True,81,repair_event,GPT,GPT
406,406_e04,C,anchor_management,0.0,0.9,,none,True,81,repair_event,GPT,GPT
406,406_e04,C,coregulation_uptake,1.0,0.8,,none,True,81,repair_event,GPT,GPT
406,406_e04,C,timing_fit,1.0,0.8,,none,True,81,repair_event,GPT,GPT
406,406_e04,C,implementation_grounding,1.0,0.9,,none,True,81,repair_event,GPT,GPT
406,406_e04,C,cognitive_load_clarity,2.0,0.9,,none,True,81,repair_event,GPT,GPT
406,406_e04,C,stance_integrity,2.0,0.8,,none,True,81,repair_event,GPT,GPT
406,406_e04,C,premature_convergence_risk,0.0,0.8,,none,True,81,repair_event,GPT,GPT
406,406_e04,C,runaway_divergence_risk,2.0,0.8,,none,True,81,repair_event,GPT,GPT
414,414_e01,C,exploration_opening,2.0,0.9,,none,True,120,opening_frame,Persona,Divergent
414,414_e01,C,reframing_quality,2.0,0.8,,none,True,120,opening_frame,Persona,Divergent
414,414_e01,C,evaluative_discipline,0.0,0.9,,none,True,120,opening_frame,Persona,Divergent
414,414_e01,C,agency_preservation,3.0,0.9,,none,True,120,opening_frame,Persona,Divergent
414,414_e01,C,anchor_management,0.0,0.9,,none,True,120,opening_frame,Persona,Divergent
414,414_e01,C,coregulation_uptake,3.0,0.9,,none,True,120,opening_frame,Persona,Divergent
414,414_e01,C,timing_fit,3.0,0.9,,none,True,120,opening_frame,Persona,Divergent
414,414_e01,C,implementation_grounding,1.0,0.8,,none,True,120,opening_frame,Persona,Divergent
414,414_e01,C,cognitive_load_clarity,3.0,0.9,,none,True,120,opening_frame,Persona,Divergent
414,414_e01,C,stance_integrity,3.0,0.8,,none,True,120,opening_frame,Persona,Divergent
414,414_e01,C,premature_convergence_risk,2.0,0.8,,none,True,120,opening_frame,Persona,Divergent
414,414_e01,C,runaway_divergence_risk,0.0,0.9,,none,True,120,opening_frame,Persona,Divergent
414,414_e02,C,exploration_opening,3.0,0.9,,none,True,143,critique_event,Persona,Divergent
414,414_e02,C,reframing_quality,2.0,0.8,,none,True,143,critique_event,Persona,Divergent
414,414_e02,C,evaluative_discipline,2.0,0.8,,none,True,143,critique_event,Persona,Divergent
414,414_e02,C,agency_preservation,3.0,0.9,,none,True,143,critique_event,Persona,Divergent
414,414_e02,C,anchor_management,2.0,0.8,,none,True,143,critique_event,Persona,Divergent
414,414_e02,C,coregulation_uptake,4.0,0.9,,none,True,143,critique_event,Persona,Divergent
414,414_e02,C,timing_fit,3.0,0.8,,none,True,143,critique_event,Persona,Divergent
414,414_e02,C,implementation_grounding,2.0,0.8,,none,True,143,critique_event,Persona,Divergent
414,414_e02,C,cognitive_load_clarity,3.0,0.9,,none,True,143,critique_event,Persona,Divergent
414,414_e02,C,stance_integrity,3.0,0.9,,none,True,143,critique_event,Persona,Divergent
414,414_e02,C,premature_convergence_risk,0.0,0.9,,none,True,143,critique_event,Persona,Divergent
414,414_e02,C,runaway_divergence_risk,1.0,0.8,,none,True,143,critique_event,Persona,Divergent
414,414_e03,C,exploration_opening,3.0,0.9,,none,True,177,ideation_burst,Persona,Divergent
414,414_e03,C,reframing_quality,2.0,0.8,,none,True,177,ideation_burst,Persona,Divergent
414,414_e03,C,evaluative_discipline,0.0,0.9,,none,True,177,ideation_burst,Persona,Divergent
414,414_e03,C,agency_preservation,3.0,0.9,,none,True,177,ideation_burst,Persona,Divergent
414,414_e03,C,anchor_management,2.0,0.8,,none,True,177,ideation_burst,Persona,Divergent
414,414_e03,C,coregulation_uptake,4.0,0.9,,none,True,177,ideation_burst,Persona,Divergent
414,414_e03,C,timing_fit,3.0,0.9,,none,True,177,ideation_burst,Persona,Divergent
414,414_e03,C,implementation_grounding,1.0,0.9,,none,True,177,ideation_burst,Persona,Divergent
414,414_e03,C,cognitive_load_clarity,3.0,0.9,,none,True,177,ideation_burst,Persona,Divergent
414,414_e03,C,stance_integrity,3.0,0.9,,none,True,177,ideation_burst,Persona,Divergent
414,414_e03,C,premature_convergence_risk,0.0,0.9,,none,True,177,ideation_burst,Persona,Divergent
414,414_e03,C,runaway_divergence_risk,1.0,0.8,,none,True,177,ideation_burst,Persona,Divergent
415,415_e01,C,exploration_opening,4.0,1.0,,none,True,92,opening_frame,Persona,Divergent
415,415_e01,C,reframing_quality,3.0,0.9,,none,True,92,opening_frame,Persona,Divergent
415,415_e01,C,evaluative_discipline,,1.0,,none,False,92,opening_frame,Persona,Divergent
415,415_e01,C,agency_preservation,3.0,0.9,,none,True,92,opening_frame,Persona,Divergent
415,415_e01,C,anchor_management,3.0,0.9,,none,True,92,opening_frame,Persona,Divergent
415,415_e01,C,coregulation_uptake,3.0,0.9,,none,True,92,opening_frame,Persona,Divergent
415,415_e01,C,timing_fit,4.0,1.0,,none,True,92,opening_frame,Persona,Divergent
415,415_e01,C,implementation_grounding,1.0,0.8,,none,True,92,opening_frame,Persona,Divergent
415,415_e01,C,cognitive_load_clarity,3.0,0.9,,none,True,92,opening_frame,Persona,Divergent
415,415_e01,C,stance_integrity,3.0,0.9,,none,True,92,opening_frame,Persona,Divergent
415,415_e01,C,premature_convergence_risk,0.0,0.9,,none,True,92,opening_frame,Persona,Divergent
415,415_e01,C,runaway_divergence_risk,1.0,0.9,,none,True,92,opening_frame,Persona,Divergent
415,415_e02,C,exploration_opening,2.0,0.9,,none,True,114,other,Persona,Divergent
415,415_e02,C,reframing_quality,1.0,0.8,,none,True,114,other,Persona,Divergent
415,415_e02,C,evaluative_discipline,,1.0,,none,False,114,other,Persona,Divergent
415,415_e02,C,agency_preservation,3.0,0.9,,none,True,114,other,Persona,Divergent
415,415_e02,C,anchor_management,1.0,0.8,,none,True,114,other,Persona,Divergent
415,415_e02,C,coregulation_uptake,3.0,0.9,,none,True,114,other,Persona,Divergent
415,415_e02,C,timing_fit,3.0,0.9,,none,True,114,other,Persona,Divergent
415,415_e02,C,implementation_grounding,2.0,0.8,,none,True,114,other,Persona,Divergent
415,415_e02,C,cognitive_load_clarity,3.0,0.9,,none,True,114,other,Persona,Divergent
415,415_e02,C,stance_integrity,3.0,0.9,,none,True,114,other,Persona,Divergent
415,415_e02,C,premature_convergence_risk,0.0,0.9,,none,True,114,other,Persona,Divergent
415,415_e02,C,runaway_divergence_risk,1.0,0.8,,none,True,114,other,Persona,Divergent
415,415_e03,C,exploration_opening,3.0,0.9,,none,True,134,other,Persona,Divergent
415,415_e03,C,reframing_quality,2.0,0.8,,none,True,134,other,Persona,Divergent
415,415_e03,C,evaluative_discipline,,0.0,,none,False,134,other,Persona,Divergent
415,415_e03,C,agency_preservation,3.0,0.9,,none,True,134,other,Persona,Divergent
415,415_e03,C,anchor_management,3.0,0.9,,none,True,134,other,Persona,Divergent
415,415_e03,C,coregulation_uptake,3.0,0.9,,none,True,134,other,Persona,Divergent
415,415_e03,C,timing_fit,3.0,0.9,,none,True,134,other,Persona,Divergent
415,415_e03,C,implementation_grounding,2.0,0.8,,none,True,134,other,Persona,Divergent
415,415_e03,C,cognitive_load_clarity,3.0,0.9,,none,True,134,other,Persona,Divergent
415,415_e03,C,stance_integrity,3.0,0.9,,none,True,134,other,Persona,Divergent
415,415_e03,C,premature_convergence_risk,0.0,0.9,,none,True,134,other,Persona,Divergent
415,415_e03,C,runaway_divergence_risk,0.0,0.9,,none,True,134,other,Persona,Divergent
416,416_e01,C,exploration_opening,2.0,0.9,,none,True,151,other,Persona,Divergent
416,416_e01,C,reframing_quality,2.0,0.8,,none,True,151,other,Persona,Divergent
416,416_e01,C,evaluative_discipline,,1.0,,none,False,151,other,Persona,Divergent
416,416_e01,C,agency_preservation,3.0,0.9,,none,True,151,other,Persona,Divergent
416,416_e01,C,anchor_management,2.0,0.8,,none,True,151,other,Persona,Divergent
416,416_e01,C,coregulation_uptake,3.0,0.9,,none,True,151,other,Persona,Divergent
416,416_e01,C,timing_fit,3.0,0.9,,none,True,151,other,Persona,Divergent
416,416_e01,C,implementation_grounding,1.0,0.8,,none,True,151,other,Persona,Divergent
416,416_e01,C,cognitive_load_clarity,3.0,0.9,,none,True,151,other,Persona,Divergent
416,416_e01,C,stance_integrity,3.0,0.9,,none,True,151,other,Persona,Divergent
416,416_e01,C,premature_convergence_risk,0.0,0.9,,none,True,151,other,Persona,Divergent
416,416_e01,C,runaway_divergence_risk,1.0,0.8,,none,True,151,other,Persona,Divergent
416,416_e03,C,exploration_opening,3.0,0.9,,none,True,103,ideation_burst,Persona,Divergent
416,416_e03,C,reframing_quality,2.0,0.8,,none,True,103,ideation_burst,Persona,Divergent
416,416_e03,C,evaluative_discipline,,1.0,,none,False,103,ideation_burst,Persona,Divergent
416,416_e03,C,agency_preservation,3.0,0.9,,none,True,103,ideation_burst,Persona,Divergent
416,416_e03,C,anchor_management,3.0,0.9,,none,True,103,ideation_burst,Persona,Divergent
416,416_e03,C,coregulation_uptake,3.0,0.9,,none,True,103,ideation_burst,Persona,Divergent
416,416_e03,C,timing_fit,3.0,0.9,,none,True,103,ideation_burst,Persona,Divergent
416,416_e03,C,implementation_grounding,1.0,0.8,,none,True,103,ideation_burst,Persona,Divergent
416,416_e03,C,cognitive_load_clarity,3.0,0.9,,none,True,103,ideation_burst,Persona,Divergent
416,416_e03,C,stance_integrity,3.0,0.9,,none,True,103,ideation_burst,Persona,Divergent
416,416_e03,C,premature_convergence_risk,0.0,0.9,,none,True,103,ideation_burst,Persona,Divergent
416,416_e03,C,runaway_divergence_risk,1.0,0.8,,none,True,103,ideation_burst,Persona,Divergent
416,416_e06,C,exploration_opening,2.0,0.9,,none,True,41,other,Persona,Divergent
416,416_e06,C,reframing_quality,1.0,0.8,,none,True,41,other,Persona,Divergent
416,416_e06,C,evaluative_discipline,0.0,0.9,,none,True,41,other,Persona,Divergent
416,416_e06,C,agency_preservation,3.0,0.8,,none,True,41,other,Persona,Divergent
416,416_e06,C,anchor_management,,1.0,,none,False,41,other,Persona,Divergent
416,416_e06,C,coregulation_uptake,3.0,0.9,,none,True,41,other,Persona,Divergent
416,416_e06,C,timing_fit,3.0,0.8,,none,True,41,other,Persona,Divergent
416,416_e06,C,implementation_grounding,1.0,0.8,,none,True,41,other,Persona,Divergent
416,416_e06,C,cognitive_load_clarity,3.0,0.9,,none,True,41,other,Persona,Divergent
416,416_e06,C,stance_integrity,3.0,0.8,,none,True,41,other,Persona,Divergent
416,416_e06,C,premature_convergence_risk,1.0,0.7,,none,True,41,other,Persona,Divergent
416,416_e06,C,runaway_divergence_risk,0.0,0.9,,none,True,41,other,Persona,Divergent
418,418_e02,C,exploration_opening,3.0,0.9,,none,True,64,other,Persona,Divergent
418,418_e02,C,reframing_quality,2.0,0.8,,none,True,64,other,Persona,Divergent
418,418_e02,C,evaluative_discipline,,1.0,,none,False,64,other,Persona,Divergent
418,418_e02,C,agency_preservation,3.0,0.9,,none,True,64,other,Persona,Divergent
418,418_e02,C,anchor_management,2.0,0.8,,none,True,64,other,Persona,Divergent
418,418_e02,C,coregulation_uptake,3.0,0.9,,none,True,64,other,Persona,Divergent
418,418_e02,C,timing_fit,3.0,0.9,,none,True,64,other,Persona,Divergent
418,418_e02,C,implementation_grounding,1.0,0.8,,none,True,64,other,Persona,Divergent
418,418_e02,C,cognitive_load_clarity,3.0,0.9,,none,True,64,other,Persona,Divergent
418,418_e02,C,stance_integrity,3.0,0.9,,none,True,64,other,Persona,Divergent
418,418_e02,C,premature_convergence_risk,0.0,0.9,,none,True,64,other,Persona,Divergent
418,418_e02,C,runaway_divergence_risk,1.0,0.8,,none,True,64,other,Persona,Divergent
418,418_e03,C,exploration_opening,3.0,0.9,,none,True,108,other,Persona,Divergent
418,418_e03,C,reframing_quality,2.0,0.8,,none,True,108,other,Persona,Divergent
418,418_e03,C,evaluative_discipline,,1.0,,none,False,108,other,Persona,Divergent
418,418_e03,C,agency_preservation,3.0,0.9,,none,True,108,other,Persona,Divergent
418,418_e03,C,anchor_management,2.0,0.8,,none,True,108,other,Persona,Divergent
418,418_e03,C,coregulation_uptake,3.0,0.9,,none,True,108,other,Persona,Divergent
418,418_e03,C,timing_fit,3.0,0.9,,none,True,108,other,Persona,Divergent
418,418_e03,C,implementation_grounding,1.0,0.8,,none,True,108,other,Persona,Divergent
418,418_e03,C,cognitive_load_clarity,3.0,0.9,,none,True,108,other,Persona,Divergent
418,418_e03,C,stance_integrity,3.0,0.9,,none,True,108,other,Persona,Divergent
418,418_e03,C,premature_convergence_risk,0.0,0.9,,none,True,108,other,Persona,Divergent
418,418_e03,C,runaway_divergence_risk,1.0,0.8,,none,True,108,other,Persona,Divergent
420,420_e03,C,exploration_opening,2.0,0.9,,none,True,79,other,GPT,GPT
420,420_e03,C,reframing_quality,0.0,0.9,,none,True,79,other,GPT,GPT
420,420_e03,C,evaluative_discipline,0.0,0.9,,none,True,79,other,GPT,GPT
420,420_e03,C,agency_preservation,3.0,0.9,,none,True,79,other,GPT,GPT
420,420_e03,C,anchor_management,1.0,0.8,,none,True,79,other,GPT,GPT
420,420_e03,C,coregulation_uptake,3.0,0.9,,none,True,79,other,GPT,GPT
420,420_e03,C,timing_fit,3.0,0.9,,none,True,79,other,GPT,GPT
420,420_e03,C,implementation_grounding,2.0,0.8,,none,True,79,other,GPT,GPT
420,420_e03,C,cognitive_load_clarity,3.0,0.9,,none,True,79,other,GPT,GPT
420,420_e03,C,stance_integrity,3.0,0.9,,none,True,79,other,GPT,GPT
420,420_e03,C,premature_convergence_risk,1.0,0.8,,none,True,79,other,GPT,GPT
420,420_e03,C,runaway_divergence_risk,0.0,0.9,,none,True,79,other,GPT,GPT
425,425_e03,C,exploration_opening,2.0,0.9,,none,True,57,user_agency_event,GPT,GPT
425,425_e03,C,reframing_quality,0.0,0.9,,none,True,57,user_agency_event,GPT,GPT
425,425_e03,C,evaluative_discipline,0.0,0.9,,none,True,57,user_agency_event,GPT,GPT
425,425_e03,C,agency_preservation,3.0,0.9,,none,True,57,user_agency_event,GPT,GPT
425,425_e03,C,anchor_management,1.0,0.8,,none,True,57,user_agency_event,GPT,GPT
425,425_e03,C,coregulation_uptake,3.0,0.9,,none,True,57,user_agency_event,GPT,GPT
425,425_e03,C,timing_fit,3.0,0.9,,none,True,57,user_agency_event,GPT,GPT
425,425_e03,C,implementation_grounding,2.0,0.8,,none,True,57,user_agency_event,GPT,GPT
425,425_e03,C,cognitive_load_clarity,3.0,0.9,,none,True,57,user_agency_event,GPT,GPT
425,425_e03,C,stance_integrity,3.0,0.8,,none,True,57,user_agency_event,GPT,GPT
425,425_e03,C,premature_convergence_risk,0.0,0.8,,none,True,57,user_agency_event,GPT,GPT
425,425_e03,C,runaway_divergence_risk,0.0,0.8,,none,True,57,user_agency_event,GPT,GPT
431,431_e11,C,exploration_opening,1.0,0.9,,none,True,103,user_agency_event,GPT,GPT
431,431_e11,C,reframing_quality,1.0,0.9,,none,True,103,user_agency_event,GPT,GPT
431,431_e11,C,evaluative_discipline,0.0,0.9,,none,True,103,user_agency_event,GPT,GPT
431,431_e11,C,agency_preservation,0.0,0.9,,none,True,103,user_agency_event,GPT,GPT
431,431_e11,C,anchor_management,0.0,0.9,,none,True,103,user_agency_event,GPT,GPT
431,431_e11,C,coregulation_uptake,0.0,0.9,,none,True,103,user_agency_event,GPT,GPT
431,431_e11,C,timing_fit,0.0,0.9,,none,True,103,user_agency_event,GPT,GPT
431,431_e11,C,implementation_grounding,1.0,0.9,,none,True,103,user_agency_event,GPT,GPT
431,431_e11,C,cognitive_load_clarity,1.0,0.9,,none,True,103,user_agency_event,GPT,GPT
431,431_e11,C,stance_integrity,0.0,0.9,,none,True,103,user_agency_event,GPT,GPT
431,431_e11,C,premature_convergence_risk,,0.0,,none,False,103,user_agency_event,GPT,GPT
431,431_e11,C,runaway_divergence_risk,3.0,0.9,,none,True,103,user_agency_event,GPT,GPT
432,432_e04,C,exploration_opening,1.0,0.9,,none,True,204,other,GPT,GPT
432,432_e04,C,reframing_quality,0.0,0.9,,none,True,204,other,GPT,GPT
432,432_e04,C,evaluative_discipline,0.0,0.9,,none,True,204,other,GPT,GPT
432,432_e04,C,agency_preservation,2.0,0.8,,none,True,204,other,GPT,GPT
432,432_e04,C,anchor_management,0.0,0.9,,none,True,204,other,GPT,GPT
432,432_e04,C,coregulation_uptake,1.0,0.9,,none,True,204,other,GPT,GPT
432,432_e04,C,timing_fit,2.0,0.8,,none,True,204,other,GPT,GPT
432,432_e04,C,implementation_grounding,1.0,0.9,,none,True,204,other,GPT,GPT
432,432_e04,C,cognitive_load_clarity,2.0,0.9,,none,True,204,other,GPT,GPT
432,432_e04,C,stance_integrity,0.0,0.9,,none,True,204,other,GPT,GPT
432,432_e04,C,premature_convergence_risk,2.0,0.8,,none,True,204,other,GPT,GPT
432,432_e04,C,runaway_divergence_risk,0.0,0.9,,none,True,204,other,GPT,GPT
434,434_e01,C,exploration_opening,2.0,0.9,,none,True,89,opening_frame,GPT,GPT
434,434_e01,C,reframing_quality,0.0,0.9,,none,True,89,opening_frame,GPT,GPT
434,434_e01,C,evaluative_discipline,0.0,0.9,,none,True,89,opening_frame,GPT,GPT
434,434_e01,C,agency_preservation,1.0,0.8,,none,True,89,opening_frame,GPT,GPT
434,434_e01,C,anchor_management,0.0,0.9,,none,True,89,opening_frame,GPT,GPT
434,434_e01,C,coregulation_uptake,1.0,0.9,,none,True,89,opening_frame,GPT,GPT
434,434_e01,C,timing_fit,2.0,0.8,,none,True,89,opening_frame,GPT,GPT
434,434_e01,C,implementation_grounding,1.0,0.9,,none,True,89,opening_frame,GPT,GPT
434,434_e01,C,cognitive_load_clarity,2.0,0.9,,none,True,89,opening_frame,GPT,GPT
434,434_e01,C,stance_integrity,0.0,0.9,,none,True,89,opening_frame,GPT,GPT
434,434_e01,C,premature_convergence_risk,2.0,0.8,,none,True,89,opening_frame,GPT,GPT
434,434_e01,C,runaway_divergence_risk,0.0,0.9,,none,True,89,opening_frame,GPT,GPT
436,436_e03,C,exploration_opening,2.0,0.9,,none,True,199,other,GPT,GPT
436,436_e03,C,reframing_quality,1.0,0.9,,none,True,199,other,GPT,GPT
436,436_e03,C,evaluative_discipline,0.0,0.9,,none,True,199,other,GPT,GPT
436,436_e03,C,agency_preservation,2.0,0.8,,none,True,199,other,GPT,GPT
436,436_e03,C,anchor_management,1.0,0.8,,none,True,199,other,GPT,GPT
436,436_e03,C,coregulation_uptake,2.0,0.9,,none,True,199,other,GPT,GPT
436,436_e03,C,timing_fit,2.0,0.9,,none,True,199,other,GPT,GPT
436,436_e03,C,implementation_grounding,2.0,0.8,,none,True,199,other,GPT,GPT
436,436_e03,C,cognitive_load_clarity,3.0,0.9,,none,True,199,other,GPT,GPT
436,436_e03,C,stance_integrity,2.0,0.8,,none,True,199,other,GPT,GPT
436,436_e03,C,premature_convergence_risk,1.0,0.8,,none,True,199,other,GPT,GPT
436,436_e03,C,runaway_divergence_risk,0.0,0.9,,none,True,199,other,GPT,GPT
439,439_e07,C,exploration_opening,3.0,0.9,,none,True,173,ideation_burst,Persona,Divergent
439,439_e07,C,reframing_quality,2.0,0.8,,none,True,173,ideation_burst,Persona,Divergent
439,439_e07,C,evaluative_discipline,,1.0,,none,False,173,ideation_burst,Persona,Divergent
439,439_e07,C,agency_preservation,3.0,0.9,,none,True,173,ideation_burst,Persona,Divergent
439,439_e07,C,anchor_management,2.0,0.8,,none,True,173,ideation_burst,Persona,Divergent
439,439_e07,C,coregulation_uptake,4.0,0.9,,none,True,173,ideation_burst,Persona,Divergent
439,439_e07,C,timing_fit,3.0,0.9,,none,True,173,ideation_burst,Persona,Divergent
439,439_e07,C,implementation_grounding,2.0,0.8,,none,True,173,ideation_burst,Persona,Divergent
439,439_e07,C,cognitive_load_clarity,3.0,0.9,,none,True,173,ideation_burst,Persona,Divergent
439,439_e07,C,stance_integrity,3.0,0.9,,none,True,173,ideation_burst,Persona,Divergent
439,439_e07,C,premature_convergence_risk,0.0,0.9,,none,True,173,ideation_burst,Persona,Divergent
439,439_e07,C,runaway_divergence_risk,1.0,0.8,,none,True,173,ideation_burst,Persona,Divergent
439,439_e08,C,exploration_opening,0.0,1.0,,none,True,137,other,Persona,Divergent
439,439_e08,C,reframing_quality,0.0,1.0,,none,True,137,other,Persona,Divergent
439,439_e08,C,evaluative_discipline,0.0,1.0,,none,True,137,other,Persona,Divergent
439,439_e08,C,agency_preservation,0.0,1.0,,none,True,137,other,Persona,Divergent
439,439_e08,C,anchor_management,0.0,1.0,,none,True,137,other,Persona,Divergent
439,439_e08,C,coregulation_uptake,0.0,1.0,,none,True,137,other,Persona,Divergent
439,439_e08,C,timing_fit,0.0,1.0,,none,True,137,other,Persona,Divergent
439,439_e08,C,implementation_grounding,1.0,0.9,,none,True,137,other,Persona,Divergent
439,439_e08,C,cognitive_load_clarity,0.0,1.0,,none,True,137,other,Persona,Divergent
439,439_e08,C,stance_integrity,0.0,1.0,,none,True,137,other,Persona,Divergent
439,439_e08,C,premature_convergence_risk,4.0,1.0,,none,True,137,other,Persona,Divergent
439,439_e08,C,runaway_divergence_risk,0.0,1.0,,none,True,137,other,Persona,Divergent
441,441_e02,C,exploration_opening,3.0,0.9,,none,True,295,other,Persona,Divergent
441,441_e02,C,reframing_quality,2.0,0.8,,none,True,295,other,Persona,Divergent
441,441_e02,C,evaluative_discipline,0.0,0.9,,none,True,295,other,Persona,Divergent
441,441_e02,C,agency_preservation,3.0,0.8,,none,True,295,other,Persona,Divergent
441,441_e02,C,anchor_management,2.0,0.8,,none,True,295,other,Persona,Divergent
441,441_e02,C,coregulation_uptake,3.0,0.9,,none,True,295,other,Persona,Divergent
441,441_e02,C,timing_fit,3.0,0.8,,none,True,295,other,Persona,Divergent
441,441_e02,C,implementation_grounding,1.0,0.9,,none,True,295,other,Persona,Divergent
441,441_e02,C,cognitive_load_clarity,3.0,0.9,,none,True,295,other,Persona,Divergent
441,441_e02,C,stance_integrity,3.0,0.9,,none,True,295,other,Persona,Divergent
441,441_e02,C,premature_convergence_risk,0.0,0.9,,none,True,295,other,Persona,Divergent
441,441_e02,C,runaway_divergence_risk,1.0,0.8,,none,True,295,other,Persona,Divergent
443,443_e02,C,exploration_opening,4.0,0.9,,none,True,119,other,Persona,Divergent
443,443_e02,C,reframing_quality,3.0,0.8,,none,True,119,other,Persona,Divergent
443,443_e02,C,evaluative_discipline,0.0,0.9,,none,True,119,other,Persona,Divergent
443,443_e02,C,agency_preservation,3.0,0.8,,none,True,119,other,Persona,Divergent
443,443_e02,C,anchor_management,3.0,0.8,,none,True,119,other,Persona,Divergent
443,443_e02,C,coregulation_uptake,3.0,0.8,,none,True,119,other,Persona,Divergent
443,443_e02,C,timing_fit,3.0,0.8,,none,True,119,other,Persona,Divergent
443,443_e02,C,implementation_grounding,0.0,0.9,,none,True,119,other,Persona,Divergent
443,443_e02,C,cognitive_load_clarity,3.0,0.8,,none,True,119,other,Persona,Divergent
443,443_e02,C,stance_integrity,3.0,0.8,,none,True,119,other,Persona,Divergent
443,443_e02,C,premature_convergence_risk,0.0,0.9,,none,True,119,other,Persona,Divergent
443,443_e02,C,runaway_divergence_risk,2.0,0.7,,none,True,119,other,Persona,Divergent
443,443_e04,C,exploration_opening,3.0,0.9,,none,True,158,ideation_burst,Persona,Divergent
443,443_e04,C,reframing_quality,2.0,0.8,,none,True,158,ideation_burst,Persona,Divergent
443,443_e04,C,evaluative_discipline,,1.0,,none,False,158,ideation_burst,Persona,Divergent
443,443_e04,C,agency_preservation,3.0,0.9,,none,True,158,ideation_burst,Persona,Divergent
443,443_e04,C,anchor_management,2.0,0.8,,none,True,158,ideation_burst,Persona,Divergent
443,443_e04,C,coregulation_uptake,4.0,0.9,,none,True,158,ideation_burst,Persona,Divergent
443,443_e04,C,timing_fit,3.0,0.9,,none,True,158,ideation_burst,Persona,Divergent
443,443_e04,C,implementation_grounding,1.0,0.8,,none,True,158,ideation_burst,Persona,Divergent
443,443_e04,C,cognitive_load_clarity,3.0,0.9,,none,True,158,ideation_burst,Persona,Divergent
443,443_e04,C,stance_integrity,3.0,0.9,,none,True,158,ideation_burst,Persona,Divergent
443,443_e04,C,premature_convergence_risk,0.0,0.9,,none,True,158,ideation_burst,Persona,Divergent
443,443_e04,C,runaway_divergence_risk,1.0,0.8,,none,True,158,ideation_burst,Persona,Divergent
444,444_e01,C,exploration_opening,2.0,0.9,,none,True,43,opening_frame,Persona,Divergent
444,444_e01,C,reframing_quality,0.0,0.9,,none,True,43,opening_frame,Persona,Divergent
444,444_e01,C,evaluative_discipline,,1.0,,none,False,43,opening_frame,Persona,Divergent
444,444_e01,C,agency_preservation,3.0,0.9,,none,True,43,opening_frame,Persona,Divergent
444,444_e01,C,anchor_management,,1.0,,none,False,43,opening_frame,Persona,Divergent
444,444_e01,C,coregulation_uptake,3.0,0.9,,none,True,43,opening_frame,Persona,Divergent
444,444_e01,C,timing_fit,3.0,0.9,,none,True,43,opening_frame,Persona,Divergent
444,444_e01,C,implementation_grounding,0.0,0.9,,none,True,43,opening_frame,Persona,Divergent
444,444_e01,C,cognitive_load_clarity,3.0,0.9,,none,True,43,opening_frame,Persona,Divergent
444,444_e01,C,stance_integrity,3.0,0.9,,none,True,43,opening_frame,Persona,Divergent
444,444_e01,C,premature_convergence_risk,0.0,0.9,,none,True,43,opening_frame,Persona,Divergent
444,444_e01,C,runaway_divergence_risk,0.0,0.9,,none,True,43,opening_frame,Persona,Divergent
445,445_e03,C,exploration_opening,4.0,0.9,,none,True,111,repair_event,Persona,Divergent
445,445_e03,C,reframing_quality,3.0,0.8,,none,True,111,repair_event,Persona,Divergent
445,445_e03,C,evaluative_discipline,0.0,0.9,,none,True,111,repair_event,Persona,Divergent
445,445_e03,C,agency_preservation,3.0,0.8,,none,True,111,repair_event,Persona,Divergent
445,445_e03,C,anchor_management,2.0,0.7,,none,True,111,repair_event,Persona,Divergent
445,445_e03,C,coregulation_uptake,4.0,0.9,,none,True,111,repair_event,Persona,Divergent
445,445_e03,C,timing_fit,3.0,0.8,,none,True,111,repair_event,Persona,Divergent
445,445_e03,C,implementation_grounding,1.0,0.9,,none,True,111,repair_event,Persona,Divergent
445,445_e03,C,cognitive_load_clarity,3.0,0.9,,none,True,111,repair_event,Persona,Divergent
445,445_e03,C,stance_integrity,3.0,0.8,,none,True,111,repair_event,Persona,Divergent
445,445_e03,C,premature_convergence_risk,0.0,0.8,,none,True,111,repair_event,Persona,Divergent
445,445_e03,C,runaway_divergence_risk,1.0,0.7,,none,True,111,repair_event,Persona,Divergent
467,467_e01,C,exploration_opening,2.0,0.9,,none,True,43,opening_frame,Persona,Convergent
467,467_e01,C,reframing_quality,0.0,0.9,,none,True,43,opening_frame,Persona,Convergent
467,467_e01,C,evaluative_discipline,,1.0,,none,False,43,opening_frame,Persona,Convergent
467,467_e01,C,agency_preservation,3.0,0.9,,none,True,43,opening_frame,Persona,Convergent
467,467_e01,C,anchor_management,,1.0,,none,False,43,opening_frame,Persona,Convergent
467,467_e01,C,coregulation_uptake,3.0,0.9,,none,True,43,opening_frame,Persona,Convergent
467,467_e01,C,timing_fit,3.0,0.9,,none,True,43,opening_frame,Persona,Convergent
467,467_e01,C,implementation_grounding,0.0,0.9,,none,True,43,opening_frame,Persona,Convergent
467,467_e01,C,cognitive_load_clarity,3.0,0.9,,none,True,43,opening_frame,Persona,Convergent
467,467_e01,C,stance_integrity,3.0,0.9,,none,True,43,opening_frame,Persona,Convergent
467,467_e01,C,premature_convergence_risk,0.0,0.9,,none,True,43,opening_frame,Persona,Convergent
467,467_e01,C,runaway_divergence_risk,0.0,0.9,,none,True,43,opening_frame,Persona,Convergent
467,467_e05,C,exploration_opening,2.0,0.9,,none,True,72,user_agency_event,Persona,Convergent
467,467_e05,C,reframing_quality,1.0,0.8,,none,True,72,user_agency_event,Persona,Convergent
467,467_e05,C,evaluative_discipline,0.0,0.9,,none,True,72,user_agency_event,Persona,Convergent
467,467_e05,C,agency_preservation,3.0,0.9,,none,True,72,user_agency_event,Persona,Convergent
467,467_e05,C,anchor_management,1.0,0.8,,none,True,72,user_agency_event,Persona,Convergent
467,467_e05,C,coregulation_uptake,3.0,0.9,,none,True,72,user_agency_event,Persona,Convergent
467,467_e05,C,timing_fit,2.0,0.8,,none,True,72,user_agency_event,Persona,Convergent
467,467_e05,C,implementation_grounding,2.0,0.8,,none,True,72,user_agency_event,Persona,Convergent
467,467_e05,C,cognitive_load_clarity,3.0,0.9,,none,True,72,user_agency_event,Persona,Convergent
467,467_e05,C,stance_integrity,3.0,0.8,,none,True,72,user_agency_event,Persona,Convergent
467,467_e05,C,premature_convergence_risk,1.0,0.8,,none,True,72,user_agency_event,Persona,Convergent
467,467_e05,C,runaway_divergence_risk,1.0,0.8,,none,True,72,user_agency_event,Persona,Convergent
469,469_e02,C,exploration_opening,2.0,0.9,,none,True,175,ideation_burst,Persona,Convergent
469,469_e02,C,reframing_quality,1.0,0.9,,none,True,175,ideation_burst,Persona,Convergent
469,469_e02,C,evaluative_discipline,3.0,0.9,,none,True,175,ideation_burst,Persona,Convergent
469,469_e02,C,agency_preservation,3.0,0.9,,none,True,175,ideation_burst,Persona,Convergent
469,469_e02,C,anchor_management,2.0,0.8,,none,True,175,ideation_burst,Persona,Convergent
469,469_e02,C,coregulation_uptake,3.0,0.9,,none,True,175,ideation_burst,Persona,Convergent
469,469_e02,C,timing_fit,4.0,0.9,,none,True,175,ideation_burst,Persona,Convergent
469,469_e02,C,implementation_grounding,2.0,0.8,,none,True,175,ideation_burst,Persona,Convergent
469,469_e02,C,cognitive_load_clarity,3.0,0.9,,none,True,175,ideation_burst,Persona,Convergent
469,469_e02,C,stance_integrity,3.0,0.9,,none,True,175,ideation_burst,Persona,Convergent
469,469_e02,C,premature_convergence_risk,1.0,0.8,,none,True,175,ideation_burst,Persona,Convergent
469,469_e02,C,runaway_divergence_risk,0.0,0.9,,none,True,175,ideation_burst,Persona,Convergent
470,470_e04,C,exploration_opening,1.0,0.9,,none,True,60,critique_event,GPT,GPT
470,470_e04,C,reframing_quality,0.0,0.9,,none,True,60,critique_event,GPT,GPT
470,470_e04,C,evaluative_discipline,0.0,0.9,,none,True,60,critique_event,GPT,GPT
470,470_e04,C,agency_preservation,1.0,0.8,,none,True,60,critique_event,GPT,GPT
470,470_e04,C,anchor_management,0.0,0.9,,none,True,60,critique_event,GPT,GPT
470,470_e04,C,coregulation_uptake,1.0,0.9,,none,True,60,critique_event,GPT,GPT
470,470_e04,C,timing_fit,1.0,0.8,,none,True,60,critique_event,GPT,GPT
470,470_e04,C,implementation_grounding,1.0,0.8,,none,True,60,critique_event,GPT,GPT
470,470_e04,C,cognitive_load_clarity,2.0,0.9,,none,True,60,critique_event,GPT,GPT
470,470_e04,C,stance_integrity,1.0,0.8,,none,True,60,critique_event,GPT,GPT
470,470_e04,C,premature_convergence_risk,3.0,0.8,,none,True,60,critique_event,GPT,GPT
470,470_e04,C,runaway_divergence_risk,0.0,0.9,,none,True,60,critique_event,GPT,GPT
