conversation_id,episode_id,criterion,episode_type,condition_original_hidden,persona_family_original_hidden,episode_word_count,score_0_4_A,score_0_4_B,disagreement,high_disagreement,final_score,decision,final_confidence,usable_for_inference_A,usable_for_inference_B,possible_biases_A
154,154_e06,agency_preservation,commitment_event,GPT,GPT,99,3.0,3.0,0.0,False,3.0,keep_mean,0.925,True,True,none
154,154_e06,anchor_management,commitment_event,GPT,GPT,99,1.0,2.0,1.0,False,1.5,keep_mean,0.8500000000000001,True,True,none
154,154_e06,cognitive_load_clarity,commitment_event,GPT,GPT,99,3.0,3.0,0.0,False,3.0,keep_mean,0.9299999999999999,True,True,none
154,154_e06,coregulation_uptake,commitment_event,GPT,GPT,99,3.0,3.0,0.0,False,3.0,keep_mean,0.935,True,True,none
154,154_e06,evaluative_discipline,commitment_event,GPT,GPT,99,1.0,0.0,1.0,False,0.5,keep_mean,0.89,True,True,none
154,154_e06,exploration_opening,commitment_event,GPT,GPT,99,2.0,2.0,0.0,False,2.0,keep_mean,0.8500000000000001,True,True,none
154,154_e06,implementation_grounding,commitment_event,GPT,GPT,99,1.0,1.0,0.0,False,1.0,keep_mean,0.8600000000000001,True,True,none
154,154_e06,premature_convergence_risk,commitment_event,GPT,GPT,99,1.0,0.0,1.0,False,0.5,keep_mean,0.875,True,True,none
154,154_e06,reframing_quality,commitment_event,GPT,GPT,99,1.0,1.0,0.0,False,1.0,keep_mean,0.925,True,True,none
154,154_e06,runaway_divergence_risk,commitment_event,GPT,GPT,99,1.0,0.0,1.0,False,0.5,keep_mean,0.885,True,True,none
154,154_e06,stance_integrity,commitment_event,GPT,GPT,99,3.0,4.0,1.0,False,3.5,keep_mean,0.9450000000000001,True,True,none
154,154_e06,timing_fit,commitment_event,GPT,GPT,99,3.0,4.0,1.0,False,3.5,keep_mean,0.94,True,True,none
155,155_e03,agency_preservation,other,GPT,GPT,78,4.0,,,False,4.0,single_scorer,0.9,True,,none
155,155_e03,anchor_management,other,GPT,GPT,78,3.0,,,False,3.0,single_scorer,0.9,True,,none
155,155_e03,cognitive_load_clarity,other,GPT,GPT,78,3.0,,,False,3.0,single_scorer,0.9,True,,none
155,155_e03,coregulation_uptake,other,GPT,GPT,78,3.0,,,False,3.0,single_scorer,0.9,True,,none
155,155_e03,evaluative_discipline,other,GPT,GPT,78,1.0,,,False,1.0,single_scorer,0.7,True,,none
155,155_e03,exploration_opening,other,GPT,GPT,78,3.0,,,False,3.0,single_scorer,0.9,True,,none
155,155_e03,implementation_grounding,other,GPT,GPT,78,2.0,,,False,2.0,single_scorer,0.7,True,,none
155,155_e03,premature_convergence_risk,other,GPT,GPT,78,0.0,,,False,0.0,single_scorer,0.9,True,,none
155,155_e03,reframing_quality,other,GPT,GPT,78,2.0,,,False,2.0,single_scorer,0.8,True,,none
155,155_e03,runaway_divergence_risk,other,GPT,GPT,78,0.0,,,False,0.0,single_scorer,0.9,True,,none
155,155_e03,stance_integrity,other,GPT,GPT,78,4.0,,,False,4.0,single_scorer,0.9,True,,none
155,155_e03,timing_fit,other,GPT,GPT,78,4.0,,,False,4.0,single_scorer,0.9,True,,none
157,157_e04,agency_preservation,commitment_event,GPT,GPT,142,3.0,4.0,1.0,False,3.5,keep_mean,0.975,True,True,none
157,157_e04,anchor_management,commitment_event,GPT,GPT,142,2.0,3.0,1.0,False,2.5,keep_mean,0.95,True,True,none
157,157_e04,cognitive_load_clarity,commitment_event,GPT,GPT,142,4.0,4.0,0.0,False,4.0,keep_mean,0.95,True,True,none
157,157_e04,coregulation_uptake,commitment_event,GPT,GPT,142,3.0,4.0,1.0,False,3.5,keep_mean,0.9,True,True,none
157,157_e04,evaluative_discipline,commitment_event,GPT,GPT,142,3.0,3.0,0.0,False,3.0,keep_mean,0.925,True,True,none
157,157_e04,exploration_opening,commitment_event,GPT,GPT,142,3.0,3.0,0.0,False,3.0,keep_mean,0.95,True,True,none
157,157_e04,implementation_grounding,commitment_event,GPT,GPT,142,3.0,3.0,0.0,False,3.0,keep_mean,0.9,True,True,none
157,157_e04,premature_convergence_risk,commitment_event,GPT,GPT,142,0.0,0.0,0.0,False,0.0,keep_mean,1.0,True,True,none
157,157_e04,reframing_quality,commitment_event,GPT,GPT,142,2.0,2.0,0.0,False,2.0,keep_mean,0.9,True,True,none
157,157_e04,runaway_divergence_risk,commitment_event,GPT,GPT,142,0.0,0.0,0.0,False,0.0,keep_mean,1.0,True,True,none
157,157_e04,stance_integrity,commitment_event,GPT,GPT,142,4.0,4.0,0.0,False,4.0,keep_mean,0.975,True,True,none
157,157_e04,timing_fit,commitment_event,GPT,GPT,142,4.0,4.0,0.0,False,4.0,keep_mean,0.925,True,True,none
160,160_e03,agency_preservation,other,GPT,GPT,114,4.0,,,False,4.0,single_scorer,0.9,True,,none
160,160_e03,anchor_management,other,GPT,GPT,114,3.0,,,False,3.0,single_scorer,0.9,True,,none
160,160_e03,cognitive_load_clarity,other,GPT,GPT,114,3.0,,,False,3.0,single_scorer,0.9,True,,none
160,160_e03,coregulation_uptake,other,GPT,GPT,114,3.0,,,False,3.0,single_scorer,0.9,True,,none
160,160_e03,evaluative_discipline,other,GPT,GPT,114,2.0,,,False,2.0,single_scorer,0.7,True,,none
160,160_e03,exploration_opening,other,GPT,GPT,114,3.0,,,False,3.0,single_scorer,0.9,True,,none
160,160_e03,implementation_grounding,other,GPT,GPT,114,2.0,,,False,2.0,single_scorer,0.7,True,,none
160,160_e03,premature_convergence_risk,other,GPT,GPT,114,0.0,,,False,0.0,single_scorer,0.9,True,,none
160,160_e03,reframing_quality,other,GPT,GPT,114,3.0,,,False,3.0,single_scorer,0.9,True,,none
160,160_e03,runaway_divergence_risk,other,GPT,GPT,114,0.0,,,False,0.0,single_scorer,0.9,True,,none
160,160_e03,stance_integrity,other,GPT,GPT,114,4.0,,,False,4.0,single_scorer,0.9,True,,none
160,160_e03,timing_fit,other,GPT,GPT,114,4.0,,,False,4.0,single_scorer,0.9,True,,none
161,161_e02,agency_preservation,other,GPT,GPT,84,3.0,,,False,3.0,single_scorer,0.9,True,,none
161,161_e02,anchor_management,other,GPT,GPT,84,3.0,,,False,3.0,single_scorer,0.9,True,,none
161,161_e02,cognitive_load_clarity,other,GPT,GPT,84,3.0,,,False,3.0,single_scorer,0.9,True,,none
161,161_e02,coregulation_uptake,other,GPT,GPT,84,2.0,,,False,2.0,single_scorer,0.7,True,,none
161,161_e02,evaluative_discipline,other,GPT,GPT,84,1.0,,,False,1.0,single_scorer,0.6,True,,none
161,161_e02,exploration_opening,other,GPT,GPT,84,2.0,,,False,2.0,single_scorer,0.8,True,,none
161,161_e02,implementation_grounding,other,GPT,GPT,84,1.0,,,False,1.0,single_scorer,0.6,True,,none
161,161_e02,premature_convergence_risk,other,GPT,GPT,84,0.0,,,False,0.0,single_scorer,0.9,True,,none
161,161_e02,reframing_quality,other,GPT,GPT,84,1.0,,,False,1.0,single_scorer,0.7,True,,none
161,161_e02,runaway_divergence_risk,other,GPT,GPT,84,0.0,,,False,0.0,single_scorer,0.9,True,,none
161,161_e02,stance_integrity,other,GPT,GPT,84,4.0,,,False,4.0,single_scorer,0.9,True,,none
161,161_e02,timing_fit,other,GPT,GPT,84,3.0,,,False,3.0,single_scorer,0.9,True,,none
167,167_e03,agency_preservation,commitment_event,Persona,Convergent,168,4.0,4.0,0.0,False,4.0,keep_mean,0.925,True,True,none
167,167_e03,anchor_management,commitment_event,Persona,Convergent,168,3.0,3.0,0.0,False,3.0,keep_mean,0.925,True,True,none
167,167_e03,cognitive_load_clarity,commitment_event,Persona,Convergent,168,4.0,4.0,0.0,False,4.0,keep_mean,0.925,True,True,none
167,167_e03,coregulation_uptake,commitment_event,Persona,Convergent,168,4.0,4.0,0.0,False,4.0,keep_mean,0.925,True,True,none
167,167_e03,evaluative_discipline,commitment_event,Persona,Convergent,168,3.0,3.0,0.0,False,3.0,keep_mean,0.925,True,True,none
167,167_e03,exploration_opening,commitment_event,Persona,Convergent,168,3.0,3.0,0.0,False,3.0,keep_mean,0.925,True,True,none
167,167_e03,implementation_grounding,commitment_event,Persona,Convergent,168,3.0,4.0,1.0,False,3.5,keep_mean,0.925,True,True,none
167,167_e03,premature_convergence_risk,commitment_event,Persona,Convergent,168,0.0,0.0,0.0,False,0.0,keep_mean,0.975,True,True,none
167,167_e03,reframing_quality,commitment_event,Persona,Convergent,168,3.0,3.0,0.0,False,3.0,keep_mean,0.925,True,True,none
167,167_e03,runaway_divergence_risk,commitment_event,Persona,Convergent,168,0.0,0.0,0.0,False,0.0,keep_mean,0.975,True,True,none
167,167_e03,stance_integrity,commitment_event,Persona,Convergent,168,4.0,4.0,0.0,False,4.0,keep_mean,0.925,True,True,none
167,167_e03,timing_fit,commitment_event,Persona,Convergent,168,4.0,4.0,0.0,False,4.0,keep_mean,0.925,True,True,none
167,167_e04,agency_preservation,ideation_burst,Persona,Convergent,186,3.0,,,False,3.0,single_scorer,1.0,True,,none
167,167_e04,anchor_management,ideation_burst,Persona,Convergent,186,3.0,,,False,3.0,single_scorer,1.0,True,,none
167,167_e04,cognitive_load_clarity,ideation_burst,Persona,Convergent,186,4.0,,,False,4.0,single_scorer,1.0,True,,none
167,167_e04,coregulation_uptake,ideation_burst,Persona,Convergent,186,3.0,,,False,3.0,single_scorer,1.0,True,,none
167,167_e04,evaluative_discipline,ideation_burst,Persona,Convergent,186,3.0,,,False,3.0,single_scorer,1.0,True,,none
167,167_e04,exploration_opening,ideation_burst,Persona,Convergent,186,4.0,,,False,4.0,single_scorer,1.0,True,,none
167,167_e04,implementation_grounding,ideation_burst,Persona,Convergent,186,3.0,,,False,3.0,single_scorer,1.0,True,,none
167,167_e04,premature_convergence_risk,ideation_burst,Persona,Convergent,186,0.0,,,False,0.0,single_scorer,1.0,True,,none
167,167_e04,reframing_quality,ideation_burst,Persona,Convergent,186,3.0,,,False,3.0,single_scorer,1.0,True,,none
167,167_e04,runaway_divergence_risk,ideation_burst,Persona,Convergent,186,0.0,,,False,0.0,single_scorer,1.0,True,,none
167,167_e04,stance_integrity,ideation_burst,Persona,Convergent,186,4.0,,,False,4.0,single_scorer,1.0,True,,none
167,167_e04,timing_fit,ideation_burst,Persona,Convergent,186,4.0,,,False,4.0,single_scorer,1.0,True,,none
169,169_e01,agency_preservation,opening_frame,Persona,Convergent,66,3.0,,,False,3.0,single_scorer,0.9,True,,none
169,169_e01,anchor_management,opening_frame,Persona,Convergent,66,2.0,,,False,2.0,single_scorer,0.8,True,,none
169,169_e01,cognitive_load_clarity,opening_frame,Persona,Convergent,66,3.0,,,False,3.0,single_scorer,0.9,True,,none
169,169_e01,coregulation_uptake,opening_frame,Persona,Convergent,66,3.0,,,False,3.0,single_scorer,0.9,True,,none
169,169_e01,evaluative_discipline,opening_frame,Persona,Convergent,66,1.0,,,False,1.0,single_scorer,0.7,True,,none
169,169_e01,exploration_opening,opening_frame,Persona,Convergent,66,3.0,,,False,3.0,single_scorer,0.95,True,,none
169,169_e01,implementation_grounding,opening_frame,Persona,Convergent,66,1.0,,,False,1.0,single_scorer,0.7,True,,none
169,169_e01,premature_convergence_risk,opening_frame,Persona,Convergent,66,0.0,,,False,0.0,single_scorer,0.95,True,,none
169,169_e01,reframing_quality,opening_frame,Persona,Convergent,66,2.0,,,False,2.0,single_scorer,0.85,True,,none
169,169_e01,runaway_divergence_risk,opening_frame,Persona,Convergent,66,0.0,,,False,0.0,single_scorer,0.95,True,,none
169,169_e01,stance_integrity,opening_frame,Persona,Convergent,66,4.0,,,False,4.0,single_scorer,0.95,True,,none
169,169_e01,timing_fit,opening_frame,Persona,Convergent,66,4.0,,,False,4.0,single_scorer,0.95,True,,none
169,169_e03,agency_preservation,other,Persona,Convergent,213,4.0,4.0,0.0,False,4.0,keep_mean,0.95,True,True,none
169,169_e03,anchor_management,other,Persona,Convergent,213,3.0,3.0,0.0,False,3.0,keep_mean,0.9,True,True,none
169,169_e03,cognitive_load_clarity,other,Persona,Convergent,213,4.0,4.0,0.0,False,4.0,keep_mean,0.95,True,True,none
169,169_e03,coregulation_uptake,other,Persona,Convergent,213,4.0,4.0,0.0,False,4.0,keep_mean,0.95,True,True,none
169,169_e03,evaluative_discipline,other,Persona,Convergent,213,2.0,3.0,1.0,False,2.5,keep_mean,0.85,True,True,none
169,169_e03,exploration_opening,other,Persona,Convergent,213,3.0,4.0,1.0,False,3.5,keep_mean,0.95,True,True,none
169,169_e03,implementation_grounding,other,Persona,Convergent,213,3.0,3.0,0.0,False,3.0,keep_mean,0.9,True,True,none
169,169_e03,premature_convergence_risk,other,Persona,Convergent,213,0.0,0.0,0.0,False,0.0,keep_mean,0.95,True,True,none
169,169_e03,reframing_quality,other,Persona,Convergent,213,3.0,3.0,0.0,False,3.0,keep_mean,0.95,True,True,none
169,169_e03,runaway_divergence_risk,other,Persona,Convergent,213,0.0,0.0,0.0,False,0.0,keep_mean,0.95,True,True,none
169,169_e03,stance_integrity,other,Persona,Convergent,213,4.0,4.0,0.0,False,4.0,keep_mean,0.95,True,True,none
169,169_e03,timing_fit,other,Persona,Convergent,213,4.0,4.0,0.0,False,4.0,keep_mean,0.95,True,True,none
170,170_e04,agency_preservation,other,Persona,Convergent,153,4.0,,,False,4.0,single_scorer,0.95,True,,none
170,170_e04,anchor_management,other,Persona,Convergent,153,3.0,,,False,3.0,single_scorer,0.9,True,,none
170,170_e04,cognitive_load_clarity,other,Persona,Convergent,153,4.0,,,False,4.0,single_scorer,0.98,True,,none
170,170_e04,coregulation_uptake,other,Persona,Convergent,153,4.0,,,False,4.0,single_scorer,0.98,True,,none
170,170_e04,evaluative_discipline,other,Persona,Convergent,153,2.0,,,False,2.0,single_scorer,0.8,True,,none
170,170_e04,exploration_opening,other,Persona,Convergent,153,3.0,,,False,3.0,single_scorer,0.95,True,,none
170,170_e04,implementation_grounding,other,Persona,Convergent,153,3.0,,,False,3.0,single_scorer,0.85,True,,none
170,170_e04,premature_convergence_risk,other,Persona,Convergent,153,0.0,,,False,0.0,single_scorer,0.95,True,,none
170,170_e04,reframing_quality,other,Persona,Convergent,153,3.0,,,False,3.0,single_scorer,0.95,True,,none
170,170_e04,runaway_divergence_risk,other,Persona,Convergent,153,0.0,,,False,0.0,single_scorer,0.95,True,,none
170,170_e04,stance_integrity,other,Persona,Convergent,153,4.0,,,False,4.0,single_scorer,0.95,True,,none
170,170_e04,timing_fit,other,Persona,Convergent,153,4.0,,,False,4.0,single_scorer,0.95,True,,none
171,171_e02,agency_preservation,ideation_burst,Persona,Convergent,158,3.0,,,False,3.0,single_scorer,0.9,True,,none
171,171_e02,anchor_management,ideation_burst,Persona,Convergent,158,3.0,,,False,3.0,single_scorer,0.9,True,,none
171,171_e02,cognitive_load_clarity,ideation_burst,Persona,Convergent,158,3.0,,,False,3.0,single_scorer,0.9,True,,none
171,171_e02,coregulation_uptake,ideation_burst,Persona,Convergent,158,3.0,,,False,3.0,single_scorer,0.9,True,,none
171,171_e02,evaluative_discipline,ideation_burst,Persona,Convergent,158,2.0,,,False,2.0,single_scorer,0.7,True,,none
171,171_e02,exploration_opening,ideation_burst,Persona,Convergent,158,3.0,,,False,3.0,single_scorer,0.9,True,,none
171,171_e02,implementation_grounding,ideation_burst,Persona,Convergent,158,2.0,,,False,2.0,single_scorer,0.6,True,,none
171,171_e02,premature_convergence_risk,ideation_burst,Persona,Convergent,158,1.0,,,False,1.0,single_scorer,0.8,True,,none
171,171_e02,reframing_quality,ideation_burst,Persona,Convergent,158,2.0,,,False,2.0,single_scorer,0.8,True,,none
171,171_e02,runaway_divergence_risk,ideation_burst,Persona,Convergent,158,0.0,,,False,0.0,single_scorer,1.0,True,,none
171,171_e02,stance_integrity,ideation_burst,Persona,Convergent,158,4.0,,,False,4.0,single_scorer,1.0,True,,none
171,171_e02,timing_fit,ideation_burst,Persona,Convergent,158,4.0,,,False,4.0,single_scorer,1.0,True,,none
171,171_e05,agency_preservation,anchor_return,Persona,Convergent,115,4.0,4.0,0.0,False,4.0,keep_mean,0.98,True,True,none
171,171_e05,anchor_management,anchor_return,Persona,Convergent,115,3.0,3.0,0.0,False,3.0,keep_mean,0.91,True,True,none
171,171_e05,cognitive_load_clarity,anchor_return,Persona,Convergent,115,3.0,4.0,1.0,False,3.5,keep_mean,0.94,True,True,none
171,171_e05,coregulation_uptake,anchor_return,Persona,Convergent,115,4.0,4.0,0.0,False,4.0,keep_mean,0.98,True,True,none
171,171_e05,evaluative_discipline,anchor_return,Persona,Convergent,115,1.0,2.0,1.0,False,1.5,keep_mean,0.7749999999999999,True,True,none
171,171_e05,exploration_opening,anchor_return,Persona,Convergent,115,3.0,3.0,0.0,False,3.0,keep_mean,0.95,True,True,none
171,171_e05,implementation_grounding,anchor_return,Persona,Convergent,115,2.0,3.0,1.0,False,2.5,keep_mean,0.8400000000000001,True,True,none
171,171_e05,premature_convergence_risk,anchor_return,Persona,Convergent,115,0.0,0.0,0.0,False,0.0,keep_mean,1.0,True,True,none
171,171_e05,reframing_quality,anchor_return,Persona,Convergent,115,2.0,3.0,1.0,False,2.5,keep_mean,0.8999999999999999,True,True,none
171,171_e05,runaway_divergence_risk,anchor_return,Persona,Convergent,115,0.0,0.0,0.0,False,0.0,keep_mean,1.0,True,True,none
171,171_e05,stance_integrity,anchor_return,Persona,Convergent,115,4.0,4.0,0.0,False,4.0,keep_mean,0.995,True,True,none
171,171_e05,timing_fit,anchor_return,Persona,Convergent,115,4.0,4.0,0.0,False,4.0,keep_mean,0.98,True,True,none
175,175_e04,agency_preservation,ideation_burst,Persona,Convergent,112,3.0,,,False,3.0,single_scorer,1.0,True,,none
175,175_e04,anchor_management,ideation_burst,Persona,Convergent,112,3.0,,,False,3.0,single_scorer,1.0,True,,none
175,175_e04,cognitive_load_clarity,ideation_burst,Persona,Convergent,112,4.0,,,False,4.0,single_scorer,1.0,True,,none
175,175_e04,coregulation_uptake,ideation_burst,Persona,Convergent,112,3.0,,,False,3.0,single_scorer,1.0,True,,none
175,175_e04,evaluative_discipline,ideation_burst,Persona,Convergent,112,3.0,,,False,3.0,single_scorer,1.0,True,,none
175,175_e04,exploration_opening,ideation_burst,Persona,Convergent,112,4.0,,,False,4.0,single_scorer,1.0,True,,none
175,175_e04,implementation_grounding,ideation_burst,Persona,Convergent,112,3.0,,,False,3.0,single_scorer,1.0,True,,none
175,175_e04,premature_convergence_risk,ideation_burst,Persona,Convergent,112,0.0,,,False,0.0,single_scorer,1.0,True,,none
175,175_e04,reframing_quality,ideation_burst,Persona,Convergent,112,3.0,,,False,3.0,single_scorer,1.0,True,,none
175,175_e04,runaway_divergence_risk,ideation_burst,Persona,Convergent,112,0.0,,,False,0.0,single_scorer,1.0,True,,none
175,175_e04,stance_integrity,ideation_burst,Persona,Convergent,112,4.0,,,False,4.0,single_scorer,1.0,True,,none
175,175_e04,timing_fit,ideation_burst,Persona,Convergent,112,4.0,,,False,4.0,single_scorer,1.0,True,,none
175,175_e05,agency_preservation,ideation_burst,Persona,Convergent,237,3.0,,,False,3.0,single_scorer,0.94,True,,none
175,175_e05,anchor_management,ideation_burst,Persona,Convergent,237,2.0,,,False,2.0,single_scorer,0.85,True,,none
175,175_e05,cognitive_load_clarity,ideation_burst,Persona,Convergent,237,3.0,,,False,3.0,single_scorer,0.93,True,,none
175,175_e05,coregulation_uptake,ideation_burst,Persona,Convergent,237,3.0,,,False,3.0,single_scorer,0.93,True,,none
175,175_e05,evaluative_discipline,ideation_burst,Persona,Convergent,237,3.0,,,False,3.0,single_scorer,0.92,True,,none
175,175_e05,exploration_opening,ideation_burst,Persona,Convergent,237,3.0,,,False,3.0,single_scorer,0.95,True,,none
175,175_e05,implementation_grounding,ideation_burst,Persona,Convergent,237,3.0,,,False,3.0,single_scorer,0.91,True,,none
175,175_e05,premature_convergence_risk,ideation_burst,Persona,Convergent,237,1.0,,,False,1.0,single_scorer,0.88,True,,none
175,175_e05,reframing_quality,ideation_burst,Persona,Convergent,237,2.0,,,False,2.0,single_scorer,0.9,True,,none
175,175_e05,runaway_divergence_risk,ideation_burst,Persona,Convergent,237,1.0,,,False,1.0,single_scorer,0.87,True,,none
175,175_e05,stance_integrity,ideation_burst,Persona,Convergent,237,4.0,,,False,4.0,single_scorer,0.97,True,,none
175,175_e05,timing_fit,ideation_burst,Persona,Convergent,237,4.0,,,False,4.0,single_scorer,0.96,True,,none
176,176_e02,agency_preservation,other,Persona,Convergent,191,3.0,,,False,3.0,single_scorer,0.9,True,,none
176,176_e02,anchor_management,other,Persona,Convergent,191,2.0,,,False,2.0,single_scorer,0.8,True,,none
176,176_e02,cognitive_load_clarity,other,Persona,Convergent,191,3.0,,,False,3.0,single_scorer,0.9,True,,none
176,176_e02,coregulation_uptake,other,Persona,Convergent,191,3.0,,,False,3.0,single_scorer,0.9,True,,none
176,176_e02,evaluative_discipline,other,Persona,Convergent,191,2.0,,,False,2.0,single_scorer,0.7,True,,none
176,176_e02,exploration_opening,other,Persona,Convergent,191,3.0,,,False,3.0,single_scorer,0.9,True,,none
176,176_e02,implementation_grounding,other,Persona,Convergent,191,2.0,,,False,2.0,single_scorer,0.7,True,,none
176,176_e02,premature_convergence_risk,other,Persona,Convergent,191,1.0,,,False,1.0,single_scorer,0.8,True,,none
176,176_e02,reframing_quality,other,Persona,Convergent,191,3.0,,,False,3.0,single_scorer,0.9,True,,none
176,176_e02,runaway_divergence_risk,other,Persona,Convergent,191,1.0,,,False,1.0,single_scorer,0.8,True,,none
176,176_e02,stance_integrity,other,Persona,Convergent,191,4.0,,,False,4.0,single_scorer,0.9,True,,none
176,176_e02,timing_fit,other,Persona,Convergent,191,3.0,,,False,3.0,single_scorer,0.9,True,,none
180,180_e04,agency_preservation,other,GPT,GPT,167,3.0,,,False,3.0,single_scorer,0.9,True,,none
180,180_e04,anchor_management,other,GPT,GPT,167,2.0,,,False,2.0,single_scorer,0.8,True,,none
180,180_e04,cognitive_load_clarity,other,GPT,GPT,167,4.0,,,False,4.0,single_scorer,1.0,True,,none
180,180_e04,coregulation_uptake,other,GPT,GPT,167,3.0,,,False,3.0,single_scorer,0.9,True,,none
180,180_e04,evaluative_discipline,other,GPT,GPT,167,1.0,,,False,1.0,single_scorer,0.7,True,,none
180,180_e04,exploration_opening,other,GPT,GPT,167,2.0,,,False,2.0,single_scorer,0.8,True,,none
180,180_e04,implementation_grounding,other,GPT,GPT,167,3.0,,,False,3.0,single_scorer,0.8,True,,none
180,180_e04,premature_convergence_risk,other,GPT,GPT,167,1.0,,,False,1.0,single_scorer,0.8,True,,none
180,180_e04,reframing_quality,other,GPT,GPT,167,1.0,,,False,1.0,single_scorer,0.9,True,,none
180,180_e04,runaway_divergence_risk,other,GPT,GPT,167,0.0,,,False,0.0,single_scorer,1.0,True,,none
180,180_e04,stance_integrity,other,GPT,GPT,167,4.0,,,False,4.0,single_scorer,1.0,True,,none
180,180_e04,timing_fit,other,GPT,GPT,167,3.0,,,False,3.0,single_scorer,0.9,True,,none
184,184_e03,agency_preservation,repair_event,GPT,GPT,67,1.0,3.0,2.0,True,1.0,use_lower_score,0.7,True,True,none
184,184_e03,anchor_management,repair_event,GPT,GPT,67,1.0,1.0,0.0,False,1.0,keep_mean,0.8,True,True,none
184,184_e03,cognitive_load_clarity,repair_event,GPT,GPT,67,2.0,3.0,1.0,False,2.5,keep_mean,0.8,True,True,none
184,184_e03,coregulation_uptake,repair_event,GPT,GPT,67,1.0,2.0,1.0,False,1.5,keep_mean,0.7,True,True,none
184,184_e03,evaluative_discipline,repair_event,GPT,GPT,67,0.0,0.0,0.0,False,0.0,keep_mean,0.75,True,True,none
184,184_e03,exploration_opening,repair_event,GPT,GPT,67,2.0,2.0,0.0,False,2.0,keep_mean,0.8,True,True,none
184,184_e03,implementation_grounding,repair_event,GPT,GPT,67,0.0,1.0,1.0,False,0.5,keep_mean,0.65,True,True,none
184,184_e03,premature_convergence_risk,repair_event,GPT,GPT,67,1.0,0.0,1.0,False,0.5,keep_mean,0.9,True,True,none
184,184_e03,reframing_quality,repair_event,GPT,GPT,67,1.0,1.0,0.0,False,1.0,keep_mean,0.9,True,True,none
184,184_e03,runaway_divergence_risk,repair_event,GPT,GPT,67,0.0,0.0,0.0,False,0.0,keep_mean,0.75,True,True,none
184,184_e03,stance_integrity,repair_event,GPT,GPT,67,3.0,4.0,1.0,False,3.5,keep_mean,0.95,True,True,none
184,184_e03,timing_fit,repair_event,GPT,GPT,67,3.0,3.0,0.0,False,3.0,keep_mean,0.9,True,True,none
184,184_e05,agency_preservation,repair_event,GPT,GPT,81,4.0,,,False,4.0,single_scorer,0.9,True,,none
184,184_e05,anchor_management,repair_event,GPT,GPT,81,3.0,,,False,3.0,single_scorer,0.9,True,,none
184,184_e05,cognitive_load_clarity,repair_event,GPT,GPT,81,4.0,,,False,4.0,single_scorer,0.9,True,,none
184,184_e05,coregulation_uptake,repair_event,GPT,GPT,81,4.0,,,False,4.0,single_scorer,0.9,True,,none
184,184_e05,evaluative_discipline,repair_event,GPT,GPT,81,2.0,,,False,2.0,single_scorer,0.7,True,,none
184,184_e05,exploration_opening,repair_event,GPT,GPT,81,3.0,,,False,3.0,single_scorer,0.9,True,,none
184,184_e05,implementation_grounding,repair_event,GPT,GPT,81,1.0,,,False,1.0,single_scorer,0.6,True,,none
184,184_e05,premature_convergence_risk,repair_event,GPT,GPT,81,0.0,,,False,0.0,single_scorer,0.9,True,,none
184,184_e05,reframing_quality,repair_event,GPT,GPT,81,3.0,,,False,3.0,single_scorer,0.9,True,,none
184,184_e05,runaway_divergence_risk,repair_event,GPT,GPT,81,0.0,,,False,0.0,single_scorer,0.9,True,,none
184,184_e05,stance_integrity,repair_event,GPT,GPT,81,4.0,,,False,4.0,single_scorer,0.9,True,,none
184,184_e05,timing_fit,repair_event,GPT,GPT,81,4.0,,,False,4.0,single_scorer,0.9,True,,none
189,189_e01,agency_preservation,opening_frame,Persona,Divergent,43,4.0,,,False,4.0,single_scorer,1.0,True,,none
189,189_e01,anchor_management,opening_frame,Persona,Divergent,43,3.0,,,False,3.0,single_scorer,1.0,True,,none
189,189_e01,cognitive_load_clarity,opening_frame,Persona,Divergent,43,4.0,,,False,4.0,single_scorer,1.0,True,,none
189,189_e01,coregulation_uptake,opening_frame,Persona,Divergent,43,3.0,,,False,3.0,single_scorer,1.0,True,,none
189,189_e01,evaluative_discipline,opening_frame,Persona,Divergent,43,0.0,,,False,0.0,single_scorer,0.5,True,,none
189,189_e01,exploration_opening,opening_frame,Persona,Divergent,43,4.0,,,False,4.0,single_scorer,1.0,True,,none
189,189_e01,implementation_grounding,opening_frame,Persona,Divergent,43,1.0,,,False,1.0,single_scorer,1.0,True,,none
189,189_e01,premature_convergence_risk,opening_frame,Persona,Divergent,43,0.0,,,False,0.0,single_scorer,1.0,True,,none
189,189_e01,reframing_quality,opening_frame,Persona,Divergent,43,3.0,,,False,3.0,single_scorer,1.0,True,,none
189,189_e01,runaway_divergence_risk,opening_frame,Persona,Divergent,43,0.0,,,False,0.0,single_scorer,1.0,True,,none
189,189_e01,stance_integrity,opening_frame,Persona,Divergent,43,4.0,,,False,4.0,single_scorer,1.0,True,,none
189,189_e01,timing_fit,opening_frame,Persona,Divergent,43,4.0,,,False,4.0,single_scorer,1.0,True,,none
190,190_e01,agency_preservation,opening_frame,Persona,Divergent,43,4.0,,,False,4.0,single_scorer,1.0,True,,none
190,190_e01,anchor_management,opening_frame,Persona,Divergent,43,3.0,,,False,3.0,single_scorer,1.0,True,,none
190,190_e01,cognitive_load_clarity,opening_frame,Persona,Divergent,43,4.0,,,False,4.0,single_scorer,1.0,True,,none
190,190_e01,coregulation_uptake,opening_frame,Persona,Divergent,43,3.0,,,False,3.0,single_scorer,1.0,True,,none
190,190_e01,evaluative_discipline,opening_frame,Persona,Divergent,43,0.0,,,False,0.0,single_scorer,0.5,True,,none
190,190_e01,exploration_opening,opening_frame,Persona,Divergent,43,4.0,,,False,4.0,single_scorer,1.0,True,,none
190,190_e01,implementation_grounding,opening_frame,Persona,Divergent,43,0.0,,,False,0.0,single_scorer,0.5,True,,none
190,190_e01,premature_convergence_risk,opening_frame,Persona,Divergent,43,0.0,,,False,0.0,single_scorer,1.0,True,,none
190,190_e01,reframing_quality,opening_frame,Persona,Divergent,43,3.0,,,False,3.0,single_scorer,1.0,True,,none
190,190_e01,runaway_divergence_risk,opening_frame,Persona,Divergent,43,0.0,,,False,0.0,single_scorer,1.0,True,,none
190,190_e01,stance_integrity,opening_frame,Persona,Divergent,43,4.0,,,False,4.0,single_scorer,1.0,True,,none
190,190_e01,timing_fit,opening_frame,Persona,Divergent,43,4.0,,,False,4.0,single_scorer,1.0,True,,none
190,190_e02,agency_preservation,critique_event,Persona,Divergent,157,4.0,,,False,4.0,single_scorer,1.0,True,,none
190,190_e02,anchor_management,critique_event,Persona,Divergent,157,3.0,,,False,3.0,single_scorer,1.0,True,,none
190,190_e02,cognitive_load_clarity,critique_event,Persona,Divergent,157,3.0,,,False,3.0,single_scorer,1.0,True,,none
190,190_e02,coregulation_uptake,critique_event,Persona,Divergent,157,3.0,,,False,3.0,single_scorer,1.0,True,,none
190,190_e02,evaluative_discipline,critique_event,Persona,Divergent,157,3.0,,,False,3.0,single_scorer,1.0,True,,none
190,190_e02,exploration_opening,critique_event,Persona,Divergent,157,4.0,,,False,4.0,single_scorer,1.0,True,,none
190,190_e02,implementation_grounding,critique_event,Persona,Divergent,157,2.0,,,False,2.0,single_scorer,1.0,True,,none
190,190_e02,premature_convergence_risk,critique_event,Persona,Divergent,157,0.0,,,False,0.0,single_scorer,1.0,True,,none
190,190_e02,reframing_quality,critique_event,Persona,Divergent,157,3.0,,,False,3.0,single_scorer,1.0,True,,none
190,190_e02,runaway_divergence_risk,critique_event,Persona,Divergent,157,0.0,,,False,0.0,single_scorer,1.0,True,,none
190,190_e02,stance_integrity,critique_event,Persona,Divergent,157,4.0,,,False,4.0,single_scorer,1.0,True,,none
190,190_e02,timing_fit,critique_event,Persona,Divergent,157,4.0,,,False,4.0,single_scorer,1.0,True,,none
195,195_e01,agency_preservation,opening_frame,Persona,BoundedRational,44,4.0,,,False,4.0,single_scorer,1.0,True,,none
195,195_e01,anchor_management,opening_frame,Persona,BoundedRational,44,3.0,,,False,3.0,single_scorer,1.0,True,,none
195,195_e01,cognitive_load_clarity,opening_frame,Persona,BoundedRational,44,4.0,,,False,4.0,single_scorer,1.0,True,,none
195,195_e01,coregulation_uptake,opening_frame,Persona,BoundedRational,44,3.0,,,False,3.0,single_scorer,1.0,True,,none
195,195_e01,evaluative_discipline,opening_frame,Persona,BoundedRational,44,0.0,,,False,0.0,single_scorer,0.5,True,,none
195,195_e01,exploration_opening,opening_frame,Persona,BoundedRational,44,4.0,,,False,4.0,single_scorer,1.0,True,,none
195,195_e01,implementation_grounding,opening_frame,Persona,BoundedRational,44,1.0,,,False,1.0,single_scorer,1.0,True,,none
195,195_e01,premature_convergence_risk,opening_frame,Persona,BoundedRational,44,0.0,,,False,0.0,single_scorer,1.0,True,,none
195,195_e01,reframing_quality,opening_frame,Persona,BoundedRational,44,3.0,,,False,3.0,single_scorer,1.0,True,,none
195,195_e01,runaway_divergence_risk,opening_frame,Persona,BoundedRational,44,0.0,,,False,0.0,single_scorer,1.0,True,,none
195,195_e01,stance_integrity,opening_frame,Persona,BoundedRational,44,4.0,,,False,4.0,single_scorer,1.0,True,,none
195,195_e01,timing_fit,opening_frame,Persona,BoundedRational,44,4.0,,,False,4.0,single_scorer,1.0,True,,none
195,195_e04,agency_preservation,critique_event,Persona,BoundedRational,191,3.0,,,False,3.0,single_scorer,0.92,True,,none
195,195_e04,anchor_management,critique_event,Persona,BoundedRational,191,2.0,,,False,2.0,single_scorer,0.88,True,,none
195,195_e04,cognitive_load_clarity,critique_event,Persona,BoundedRational,191,3.0,,,False,3.0,single_scorer,0.94,True,,none
195,195_e04,coregulation_uptake,critique_event,Persona,BoundedRational,191,3.0,,,False,3.0,single_scorer,0.93,True,,none
195,195_e04,evaluative_discipline,critique_event,Persona,BoundedRational,191,1.0,,,False,1.0,single_scorer,0.85,True,,none
195,195_e04,exploration_opening,critique_event,Persona,BoundedRational,191,3.0,,,False,3.0,single_scorer,0.95,True,,none
195,195_e04,implementation_grounding,critique_event,Persona,BoundedRational,191,1.0,,,False,1.0,single_scorer,0.8,True,,none
195,195_e04,premature_convergence_risk,critique_event,Persona,BoundedRational,191,1.0,,,False,1.0,single_scorer,0.87,True,,none
195,195_e04,reframing_quality,critique_event,Persona,BoundedRational,191,2.0,,,False,2.0,single_scorer,0.9,True,,none
195,195_e04,runaway_divergence_risk,critique_event,Persona,BoundedRational,191,1.0,,,False,1.0,single_scorer,0.89,True,,none
195,195_e04,stance_integrity,critique_event,Persona,BoundedRational,191,4.0,,,False,4.0,single_scorer,0.96,True,,none
195,195_e04,timing_fit,critique_event,Persona,BoundedRational,191,3.0,,,False,3.0,single_scorer,0.91,True,,none
196,196_e03,agency_preservation,ideation_burst,Persona,BoundedRational,355,4.0,,,False,4.0,single_scorer,0.98,True,,none
196,196_e03,anchor_management,ideation_burst,Persona,BoundedRational,355,3.0,,,False,3.0,single_scorer,0.88,True,,none
196,196_e03,cognitive_load_clarity,ideation_burst,Persona,BoundedRational,355,4.0,,,False,4.0,single_scorer,0.97,True,,none
196,196_e03,coregulation_uptake,ideation_burst,Persona,BoundedRational,355,3.0,,,False,3.0,single_scorer,0.94,True,,none
196,196_e03,evaluative_discipline,ideation_burst,Persona,BoundedRational,355,2.0,,,False,2.0,single_scorer,0.75,True,,none
196,196_e03,exploration_opening,ideation_burst,Persona,BoundedRational,355,4.0,,,False,4.0,single_scorer,0.95,True,,none
196,196_e03,implementation_grounding,ideation_burst,Persona,BoundedRational,355,3.0,,,False,3.0,single_scorer,0.85,True,,none
196,196_e03,premature_convergence_risk,ideation_burst,Persona,BoundedRational,355,0.0,,,False,0.0,single_scorer,0.95,True,,none
196,196_e03,reframing_quality,ideation_burst,Persona,BoundedRational,355,3.0,,,False,3.0,single_scorer,0.92,True,,none
196,196_e03,runaway_divergence_risk,ideation_burst,Persona,BoundedRational,355,0.0,,,False,0.0,single_scorer,0.98,True,,none
196,196_e03,stance_integrity,ideation_burst,Persona,BoundedRational,355,4.0,,,False,4.0,single_scorer,0.99,True,,none
196,196_e03,timing_fit,ideation_burst,Persona,BoundedRational,355,4.0,,,False,4.0,single_scorer,0.99,True,,none
199,199_e03,agency_preservation,implementation_grounding_event,Persona,BoundedRational,81,4.0,,,False,4.0,single_scorer,0.9,True,,none
199,199_e03,anchor_management,implementation_grounding_event,Persona,BoundedRational,81,3.0,,,False,3.0,single_scorer,0.8,True,,none
199,199_e03,cognitive_load_clarity,implementation_grounding_event,Persona,BoundedRational,81,4.0,,,False,4.0,single_scorer,0.9,True,,none
199,199_e03,coregulation_uptake,implementation_grounding_event,Persona,BoundedRational,81,4.0,,,False,4.0,single_scorer,0.9,True,,none
199,199_e03,evaluative_discipline,implementation_grounding_event,Persona,BoundedRational,81,2.0,,,False,2.0,single_scorer,0.7,True,,none
199,199_e03,exploration_opening,implementation_grounding_event,Persona,BoundedRational,81,3.0,,,False,3.0,single_scorer,0.9,True,,none
199,199_e03,implementation_grounding,implementation_grounding_event,Persona,BoundedRational,81,4.0,,,False,4.0,single_scorer,0.9,True,,none
199,199_e03,premature_convergence_risk,implementation_grounding_event,Persona,BoundedRational,81,0.0,,,False,0.0,single_scorer,0.9,True,,none
199,199_e03,reframing_quality,implementation_grounding_event,Persona,BoundedRational,81,3.0,,,False,3.0,single_scorer,0.9,True,,none
199,199_e03,runaway_divergence_risk,implementation_grounding_event,Persona,BoundedRational,81,0.0,,,False,0.0,single_scorer,0.9,True,,none
199,199_e03,stance_integrity,implementation_grounding_event,Persona,BoundedRational,81,4.0,,,False,4.0,single_scorer,0.9,True,,none
199,199_e03,timing_fit,implementation_grounding_event,Persona,BoundedRational,81,4.0,,,False,4.0,single_scorer,0.9,True,,none
199,199_e04,agency_preservation,critique_event,Persona,BoundedRational,96,4.0,,,False,4.0,single_scorer,0.99,True,,none
199,199_e04,anchor_management,critique_event,Persona,BoundedRational,96,3.0,,,False,3.0,single_scorer,0.97,True,,none
199,199_e04,cognitive_load_clarity,critique_event,Persona,BoundedRational,96,3.0,,,False,3.0,single_scorer,0.96,True,,none
199,199_e04,coregulation_uptake,critique_event,Persona,BoundedRational,96,3.0,,,False,3.0,single_scorer,0.98,True,,none
199,199_e04,evaluative_discipline,critique_event,Persona,BoundedRational,96,2.0,,,False,2.0,single_scorer,0.85,True,,none
199,199_e04,exploration_opening,critique_event,Persona,BoundedRational,96,3.0,,,False,3.0,single_scorer,0.98,True,,none
199,199_e04,implementation_grounding,critique_event,Persona,BoundedRational,96,2.0,,,False,2.0,single_scorer,0.8,True,,none
199,199_e04,premature_convergence_risk,critique_event,Persona,BoundedRational,96,0.0,,,False,0.0,single_scorer,1.0,True,,none
199,199_e04,reframing_quality,critique_event,Persona,BoundedRational,96,3.0,,,False,3.0,single_scorer,0.98,True,,none
199,199_e04,runaway_divergence_risk,critique_event,Persona,BoundedRational,96,0.0,,,False,0.0,single_scorer,1.0,True,,none
199,199_e04,stance_integrity,critique_event,Persona,BoundedRational,96,4.0,,,False,4.0,single_scorer,0.99,True,,none
199,199_e04,timing_fit,critique_event,Persona,BoundedRational,96,4.0,,,False,4.0,single_scorer,0.99,True,,none
199,199_e05,agency_preservation,other,Persona,BoundedRational,81,3.0,,,False,3.0,single_scorer,0.9,True,,none
199,199_e05,anchor_management,other,Persona,BoundedRational,81,2.0,,,False,2.0,single_scorer,0.7,True,,none
199,199_e05,cognitive_load_clarity,other,Persona,BoundedRational,81,3.0,,,False,3.0,single_scorer,0.9,True,,none
199,199_e05,coregulation_uptake,other,Persona,BoundedRational,81,3.0,,,False,3.0,single_scorer,0.9,True,,none
199,199_e05,evaluative_discipline,other,Persona,BoundedRational,81,1.0,,,False,1.0,single_scorer,0.7,True,,none
199,199_e05,exploration_opening,other,Persona,BoundedRational,81,2.0,,,False,2.0,single_scorer,0.7,True,,none
199,199_e05,implementation_grounding,other,Persona,BoundedRational,81,3.0,,,False,3.0,single_scorer,0.8,True,,none
199,199_e05,premature_convergence_risk,other,Persona,BoundedRational,81,1.0,,,False,1.0,single_scorer,0.7,True,,none
199,199_e05,reframing_quality,other,Persona,BoundedRational,81,1.0,,,False,1.0,single_scorer,0.8,True,,none
199,199_e05,runaway_divergence_risk,other,Persona,BoundedRational,81,0.0,,,False,0.0,single_scorer,1.0,True,,none
199,199_e05,stance_integrity,other,Persona,BoundedRational,81,3.0,,,False,3.0,single_scorer,0.9,True,,none
199,199_e05,timing_fit,other,Persona,BoundedRational,81,3.0,,,False,3.0,single_scorer,0.8,True,,none
199,199_e07,agency_preservation,user_agency_event,Persona,BoundedRational,92,3.0,,,False,3.0,single_scorer,0.94,True,,none
199,199_e07,anchor_management,user_agency_event,Persona,BoundedRational,92,3.0,,,False,3.0,single_scorer,0.93,True,,none
199,199_e07,cognitive_load_clarity,user_agency_event,Persona,BoundedRational,92,4.0,,,False,4.0,single_scorer,0.97,True,,none
199,199_e07,coregulation_uptake,user_agency_event,Persona,BoundedRational,92,3.0,,,False,3.0,single_scorer,0.96,True,,none
199,199_e07,evaluative_discipline,user_agency_event,Persona,BoundedRational,92,3.0,,,False,3.0,single_scorer,0.92,True,,none
199,199_e07,exploration_opening,user_agency_event,Persona,BoundedRational,92,3.0,,,False,3.0,single_scorer,0.95,True,,none
199,199_e07,implementation_grounding,user_agency_event,Persona,BoundedRational,92,3.0,,,False,3.0,single_scorer,0.91,True,,none
199,199_e07,premature_convergence_risk,user_agency_event,Persona,BoundedRational,92,0.0,,,False,0.0,single_scorer,0.99,True,,none
199,199_e07,reframing_quality,user_agency_event,Persona,BoundedRational,92,2.0,,,False,2.0,single_scorer,0.9,True,,none
199,199_e07,runaway_divergence_risk,user_agency_event,Persona,BoundedRational,92,0.0,,,False,0.0,single_scorer,0.98,True,,none
199,199_e07,stance_integrity,user_agency_event,Persona,BoundedRational,92,4.0,,,False,4.0,single_scorer,0.99,True,,none
199,199_e07,timing_fit,user_agency_event,Persona,BoundedRational,92,4.0,,,False,4.0,single_scorer,0.98,True,,none
200,200_e01,agency_preservation,opening_frame,Persona,BoundedRational,45,4.0,,,False,4.0,single_scorer,1.0,True,,none
200,200_e01,anchor_management,opening_frame,Persona,BoundedRational,45,2.0,,,False,2.0,single_scorer,1.0,True,,none
200,200_e01,cognitive_load_clarity,opening_frame,Persona,BoundedRational,45,4.0,,,False,4.0,single_scorer,1.0,True,,none
200,200_e01,coregulation_uptake,opening_frame,Persona,BoundedRational,45,3.0,,,False,3.0,single_scorer,1.0,True,,none
200,200_e01,evaluative_discipline,opening_frame,Persona,BoundedRational,45,0.0,,,False,0.0,single_scorer,1.0,True,,none
200,200_e01,exploration_opening,opening_frame,Persona,BoundedRational,45,4.0,,,False,4.0,single_scorer,1.0,True,,none
200,200_e01,implementation_grounding,opening_frame,Persona,BoundedRational,45,0.0,,,False,0.0,single_scorer,1.0,True,,none
200,200_e01,premature_convergence_risk,opening_frame,Persona,BoundedRational,45,0.0,,,False,0.0,single_scorer,1.0,True,,none
200,200_e01,reframing_quality,opening_frame,Persona,BoundedRational,45,3.0,,,False,3.0,single_scorer,1.0,True,,none
200,200_e01,runaway_divergence_risk,opening_frame,Persona,BoundedRational,45,0.0,,,False,0.0,single_scorer,1.0,True,,none
200,200_e01,stance_integrity,opening_frame,Persona,BoundedRational,45,4.0,,,False,4.0,single_scorer,1.0,True,,none
200,200_e01,timing_fit,opening_frame,Persona,BoundedRational,45,4.0,,,False,4.0,single_scorer,1.0,True,,none
200,200_e02,agency_preservation,repair_event,Persona,BoundedRational,91,3.0,,,False,3.0,single_scorer,0.9,True,,none
200,200_e02,anchor_management,repair_event,Persona,BoundedRational,91,1.0,,,False,1.0,single_scorer,0.8,True,,none
200,200_e02,cognitive_load_clarity,repair_event,Persona,BoundedRational,91,3.0,,,False,3.0,single_scorer,0.9,True,,none
200,200_e02,coregulation_uptake,repair_event,Persona,BoundedRational,91,2.0,,,False,2.0,single_scorer,0.7,True,,none
200,200_e02,evaluative_discipline,repair_event,Persona,BoundedRational,91,0.0,,,False,0.0,single_scorer,0.9,True,,none
200,200_e02,exploration_opening,repair_event,Persona,BoundedRational,91,2.0,,,False,2.0,single_scorer,0.9,True,,none
200,200_e02,implementation_grounding,repair_event,Persona,BoundedRational,91,0.0,,,False,0.0,single_scorer,0.9,True,,none
200,200_e02,premature_convergence_risk,repair_event,Persona,BoundedRational,91,0.0,,,False,0.0,single_scorer,0.9,True,,none
200,200_e02,reframing_quality,repair_event,Persona,BoundedRational,91,1.0,,,False,1.0,single_scorer,0.8,True,,none
200,200_e02,runaway_divergence_risk,repair_event,Persona,BoundedRational,91,0.0,,,False,0.0,single_scorer,0.9,True,,none
200,200_e02,stance_integrity,repair_event,Persona,BoundedRational,91,3.0,,,False,3.0,single_scorer,0.9,True,,none
200,200_e02,timing_fit,repair_event,Persona,BoundedRational,91,3.0,,,False,3.0,single_scorer,0.9,True,,none
200,200_e03,agency_preservation,ideation_burst,Persona,BoundedRational,70,4.0,,,False,4.0,single_scorer,0.9,True,,none
200,200_e03,anchor_management,ideation_burst,Persona,BoundedRational,70,3.0,,,False,3.0,single_scorer,0.9,True,,none
200,200_e03,cognitive_load_clarity,ideation_burst,Persona,BoundedRational,70,3.0,,,False,3.0,single_scorer,0.9,True,,none
200,200_e03,coregulation_uptake,ideation_burst,Persona,BoundedRational,70,3.0,,,False,3.0,single_scorer,0.9,True,,none
200,200_e03,evaluative_discipline,ideation_burst,Persona,BoundedRational,70,2.0,,,False,2.0,single_scorer,0.8,True,,none
200,200_e03,exploration_opening,ideation_burst,Persona,BoundedRational,70,3.0,,,False,3.0,single_scorer,0.9,True,,none
200,200_e03,implementation_grounding,ideation_burst,Persona,BoundedRational,70,1.0,,,False,1.0,single_scorer,0.7,True,,none
200,200_e03,premature_convergence_risk,ideation_burst,Persona,BoundedRational,70,0.0,,,False,0.0,single_scorer,1.0,True,,none
200,200_e03,reframing_quality,ideation_burst,Persona,BoundedRational,70,3.0,,,False,3.0,single_scorer,0.9,True,,none
200,200_e03,runaway_divergence_risk,ideation_burst,Persona,BoundedRational,70,1.0,,,False,1.0,single_scorer,0.8,True,,none
200,200_e03,stance_integrity,ideation_burst,Persona,BoundedRational,70,4.0,,,False,4.0,single_scorer,0.9,True,,none
200,200_e03,timing_fit,ideation_burst,Persona,BoundedRational,70,4.0,,,False,4.0,single_scorer,0.9,True,,none
200,200_e06,agency_preservation,ideation_burst,Persona,BoundedRational,137,3.0,,,False,3.0,single_scorer,1.0,True,,none
200,200_e06,anchor_management,ideation_burst,Persona,BoundedRational,137,3.0,,,False,3.0,single_scorer,1.0,True,,none
200,200_e06,cognitive_load_clarity,ideation_burst,Persona,BoundedRational,137,3.0,,,False,3.0,single_scorer,1.0,True,,none
200,200_e06,coregulation_uptake,ideation_burst,Persona,BoundedRational,137,3.0,,,False,3.0,single_scorer,1.0,True,,none
200,200_e06,evaluative_discipline,ideation_burst,Persona,BoundedRational,137,2.0,,,False,2.0,single_scorer,1.0,True,,none
200,200_e06,exploration_opening,ideation_burst,Persona,BoundedRational,137,4.0,,,False,4.0,single_scorer,1.0,True,,none
200,200_e06,implementation_grounding,ideation_burst,Persona,BoundedRational,137,2.0,,,False,2.0,single_scorer,1.0,True,,none
200,200_e06,premature_convergence_risk,ideation_burst,Persona,BoundedRational,137,0.0,,,False,0.0,single_scorer,1.0,True,,none
200,200_e06,reframing_quality,ideation_burst,Persona,BoundedRational,137,3.0,,,False,3.0,single_scorer,1.0,True,,none
200,200_e06,runaway_divergence_risk,ideation_burst,Persona,BoundedRational,137,0.0,,,False,0.0,single_scorer,1.0,True,,none
200,200_e06,stance_integrity,ideation_burst,Persona,BoundedRational,137,4.0,,,False,4.0,single_scorer,1.0,True,,none
200,200_e06,timing_fit,ideation_burst,Persona,BoundedRational,137,4.0,,,False,4.0,single_scorer,1.0,True,,none
201,201_e01,agency_preservation,opening_frame,Persona,BoundedRational,43,4.0,,,False,4.0,single_scorer,1.0,True,,none
201,201_e01,anchor_management,opening_frame,Persona,BoundedRational,43,3.0,,,False,3.0,single_scorer,1.0,True,,none
201,201_e01,cognitive_load_clarity,opening_frame,Persona,BoundedRational,43,4.0,,,False,4.0,single_scorer,1.0,True,,none
201,201_e01,coregulation_uptake,opening_frame,Persona,BoundedRational,43,3.0,,,False,3.0,single_scorer,1.0,True,,none
201,201_e01,evaluative_discipline,opening_frame,Persona,BoundedRational,43,0.0,,,False,0.0,single_scorer,0.5,True,,none
201,201_e01,exploration_opening,opening_frame,Persona,BoundedRational,43,4.0,,,False,4.0,single_scorer,1.0,True,,none
201,201_e01,implementation_grounding,opening_frame,Persona,BoundedRational,43,0.0,,,False,0.0,single_scorer,0.5,True,,none
201,201_e01,premature_convergence_risk,opening_frame,Persona,BoundedRational,43,0.0,,,False,0.0,single_scorer,1.0,True,,none
201,201_e01,reframing_quality,opening_frame,Persona,BoundedRational,43,3.0,,,False,3.0,single_scorer,1.0,True,,none
201,201_e01,runaway_divergence_risk,opening_frame,Persona,BoundedRational,43,0.0,,,False,0.0,single_scorer,1.0,True,,none
201,201_e01,stance_integrity,opening_frame,Persona,BoundedRational,43,4.0,,,False,4.0,single_scorer,1.0,True,,none
201,201_e01,timing_fit,opening_frame,Persona,BoundedRational,43,4.0,,,False,4.0,single_scorer,1.0,True,,none
201,201_e04,agency_preservation,other,Persona,BoundedRational,142,3.0,,,False,3.0,single_scorer,0.8,True,,none
201,201_e04,anchor_management,other,Persona,BoundedRational,142,2.0,,,False,2.0,single_scorer,0.7,True,,none
201,201_e04,cognitive_load_clarity,other,Persona,BoundedRational,142,3.0,,,False,3.0,single_scorer,0.9,True,,none
201,201_e04,coregulation_uptake,other,Persona,BoundedRational,142,3.0,,,False,3.0,single_scorer,0.9,True,,none
201,201_e04,evaluative_discipline,other,Persona,BoundedRational,142,0.0,,,False,0.0,single_scorer,0.9,True,,none
201,201_e04,exploration_opening,other,Persona,BoundedRational,142,2.0,,,False,2.0,single_scorer,0.8,True,,none
201,201_e04,implementation_grounding,other,Persona,BoundedRational,142,1.0,,,False,1.0,single_scorer,0.7,True,,none
201,201_e04,premature_convergence_risk,other,Persona,BoundedRational,142,1.0,,,False,1.0,single_scorer,0.8,True,,none
201,201_e04,reframing_quality,other,Persona,BoundedRational,142,1.0,,,False,1.0,single_scorer,0.7,True,,none
201,201_e04,runaway_divergence_risk,other,Persona,BoundedRational,142,1.0,,,False,1.0,single_scorer,0.8,True,,none
201,201_e04,stance_integrity,other,Persona,BoundedRational,142,3.0,,,False,3.0,single_scorer,0.9,True,,none
201,201_e04,timing_fit,other,Persona,BoundedRational,142,3.0,,,False,3.0,single_scorer,0.8,True,,none
201,201_e06,agency_preservation,other,Persona,BoundedRational,83,3.0,,,False,3.0,single_scorer,0.85,True,,none
201,201_e06,anchor_management,other,Persona,BoundedRational,83,2.0,,,False,2.0,single_scorer,0.8,True,,none
201,201_e06,cognitive_load_clarity,other,Persona,BoundedRational,83,3.0,,,False,3.0,single_scorer,0.9,True,,none
201,201_e06,coregulation_uptake,other,Persona,BoundedRational,83,3.0,,,False,3.0,single_scorer,0.9,True,,none
201,201_e06,evaluative_discipline,other,Persona,BoundedRational,83,0.0,,,False,0.0,single_scorer,0.95,True,,none
201,201_e06,exploration_opening,other,Persona,BoundedRational,83,2.0,,,False,2.0,single_scorer,0.8,True,,none
201,201_e06,implementation_grounding,other,Persona,BoundedRational,83,2.0,,,False,2.0,single_scorer,0.8,True,,none
201,201_e06,premature_convergence_risk,other,Persona,BoundedRational,83,1.0,,,False,1.0,single_scorer,0.85,True,,none
201,201_e06,reframing_quality,other,Persona,BoundedRational,83,1.0,,,False,1.0,single_scorer,0.9,True,,none
201,201_e06,runaway_divergence_risk,other,Persona,BoundedRational,83,0.0,,,False,0.0,single_scorer,0.95,True,,none
201,201_e06,stance_integrity,other,Persona,BoundedRational,83,3.0,,,False,3.0,single_scorer,0.9,True,,none
201,201_e06,timing_fit,other,Persona,BoundedRational,83,3.0,,,False,3.0,single_scorer,0.9,True,,none
201,201_e07,agency_preservation,ideation_burst,Persona,BoundedRational,112,3.0,3.0,0.0,False,3.0,keep_mean,0.8,True,True,none
201,201_e07,anchor_management,ideation_burst,Persona,BoundedRational,112,2.0,3.0,1.0,False,2.5,keep_mean,0.75,True,True,none
201,201_e07,cognitive_load_clarity,ideation_burst,Persona,BoundedRational,112,3.0,4.0,1.0,False,3.5,keep_mean,0.9,True,True,none
201,201_e07,coregulation_uptake,ideation_burst,Persona,BoundedRational,112,3.0,3.0,0.0,False,3.0,keep_mean,0.9,True,True,none
201,201_e07,evaluative_discipline,ideation_burst,Persona,BoundedRational,112,2.0,1.0,1.0,False,1.5,keep_mean,0.6,True,True,none
201,201_e07,exploration_opening,ideation_burst,Persona,BoundedRational,112,2.0,3.0,1.0,False,2.5,keep_mean,0.8,True,True,none
201,201_e07,implementation_grounding,ideation_burst,Persona,BoundedRational,112,2.0,2.0,0.0,False,2.0,keep_mean,0.7,True,True,none
201,201_e07,premature_convergence_risk,ideation_burst,Persona,BoundedRational,112,1.0,1.0,0.0,False,1.0,keep_mean,0.7,True,True,none
201,201_e07,reframing_quality,ideation_burst,Persona,BoundedRational,112,1.0,2.0,1.0,False,1.5,keep_mean,0.7,True,True,none
201,201_e07,runaway_divergence_risk,ideation_burst,Persona,BoundedRational,112,1.0,0.0,1.0,False,0.5,keep_mean,0.75,True,True,none
201,201_e07,stance_integrity,ideation_burst,Persona,BoundedRational,112,3.0,4.0,1.0,False,3.5,keep_mean,0.9,True,True,none
201,201_e07,timing_fit,ideation_burst,Persona,BoundedRational,112,3.0,4.0,1.0,False,3.5,keep_mean,0.9,True,True,none
202,202_e01,agency_preservation,opening_frame,Persona,BoundedRational,43,4.0,,,False,4.0,single_scorer,1.0,True,,none
202,202_e01,anchor_management,opening_frame,Persona,BoundedRational,43,3.0,,,False,3.0,single_scorer,1.0,True,,none
202,202_e01,cognitive_load_clarity,opening_frame,Persona,BoundedRational,43,3.0,,,False,3.0,single_scorer,1.0,True,,none
202,202_e01,coregulation_uptake,opening_frame,Persona,BoundedRational,43,3.0,,,False,3.0,single_scorer,1.0,True,,none
202,202_e01,evaluative_discipline,opening_frame,Persona,BoundedRational,43,0.0,,,False,0.0,single_scorer,1.0,True,,none
202,202_e01,exploration_opening,opening_frame,Persona,BoundedRational,43,4.0,,,False,4.0,single_scorer,1.0,True,,none
202,202_e01,implementation_grounding,opening_frame,Persona,BoundedRational,43,0.0,,,False,0.0,single_scorer,1.0,True,,none
202,202_e01,premature_convergence_risk,opening_frame,Persona,BoundedRational,43,0.0,,,False,0.0,single_scorer,1.0,True,,none
202,202_e01,reframing_quality,opening_frame,Persona,BoundedRational,43,3.0,,,False,3.0,single_scorer,1.0,True,,none
202,202_e01,runaway_divergence_risk,opening_frame,Persona,BoundedRational,43,0.0,,,False,0.0,single_scorer,1.0,True,,none
202,202_e01,stance_integrity,opening_frame,Persona,BoundedRational,43,4.0,,,False,4.0,single_scorer,1.0,True,,none
202,202_e01,timing_fit,opening_frame,Persona,BoundedRational,43,4.0,,,False,4.0,single_scorer,1.0,True,,none
202,202_e02,agency_preservation,other,Persona,BoundedRational,105,3.0,,,False,3.0,single_scorer,0.9,True,,none
202,202_e02,anchor_management,other,Persona,BoundedRational,105,1.0,,,False,1.0,single_scorer,0.6,True,,none
202,202_e02,cognitive_load_clarity,other,Persona,BoundedRational,105,3.0,,,False,3.0,single_scorer,0.9,True,,none
202,202_e02,coregulation_uptake,other,Persona,BoundedRational,105,3.0,,,False,3.0,single_scorer,0.9,True,,none
202,202_e02,evaluative_discipline,other,Persona,BoundedRational,105,2.0,,,False,2.0,single_scorer,0.7,True,,none
202,202_e02,exploration_opening,other,Persona,BoundedRational,105,2.0,,,False,2.0,single_scorer,0.8,True,,none
202,202_e02,implementation_grounding,other,Persona,BoundedRational,105,2.0,,,False,2.0,single_scorer,0.7,True,,none
202,202_e02,premature_convergence_risk,other,Persona,BoundedRational,105,1.0,,,False,1.0,single_scorer,0.7,True,,none
202,202_e02,reframing_quality,other,Persona,BoundedRational,105,1.0,,,False,1.0,single_scorer,0.7,True,,none
202,202_e02,runaway_divergence_risk,other,Persona,BoundedRational,105,1.0,,,False,1.0,single_scorer,0.7,True,,none
202,202_e02,stance_integrity,other,Persona,BoundedRational,105,3.0,,,False,3.0,single_scorer,0.8,True,,none
202,202_e02,timing_fit,other,Persona,BoundedRational,105,3.0,,,False,3.0,single_scorer,0.8,True,,none
203,203_e02,agency_preservation,commitment_event,Persona,BoundedRational,142,3.0,4.0,1.0,False,3.5,keep_mean,0.99,True,True,none
203,203_e02,anchor_management,commitment_event,Persona,BoundedRational,142,3.0,3.0,0.0,False,3.0,keep_mean,0.96,True,True,none
203,203_e02,cognitive_load_clarity,commitment_event,Persona,BoundedRational,142,3.0,4.0,1.0,False,3.5,keep_mean,0.99,True,True,none
203,203_e02,coregulation_uptake,commitment_event,Persona,BoundedRational,142,3.0,4.0,1.0,False,3.5,keep_mean,0.985,True,True,none
203,203_e02,evaluative_discipline,commitment_event,Persona,BoundedRational,142,2.0,2.0,0.0,False,2.0,keep_mean,0.925,True,True,none
203,203_e02,exploration_opening,commitment_event,Persona,BoundedRational,142,4.0,3.0,1.0,False,3.5,keep_mean,0.975,True,True,none
203,203_e02,implementation_grounding,commitment_event,Persona,BoundedRational,142,3.0,3.0,0.0,False,3.0,keep_mean,0.95,True,True,none
203,203_e02,premature_convergence_risk,commitment_event,Persona,BoundedRational,142,0.0,1.0,1.0,False,0.5,keep_mean,0.94,True,True,none
203,203_e02,reframing_quality,commitment_event,Persona,BoundedRational,142,3.0,3.0,0.0,False,3.0,keep_mean,0.975,True,True,none
203,203_e02,runaway_divergence_risk,commitment_event,Persona,BoundedRational,142,0.0,0.0,0.0,False,0.0,keep_mean,1.0,True,True,none
203,203_e02,stance_integrity,commitment_event,Persona,BoundedRational,142,4.0,4.0,0.0,False,4.0,keep_mean,0.995,True,True,none
203,203_e02,timing_fit,commitment_event,Persona,BoundedRational,142,4.0,4.0,0.0,False,4.0,keep_mean,0.98,True,True,none
204,204_e02,agency_preservation,ideation_burst,Persona,BoundedRational,150,3.0,4.0,1.0,False,3.5,keep_mean,0.94,True,True,none
204,204_e02,anchor_management,ideation_burst,Persona,BoundedRational,150,2.0,3.0,1.0,False,2.5,keep_mean,0.825,True,True,none
204,204_e02,cognitive_load_clarity,ideation_burst,Persona,BoundedRational,150,3.0,4.0,1.0,False,3.5,keep_mean,0.9450000000000001,True,True,none
204,204_e02,coregulation_uptake,ideation_burst,Persona,BoundedRational,150,3.0,4.0,1.0,False,3.5,keep_mean,0.9450000000000001,True,True,none
204,204_e02,evaluative_discipline,ideation_burst,Persona,BoundedRational,150,2.0,2.0,0.0,False,2.0,keep_mean,0.825,True,True,none
204,204_e02,exploration_opening,ideation_burst,Persona,BoundedRational,150,2.0,3.0,1.0,False,2.5,keep_mean,0.875,True,True,none
204,204_e02,implementation_grounding,ideation_burst,Persona,BoundedRational,150,3.0,3.0,0.0,False,3.0,keep_mean,0.935,True,True,none
204,204_e02,premature_convergence_risk,ideation_burst,Persona,BoundedRational,150,1.0,1.0,0.0,False,1.0,keep_mean,0.8,True,True,none
204,204_e02,reframing_quality,ideation_burst,Persona,BoundedRational,150,1.0,3.0,2.0,True,1.0,use_lower_score,0.7,True,True,none
204,204_e02,runaway_divergence_risk,ideation_burst,Persona,BoundedRational,150,0.0,0.0,0.0,False,0.0,keep_mean,0.9450000000000001,True,True,none
204,204_e02,stance_integrity,ideation_burst,Persona,BoundedRational,150,4.0,4.0,0.0,False,4.0,keep_mean,0.9450000000000001,True,True,none
204,204_e02,timing_fit,ideation_burst,Persona,BoundedRational,150,3.0,4.0,1.0,False,3.5,keep_mean,0.89,True,True,none
204,204_e04,agency_preservation,other,Persona,BoundedRational,132,3.0,,,False,3.0,single_scorer,0.9,True,,none
204,204_e04,anchor_management,other,Persona,BoundedRational,132,2.0,,,False,2.0,single_scorer,0.8,True,,none
204,204_e04,cognitive_load_clarity,other,Persona,BoundedRational,132,3.0,,,False,3.0,single_scorer,0.9,True,,none
204,204_e04,coregulation_uptake,other,Persona,BoundedRational,132,3.0,,,False,3.0,single_scorer,0.9,True,,none
204,204_e04,evaluative_discipline,other,Persona,BoundedRational,132,2.0,,,False,2.0,single_scorer,0.7,True,,none
204,204_e04,exploration_opening,other,Persona,BoundedRational,132,3.0,,,False,3.0,single_scorer,0.9,True,,none
204,204_e04,implementation_grounding,other,Persona,BoundedRational,132,2.0,,,False,2.0,single_scorer,0.6,True,,none
204,204_e04,premature_convergence_risk,other,Persona,BoundedRational,132,0.0,,,False,0.0,single_scorer,0.9,True,,none
204,204_e04,reframing_quality,other,Persona,BoundedRational,132,3.0,,,False,3.0,single_scorer,0.9,True,,none
204,204_e04,runaway_divergence_risk,other,Persona,BoundedRational,132,0.0,,,False,0.0,single_scorer,0.9,True,,none
204,204_e04,stance_integrity,other,Persona,BoundedRational,132,4.0,,,False,4.0,single_scorer,0.9,True,,none
204,204_e04,timing_fit,other,Persona,BoundedRational,132,4.0,,,False,4.0,single_scorer,0.9,True,,none
204,204_e05,agency_preservation,ideation_burst,Persona,BoundedRational,184,3.0,,,False,3.0,single_scorer,0.9,True,,none
204,204_e05,anchor_management,ideation_burst,Persona,BoundedRational,184,2.0,,,False,2.0,single_scorer,0.7,True,,none
204,204_e05,cognitive_load_clarity,ideation_burst,Persona,BoundedRational,184,4.0,,,False,4.0,single_scorer,1.0,True,,none
204,204_e05,coregulation_uptake,ideation_burst,Persona,BoundedRational,184,3.0,,,False,3.0,single_scorer,0.9,True,,none
204,204_e05,evaluative_discipline,ideation_burst,Persona,BoundedRational,184,2.0,,,False,2.0,single_scorer,0.8,True,,none
204,204_e05,exploration_opening,ideation_burst,Persona,BoundedRational,184,3.0,,,False,3.0,single_scorer,0.9,True,,none
204,204_e05,implementation_grounding,ideation_burst,Persona,BoundedRational,184,3.0,,,False,3.0,single_scorer,0.9,True,,none
204,204_e05,premature_convergence_risk,ideation_burst,Persona,BoundedRational,184,0.0,,,False,0.0,single_scorer,1.0,True,,none
204,204_e05,reframing_quality,ideation_burst,Persona,BoundedRational,184,3.0,,,False,3.0,single_scorer,0.9,True,,none
204,204_e05,runaway_divergence_risk,ideation_burst,Persona,BoundedRational,184,0.0,,,False,0.0,single_scorer,1.0,True,,none
204,204_e05,stance_integrity,ideation_burst,Persona,BoundedRational,184,4.0,,,False,4.0,single_scorer,1.0,True,,none
204,204_e05,timing_fit,ideation_burst,Persona,BoundedRational,184,4.0,,,False,4.0,single_scorer,1.0,True,,none
209,209_e07,agency_preservation,repair_event,GPT,GPT,102,3.0,,,False,3.0,single_scorer,0.9,True,,none
209,209_e07,anchor_management,repair_event,GPT,GPT,102,2.0,,,False,2.0,single_scorer,0.6,True,,none
209,209_e07,cognitive_load_clarity,repair_event,GPT,GPT,102,3.0,,,False,3.0,single_scorer,0.8,True,,none
209,209_e07,coregulation_uptake,repair_event,GPT,GPT,102,3.0,,,False,3.0,single_scorer,0.9,True,,none
209,209_e07,evaluative_discipline,repair_event,GPT,GPT,102,0.0,,,False,0.0,single_scorer,0.3,True,,none
209,209_e07,exploration_opening,repair_event,GPT,GPT,102,2.0,,,False,2.0,single_scorer,0.8,True,,none
209,209_e07,implementation_grounding,repair_event,GPT,GPT,102,1.0,,,False,1.0,single_scorer,0.4,True,,none
209,209_e07,premature_convergence_risk,repair_event,GPT,GPT,102,1.0,,,False,1.0,single_scorer,0.6,True,,none
209,209_e07,reframing_quality,repair_event,GPT,GPT,102,1.0,,,False,1.0,single_scorer,0.7,True,,none
209,209_e07,runaway_divergence_risk,repair_event,GPT,GPT,102,0.0,,,False,0.0,single_scorer,0.9,True,,none
209,209_e07,stance_integrity,repair_event,GPT,GPT,102,4.0,,,False,4.0,single_scorer,0.95,True,,none
209,209_e07,timing_fit,repair_event,GPT,GPT,102,3.0,,,False,3.0,single_scorer,0.8,True,,none
210,210_e08,agency_preservation,other,GPT,GPT,146,3.0,,,False,3.0,single_scorer,0.8,True,,none
210,210_e08,anchor_management,other,GPT,GPT,146,2.0,,,False,2.0,single_scorer,0.7,True,,none
210,210_e08,cognitive_load_clarity,other,GPT,GPT,146,3.0,,,False,3.0,single_scorer,0.8,True,,none
210,210_e08,coregulation_uptake,other,GPT,GPT,146,2.0,,,False,2.0,single_scorer,0.6,True,,none
210,210_e08,evaluative_discipline,other,GPT,GPT,146,0.0,,,False,0.0,single_scorer,0.9,True,,none
210,210_e08,exploration_opening,other,GPT,GPT,146,2.0,,,False,2.0,single_scorer,0.8,True,,none
210,210_e08,implementation_grounding,other,GPT,GPT,146,1.0,,,False,1.0,single_scorer,0.7,True,,none
210,210_e08,premature_convergence_risk,other,GPT,GPT,146,1.0,,,False,1.0,single_scorer,0.7,True,,none
210,210_e08,reframing_quality,other,GPT,GPT,146,1.0,,,False,1.0,single_scorer,0.7,True,,none
210,210_e08,runaway_divergence_risk,other,GPT,GPT,146,0.0,,,False,0.0,single_scorer,0.9,True,,none
210,210_e08,stance_integrity,other,GPT,GPT,146,3.0,,,False,3.0,single_scorer,0.9,True,,none
210,210_e08,timing_fit,other,GPT,GPT,146,3.0,,,False,3.0,single_scorer,0.8,True,,none
216,216_e02,agency_preservation,other,Persona,Rational,114,3.0,,,False,3.0,single_scorer,0.9,True,,none
216,216_e02,anchor_management,other,Persona,Rational,114,2.0,,,False,2.0,single_scorer,0.7,True,,none
216,216_e02,cognitive_load_clarity,other,Persona,Rational,114,3.0,,,False,3.0,single_scorer,0.9,True,,none
216,216_e02,coregulation_uptake,other,Persona,Rational,114,3.0,,,False,3.0,single_scorer,0.9,True,,none
216,216_e02,evaluative_discipline,other,Persona,Rational,114,2.0,,,False,2.0,single_scorer,0.6,True,,none
216,216_e02,exploration_opening,other,Persona,Rational,114,2.0,,,False,2.0,single_scorer,0.8,True,,none
216,216_e02,implementation_grounding,other,Persona,Rational,114,2.0,,,False,2.0,single_scorer,0.6,True,,none
216,216_e02,premature_convergence_risk,other,Persona,Rational,114,1.0,,,False,1.0,single_scorer,0.7,True,,none
216,216_e02,reframing_quality,other,Persona,Rational,114,1.0,,,False,1.0,single_scorer,0.7,True,,none
216,216_e02,runaway_divergence_risk,other,Persona,Rational,114,1.0,,,False,1.0,single_scorer,0.7,True,,none
216,216_e02,stance_integrity,other,Persona,Rational,114,3.0,,,False,3.0,single_scorer,0.9,True,,none
216,216_e02,timing_fit,other,Persona,Rational,114,3.0,,,False,3.0,single_scorer,0.8,True,,none
216,216_e03,agency_preservation,other,Persona,Rational,172,4.0,,,False,4.0,single_scorer,0.98,True,,none
216,216_e03,anchor_management,other,Persona,Rational,172,3.0,,,False,3.0,single_scorer,0.92,True,,none
216,216_e03,cognitive_load_clarity,other,Persona,Rational,172,3.0,,,False,3.0,single_scorer,0.94,True,,none
216,216_e03,coregulation_uptake,other,Persona,Rational,172,3.0,,,False,3.0,single_scorer,0.96,True,,none
216,216_e03,evaluative_discipline,other,Persona,Rational,172,2.0,,,False,2.0,single_scorer,0.85,True,,none
216,216_e03,exploration_opening,other,Persona,Rational,172,3.0,,,False,3.0,single_scorer,0.95,True,,none
216,216_e03,implementation_grounding,other,Persona,Rational,172,2.0,,,False,2.0,single_scorer,0.75,True,,none
216,216_e03,premature_convergence_risk,other,Persona,Rational,172,0.0,,,False,0.0,single_scorer,1.0,True,,none
216,216_e03,reframing_quality,other,Persona,Rational,172,3.0,,,False,3.0,single_scorer,0.95,True,,none
216,216_e03,runaway_divergence_risk,other,Persona,Rational,172,1.0,,,False,1.0,single_scorer,0.95,True,,none
216,216_e03,stance_integrity,other,Persona,Rational,172,4.0,,,False,4.0,single_scorer,0.99,True,,none
216,216_e03,timing_fit,other,Persona,Rational,172,4.0,,,False,4.0,single_scorer,0.99,True,,none
217,217_e02,agency_preservation,reframe_event,Persona,Rational,179,3.0,4.0,1.0,False,3.5,keep_mean,1.0,True,True,none
217,217_e02,anchor_management,reframe_event,Persona,Rational,179,3.0,3.0,0.0,False,3.0,keep_mean,1.0,True,True,none
217,217_e02,cognitive_load_clarity,reframe_event,Persona,Rational,179,4.0,4.0,0.0,False,4.0,keep_mean,1.0,True,True,none
217,217_e02,coregulation_uptake,reframe_event,Persona,Rational,179,3.0,4.0,1.0,False,3.5,keep_mean,1.0,True,True,none
217,217_e02,evaluative_discipline,reframe_event,Persona,Rational,179,3.0,4.0,1.0,False,3.5,keep_mean,1.0,True,True,none
217,217_e02,exploration_opening,reframe_event,Persona,Rational,179,4.0,4.0,0.0,False,4.0,keep_mean,1.0,True,True,none
217,217_e02,implementation_grounding,reframe_event,Persona,Rational,179,3.0,4.0,1.0,False,3.5,keep_mean,1.0,True,True,none
217,217_e02,premature_convergence_risk,reframe_event,Persona,Rational,179,0.0,0.0,0.0,False,0.0,keep_mean,1.0,True,True,none
217,217_e02,reframing_quality,reframe_event,Persona,Rational,179,3.0,4.0,1.0,False,3.5,keep_mean,1.0,True,True,none
217,217_e02,runaway_divergence_risk,reframe_event,Persona,Rational,179,0.0,0.0,0.0,False,0.0,keep_mean,1.0,True,True,none
217,217_e02,stance_integrity,reframe_event,Persona,Rational,179,4.0,4.0,0.0,False,4.0,keep_mean,1.0,True,True,none
217,217_e02,timing_fit,reframe_event,Persona,Rational,179,4.0,4.0,0.0,False,4.0,keep_mean,1.0,True,True,none
217,217_e03,agency_preservation,other,Persona,Rational,80,3.0,,,False,3.0,single_scorer,0.9,True,,none
217,217_e03,anchor_management,other,Persona,Rational,80,3.0,,,False,3.0,single_scorer,0.9,True,,none
217,217_e03,cognitive_load_clarity,other,Persona,Rational,80,4.0,,,False,4.0,single_scorer,0.9,True,,none
217,217_e03,coregulation_uptake,other,Persona,Rational,80,3.0,,,False,3.0,single_scorer,0.9,True,,none
217,217_e03,evaluative_discipline,other,Persona,Rational,80,3.0,,,False,3.0,single_scorer,0.9,True,,none
217,217_e03,exploration_opening,other,Persona,Rational,80,2.0,,,False,2.0,single_scorer,0.9,True,,none
217,217_e03,implementation_grounding,other,Persona,Rational,80,3.0,,,False,3.0,single_scorer,0.9,True,,none
217,217_e03,premature_convergence_risk,other,Persona,Rational,80,1.0,,,False,1.0,single_scorer,0.9,True,,none
217,217_e03,reframing_quality,other,Persona,Rational,80,2.0,,,False,2.0,single_scorer,0.9,True,,none
217,217_e03,runaway_divergence_risk,other,Persona,Rational,80,0.0,,,False,0.0,single_scorer,0.9,True,,none
217,217_e03,stance_integrity,other,Persona,Rational,80,4.0,,,False,4.0,single_scorer,0.9,True,,none
217,217_e03,timing_fit,other,Persona,Rational,80,4.0,,,False,4.0,single_scorer,0.9,True,,none
217,217_e04,agency_preservation,other,Persona,Rational,106,3.0,,,False,3.0,single_scorer,0.9,True,,none
217,217_e04,anchor_management,other,Persona,Rational,106,2.0,,,False,2.0,single_scorer,0.8,True,,none
217,217_e04,cognitive_load_clarity,other,Persona,Rational,106,3.0,,,False,3.0,single_scorer,0.9,True,,none
217,217_e04,coregulation_uptake,other,Persona,Rational,106,3.0,,,False,3.0,single_scorer,0.9,True,,none
217,217_e04,evaluative_discipline,other,Persona,Rational,106,2.0,,,False,2.0,single_scorer,0.8,True,,none
217,217_e04,exploration_opening,other,Persona,Rational,106,2.0,,,False,2.0,single_scorer,0.9,True,,none
217,217_e04,implementation_grounding,other,Persona,Rational,106,1.0,,,False,1.0,single_scorer,0.7,True,,none
217,217_e04,premature_convergence_risk,other,Persona,Rational,106,1.0,,,False,1.0,single_scorer,0.8,True,,none
217,217_e04,reframing_quality,other,Persona,Rational,106,1.0,,,False,1.0,single_scorer,0.8,True,,none
217,217_e04,runaway_divergence_risk,other,Persona,Rational,106,0.0,,,False,0.0,single_scorer,0.9,True,,none
217,217_e04,stance_integrity,other,Persona,Rational,106,4.0,,,False,4.0,single_scorer,0.9,True,,none
217,217_e04,timing_fit,other,Persona,Rational,106,3.0,,,False,3.0,single_scorer,0.9,True,,none
218,218_e03,agency_preservation,ideation_burst,Persona,Rational,123,3.0,3.0,0.0,False,3.0,keep_mean,0.9,True,True,none
218,218_e03,anchor_management,ideation_burst,Persona,Rational,123,2.0,3.0,1.0,False,2.5,keep_mean,0.8,True,True,none
218,218_e03,cognitive_load_clarity,ideation_burst,Persona,Rational,123,4.0,4.0,0.0,False,4.0,keep_mean,1.0,True,True,none
218,218_e03,coregulation_uptake,ideation_burst,Persona,Rational,123,3.0,4.0,1.0,False,3.5,keep_mean,0.95,True,True,none
218,218_e03,evaluative_discipline,ideation_burst,Persona,Rational,123,3.0,2.0,1.0,False,2.5,keep_mean,0.8500000000000001,True,True,none
218,218_e03,exploration_opening,ideation_burst,Persona,Rational,123,3.0,3.0,0.0,False,3.0,keep_mean,0.9,True,True,none
218,218_e03,implementation_grounding,ideation_burst,Persona,Rational,123,3.0,3.0,0.0,False,3.0,keep_mean,0.9,True,True,none
218,218_e03,premature_convergence_risk,ideation_burst,Persona,Rational,123,1.0,0.0,1.0,False,0.5,keep_mean,0.9,True,True,none
218,218_e03,reframing_quality,ideation_burst,Persona,Rational,123,2.0,3.0,1.0,False,2.5,keep_mean,0.8500000000000001,True,True,none
218,218_e03,runaway_divergence_risk,ideation_burst,Persona,Rational,123,0.0,0.0,0.0,False,0.0,keep_mean,1.0,True,True,none
218,218_e03,stance_integrity,ideation_burst,Persona,Rational,123,4.0,4.0,0.0,False,4.0,keep_mean,1.0,True,True,none
218,218_e03,timing_fit,ideation_burst,Persona,Rational,123,4.0,4.0,0.0,False,4.0,keep_mean,1.0,True,True,none
219,219_e02,agency_preservation,user_agency_event,Persona,Rational,116,3.0,,,False,3.0,single_scorer,1.0,True,,none
219,219_e02,anchor_management,user_agency_event,Persona,Rational,116,3.0,,,False,3.0,single_scorer,1.0,True,,none
219,219_e02,cognitive_load_clarity,user_agency_event,Persona,Rational,116,4.0,,,False,4.0,single_scorer,1.0,True,,none
219,219_e02,coregulation_uptake,user_agency_event,Persona,Rational,116,3.0,,,False,3.0,single_scorer,1.0,True,,none
219,219_e02,evaluative_discipline,user_agency_event,Persona,Rational,116,3.0,,,False,3.0,single_scorer,1.0,True,,none
219,219_e02,exploration_opening,user_agency_event,Persona,Rational,116,4.0,,,False,4.0,single_scorer,1.0,True,,none
219,219_e02,implementation_grounding,user_agency_event,Persona,Rational,116,3.0,,,False,3.0,single_scorer,1.0,True,,none
219,219_e02,premature_convergence_risk,user_agency_event,Persona,Rational,116,0.0,,,False,0.0,single_scorer,1.0,True,,none
219,219_e02,reframing_quality,user_agency_event,Persona,Rational,116,3.0,,,False,3.0,single_scorer,1.0,True,,none
219,219_e02,runaway_divergence_risk,user_agency_event,Persona,Rational,116,0.0,,,False,0.0,single_scorer,1.0,True,,none
219,219_e02,stance_integrity,user_agency_event,Persona,Rational,116,4.0,,,False,4.0,single_scorer,1.0,True,,none
219,219_e02,timing_fit,user_agency_event,Persona,Rational,116,4.0,,,False,4.0,single_scorer,1.0,True,,none
219,219_e04,agency_preservation,user_agency_event,Persona,Rational,73,,4.0,,False,4.0,scorer_b_only,1.0,,True,
219,219_e04,anchor_management,user_agency_event,Persona,Rational,73,,3.0,,False,3.0,scorer_b_only,1.0,,True,
219,219_e04,cognitive_load_clarity,user_agency_event,Persona,Rational,73,,4.0,,False,4.0,scorer_b_only,1.0,,True,
219,219_e04,coregulation_uptake,user_agency_event,Persona,Rational,73,,4.0,,False,4.0,scorer_b_only,1.0,,True,
219,219_e04,evaluative_discipline,user_agency_event,Persona,Rational,73,,3.0,,False,3.0,scorer_b_only,1.0,,True,
219,219_e04,exploration_opening,user_agency_event,Persona,Rational,73,,4.0,,False,4.0,scorer_b_only,1.0,,True,
219,219_e04,implementation_grounding,user_agency_event,Persona,Rational,73,,3.0,,False,3.0,scorer_b_only,1.0,,True,
219,219_e04,premature_convergence_risk,user_agency_event,Persona,Rational,73,,0.0,,False,0.0,scorer_b_only,1.0,,True,
219,219_e04,reframing_quality,user_agency_event,Persona,Rational,73,,4.0,,False,4.0,scorer_b_only,1.0,,True,
219,219_e04,runaway_divergence_risk,user_agency_event,Persona,Rational,73,,0.0,,False,0.0,scorer_b_only,1.0,,True,
219,219_e04,stance_integrity,user_agency_event,Persona,Rational,73,,4.0,,False,4.0,scorer_b_only,1.0,,True,
219,219_e04,timing_fit,user_agency_event,Persona,Rational,73,,4.0,,False,4.0,scorer_b_only,1.0,,True,
219,219_e05,agency_preservation,other,Persona,Rational,111,3.0,,,False,3.0,single_scorer,0.9,True,,none
219,219_e05,anchor_management,other,Persona,Rational,111,2.0,,,False,2.0,single_scorer,0.7,True,,none
219,219_e05,cognitive_load_clarity,other,Persona,Rational,111,3.0,,,False,3.0,single_scorer,0.8,True,,none
219,219_e05,coregulation_uptake,other,Persona,Rational,111,3.0,,,False,3.0,single_scorer,0.9,True,,none
219,219_e05,evaluative_discipline,other,Persona,Rational,111,2.0,,,False,2.0,single_scorer,0.7,True,,none
219,219_e05,exploration_opening,other,Persona,Rational,111,2.0,,,False,2.0,single_scorer,0.9,True,,none
219,219_e05,implementation_grounding,other,Persona,Rational,111,2.0,,,False,2.0,single_scorer,0.6,True,,none
219,219_e05,premature_convergence_risk,other,Persona,Rational,111,1.0,,,False,1.0,single_scorer,0.7,True,,none
219,219_e05,reframing_quality,other,Persona,Rational,111,1.0,,,False,1.0,single_scorer,0.8,True,,none
219,219_e05,runaway_divergence_risk,other,Persona,Rational,111,1.0,,,False,1.0,single_scorer,0.7,True,,none
219,219_e05,stance_integrity,other,Persona,Rational,111,3.0,,,False,3.0,single_scorer,0.9,True,,none
219,219_e05,timing_fit,other,Persona,Rational,111,3.0,,,False,3.0,single_scorer,0.9,True,,none
220,220_e03,agency_preservation,other,Persona,Rational,135,4.0,,,False,4.0,single_scorer,0.98,True,,none
220,220_e03,anchor_management,other,Persona,Rational,135,3.0,,,False,3.0,single_scorer,0.92,True,,none
220,220_e03,cognitive_load_clarity,other,Persona,Rational,135,3.0,,,False,3.0,single_scorer,0.93,True,,none
220,220_e03,coregulation_uptake,other,Persona,Rational,135,3.0,,,False,3.0,single_scorer,0.96,True,,none
220,220_e03,evaluative_discipline,other,Persona,Rational,135,2.0,,,False,2.0,single_scorer,0.8,True,,none
220,220_e03,exploration_opening,other,Persona,Rational,135,3.0,,,False,3.0,single_scorer,0.95,True,,none
220,220_e03,implementation_grounding,other,Persona,Rational,135,2.0,,,False,2.0,single_scorer,0.85,True,,none
220,220_e03,premature_convergence_risk,other,Persona,Rational,135,0.0,,,False,0.0,single_scorer,0.99,True,,none
220,220_e03,reframing_quality,other,Persona,Rational,135,3.0,,,False,3.0,single_scorer,0.95,True,,none
220,220_e03,runaway_divergence_risk,other,Persona,Rational,135,0.0,,,False,0.0,single_scorer,0.98,True,,none
220,220_e03,stance_integrity,other,Persona,Rational,135,4.0,,,False,4.0,single_scorer,0.99,True,,none
220,220_e03,timing_fit,other,Persona,Rational,135,4.0,,,False,4.0,single_scorer,0.98,True,,none
221,221_e01,agency_preservation,opening_frame,Persona,Rational,66,4.0,,,False,4.0,single_scorer,0.95,True,,none
221,221_e01,anchor_management,opening_frame,Persona,Rational,66,3.0,,,False,3.0,single_scorer,0.95,True,,none
221,221_e01,cognitive_load_clarity,opening_frame,Persona,Rational,66,3.0,,,False,3.0,single_scorer,0.9,True,,none
221,221_e01,coregulation_uptake,opening_frame,Persona,Rational,66,3.0,,,False,3.0,single_scorer,0.95,True,,none
221,221_e01,evaluative_discipline,opening_frame,Persona,Rational,66,2.0,,,False,2.0,single_scorer,0.85,True,,none
221,221_e01,exploration_opening,opening_frame,Persona,Rational,66,3.0,,,False,3.0,single_scorer,0.95,True,,none
221,221_e01,implementation_grounding,opening_frame,Persona,Rational,66,1.0,,,False,1.0,single_scorer,0.8,True,,none
221,221_e01,premature_convergence_risk,opening_frame,Persona,Rational,66,0.0,,,False,0.0,single_scorer,1.0,True,,none
221,221_e01,reframing_quality,opening_frame,Persona,Rational,66,3.0,,,False,3.0,single_scorer,0.95,True,,none
221,221_e01,runaway_divergence_risk,opening_frame,Persona,Rational,66,0.0,,,False,0.0,single_scorer,1.0,True,,none
221,221_e01,stance_integrity,opening_frame,Persona,Rational,66,4.0,,,False,4.0,single_scorer,0.95,True,,none
221,221_e01,timing_fit,opening_frame,Persona,Rational,66,4.0,,,False,4.0,single_scorer,0.95,True,,none
221,221_e02,agency_preservation,other,Persona,Rational,75,4.0,,,False,4.0,single_scorer,1.0,True,,none
221,221_e02,anchor_management,other,Persona,Rational,75,3.0,,,False,3.0,single_scorer,1.0,True,,none
221,221_e02,cognitive_load_clarity,other,Persona,Rational,75,3.0,,,False,3.0,single_scorer,1.0,True,,none
221,221_e02,coregulation_uptake,other,Persona,Rational,75,3.0,,,False,3.0,single_scorer,1.0,True,,none
221,221_e02,evaluative_discipline,other,Persona,Rational,75,2.0,,,False,2.0,single_scorer,1.0,True,,none
221,221_e02,exploration_opening,other,Persona,Rational,75,4.0,,,False,4.0,single_scorer,1.0,True,,none
221,221_e02,implementation_grounding,other,Persona,Rational,75,2.0,,,False,2.0,single_scorer,1.0,True,,none
221,221_e02,premature_convergence_risk,other,Persona,Rational,75,0.0,,,False,0.0,single_scorer,1.0,True,,none
221,221_e02,reframing_quality,other,Persona,Rational,75,3.0,,,False,3.0,single_scorer,1.0,True,,none
221,221_e02,runaway_divergence_risk,other,Persona,Rational,75,1.0,,,False,1.0,single_scorer,1.0,True,,none
221,221_e02,stance_integrity,other,Persona,Rational,75,4.0,,,False,4.0,single_scorer,1.0,True,,none
221,221_e02,timing_fit,other,Persona,Rational,75,4.0,,,False,4.0,single_scorer,1.0,True,,none
221,221_e03,agency_preservation,other,Persona,Rational,99,4.0,,,False,4.0,single_scorer,0.98,True,,none
221,221_e03,anchor_management,other,Persona,Rational,99,3.0,,,False,3.0,single_scorer,0.92,True,,none
221,221_e03,cognitive_load_clarity,other,Persona,Rational,99,3.0,,,False,3.0,single_scorer,0.93,True,,none
221,221_e03,coregulation_uptake,other,Persona,Rational,99,3.0,,,False,3.0,single_scorer,0.96,True,,none
221,221_e03,evaluative_discipline,other,Persona,Rational,99,2.0,,,False,2.0,single_scorer,0.85,True,,none
221,221_e03,exploration_opening,other,Persona,Rational,99,3.0,,,False,3.0,single_scorer,0.95,True,,none
221,221_e03,implementation_grounding,other,Persona,Rational,99,2.0,,,False,2.0,single_scorer,0.75,True,,none
221,221_e03,premature_convergence_risk,other,Persona,Rational,99,0.0,,,False,0.0,single_scorer,1.0,True,,none
221,221_e03,reframing_quality,other,Persona,Rational,99,3.0,,,False,3.0,single_scorer,0.95,True,,none
221,221_e03,runaway_divergence_risk,other,Persona,Rational,99,0.0,,,False,0.0,single_scorer,1.0,True,,none
221,221_e03,stance_integrity,other,Persona,Rational,99,4.0,,,False,4.0,single_scorer,0.99,True,,none
221,221_e03,timing_fit,other,Persona,Rational,99,4.0,,,False,4.0,single_scorer,0.97,True,,none
221,221_e07,agency_preservation,ideation_burst,Persona,Rational,102,3.0,3.0,0.0,False,3.0,keep_mean,0.975,True,True,none
221,221_e07,anchor_management,ideation_burst,Persona,Rational,102,2.0,3.0,1.0,False,2.5,keep_mean,0.9,True,True,none
221,221_e07,cognitive_load_clarity,ideation_burst,Persona,Rational,102,3.0,4.0,1.0,False,3.5,keep_mean,0.975,True,True,none
221,221_e07,coregulation_uptake,ideation_burst,Persona,Rational,102,3.0,3.0,0.0,False,3.0,keep_mean,0.975,True,True,none
221,221_e07,evaluative_discipline,ideation_burst,Persona,Rational,102,2.0,2.0,0.0,False,2.0,keep_mean,0.9,True,True,none
221,221_e07,exploration_opening,ideation_burst,Persona,Rational,102,3.0,4.0,1.0,False,3.5,keep_mean,0.975,True,True,none
221,221_e07,implementation_grounding,ideation_burst,Persona,Rational,102,3.0,3.0,0.0,False,3.0,keep_mean,0.925,True,True,none
221,221_e07,premature_convergence_risk,ideation_burst,Persona,Rational,102,1.0,1.0,0.0,False,1.0,keep_mean,0.9,True,True,none
221,221_e07,reframing_quality,ideation_burst,Persona,Rational,102,3.0,3.0,0.0,False,3.0,keep_mean,0.975,True,True,none
221,221_e07,runaway_divergence_risk,ideation_burst,Persona,Rational,102,1.0,1.0,0.0,False,1.0,keep_mean,0.95,True,True,none
221,221_e07,stance_integrity,ideation_burst,Persona,Rational,102,4.0,4.0,0.0,False,4.0,keep_mean,0.975,True,True,none
221,221_e07,timing_fit,ideation_burst,Persona,Rational,102,4.0,4.0,0.0,False,4.0,keep_mean,0.975,True,True,none
222,222_e01,agency_preservation,opening_frame,Persona,Rational,88,4.0,,,False,4.0,single_scorer,1.0,True,,none
222,222_e01,anchor_management,opening_frame,Persona,Rational,88,3.0,,,False,3.0,single_scorer,1.0,True,,none
222,222_e01,cognitive_load_clarity,opening_frame,Persona,Rational,88,3.0,,,False,3.0,single_scorer,1.0,True,,none
222,222_e01,coregulation_uptake,opening_frame,Persona,Rational,88,3.0,,,False,3.0,single_scorer,1.0,True,,none
222,222_e01,evaluative_discipline,opening_frame,Persona,Rational,88,2.0,,,False,2.0,single_scorer,1.0,True,,none
222,222_e01,exploration_opening,opening_frame,Persona,Rational,88,4.0,,,False,4.0,single_scorer,1.0,True,,none
222,222_e01,implementation_grounding,opening_frame,Persona,Rational,88,1.0,,,False,1.0,single_scorer,1.0,True,,none
222,222_e01,premature_convergence_risk,opening_frame,Persona,Rational,88,0.0,,,False,0.0,single_scorer,1.0,True,,none
222,222_e01,reframing_quality,opening_frame,Persona,Rational,88,3.0,,,False,3.0,single_scorer,1.0,True,,none
222,222_e01,runaway_divergence_risk,opening_frame,Persona,Rational,88,0.0,,,False,0.0,single_scorer,1.0,True,,none
222,222_e01,stance_integrity,opening_frame,Persona,Rational,88,4.0,,,False,4.0,single_scorer,1.0,True,,none
222,222_e01,timing_fit,opening_frame,Persona,Rational,88,4.0,,,False,4.0,single_scorer,1.0,True,,none
222,222_e02,agency_preservation,critique_event,Persona,Rational,353,4.0,,,False,4.0,single_scorer,0.95,True,,none
222,222_e02,anchor_management,critique_event,Persona,Rational,353,3.0,,,False,3.0,single_scorer,0.95,True,,none
222,222_e02,cognitive_load_clarity,critique_event,Persona,Rational,353,4.0,,,False,4.0,single_scorer,0.95,True,,none
222,222_e02,coregulation_uptake,critique_event,Persona,Rational,353,3.0,,,False,3.0,single_scorer,0.95,True,,none
222,222_e02,evaluative_discipline,critique_event,Persona,Rational,353,3.0,,,False,3.0,single_scorer,0.95,True,,none
222,222_e02,exploration_opening,critique_event,Persona,Rational,353,3.0,,,False,3.0,single_scorer,0.95,True,,none
222,222_e02,implementation_grounding,critique_event,Persona,Rational,353,3.0,,,False,3.0,single_scorer,0.95,True,,none
222,222_e02,premature_convergence_risk,critique_event,Persona,Rational,353,0.0,,,False,0.0,single_scorer,0.95,True,,none
222,222_e02,reframing_quality,critique_event,Persona,Rational,353,3.0,,,False,3.0,single_scorer,0.95,True,,none
222,222_e02,runaway_divergence_risk,critique_event,Persona,Rational,353,0.0,,,False,0.0,single_scorer,0.95,True,,none
222,222_e02,stance_integrity,critique_event,Persona,Rational,353,4.0,,,False,4.0,single_scorer,0.95,True,,none
222,222_e02,timing_fit,critique_event,Persona,Rational,353,4.0,,,False,4.0,single_scorer,0.95,True,,none
223,223_e01,agency_preservation,opening_frame,Persona,Rational,111,3.0,,,False,3.0,single_scorer,0.9,True,,none
223,223_e01,anchor_management,opening_frame,Persona,Rational,111,2.0,,,False,2.0,single_scorer,0.85,True,,none
223,223_e01,cognitive_load_clarity,opening_frame,Persona,Rational,111,3.0,,,False,3.0,single_scorer,0.9,True,,none
223,223_e01,coregulation_uptake,opening_frame,Persona,Rational,111,3.0,,,False,3.0,single_scorer,0.9,True,,none
223,223_e01,evaluative_discipline,opening_frame,Persona,Rational,111,1.0,,,False,1.0,single_scorer,0.8,True,,none
223,223_e01,exploration_opening,opening_frame,Persona,Rational,111,3.0,,,False,3.0,single_scorer,0.95,True,,none
223,223_e01,implementation_grounding,opening_frame,Persona,Rational,111,1.0,,,False,1.0,single_scorer,0.7,True,,none
223,223_e01,premature_convergence_risk,opening_frame,Persona,Rational,111,0.0,,,False,0.0,single_scorer,1.0,True,,none
223,223_e01,reframing_quality,opening_frame,Persona,Rational,111,2.0,,,False,2.0,single_scorer,0.9,True,,none
223,223_e01,runaway_divergence_risk,opening_frame,Persona,Rational,111,1.0,,,False,1.0,single_scorer,0.9,True,,none
223,223_e01,stance_integrity,opening_frame,Persona,Rational,111,4.0,,,False,4.0,single_scorer,1.0,True,,none
223,223_e01,timing_fit,opening_frame,Persona,Rational,111,4.0,,,False,4.0,single_scorer,1.0,True,,none
224,224_e01,agency_preservation,opening_frame,Persona,Rational,73,4.0,,,False,4.0,single_scorer,1.0,True,,none
224,224_e01,anchor_management,opening_frame,Persona,Rational,73,3.0,,,False,3.0,single_scorer,1.0,True,,none
224,224_e01,cognitive_load_clarity,opening_frame,Persona,Rational,73,4.0,,,False,4.0,single_scorer,1.0,True,,none
224,224_e01,coregulation_uptake,opening_frame,Persona,Rational,73,3.0,,,False,3.0,single_scorer,1.0,True,,none
224,224_e01,evaluative_discipline,opening_frame,Persona,Rational,73,2.0,,,False,2.0,single_scorer,1.0,True,,none
224,224_e01,exploration_opening,opening_frame,Persona,Rational,73,4.0,,,False,4.0,single_scorer,1.0,True,,none
224,224_e01,implementation_grounding,opening_frame,Persona,Rational,73,1.0,,,False,1.0,single_scorer,1.0,True,,none
224,224_e01,premature_convergence_risk,opening_frame,Persona,Rational,73,0.0,,,False,0.0,single_scorer,1.0,True,,none
224,224_e01,reframing_quality,opening_frame,Persona,Rational,73,3.0,,,False,3.0,single_scorer,1.0,True,,none
224,224_e01,runaway_divergence_risk,opening_frame,Persona,Rational,73,0.0,,,False,0.0,single_scorer,1.0,True,,none
224,224_e01,stance_integrity,opening_frame,Persona,Rational,73,4.0,,,False,4.0,single_scorer,1.0,True,,none
224,224_e01,timing_fit,opening_frame,Persona,Rational,73,4.0,,,False,4.0,single_scorer,1.0,True,,none
224,224_e04,agency_preservation,critique_event,Persona,Rational,101,3.0,,,False,3.0,single_scorer,1.0,True,,none
224,224_e04,anchor_management,critique_event,Persona,Rational,101,3.0,,,False,3.0,single_scorer,1.0,True,,none
224,224_e04,cognitive_load_clarity,critique_event,Persona,Rational,101,4.0,,,False,4.0,single_scorer,1.0,True,,none
224,224_e04,coregulation_uptake,critique_event,Persona,Rational,101,3.0,,,False,3.0,single_scorer,1.0,True,,none
224,224_e04,evaluative_discipline,critique_event,Persona,Rational,101,3.0,,,False,3.0,single_scorer,1.0,True,,none
224,224_e04,exploration_opening,critique_event,Persona,Rational,101,3.0,,,False,3.0,single_scorer,1.0,True,,none
224,224_e04,implementation_grounding,critique_event,Persona,Rational,101,3.0,,,False,3.0,single_scorer,1.0,True,,none
224,224_e04,premature_convergence_risk,critique_event,Persona,Rational,101,0.0,,,False,0.0,single_scorer,1.0,True,,none
224,224_e04,reframing_quality,critique_event,Persona,Rational,101,3.0,,,False,3.0,single_scorer,1.0,True,,none
224,224_e04,runaway_divergence_risk,critique_event,Persona,Rational,101,0.0,,,False,0.0,single_scorer,1.0,True,,none
224,224_e04,stance_integrity,critique_event,Persona,Rational,101,4.0,,,False,4.0,single_scorer,1.0,True,,none
224,224_e04,timing_fit,critique_event,Persona,Rational,101,4.0,,,False,4.0,single_scorer,1.0,True,,none
224,224_e08,agency_preservation,user_agency_event,Persona,Rational,60,4.0,,,False,4.0,single_scorer,1.0,True,,none
224,224_e08,anchor_management,user_agency_event,Persona,Rational,60,3.0,,,False,3.0,single_scorer,1.0,True,,none
224,224_e08,cognitive_load_clarity,user_agency_event,Persona,Rational,60,3.0,,,False,3.0,single_scorer,1.0,True,,none
224,224_e08,coregulation_uptake,user_agency_event,Persona,Rational,60,3.0,,,False,3.0,single_scorer,1.0,True,,none
224,224_e08,evaluative_discipline,user_agency_event,Persona,Rational,60,0.0,,,False,0.0,single_scorer,0.5,True,,none
224,224_e08,exploration_opening,user_agency_event,Persona,Rational,60,4.0,,,False,4.0,single_scorer,1.0,True,,none
224,224_e08,implementation_grounding,user_agency_event,Persona,Rational,60,1.0,,,False,1.0,single_scorer,1.0,True,,none
224,224_e08,premature_convergence_risk,user_agency_event,Persona,Rational,60,0.0,,,False,0.0,single_scorer,1.0,True,,none
224,224_e08,reframing_quality,user_agency_event,Persona,Rational,60,3.0,,,False,3.0,single_scorer,1.0,True,,none
224,224_e08,runaway_divergence_risk,user_agency_event,Persona,Rational,60,0.0,,,False,0.0,single_scorer,1.0,True,,none
224,224_e08,stance_integrity,user_agency_event,Persona,Rational,60,4.0,,,False,4.0,single_scorer,1.0,True,,none
224,224_e08,timing_fit,user_agency_event,Persona,Rational,60,4.0,,,False,4.0,single_scorer,1.0,True,,none
227,227_e06,agency_preservation,user_agency_event,GPT,GPT,170,,3.0,,False,3.0,scorer_b_only,0.9,,True,
227,227_e06,anchor_management,user_agency_event,GPT,GPT,170,,1.0,,False,1.0,scorer_b_only,0.8,,True,
227,227_e06,cognitive_load_clarity,user_agency_event,GPT,GPT,170,,3.0,,False,3.0,scorer_b_only,0.9,,True,
227,227_e06,coregulation_uptake,user_agency_event,GPT,GPT,170,,2.0,,False,2.0,scorer_b_only,0.7,,True,
227,227_e06,evaluative_discipline,user_agency_event,GPT,GPT,170,,0.0,,False,0.0,scorer_b_only,0.9,,True,
227,227_e06,exploration_opening,user_agency_event,GPT,GPT,170,,2.0,,False,2.0,scorer_b_only,0.8,,True,
227,227_e06,implementation_grounding,user_agency_event,GPT,GPT,170,,1.0,,False,1.0,scorer_b_only,0.8,,True,
227,227_e06,premature_convergence_risk,user_agency_event,GPT,GPT,170,,0.0,,False,0.0,scorer_b_only,0.9,,True,
227,227_e06,reframing_quality,user_agency_event,GPT,GPT,170,,1.0,,False,1.0,scorer_b_only,0.9,,True,
227,227_e06,runaway_divergence_risk,user_agency_event,GPT,GPT,170,,3.0,,False,3.0,scorer_b_only,0.8,,True,
227,227_e06,stance_integrity,user_agency_event,GPT,GPT,170,,4.0,,False,4.0,scorer_b_only,0.9,,True,
227,227_e06,timing_fit,user_agency_event,GPT,GPT,170,,3.0,,False,3.0,scorer_b_only,0.9,,True,
244,244_e02,agency_preservation,repair_event,GPT,GPT,76,3.0,,,False,3.0,single_scorer,0.8,True,,none
244,244_e02,anchor_management,repair_event,GPT,GPT,76,1.0,,,False,1.0,single_scorer,0.7,True,,none
244,244_e02,cognitive_load_clarity,repair_event,GPT,GPT,76,3.0,,,False,3.0,single_scorer,0.9,True,,none
244,244_e02,coregulation_uptake,repair_event,GPT,GPT,76,2.0,,,False,2.0,single_scorer,0.6,True,,none
244,244_e02,evaluative_discipline,repair_event,GPT,GPT,76,1.0,,,False,1.0,single_scorer,0.7,True,,none
244,244_e02,exploration_opening,repair_event,GPT,GPT,76,2.0,,,False,2.0,single_scorer,0.8,True,,none
244,244_e02,implementation_grounding,repair_event,GPT,GPT,76,2.0,,,False,2.0,single_scorer,0.8,True,,none
244,244_e02,premature_convergence_risk,repair_event,GPT,GPT,76,0.0,,,False,0.0,single_scorer,0.9,True,,none
244,244_e02,reframing_quality,repair_event,GPT,GPT,76,0.0,,,False,0.0,single_scorer,0.9,True,,none
244,244_e02,runaway_divergence_risk,repair_event,GPT,GPT,76,0.0,,,False,0.0,single_scorer,0.9,True,,none
244,244_e02,stance_integrity,repair_event,GPT,GPT,76,3.0,,,False,3.0,single_scorer,0.9,True,,none
244,244_e02,timing_fit,repair_event,GPT,GPT,76,3.0,,,False,3.0,single_scorer,0.9,True,,none
296,296_e02,agency_preservation,other,Persona,Divergent,60,3.0,,,False,3.0,single_scorer,0.9,True,,none
296,296_e02,anchor_management,other,Persona,Divergent,60,2.0,,,False,2.0,single_scorer,0.8,True,,none
296,296_e02,cognitive_load_clarity,other,Persona,Divergent,60,3.0,,,False,3.0,single_scorer,0.9,True,,none
296,296_e02,coregulation_uptake,other,Persona,Divergent,60,3.0,,,False,3.0,single_scorer,0.9,True,,none
296,296_e02,evaluative_discipline,other,Persona,Divergent,60,2.0,,,False,2.0,single_scorer,0.7,True,,none
296,296_e02,exploration_opening,other,Persona,Divergent,60,3.0,,,False,3.0,single_scorer,0.9,True,,none
296,296_e02,implementation_grounding,other,Persona,Divergent,60,2.0,,,False,2.0,single_scorer,0.7,True,,none
296,296_e02,premature_convergence_risk,other,Persona,Divergent,60,1.0,,,False,1.0,single_scorer,0.8,True,,none
296,296_e02,reframing_quality,other,Persona,Divergent,60,3.0,,,False,3.0,single_scorer,0.9,True,,none
296,296_e02,runaway_divergence_risk,other,Persona,Divergent,60,0.0,,,False,0.0,single_scorer,1.0,True,,none
296,296_e02,stance_integrity,other,Persona,Divergent,60,4.0,,,False,4.0,single_scorer,1.0,True,,none
296,296_e02,timing_fit,other,Persona,Divergent,60,4.0,,,False,4.0,single_scorer,1.0,True,,none
296,296_e05,agency_preservation,other,Persona,Divergent,68,3.0,,,False,3.0,single_scorer,0.9,True,,none
296,296_e05,anchor_management,other,Persona,Divergent,68,2.0,,,False,2.0,single_scorer,0.7,True,,none
296,296_e05,cognitive_load_clarity,other,Persona,Divergent,68,3.0,,,False,3.0,single_scorer,0.9,True,,none
296,296_e05,coregulation_uptake,other,Persona,Divergent,68,3.0,,,False,3.0,single_scorer,0.9,True,,none
296,296_e05,evaluative_discipline,other,Persona,Divergent,68,2.0,,,False,2.0,single_scorer,0.6,True,,none
296,296_e05,exploration_opening,other,Persona,Divergent,68,2.0,,,False,2.0,single_scorer,0.8,True,,none
296,296_e05,implementation_grounding,other,Persona,Divergent,68,2.0,,,False,2.0,single_scorer,0.6,True,,none
296,296_e05,premature_convergence_risk,other,Persona,Divergent,68,1.0,,,False,1.0,single_scorer,0.7,True,,none
296,296_e05,reframing_quality,other,Persona,Divergent,68,1.0,,,False,1.0,single_scorer,0.7,True,,none
296,296_e05,runaway_divergence_risk,other,Persona,Divergent,68,0.0,,,False,0.0,single_scorer,1.0,True,,none
296,296_e05,stance_integrity,other,Persona,Divergent,68,3.0,,,False,3.0,single_scorer,0.9,True,,none
296,296_e05,timing_fit,other,Persona,Divergent,68,3.0,,,False,3.0,single_scorer,0.8,True,,none
297,297_e01,agency_preservation,opening_frame,Persona,Divergent,80,3.0,,,False,3.0,single_scorer,1.0,True,,none
297,297_e01,anchor_management,opening_frame,Persona,Divergent,80,3.0,,,False,3.0,single_scorer,1.0,True,,none
297,297_e01,cognitive_load_clarity,opening_frame,Persona,Divergent,80,3.0,,,False,3.0,single_scorer,1.0,True,,none
297,297_e01,coregulation_uptake,opening_frame,Persona,Divergent,80,3.0,,,False,3.0,single_scorer,1.0,True,,none
297,297_e01,evaluative_discipline,opening_frame,Persona,Divergent,80,1.0,,,False,1.0,single_scorer,1.0,True,,none
297,297_e01,exploration_opening,opening_frame,Persona,Divergent,80,4.0,,,False,4.0,single_scorer,1.0,True,,none
297,297_e01,implementation_grounding,opening_frame,Persona,Divergent,80,1.0,,,False,1.0,single_scorer,1.0,True,,none
297,297_e01,premature_convergence_risk,opening_frame,Persona,Divergent,80,0.0,,,False,0.0,single_scorer,1.0,True,,none
297,297_e01,reframing_quality,opening_frame,Persona,Divergent,80,3.0,,,False,3.0,single_scorer,1.0,True,,none
297,297_e01,runaway_divergence_risk,opening_frame,Persona,Divergent,80,1.0,,,False,1.0,single_scorer,1.0,True,,none
297,297_e01,stance_integrity,opening_frame,Persona,Divergent,80,4.0,,,False,4.0,single_scorer,1.0,True,,none
297,297_e01,timing_fit,opening_frame,Persona,Divergent,80,4.0,,,False,4.0,single_scorer,1.0,True,,none
297,297_e05,agency_preservation,ideation_burst,Persona,Divergent,175,4.0,,,False,4.0,single_scorer,1.0,True,,none
297,297_e05,anchor_management,ideation_burst,Persona,Divergent,175,3.0,,,False,3.0,single_scorer,1.0,True,,none
297,297_e05,cognitive_load_clarity,ideation_burst,Persona,Divergent,175,4.0,,,False,4.0,single_scorer,1.0,True,,none
297,297_e05,coregulation_uptake,ideation_burst,Persona,Divergent,175,4.0,,,False,4.0,single_scorer,1.0,True,,none
297,297_e05,evaluative_discipline,ideation_burst,Persona,Divergent,175,2.0,,,False,2.0,single_scorer,1.0,True,,none
297,297_e05,exploration_opening,ideation_burst,Persona,Divergent,175,4.0,,,False,4.0,single_scorer,1.0,True,,none
297,297_e05,implementation_grounding,ideation_burst,Persona,Divergent,175,3.0,,,False,3.0,single_scorer,1.0,True,,none
297,297_e05,premature_convergence_risk,ideation_burst,Persona,Divergent,175,0.0,,,False,0.0,single_scorer,1.0,True,,none
297,297_e05,reframing_quality,ideation_burst,Persona,Divergent,175,3.0,,,False,3.0,single_scorer,1.0,True,,none
297,297_e05,runaway_divergence_risk,ideation_burst,Persona,Divergent,175,0.0,,,False,0.0,single_scorer,1.0,True,,none
297,297_e05,stance_integrity,ideation_burst,Persona,Divergent,175,4.0,,,False,4.0,single_scorer,1.0,True,,none
297,297_e05,timing_fit,ideation_burst,Persona,Divergent,175,4.0,,,False,4.0,single_scorer,1.0,True,,none
298,298_e04,agency_preservation,other,Persona,Divergent,143,4.0,,,False,4.0,single_scorer,0.98,True,,none
298,298_e04,anchor_management,other,Persona,Divergent,143,3.0,,,False,3.0,single_scorer,0.95,True,,none
298,298_e04,cognitive_load_clarity,other,Persona,Divergent,143,3.0,,,False,3.0,single_scorer,0.96,True,,none
298,298_e04,coregulation_uptake,other,Persona,Divergent,143,3.0,,,False,3.0,single_scorer,0.97,True,,none
298,298_e04,evaluative_discipline,other,Persona,Divergent,143,2.0,,,False,2.0,single_scorer,0.8,True,,none
298,298_e04,exploration_opening,other,Persona,Divergent,143,3.0,,,False,3.0,single_scorer,0.95,True,,none
298,298_e04,implementation_grounding,other,Persona,Divergent,143,2.0,,,False,2.0,single_scorer,0.8,True,,none
298,298_e04,premature_convergence_risk,other,Persona,Divergent,143,0.0,,,False,0.0,single_scorer,1.0,True,,none
298,298_e04,reframing_quality,other,Persona,Divergent,143,3.0,,,False,3.0,single_scorer,0.95,True,,none
298,298_e04,runaway_divergence_risk,other,Persona,Divergent,143,1.0,,,False,1.0,single_scorer,0.9,True,,none
298,298_e04,stance_integrity,other,Persona,Divergent,143,4.0,,,False,4.0,single_scorer,0.99,True,,none
298,298_e04,timing_fit,other,Persona,Divergent,143,4.0,,,False,4.0,single_scorer,0.99,True,,none
298,298_e05,agency_preservation,ideation_burst,Persona,Divergent,188,4.0,4.0,0.0,False,4.0,keep_mean,1.0,True,True,none
298,298_e05,anchor_management,ideation_burst,Persona,Divergent,188,3.0,3.0,0.0,False,3.0,keep_mean,1.0,True,True,none
298,298_e05,cognitive_load_clarity,ideation_burst,Persona,Divergent,188,4.0,3.0,1.0,False,3.5,keep_mean,1.0,True,True,none
298,298_e05,coregulation_uptake,ideation_burst,Persona,Divergent,188,3.0,4.0,1.0,False,3.5,keep_mean,1.0,True,True,none
298,298_e05,evaluative_discipline,ideation_burst,Persona,Divergent,188,2.0,1.0,1.0,False,1.5,keep_mean,1.0,True,True,none
298,298_e05,exploration_opening,ideation_burst,Persona,Divergent,188,4.0,4.0,0.0,False,4.0,keep_mean,1.0,True,True,none
298,298_e05,implementation_grounding,ideation_burst,Persona,Divergent,188,3.0,2.0,1.0,False,2.5,keep_mean,1.0,True,True,none
298,298_e05,premature_convergence_risk,ideation_burst,Persona,Divergent,188,0.0,0.0,0.0,False,0.0,keep_mean,1.0,True,True,none
298,298_e05,reframing_quality,ideation_burst,Persona,Divergent,188,3.0,3.0,0.0,False,3.0,keep_mean,1.0,True,True,none
298,298_e05,runaway_divergence_risk,ideation_burst,Persona,Divergent,188,0.0,1.0,1.0,False,0.5,keep_mean,1.0,True,True,none
298,298_e05,stance_integrity,ideation_burst,Persona,Divergent,188,4.0,4.0,0.0,False,4.0,keep_mean,1.0,True,True,none
298,298_e05,timing_fit,ideation_burst,Persona,Divergent,188,4.0,4.0,0.0,False,4.0,keep_mean,1.0,True,True,none
299,299_e01,agency_preservation,opening_frame,Persona,Divergent,86,4.0,,,False,4.0,single_scorer,1.0,True,,none
299,299_e01,anchor_management,opening_frame,Persona,Divergent,86,3.0,,,False,3.0,single_scorer,1.0,True,,none
299,299_e01,cognitive_load_clarity,opening_frame,Persona,Divergent,86,3.0,,,False,3.0,single_scorer,1.0,True,,none
299,299_e01,coregulation_uptake,opening_frame,Persona,Divergent,86,3.0,,,False,3.0,single_scorer,1.0,True,,none
299,299_e01,evaluative_discipline,opening_frame,Persona,Divergent,86,1.0,,,False,1.0,single_scorer,1.0,True,,none
299,299_e01,exploration_opening,opening_frame,Persona,Divergent,86,4.0,,,False,4.0,single_scorer,1.0,True,,none
299,299_e01,implementation_grounding,opening_frame,Persona,Divergent,86,1.0,,,False,1.0,single_scorer,1.0,True,,none
299,299_e01,premature_convergence_risk,opening_frame,Persona,Divergent,86,0.0,,,False,0.0,single_scorer,1.0,True,,none
299,299_e01,reframing_quality,opening_frame,Persona,Divergent,86,3.0,,,False,3.0,single_scorer,1.0,True,,none
299,299_e01,runaway_divergence_risk,opening_frame,Persona,Divergent,86,1.0,,,False,1.0,single_scorer,1.0,True,,none
299,299_e01,stance_integrity,opening_frame,Persona,Divergent,86,4.0,,,False,4.0,single_scorer,1.0,True,,none
299,299_e01,timing_fit,opening_frame,Persona,Divergent,86,4.0,,,False,4.0,single_scorer,1.0,True,,none
299,299_e04,agency_preservation,commitment_event,Persona,Divergent,139,3.0,,,False,3.0,single_scorer,1.0,True,,none
299,299_e04,anchor_management,commitment_event,Persona,Divergent,139,3.0,,,False,3.0,single_scorer,1.0,True,,none
299,299_e04,cognitive_load_clarity,commitment_event,Persona,Divergent,139,4.0,,,False,4.0,single_scorer,1.0,True,,none
299,299_e04,coregulation_uptake,commitment_event,Persona,Divergent,139,3.0,,,False,3.0,single_scorer,1.0,True,,none
299,299_e04,evaluative_discipline,commitment_event,Persona,Divergent,139,3.0,,,False,3.0,single_scorer,1.0,True,,none
299,299_e04,exploration_opening,commitment_event,Persona,Divergent,139,4.0,,,False,4.0,single_scorer,1.0,True,,none
299,299_e04,implementation_grounding,commitment_event,Persona,Divergent,139,4.0,,,False,4.0,single_scorer,1.0,True,,none
299,299_e04,premature_convergence_risk,commitment_event,Persona,Divergent,139,0.0,,,False,0.0,single_scorer,1.0,True,,none
299,299_e04,reframing_quality,commitment_event,Persona,Divergent,139,3.0,,,False,3.0,single_scorer,1.0,True,,none
299,299_e04,runaway_divergence_risk,commitment_event,Persona,Divergent,139,0.0,,,False,0.0,single_scorer,1.0,True,,none
299,299_e04,stance_integrity,commitment_event,Persona,Divergent,139,4.0,,,False,4.0,single_scorer,1.0,True,,none
299,299_e04,timing_fit,commitment_event,Persona,Divergent,139,4.0,,,False,4.0,single_scorer,1.0,True,,none
300,300_e04,agency_preservation,ideation_burst,Persona,Divergent,117,3.0,,,False,3.0,single_scorer,1.0,True,,none
300,300_e04,anchor_management,ideation_burst,Persona,Divergent,117,3.0,,,False,3.0,single_scorer,1.0,True,,none
300,300_e04,cognitive_load_clarity,ideation_burst,Persona,Divergent,117,3.0,,,False,3.0,single_scorer,1.0,True,,none
300,300_e04,coregulation_uptake,ideation_burst,Persona,Divergent,117,3.0,,,False,3.0,single_scorer,1.0,True,,none
300,300_e04,evaluative_discipline,ideation_burst,Persona,Divergent,117,2.0,,,False,2.0,single_scorer,1.0,True,,none
300,300_e04,exploration_opening,ideation_burst,Persona,Divergent,117,4.0,,,False,4.0,single_scorer,1.0,True,,none
300,300_e04,implementation_grounding,ideation_burst,Persona,Divergent,117,2.0,,,False,2.0,single_scorer,1.0,True,,none
300,300_e04,premature_convergence_risk,ideation_burst,Persona,Divergent,117,1.0,,,False,1.0,single_scorer,1.0,True,,none
300,300_e04,reframing_quality,ideation_burst,Persona,Divergent,117,3.0,,,False,3.0,single_scorer,1.0,True,,none
300,300_e04,runaway_divergence_risk,ideation_burst,Persona,Divergent,117,1.0,,,False,1.0,single_scorer,1.0,True,,none
300,300_e04,stance_integrity,ideation_burst,Persona,Divergent,117,4.0,,,False,4.0,single_scorer,1.0,True,,none
300,300_e04,timing_fit,ideation_burst,Persona,Divergent,117,4.0,,,False,4.0,single_scorer,1.0,True,,none
301,301_e03,agency_preservation,ideation_burst,Persona,Divergent,233,3.0,,,False,3.0,single_scorer,1.0,True,,none
301,301_e03,anchor_management,ideation_burst,Persona,Divergent,233,3.0,,,False,3.0,single_scorer,1.0,True,,none
301,301_e03,cognitive_load_clarity,ideation_burst,Persona,Divergent,233,4.0,,,False,4.0,single_scorer,1.0,True,,none
301,301_e03,coregulation_uptake,ideation_burst,Persona,Divergent,233,3.0,,,False,3.0,single_scorer,1.0,True,,none
301,301_e03,evaluative_discipline,ideation_burst,Persona,Divergent,233,3.0,,,False,3.0,single_scorer,1.0,True,,none
301,301_e03,exploration_opening,ideation_burst,Persona,Divergent,233,4.0,,,False,4.0,single_scorer,1.0,True,,none
301,301_e03,implementation_grounding,ideation_burst,Persona,Divergent,233,3.0,,,False,3.0,single_scorer,1.0,True,,none
301,301_e03,premature_convergence_risk,ideation_burst,Persona,Divergent,233,0.0,,,False,0.0,single_scorer,1.0,True,,none
301,301_e03,reframing_quality,ideation_burst,Persona,Divergent,233,3.0,,,False,3.0,single_scorer,1.0,True,,none
301,301_e03,runaway_divergence_risk,ideation_burst,Persona,Divergent,233,0.0,,,False,0.0,single_scorer,1.0,True,,none
301,301_e03,stance_integrity,ideation_burst,Persona,Divergent,233,4.0,,,False,4.0,single_scorer,1.0,True,,none
301,301_e03,timing_fit,ideation_burst,Persona,Divergent,233,4.0,,,False,4.0,single_scorer,1.0,True,,none
304,304_e10,agency_preservation,repair_event,GPT,GPT,81,3.0,,,False,3.0,single_scorer,0.9,True,,none
304,304_e10,anchor_management,repair_event,GPT,GPT,81,1.0,,,False,1.0,single_scorer,0.8,True,,none
304,304_e10,cognitive_load_clarity,repair_event,GPT,GPT,81,3.0,,,False,3.0,single_scorer,0.9,True,,none
304,304_e10,coregulation_uptake,repair_event,GPT,GPT,81,2.0,,,False,2.0,single_scorer,0.7,True,,none
304,304_e10,evaluative_discipline,repair_event,GPT,GPT,81,1.0,,,False,1.0,single_scorer,0.7,True,,none
304,304_e10,exploration_opening,repair_event,GPT,GPT,81,2.0,,,False,2.0,single_scorer,0.8,True,,none
304,304_e10,implementation_grounding,repair_event,GPT,GPT,81,2.0,,,False,2.0,single_scorer,0.7,True,,none
304,304_e10,premature_convergence_risk,repair_event,GPT,GPT,81,1.0,,,False,1.0,single_scorer,0.8,True,,none
304,304_e10,reframing_quality,repair_event,GPT,GPT,81,1.0,,,False,1.0,single_scorer,0.9,True,,none
304,304_e10,runaway_divergence_risk,repair_event,GPT,GPT,81,1.0,,,False,1.0,single_scorer,0.8,True,,none
304,304_e10,stance_integrity,repair_event,GPT,GPT,81,3.0,,,False,3.0,single_scorer,0.9,True,,none
304,304_e10,timing_fit,repair_event,GPT,GPT,81,3.0,,,False,3.0,single_scorer,0.9,True,,none
308,308_e05,agency_preservation,ideation_burst,GPT,GPT,89,3.0,,,False,3.0,single_scorer,0.9,True,,none
308,308_e05,anchor_management,ideation_burst,GPT,GPT,89,2.0,,,False,2.0,single_scorer,0.75,True,,none
308,308_e05,cognitive_load_clarity,ideation_burst,GPT,GPT,89,3.0,,,False,3.0,single_scorer,0.9,True,,none
308,308_e05,coregulation_uptake,ideation_burst,GPT,GPT,89,3.0,,,False,3.0,single_scorer,0.9,True,,none
308,308_e05,evaluative_discipline,ideation_burst,GPT,GPT,89,1.0,,,False,1.0,single_scorer,0.7,True,,none
308,308_e05,exploration_opening,ideation_burst,GPT,GPT,89,3.0,,,False,3.0,single_scorer,0.95,True,,none
308,308_e05,implementation_grounding,ideation_burst,GPT,GPT,89,2.0,,,False,2.0,single_scorer,0.7,True,,none
308,308_e05,premature_convergence_risk,ideation_burst,GPT,GPT,89,1.0,,,False,1.0,single_scorer,0.8,True,,none
308,308_e05,reframing_quality,ideation_burst,GPT,GPT,89,2.0,,,False,2.0,single_scorer,0.85,True,,none
308,308_e05,runaway_divergence_risk,ideation_burst,GPT,GPT,89,0.0,,,False,0.0,single_scorer,1.0,True,,none
308,308_e05,stance_integrity,ideation_burst,GPT,GPT,89,4.0,,,False,4.0,single_scorer,1.0,True,,none
308,308_e05,timing_fit,ideation_burst,GPT,GPT,89,4.0,,,False,4.0,single_scorer,1.0,True,,none
313,313_e04,agency_preservation,critique_event,Persona,Convergent,364,4.0,,,False,4.0,single_scorer,1.0,True,,none
313,313_e04,anchor_management,critique_event,Persona,Convergent,364,3.0,,,False,3.0,single_scorer,1.0,True,,none
313,313_e04,cognitive_load_clarity,critique_event,Persona,Convergent,364,4.0,,,False,4.0,single_scorer,1.0,True,,none
313,313_e04,coregulation_uptake,critique_event,Persona,Convergent,364,4.0,,,False,4.0,single_scorer,1.0,True,,none
313,313_e04,evaluative_discipline,critique_event,Persona,Convergent,364,4.0,,,False,4.0,single_scorer,1.0,True,,none
313,313_e04,exploration_opening,critique_event,Persona,Convergent,364,4.0,,,False,4.0,single_scorer,1.0,True,,none
313,313_e04,implementation_grounding,critique_event,Persona,Convergent,364,4.0,,,False,4.0,single_scorer,1.0,True,,none
313,313_e04,premature_convergence_risk,critique_event,Persona,Convergent,364,0.0,,,False,0.0,single_scorer,1.0,True,,none
313,313_e04,reframing_quality,critique_event,Persona,Convergent,364,3.0,,,False,3.0,single_scorer,1.0,True,,none
313,313_e04,runaway_divergence_risk,critique_event,Persona,Convergent,364,0.0,,,False,0.0,single_scorer,1.0,True,,none
313,313_e04,stance_integrity,critique_event,Persona,Convergent,364,4.0,,,False,4.0,single_scorer,1.0,True,,none
313,313_e04,timing_fit,critique_event,Persona,Convergent,364,4.0,,,False,4.0,single_scorer,1.0,True,,none
315,315_e05,agency_preservation,repair_event,Persona,Convergent,68,4.0,,,False,4.0,single_scorer,1.0,True,,none
315,315_e05,anchor_management,repair_event,Persona,Convergent,68,3.0,,,False,3.0,single_scorer,1.0,True,,none
315,315_e05,cognitive_load_clarity,repair_event,Persona,Convergent,68,4.0,,,False,4.0,single_scorer,1.0,True,,none
315,315_e05,coregulation_uptake,repair_event,Persona,Convergent,68,3.0,,,False,3.0,single_scorer,1.0,True,,none
315,315_e05,evaluative_discipline,repair_event,Persona,Convergent,68,2.0,,,False,2.0,single_scorer,1.0,True,,none
315,315_e05,exploration_opening,repair_event,Persona,Convergent,68,3.0,,,False,3.0,single_scorer,1.0,True,,none
315,315_e05,implementation_grounding,repair_event,Persona,Convergent,68,3.0,,,False,3.0,single_scorer,1.0,True,,none
315,315_e05,premature_convergence_risk,repair_event,Persona,Convergent,68,0.0,,,False,0.0,single_scorer,1.0,True,,none
315,315_e05,reframing_quality,repair_event,Persona,Convergent,68,3.0,,,False,3.0,single_scorer,1.0,True,,none
315,315_e05,runaway_divergence_risk,repair_event,Persona,Convergent,68,0.0,,,False,0.0,single_scorer,1.0,True,,none
315,315_e05,stance_integrity,repair_event,Persona,Convergent,68,4.0,,,False,4.0,single_scorer,1.0,True,,none
315,315_e05,timing_fit,repair_event,Persona,Convergent,68,4.0,,,False,4.0,single_scorer,1.0,True,,none
316,316_e05,agency_preservation,other,Persona,Convergent,82,3.0,3.0,0.0,False,3.0,keep_mean,0.9299999999999999,True,True,none
316,316_e05,anchor_management,other,Persona,Convergent,82,2.0,2.0,0.0,False,2.0,keep_mean,0.825,True,True,none
316,316_e05,cognitive_load_clarity,other,Persona,Convergent,82,4.0,4.0,0.0,False,4.0,keep_mean,0.965,True,True,none
316,316_e05,coregulation_uptake,other,Persona,Convergent,82,3.0,3.0,0.0,False,3.0,keep_mean,0.945,True,True,none
316,316_e05,evaluative_discipline,other,Persona,Convergent,82,2.0,2.0,0.0,False,2.0,keep_mean,0.85,True,True,none
316,316_e05,exploration_opening,other,Persona,Convergent,82,3.0,3.0,0.0,False,3.0,keep_mean,0.965,True,True,none
316,316_e05,implementation_grounding,other,Persona,Convergent,82,3.0,3.0,0.0,False,3.0,keep_mean,0.915,True,True,none
316,316_e05,premature_convergence_risk,other,Persona,Convergent,82,1.0,1.0,0.0,False,1.0,keep_mean,0.775,True,True,none
316,316_e05,reframing_quality,other,Persona,Convergent,82,3.0,3.0,0.0,False,3.0,keep_mean,0.96,True,True,none
316,316_e05,runaway_divergence_risk,other,Persona,Convergent,82,0.0,0.0,0.0,False,0.0,keep_mean,0.97,True,True,none
316,316_e05,stance_integrity,other,Persona,Convergent,82,4.0,4.0,0.0,False,4.0,keep_mean,0.97,True,True,none
316,316_e05,timing_fit,other,Persona,Convergent,82,4.0,4.0,0.0,False,4.0,keep_mean,0.97,True,True,none
321,321_e03,agency_preservation,other,GPT,GPT,83,3.0,3.0,0.0,False,3.0,keep_mean,0.9,True,True,none
321,321_e03,anchor_management,other,GPT,GPT,83,2.0,2.0,0.0,False,2.0,keep_mean,0.8,True,True,none
321,321_e03,cognitive_load_clarity,other,GPT,GPT,83,3.0,3.0,0.0,False,3.0,keep_mean,0.9,True,True,none
321,321_e03,coregulation_uptake,other,GPT,GPT,83,3.0,3.0,0.0,False,3.0,keep_mean,0.9,True,True,none
321,321_e03,evaluative_discipline,other,GPT,GPT,83,0.0,,,False,0.0,single_scorer,0.9,True,False,none
321,321_e03,exploration_opening,other,GPT,GPT,83,2.0,2.0,0.0,False,2.0,keep_mean,0.75,True,True,none
321,321_e03,implementation_grounding,other,GPT,GPT,83,1.0,1.0,0.0,False,1.0,keep_mean,0.8,True,True,none
321,321_e03,premature_convergence_risk,other,GPT,GPT,83,1.0,1.0,0.0,False,1.0,keep_mean,0.8,True,True,none
321,321_e03,reframing_quality,other,GPT,GPT,83,1.0,1.0,0.0,False,1.0,keep_mean,0.9,True,True,none
321,321_e03,runaway_divergence_risk,other,GPT,GPT,83,0.0,0.0,0.0,False,0.0,keep_mean,1.0,True,True,none
321,321_e03,stance_integrity,other,GPT,GPT,83,4.0,4.0,0.0,False,4.0,keep_mean,0.9,True,True,none
321,321_e03,timing_fit,other,GPT,GPT,83,3.0,3.0,0.0,False,3.0,keep_mean,0.9,True,True,none
324,324_e02,agency_preservation,repair_event,GPT,GPT,46,3.0,3.0,0.0,False,3.0,keep_mean,0.875,True,True,none
324,324_e02,anchor_management,repair_event,GPT,GPT,46,1.0,1.0,0.0,False,1.0,keep_mean,0.75,True,True,none
324,324_e02,cognitive_load_clarity,repair_event,GPT,GPT,46,2.0,3.0,1.0,False,2.5,keep_mean,0.8500000000000001,True,True,none
324,324_e02,coregulation_uptake,repair_event,GPT,GPT,46,2.0,2.0,0.0,False,2.0,keep_mean,0.775,True,True,none
324,324_e02,evaluative_discipline,repair_event,GPT,GPT,46,0.0,0.0,0.0,False,0.0,keep_mean,0.95,True,True,none
324,324_e02,exploration_opening,repair_event,GPT,GPT,46,2.0,2.0,0.0,False,2.0,keep_mean,0.8,True,True,none
324,324_e02,implementation_grounding,repair_event,GPT,GPT,46,0.0,1.0,1.0,False,0.5,keep_mean,0.9,True,True,none
324,324_e02,premature_convergence_risk,repair_event,GPT,GPT,46,1.0,0.0,1.0,False,0.5,keep_mean,0.9,True,True,none
324,324_e02,reframing_quality,repair_event,GPT,GPT,46,1.0,1.0,0.0,False,1.0,keep_mean,0.9,True,True,none
324,324_e02,runaway_divergence_risk,repair_event,GPT,GPT,46,0.0,0.0,0.0,False,0.0,keep_mean,0.975,True,True,none
324,324_e02,stance_integrity,repair_event,GPT,GPT,46,3.0,4.0,1.0,False,3.5,keep_mean,0.925,True,True,none
324,324_e02,timing_fit,repair_event,GPT,GPT,46,3.0,3.0,0.0,False,3.0,keep_mean,0.9,True,True,none
329,329_e05,agency_preservation,user_agency_event,GPT,GPT,92,,3.0,,False,3.0,scorer_b_only,0.9,,True,
329,329_e05,anchor_management,user_agency_event,GPT,GPT,92,,2.0,,False,2.0,scorer_b_only,0.8,,True,
329,329_e05,cognitive_load_clarity,user_agency_event,GPT,GPT,92,,4.0,,False,4.0,scorer_b_only,0.95,,True,
329,329_e05,coregulation_uptake,user_agency_event,GPT,GPT,92,,4.0,,False,4.0,scorer_b_only,0.95,,True,
329,329_e05,evaluative_discipline,user_agency_event,GPT,GPT,92,,1.0,,False,1.0,scorer_b_only,0.7,,True,
329,329_e05,exploration_opening,user_agency_event,GPT,GPT,92,,3.0,,False,3.0,scorer_b_only,0.8,,True,
329,329_e05,implementation_grounding,user_agency_event,GPT,GPT,92,,3.0,,False,3.0,scorer_b_only,0.9,,True,
329,329_e05,premature_convergence_risk,user_agency_event,GPT,GPT,92,,1.0,,False,1.0,scorer_b_only,0.8,,True,
329,329_e05,reframing_quality,user_agency_event,GPT,GPT,92,,2.0,,False,2.0,scorer_b_only,0.9,,True,
329,329_e05,runaway_divergence_risk,user_agency_event,GPT,GPT,92,,0.0,,False,0.0,scorer_b_only,1.0,,True,
329,329_e05,stance_integrity,user_agency_event,GPT,GPT,92,,4.0,,False,4.0,scorer_b_only,0.95,,True,
329,329_e05,timing_fit,user_agency_event,GPT,GPT,92,,4.0,,False,4.0,scorer_b_only,0.9,,True,
333,333_e04,agency_preservation,repair_event,GPT,GPT,83,3.0,,,False,3.0,single_scorer,0.9,True,,none
333,333_e04,anchor_management,repair_event,GPT,GPT,83,2.0,,,False,2.0,single_scorer,0.8,True,,none
333,333_e04,cognitive_load_clarity,repair_event,GPT,GPT,83,3.0,,,False,3.0,single_scorer,0.9,True,,none
333,333_e04,coregulation_uptake,repair_event,GPT,GPT,83,3.0,,,False,3.0,single_scorer,0.95,True,,none
333,333_e04,evaluative_discipline,repair_event,GPT,GPT,83,0.0,,,False,0.0,single_scorer,0.7,True,,none
333,333_e04,exploration_opening,repair_event,GPT,GPT,83,3.0,,,False,3.0,single_scorer,0.95,True,,none
333,333_e04,implementation_grounding,repair_event,GPT,GPT,83,2.0,,,False,2.0,single_scorer,0.7,True,,none
333,333_e04,premature_convergence_risk,repair_event,GPT,GPT,83,0.0,,,False,0.0,single_scorer,0.9,True,,none
333,333_e04,reframing_quality,repair_event,GPT,GPT,83,1.0,,,False,1.0,single_scorer,0.8,True,,none
333,333_e04,runaway_divergence_risk,repair_event,GPT,GPT,83,0.0,,,False,0.0,single_scorer,0.9,True,,none
333,333_e04,stance_integrity,repair_event,GPT,GPT,83,4.0,,,False,4.0,single_scorer,0.95,True,,none
333,333_e04,timing_fit,repair_event,GPT,GPT,83,4.0,,,False,4.0,single_scorer,0.9,True,,none
334,334_e04,agency_preservation,other,GPT,GPT,101,3.0,,,False,3.0,single_scorer,1.0,True,,none
334,334_e04,anchor_management,other,GPT,GPT,101,2.0,,,False,2.0,single_scorer,1.0,True,,none
334,334_e04,cognitive_load_clarity,other,GPT,GPT,101,4.0,,,False,4.0,single_scorer,1.0,True,,none
334,334_e04,coregulation_uptake,other,GPT,GPT,101,3.0,,,False,3.0,single_scorer,1.0,True,,none
334,334_e04,evaluative_discipline,other,GPT,GPT,101,2.0,,,False,2.0,single_scorer,1.0,True,,none
334,334_e04,exploration_opening,other,GPT,GPT,101,3.0,,,False,3.0,single_scorer,1.0,True,,none
334,334_e04,implementation_grounding,other,GPT,GPT,101,3.0,,,False,3.0,single_scorer,1.0,True,,none
334,334_e04,premature_convergence_risk,other,GPT,GPT,101,1.0,,,False,1.0,single_scorer,1.0,True,,none
334,334_e04,reframing_quality,other,GPT,GPT,101,3.0,,,False,3.0,single_scorer,1.0,True,,none
334,334_e04,runaway_divergence_risk,other,GPT,GPT,101,0.0,,,False,0.0,single_scorer,0.5,True,,none
334,334_e04,stance_integrity,other,GPT,GPT,101,4.0,,,False,4.0,single_scorer,1.0,True,,none
334,334_e04,timing_fit,other,GPT,GPT,101,4.0,,,False,4.0,single_scorer,1.0,True,,none
337,337_e04,agency_preservation,repair_event,GPT,GPT,127,3.0,,,False,3.0,single_scorer,0.9,True,,none
337,337_e04,anchor_management,repair_event,GPT,GPT,127,2.0,,,False,2.0,single_scorer,0.6,True,,none
337,337_e04,cognitive_load_clarity,repair_event,GPT,GPT,127,4.0,,,False,4.0,single_scorer,1.0,True,,none
337,337_e04,coregulation_uptake,repair_event,GPT,GPT,127,3.0,,,False,3.0,single_scorer,0.8,True,,none
337,337_e04,evaluative_discipline,repair_event,GPT,GPT,127,2.0,,,False,2.0,single_scorer,0.6,True,,none
337,337_e04,exploration_opening,repair_event,GPT,GPT,127,2.0,,,False,2.0,single_scorer,0.8,True,,none
337,337_e04,implementation_grounding,repair_event,GPT,GPT,127,3.0,,,False,3.0,single_scorer,0.8,True,,none
337,337_e04,premature_convergence_risk,repair_event,GPT,GPT,127,1.0,,,False,1.0,single_scorer,0.7,True,,none
337,337_e04,reframing_quality,repair_event,GPT,GPT,127,1.0,,,False,1.0,single_scorer,0.7,True,,none
337,337_e04,runaway_divergence_risk,repair_event,GPT,GPT,127,0.0,,,False,0.0,single_scorer,1.0,True,,none
337,337_e04,stance_integrity,repair_event,GPT,GPT,127,4.0,,,False,4.0,single_scorer,1.0,True,,none
337,337_e04,timing_fit,repair_event,GPT,GPT,127,3.0,,,False,3.0,single_scorer,0.9,True,,none
338,338_e05,agency_preservation,repair_event,GPT,GPT,70,3.0,,,False,3.0,single_scorer,0.9,True,,none
338,338_e05,anchor_management,repair_event,GPT,GPT,70,1.0,,,False,1.0,single_scorer,0.6,True,,none
338,338_e05,cognitive_load_clarity,repair_event,GPT,GPT,70,3.0,,,False,3.0,single_scorer,0.9,True,,none
338,338_e05,coregulation_uptake,repair_event,GPT,GPT,70,2.0,,,False,2.0,single_scorer,0.7,True,,none
338,338_e05,evaluative_discipline,repair_event,GPT,GPT,70,0.0,,,False,0.0,single_scorer,0.5,True,,none
338,338_e05,exploration_opening,repair_event,GPT,GPT,70,2.0,,,False,2.0,single_scorer,0.8,True,,none
338,338_e05,implementation_grounding,repair_event,GPT,GPT,70,1.0,,,False,1.0,single_scorer,0.5,True,,none
338,338_e05,premature_convergence_risk,repair_event,GPT,GPT,70,1.0,,,False,1.0,single_scorer,0.7,True,,none
338,338_e05,reframing_quality,repair_event,GPT,GPT,70,1.0,,,False,1.0,single_scorer,0.7,True,,none
338,338_e05,runaway_divergence_risk,repair_event,GPT,GPT,70,0.0,,,False,0.0,single_scorer,0.9,True,,none
338,338_e05,stance_integrity,repair_event,GPT,GPT,70,3.0,,,False,3.0,single_scorer,0.9,True,,none
338,338_e05,timing_fit,repair_event,GPT,GPT,70,3.0,,,False,3.0,single_scorer,0.9,True,,none
338,338_e06,agency_preservation,repair_event,GPT,GPT,123,3.0,3.0,0.0,False,3.0,keep_mean,0.925,True,True,none
338,338_e06,anchor_management,repair_event,GPT,GPT,123,2.0,3.0,1.0,False,2.5,keep_mean,0.8,True,True,none
338,338_e06,cognitive_load_clarity,repair_event,GPT,GPT,123,3.0,3.0,0.0,False,3.0,keep_mean,0.925,True,True,none
338,338_e06,coregulation_uptake,repair_event,GPT,GPT,123,3.0,4.0,1.0,False,3.5,keep_mean,0.95,True,True,none
338,338_e06,evaluative_discipline,repair_event,GPT,GPT,123,1.0,1.0,0.0,False,1.0,keep_mean,0.7,True,True,none
338,338_e06,exploration_opening,repair_event,GPT,GPT,123,2.0,3.0,1.0,False,2.5,keep_mean,0.875,True,True,none
338,338_e06,implementation_grounding,repair_event,GPT,GPT,123,2.0,2.0,0.0,False,2.0,keep_mean,0.75,True,True,none
338,338_e06,premature_convergence_risk,repair_event,GPT,GPT,123,1.0,0.0,1.0,False,0.5,keep_mean,0.8,True,True,none
338,338_e06,reframing_quality,repair_event,GPT,GPT,123,1.0,2.0,1.0,False,1.5,keep_mean,0.8,True,True,none
338,338_e06,runaway_divergence_risk,repair_event,GPT,GPT,123,1.0,1.0,0.0,False,1.0,keep_mean,0.75,True,True,none
338,338_e06,stance_integrity,repair_event,GPT,GPT,123,4.0,4.0,0.0,False,4.0,keep_mean,0.95,True,True,none
338,338_e06,timing_fit,repair_event,GPT,GPT,123,3.0,4.0,1.0,False,3.5,keep_mean,0.9,True,True,none
341,341_e01,agency_preservation,opening_frame,Persona,Divergent,88,4.0,,,False,4.0,single_scorer,1.0,True,,none
341,341_e01,anchor_management,opening_frame,Persona,Divergent,88,3.0,,,False,3.0,single_scorer,1.0,True,,none
341,341_e01,cognitive_load_clarity,opening_frame,Persona,Divergent,88,3.0,,,False,3.0,single_scorer,1.0,True,,none
341,341_e01,coregulation_uptake,opening_frame,Persona,Divergent,88,3.0,,,False,3.0,single_scorer,1.0,True,,none
341,341_e01,evaluative_discipline,opening_frame,Persona,Divergent,88,1.0,,,False,1.0,single_scorer,1.0,True,,none
341,341_e01,exploration_opening,opening_frame,Persona,Divergent,88,4.0,,,False,4.0,single_scorer,1.0,True,,none
341,341_e01,implementation_grounding,opening_frame,Persona,Divergent,88,1.0,,,False,1.0,single_scorer,1.0,True,,none
341,341_e01,premature_convergence_risk,opening_frame,Persona,Divergent,88,0.0,,,False,0.0,single_scorer,1.0,True,,none
341,341_e01,reframing_quality,opening_frame,Persona,Divergent,88,3.0,,,False,3.0,single_scorer,1.0,True,,none
341,341_e01,runaway_divergence_risk,opening_frame,Persona,Divergent,88,0.0,,,False,0.0,single_scorer,1.0,True,,none
341,341_e01,stance_integrity,opening_frame,Persona,Divergent,88,4.0,,,False,4.0,single_scorer,1.0,True,,none
341,341_e01,timing_fit,opening_frame,Persona,Divergent,88,4.0,,,False,4.0,single_scorer,1.0,True,,none
343,343_e01,agency_preservation,opening_frame,Persona,Divergent,82,3.0,,,False,3.0,single_scorer,1.0,True,,none
343,343_e01,anchor_management,opening_frame,Persona,Divergent,82,2.0,,,False,2.0,single_scorer,1.0,True,,none
343,343_e01,cognitive_load_clarity,opening_frame,Persona,Divergent,82,3.0,,,False,3.0,single_scorer,1.0,True,,none
343,343_e01,coregulation_uptake,opening_frame,Persona,Divergent,82,3.0,,,False,3.0,single_scorer,1.0,True,,none
343,343_e01,evaluative_discipline,opening_frame,Persona,Divergent,82,1.0,,,False,1.0,single_scorer,1.0,True,,none
343,343_e01,exploration_opening,opening_frame,Persona,Divergent,82,4.0,,,False,4.0,single_scorer,1.0,True,,none
343,343_e01,implementation_grounding,opening_frame,Persona,Divergent,82,1.0,,,False,1.0,single_scorer,1.0,True,,none
343,343_e01,premature_convergence_risk,opening_frame,Persona,Divergent,82,0.0,,,False,0.0,single_scorer,1.0,True,,none
343,343_e01,reframing_quality,opening_frame,Persona,Divergent,82,3.0,,,False,3.0,single_scorer,1.0,True,,none
343,343_e01,runaway_divergence_risk,opening_frame,Persona,Divergent,82,1.0,,,False,1.0,single_scorer,1.0,True,,none
343,343_e01,stance_integrity,opening_frame,Persona,Divergent,82,4.0,,,False,4.0,single_scorer,1.0,True,,none
343,343_e01,timing_fit,opening_frame,Persona,Divergent,82,4.0,,,False,4.0,single_scorer,1.0,True,,none
344,344_e02,agency_preservation,user_agency_event,Persona,Divergent,108,3.0,,,False,3.0,single_scorer,1.0,True,,none
344,344_e02,anchor_management,user_agency_event,Persona,Divergent,108,3.0,,,False,3.0,single_scorer,1.0,True,,none
344,344_e02,cognitive_load_clarity,user_agency_event,Persona,Divergent,108,4.0,,,False,4.0,single_scorer,1.0,True,,none
344,344_e02,coregulation_uptake,user_agency_event,Persona,Divergent,108,3.0,,,False,3.0,single_scorer,1.0,True,,none
344,344_e02,evaluative_discipline,user_agency_event,Persona,Divergent,108,2.0,,,False,2.0,single_scorer,1.0,True,,none
344,344_e02,exploration_opening,user_agency_event,Persona,Divergent,108,4.0,,,False,4.0,single_scorer,1.0,True,,none
344,344_e02,implementation_grounding,user_agency_event,Persona,Divergent,108,3.0,,,False,3.0,single_scorer,1.0,True,,none
344,344_e02,premature_convergence_risk,user_agency_event,Persona,Divergent,108,0.0,,,False,0.0,single_scorer,1.0,True,,none
344,344_e02,reframing_quality,user_agency_event,Persona,Divergent,108,3.0,,,False,3.0,single_scorer,1.0,True,,none
344,344_e02,runaway_divergence_risk,user_agency_event,Persona,Divergent,108,0.0,,,False,0.0,single_scorer,1.0,True,,none
344,344_e02,stance_integrity,user_agency_event,Persona,Divergent,108,4.0,,,False,4.0,single_scorer,1.0,True,,none
344,344_e02,timing_fit,user_agency_event,Persona,Divergent,108,4.0,,,False,4.0,single_scorer,1.0,True,,none
344,344_e04,agency_preservation,other,Persona,Divergent,112,3.0,,,False,3.0,single_scorer,1.0,True,,none
344,344_e04,anchor_management,other,Persona,Divergent,112,3.0,,,False,3.0,single_scorer,1.0,True,,none
344,344_e04,cognitive_load_clarity,other,Persona,Divergent,112,3.0,,,False,3.0,single_scorer,1.0,True,,none
344,344_e04,coregulation_uptake,other,Persona,Divergent,112,3.0,,,False,3.0,single_scorer,1.0,True,,none
344,344_e04,evaluative_discipline,other,Persona,Divergent,112,2.0,,,False,2.0,single_scorer,1.0,True,,none
344,344_e04,exploration_opening,other,Persona,Divergent,112,4.0,,,False,4.0,single_scorer,1.0,True,,none
344,344_e04,implementation_grounding,other,Persona,Divergent,112,1.0,,,False,1.0,single_scorer,1.0,True,,none
344,344_e04,premature_convergence_risk,other,Persona,Divergent,112,0.0,,,False,0.0,single_scorer,1.0,True,,none
344,344_e04,reframing_quality,other,Persona,Divergent,112,3.0,,,False,3.0,single_scorer,1.0,True,,none
344,344_e04,runaway_divergence_risk,other,Persona,Divergent,112,0.0,,,False,0.0,single_scorer,1.0,True,,none
344,344_e04,stance_integrity,other,Persona,Divergent,112,4.0,,,False,4.0,single_scorer,1.0,True,,none
344,344_e04,timing_fit,other,Persona,Divergent,112,4.0,,,False,4.0,single_scorer,1.0,True,,none
344,344_e05,agency_preservation,other,Persona,Divergent,114,3.0,,,False,3.0,single_scorer,1.0,True,,none
344,344_e05,anchor_management,other,Persona,Divergent,114,3.0,,,False,3.0,single_scorer,1.0,True,,none
344,344_e05,cognitive_load_clarity,other,Persona,Divergent,114,3.0,,,False,3.0,single_scorer,1.0,True,,none
344,344_e05,coregulation_uptake,other,Persona,Divergent,114,3.0,,,False,3.0,single_scorer,1.0,True,,none
344,344_e05,evaluative_discipline,other,Persona,Divergent,114,2.0,,,False,2.0,single_scorer,1.0,True,,none
344,344_e05,exploration_opening,other,Persona,Divergent,114,4.0,,,False,4.0,single_scorer,1.0,True,,none
344,344_e05,implementation_grounding,other,Persona,Divergent,114,2.0,,,False,2.0,single_scorer,1.0,True,,none
344,344_e05,premature_convergence_risk,other,Persona,Divergent,114,0.0,,,False,0.0,single_scorer,1.0,True,,none
344,344_e05,reframing_quality,other,Persona,Divergent,114,3.0,,,False,3.0,single_scorer,1.0,True,,none
344,344_e05,runaway_divergence_risk,other,Persona,Divergent,114,1.0,,,False,1.0,single_scorer,1.0,True,,none
344,344_e05,stance_integrity,other,Persona,Divergent,114,4.0,,,False,4.0,single_scorer,1.0,True,,none
344,344_e05,timing_fit,other,Persona,Divergent,114,4.0,,,False,4.0,single_scorer,1.0,True,,none
347,347_e02,agency_preservation,ideation_burst,Persona,Divergent,113,3.0,,,False,3.0,single_scorer,1.0,True,,none
347,347_e02,anchor_management,ideation_burst,Persona,Divergent,113,3.0,,,False,3.0,single_scorer,1.0,True,,none
347,347_e02,cognitive_load_clarity,ideation_burst,Persona,Divergent,113,3.0,,,False,3.0,single_scorer,1.0,True,,none
347,347_e02,coregulation_uptake,ideation_burst,Persona,Divergent,113,3.0,,,False,3.0,single_scorer,1.0,True,,none
347,347_e02,evaluative_discipline,ideation_burst,Persona,Divergent,113,2.0,,,False,2.0,single_scorer,1.0,True,,none
347,347_e02,exploration_opening,ideation_burst,Persona,Divergent,113,4.0,,,False,4.0,single_scorer,1.0,True,,none
347,347_e02,implementation_grounding,ideation_burst,Persona,Divergent,113,2.0,,,False,2.0,single_scorer,1.0,True,,none
347,347_e02,premature_convergence_risk,ideation_burst,Persona,Divergent,113,0.0,,,False,0.0,single_scorer,1.0,True,,none
347,347_e02,reframing_quality,ideation_burst,Persona,Divergent,113,3.0,,,False,3.0,single_scorer,1.0,True,,none
347,347_e02,runaway_divergence_risk,ideation_burst,Persona,Divergent,113,1.0,,,False,1.0,single_scorer,1.0,True,,none
347,347_e02,stance_integrity,ideation_burst,Persona,Divergent,113,4.0,,,False,4.0,single_scorer,1.0,True,,none
347,347_e02,timing_fit,ideation_burst,Persona,Divergent,113,4.0,,,False,4.0,single_scorer,1.0,True,,none
348,348_e04,agency_preservation,ideation_burst,Persona,Divergent,78,3.0,,,False,3.0,single_scorer,1.0,True,,none
348,348_e04,anchor_management,ideation_burst,Persona,Divergent,78,2.0,,,False,2.0,single_scorer,1.0,True,,none
348,348_e04,cognitive_load_clarity,ideation_burst,Persona,Divergent,78,3.0,,,False,3.0,single_scorer,1.0,True,,none
348,348_e04,coregulation_uptake,ideation_burst,Persona,Divergent,78,3.0,,,False,3.0,single_scorer,1.0,True,,none
348,348_e04,evaluative_discipline,ideation_burst,Persona,Divergent,78,1.0,,,False,1.0,single_scorer,1.0,True,,none
348,348_e04,exploration_opening,ideation_burst,Persona,Divergent,78,4.0,,,False,4.0,single_scorer,1.0,True,,none
348,348_e04,implementation_grounding,ideation_burst,Persona,Divergent,78,1.0,,,False,1.0,single_scorer,1.0,True,,none
348,348_e04,premature_convergence_risk,ideation_burst,Persona,Divergent,78,0.0,,,False,0.0,single_scorer,1.0,True,,none
348,348_e04,reframing_quality,ideation_burst,Persona,Divergent,78,3.0,,,False,3.0,single_scorer,1.0,True,,none
348,348_e04,runaway_divergence_risk,ideation_burst,Persona,Divergent,78,0.0,,,False,0.0,single_scorer,1.0,True,,none
348,348_e04,stance_integrity,ideation_burst,Persona,Divergent,78,4.0,,,False,4.0,single_scorer,1.0,True,,none
348,348_e04,timing_fit,ideation_burst,Persona,Divergent,78,4.0,,,False,4.0,single_scorer,1.0,True,,none
348,348_e05,agency_preservation,other,Persona,Divergent,118,3.0,,,False,3.0,single_scorer,0.96,True,,none
348,348_e05,anchor_management,other,Persona,Divergent,118,2.0,,,False,2.0,single_scorer,0.82,True,,none
348,348_e05,cognitive_load_clarity,other,Persona,Divergent,118,3.0,,,False,3.0,single_scorer,0.95,True,,none
348,348_e05,coregulation_uptake,other,Persona,Divergent,118,3.0,,,False,3.0,single_scorer,0.94,True,,none
348,348_e05,evaluative_discipline,other,Persona,Divergent,118,2.0,,,False,2.0,single_scorer,0.85,True,,none
348,348_e05,exploration_opening,other,Persona,Divergent,118,3.0,,,False,3.0,single_scorer,0.98,True,,none
348,348_e05,implementation_grounding,other,Persona,Divergent,118,3.0,,,False,3.0,single_scorer,0.93,True,,none
348,348_e05,premature_convergence_risk,other,Persona,Divergent,118,1.0,,,False,1.0,single_scorer,0.75,True,,none
348,348_e05,reframing_quality,other,Persona,Divergent,118,3.0,,,False,3.0,single_scorer,0.97,True,,none
348,348_e05,runaway_divergence_risk,other,Persona,Divergent,118,1.0,,,False,1.0,single_scorer,0.7,True,,none
348,348_e05,stance_integrity,other,Persona,Divergent,118,4.0,,,False,4.0,single_scorer,0.98,True,,none
348,348_e05,timing_fit,other,Persona,Divergent,118,4.0,,,False,4.0,single_scorer,0.99,True,,none
349,349_e05,agency_preservation,ideation_burst,Persona,Divergent,132,3.0,3.0,0.0,False,3.0,keep_mean,1.0,True,True,none
349,349_e05,anchor_management,ideation_burst,Persona,Divergent,132,2.0,3.0,1.0,False,2.5,keep_mean,1.0,True,True,none
349,349_e05,cognitive_load_clarity,ideation_burst,Persona,Divergent,132,3.0,4.0,1.0,False,3.5,keep_mean,1.0,True,True,none
349,349_e05,coregulation_uptake,ideation_burst,Persona,Divergent,132,3.0,4.0,1.0,False,3.5,keep_mean,1.0,True,True,none
349,349_e05,evaluative_discipline,ideation_burst,Persona,Divergent,132,2.0,2.0,0.0,False,2.0,keep_mean,1.0,True,True,none
349,349_e05,exploration_opening,ideation_burst,Persona,Divergent,132,4.0,4.0,0.0,False,4.0,keep_mean,1.0,True,True,none
349,349_e05,implementation_grounding,ideation_burst,Persona,Divergent,132,3.0,3.0,0.0,False,3.0,keep_mean,1.0,True,True,none
349,349_e05,premature_convergence_risk,ideation_burst,Persona,Divergent,132,0.0,0.0,0.0,False,0.0,keep_mean,1.0,True,True,none
349,349_e05,reframing_quality,ideation_burst,Persona,Divergent,132,3.0,3.0,0.0,False,3.0,keep_mean,1.0,True,True,none
349,349_e05,runaway_divergence_risk,ideation_burst,Persona,Divergent,132,1.0,0.0,1.0,False,0.5,keep_mean,1.0,True,True,none
349,349_e05,stance_integrity,ideation_burst,Persona,Divergent,132,4.0,4.0,0.0,False,4.0,keep_mean,1.0,True,True,none
349,349_e05,timing_fit,ideation_burst,Persona,Divergent,132,4.0,4.0,0.0,False,4.0,keep_mean,1.0,True,True,none
351,351_e04,agency_preservation,ideation_burst,Persona,Divergent,211,3.0,4.0,1.0,False,3.5,keep_mean,1.0,True,True,none
351,351_e04,anchor_management,ideation_burst,Persona,Divergent,211,3.0,3.0,0.0,False,3.0,keep_mean,1.0,True,True,none
351,351_e04,cognitive_load_clarity,ideation_burst,Persona,Divergent,211,3.0,4.0,1.0,False,3.5,keep_mean,1.0,True,True,none
351,351_e04,coregulation_uptake,ideation_burst,Persona,Divergent,211,3.0,4.0,1.0,False,3.5,keep_mean,1.0,True,True,none
351,351_e04,evaluative_discipline,ideation_burst,Persona,Divergent,211,2.0,3.0,1.0,False,2.5,keep_mean,1.0,True,True,none
351,351_e04,exploration_opening,ideation_burst,Persona,Divergent,211,4.0,4.0,0.0,False,4.0,keep_mean,1.0,True,True,none
351,351_e04,implementation_grounding,ideation_burst,Persona,Divergent,211,2.0,3.0,1.0,False,2.5,keep_mean,1.0,True,True,none
351,351_e04,premature_convergence_risk,ideation_burst,Persona,Divergent,211,0.0,0.0,0.0,False,0.0,keep_mean,1.0,True,True,none
351,351_e04,reframing_quality,ideation_burst,Persona,Divergent,211,3.0,4.0,1.0,False,3.5,keep_mean,1.0,True,True,none
351,351_e04,runaway_divergence_risk,ideation_burst,Persona,Divergent,211,1.0,0.0,1.0,False,0.5,keep_mean,1.0,True,True,none
351,351_e04,stance_integrity,ideation_burst,Persona,Divergent,211,4.0,4.0,0.0,False,4.0,keep_mean,1.0,True,True,none
351,351_e04,timing_fit,ideation_burst,Persona,Divergent,211,4.0,4.0,0.0,False,4.0,keep_mean,1.0,True,True,none
361,361_e03,agency_preservation,user_agency_event,Persona,Convergent,67,4.0,,,False,4.0,single_scorer,1.0,True,,none
361,361_e03,anchor_management,user_agency_event,Persona,Convergent,67,2.0,,,False,2.0,single_scorer,1.0,True,,none
361,361_e03,cognitive_load_clarity,user_agency_event,Persona,Convergent,67,3.0,,,False,3.0,single_scorer,1.0,True,,none
361,361_e03,coregulation_uptake,user_agency_event,Persona,Convergent,67,3.0,,,False,3.0,single_scorer,1.0,True,,none
361,361_e03,evaluative_discipline,user_agency_event,Persona,Convergent,67,1.0,,,False,1.0,single_scorer,1.0,True,,none
361,361_e03,exploration_opening,user_agency_event,Persona,Convergent,67,4.0,,,False,4.0,single_scorer,1.0,True,,none
361,361_e03,implementation_grounding,user_agency_event,Persona,Convergent,67,2.0,,,False,2.0,single_scorer,1.0,True,,none
361,361_e03,premature_convergence_risk,user_agency_event,Persona,Convergent,67,0.0,,,False,0.0,single_scorer,1.0,True,,none
361,361_e03,reframing_quality,user_agency_event,Persona,Convergent,67,3.0,,,False,3.0,single_scorer,1.0,True,,none
361,361_e03,runaway_divergence_risk,user_agency_event,Persona,Convergent,67,1.0,,,False,1.0,single_scorer,1.0,True,,none
361,361_e03,stance_integrity,user_agency_event,Persona,Convergent,67,4.0,,,False,4.0,single_scorer,1.0,True,,none
361,361_e03,timing_fit,user_agency_event,Persona,Convergent,67,3.0,,,False,3.0,single_scorer,1.0,True,,none
362,362_e03,agency_preservation,other,Persona,Convergent,74,3.0,,,False,3.0,single_scorer,0.9,True,,none
362,362_e03,anchor_management,other,Persona,Convergent,74,3.0,,,False,3.0,single_scorer,0.8,True,,none
362,362_e03,cognitive_load_clarity,other,Persona,Convergent,74,4.0,,,False,4.0,single_scorer,1.0,True,,none
362,362_e03,coregulation_uptake,other,Persona,Convergent,74,3.0,,,False,3.0,single_scorer,0.9,True,,none
362,362_e03,evaluative_discipline,other,Persona,Convergent,74,3.0,,,False,3.0,single_scorer,0.9,True,,none
362,362_e03,exploration_opening,other,Persona,Convergent,74,3.0,,,False,3.0,single_scorer,0.9,True,,none
362,362_e03,implementation_grounding,other,Persona,Convergent,74,3.0,,,False,3.0,single_scorer,0.9,True,,none
362,362_e03,premature_convergence_risk,other,Persona,Convergent,74,1.0,,,False,1.0,single_scorer,0.7,True,,none
362,362_e03,reframing_quality,other,Persona,Convergent,74,2.0,,,False,2.0,single_scorer,0.8,True,,none
362,362_e03,runaway_divergence_risk,other,Persona,Convergent,74,0.0,,,False,0.0,single_scorer,1.0,True,,none
362,362_e03,stance_integrity,other,Persona,Convergent,74,4.0,,,False,4.0,single_scorer,1.0,True,,none
362,362_e03,timing_fit,other,Persona,Convergent,74,4.0,,,False,4.0,single_scorer,1.0,True,,none
362,362_e04,agency_preservation,other,Persona,Convergent,82,3.0,,,False,3.0,single_scorer,0.9,True,,none
362,362_e04,anchor_management,other,Persona,Convergent,82,2.0,,,False,2.0,single_scorer,0.7,True,,none
362,362_e04,cognitive_load_clarity,other,Persona,Convergent,82,3.0,,,False,3.0,single_scorer,0.9,True,,none
362,362_e04,coregulation_uptake,other,Persona,Convergent,82,3.0,,,False,3.0,single_scorer,0.9,True,,none
362,362_e04,evaluative_discipline,other,Persona,Convergent,82,1.0,,,False,1.0,single_scorer,0.6,True,,none
362,362_e04,exploration_opening,other,Persona,Convergent,82,2.0,,,False,2.0,single_scorer,0.8,True,,none
362,362_e04,implementation_grounding,other,Persona,Convergent,82,2.0,,,False,2.0,single_scorer,0.6,True,,none
362,362_e04,premature_convergence_risk,other,Persona,Convergent,82,1.0,,,False,1.0,single_scorer,0.7,True,,none
362,362_e04,reframing_quality,other,Persona,Convergent,82,1.0,,,False,1.0,single_scorer,0.7,True,,none
362,362_e04,runaway_divergence_risk,other,Persona,Convergent,82,1.0,,,False,1.0,single_scorer,0.7,True,,none
362,362_e04,stance_integrity,other,Persona,Convergent,82,4.0,,,False,4.0,single_scorer,0.9,True,,none
362,362_e04,timing_fit,other,Persona,Convergent,82,3.0,,,False,3.0,single_scorer,0.8,True,,none
363,363_e01,agency_preservation,opening_frame,Persona,Convergent,43,4.0,,,False,4.0,single_scorer,1.0,True,,none
363,363_e01,anchor_management,opening_frame,Persona,Convergent,43,3.0,,,False,3.0,single_scorer,1.0,True,,none
363,363_e01,cognitive_load_clarity,opening_frame,Persona,Convergent,43,4.0,,,False,4.0,single_scorer,1.0,True,,none
363,363_e01,coregulation_uptake,opening_frame,Persona,Convergent,43,3.0,,,False,3.0,single_scorer,1.0,True,,none
363,363_e01,evaluative_discipline,opening_frame,Persona,Convergent,43,0.0,,,False,0.0,single_scorer,0.5,True,,none
363,363_e01,exploration_opening,opening_frame,Persona,Convergent,43,4.0,,,False,4.0,single_scorer,1.0,True,,none
363,363_e01,implementation_grounding,opening_frame,Persona,Convergent,43,0.0,,,False,0.0,single_scorer,0.5,True,,none
363,363_e01,premature_convergence_risk,opening_frame,Persona,Convergent,43,0.0,,,False,0.0,single_scorer,1.0,True,,none
363,363_e01,reframing_quality,opening_frame,Persona,Convergent,43,3.0,,,False,3.0,single_scorer,1.0,True,,none
363,363_e01,runaway_divergence_risk,opening_frame,Persona,Convergent,43,0.0,,,False,0.0,single_scorer,1.0,True,,none
363,363_e01,stance_integrity,opening_frame,Persona,Convergent,43,4.0,,,False,4.0,single_scorer,1.0,True,,none
363,363_e01,timing_fit,opening_frame,Persona,Convergent,43,4.0,,,False,4.0,single_scorer,1.0,True,,none
364,364_e01,agency_preservation,opening_frame,Persona,Convergent,43,4.0,,,False,4.0,single_scorer,1.0,True,,none
364,364_e01,anchor_management,opening_frame,Persona,Convergent,43,3.0,,,False,3.0,single_scorer,1.0,True,,none
364,364_e01,cognitive_load_clarity,opening_frame,Persona,Convergent,43,4.0,,,False,4.0,single_scorer,1.0,True,,none
364,364_e01,coregulation_uptake,opening_frame,Persona,Convergent,43,4.0,,,False,4.0,single_scorer,1.0,True,,none
364,364_e01,evaluative_discipline,opening_frame,Persona,Convergent,43,0.0,,,False,0.0,single_scorer,0.5,True,,none
364,364_e01,exploration_opening,opening_frame,Persona,Convergent,43,4.0,,,False,4.0,single_scorer,1.0,True,,none
364,364_e01,implementation_grounding,opening_frame,Persona,Convergent,43,0.0,,,False,0.0,single_scorer,0.5,True,,none
364,364_e01,premature_convergence_risk,opening_frame,Persona,Convergent,43,0.0,,,False,0.0,single_scorer,1.0,True,,none
364,364_e01,reframing_quality,opening_frame,Persona,Convergent,43,3.0,,,False,3.0,single_scorer,1.0,True,,none
364,364_e01,runaway_divergence_risk,opening_frame,Persona,Convergent,43,0.0,,,False,0.0,single_scorer,1.0,True,,none
364,364_e01,stance_integrity,opening_frame,Persona,Convergent,43,4.0,,,False,4.0,single_scorer,1.0,True,,none
364,364_e01,timing_fit,opening_frame,Persona,Convergent,43,4.0,,,False,4.0,single_scorer,1.0,True,,none
364,364_e02,agency_preservation,other,Persona,Convergent,54,3.0,,,False,3.0,single_scorer,0.9,True,,none
364,364_e02,anchor_management,other,Persona,Convergent,54,2.0,,,False,2.0,single_scorer,0.8,True,,none
364,364_e02,cognitive_load_clarity,other,Persona,Convergent,54,3.0,,,False,3.0,single_scorer,0.9,True,,none
364,364_e02,coregulation_uptake,other,Persona,Convergent,54,3.0,,,False,3.0,single_scorer,0.9,True,,none
364,364_e02,evaluative_discipline,other,Persona,Convergent,54,0.0,,,False,0.0,single_scorer,0.9,True,,none
364,364_e02,exploration_opening,other,Persona,Convergent,54,2.0,,,False,2.0,single_scorer,0.8,True,,none
364,364_e02,implementation_grounding,other,Persona,Convergent,54,1.0,,,False,1.0,single_scorer,0.8,True,,none
364,364_e02,premature_convergence_risk,other,Persona,Convergent,54,1.0,,,False,1.0,single_scorer,0.8,True,,none
364,364_e02,reframing_quality,other,Persona,Convergent,54,1.0,,,False,1.0,single_scorer,0.9,True,,none
364,364_e02,runaway_divergence_risk,other,Persona,Convergent,54,0.0,,,False,0.0,single_scorer,0.9,True,,none
364,364_e02,stance_integrity,other,Persona,Convergent,54,4.0,,,False,4.0,single_scorer,0.9,True,,none
364,364_e02,timing_fit,other,Persona,Convergent,54,3.0,,,False,3.0,single_scorer,0.9,True,,none
364,364_e05,agency_preservation,user_agency_event,Persona,Convergent,51,3.0,,,False,3.0,single_scorer,0.9,True,,none
364,364_e05,anchor_management,user_agency_event,Persona,Convergent,51,2.0,,,False,2.0,single_scorer,0.7,True,,none
364,364_e05,cognitive_load_clarity,user_agency_event,Persona,Convergent,51,3.0,,,False,3.0,single_scorer,0.9,True,,none
364,364_e05,coregulation_uptake,user_agency_event,Persona,Convergent,51,3.0,,,False,3.0,single_scorer,0.9,True,,none
364,364_e05,evaluative_discipline,user_agency_event,Persona,Convergent,51,2.0,,,False,2.0,single_scorer,0.7,True,,none
364,364_e05,exploration_opening,user_agency_event,Persona,Convergent,51,2.0,,,False,2.0,single_scorer,0.8,True,,none
364,364_e05,implementation_grounding,user_agency_event,Persona,Convergent,51,1.0,,,False,1.0,single_scorer,0.6,True,,none
364,364_e05,premature_convergence_risk,user_agency_event,Persona,Convergent,51,1.0,,,False,1.0,single_scorer,0.7,True,,none
364,364_e05,reframing_quality,user_agency_event,Persona,Convergent,51,1.0,,,False,1.0,single_scorer,0.7,True,,none
364,364_e05,runaway_divergence_risk,user_agency_event,Persona,Convergent,51,0.0,,,False,0.0,single_scorer,0.9,True,,none
364,364_e05,stance_integrity,user_agency_event,Persona,Convergent,51,3.0,,,False,3.0,single_scorer,0.9,True,,none
364,364_e05,timing_fit,user_agency_event,Persona,Convergent,51,3.0,,,False,3.0,single_scorer,0.9,True,,none
365,365_e01,agency_preservation,opening_frame,Persona,Convergent,43,4.0,,,False,4.0,single_scorer,1.0,True,,none
365,365_e01,anchor_management,opening_frame,Persona,Convergent,43,3.0,,,False,3.0,single_scorer,1.0,True,,none
365,365_e01,cognitive_load_clarity,opening_frame,Persona,Convergent,43,4.0,,,False,4.0,single_scorer,1.0,True,,none
365,365_e01,coregulation_uptake,opening_frame,Persona,Convergent,43,3.0,,,False,3.0,single_scorer,1.0,True,,none
365,365_e01,evaluative_discipline,opening_frame,Persona,Convergent,43,0.0,,,False,0.0,single_scorer,0.5,True,,none
365,365_e01,exploration_opening,opening_frame,Persona,Convergent,43,4.0,,,False,4.0,single_scorer,1.0,True,,none
365,365_e01,implementation_grounding,opening_frame,Persona,Convergent,43,0.0,,,False,0.0,single_scorer,0.5,True,,none
365,365_e01,premature_convergence_risk,opening_frame,Persona,Convergent,43,0.0,,,False,0.0,single_scorer,1.0,True,,none
365,365_e01,reframing_quality,opening_frame,Persona,Convergent,43,3.0,,,False,3.0,single_scorer,1.0,True,,none
365,365_e01,runaway_divergence_risk,opening_frame,Persona,Convergent,43,0.0,,,False,0.0,single_scorer,1.0,True,,none
365,365_e01,stance_integrity,opening_frame,Persona,Convergent,43,4.0,,,False,4.0,single_scorer,1.0,True,,none
365,365_e01,timing_fit,opening_frame,Persona,Convergent,43,4.0,,,False,4.0,single_scorer,1.0,True,,none
368,368_e04,agency_preservation,ideation_burst,Persona,Convergent,139,3.0,,,False,3.0,single_scorer,0.9,True,,none
368,368_e04,anchor_management,ideation_burst,Persona,Convergent,139,3.0,,,False,3.0,single_scorer,0.9,True,,none
368,368_e04,cognitive_load_clarity,ideation_burst,Persona,Convergent,139,4.0,,,False,4.0,single_scorer,1.0,True,,none
368,368_e04,coregulation_uptake,ideation_burst,Persona,Convergent,139,3.0,,,False,3.0,single_scorer,0.9,True,,none
368,368_e04,evaluative_discipline,ideation_burst,Persona,Convergent,139,3.0,,,False,3.0,single_scorer,0.9,True,,none
368,368_e04,exploration_opening,ideation_burst,Persona,Convergent,139,3.0,,,False,3.0,single_scorer,0.9,True,,none
368,368_e04,implementation_grounding,ideation_burst,Persona,Convergent,139,3.0,,,False,3.0,single_scorer,0.9,True,,none
368,368_e04,premature_convergence_risk,ideation_burst,Persona,Convergent,139,1.0,,,False,1.0,single_scorer,0.9,True,,none
368,368_e04,reframing_quality,ideation_burst,Persona,Convergent,139,2.0,,,False,2.0,single_scorer,0.8,True,,none
368,368_e04,runaway_divergence_risk,ideation_burst,Persona,Convergent,139,1.0,,,False,1.0,single_scorer,0.9,True,,none
368,368_e04,stance_integrity,ideation_burst,Persona,Convergent,139,4.0,,,False,4.0,single_scorer,1.0,True,,none
368,368_e04,timing_fit,ideation_burst,Persona,Convergent,139,4.0,,,False,4.0,single_scorer,1.0,True,,none
370,370_e04,agency_preservation,other,Persona,Convergent,116,3.0,,,False,3.0,single_scorer,0.95,True,,none
370,370_e04,anchor_management,other,Persona,Convergent,116,2.0,,,False,2.0,single_scorer,0.85,True,,none
370,370_e04,cognitive_load_clarity,other,Persona,Convergent,116,4.0,,,False,4.0,single_scorer,0.98,True,,none
370,370_e04,coregulation_uptake,other,Persona,Convergent,116,3.0,,,False,3.0,single_scorer,0.94,True,,none
370,370_e04,evaluative_discipline,other,Persona,Convergent,116,3.0,,,False,3.0,single_scorer,0.96,True,,none
370,370_e04,exploration_opening,other,Persona,Convergent,116,3.0,,,False,3.0,single_scorer,0.98,True,,none
370,370_e04,implementation_grounding,other,Persona,Convergent,116,3.0,,,False,3.0,single_scorer,0.93,True,,none
370,370_e04,premature_convergence_risk,other,Persona,Convergent,116,1.0,,,False,1.0,single_scorer,0.88,True,,none
370,370_e04,reframing_quality,other,Persona,Convergent,116,3.0,,,False,3.0,single_scorer,0.97,True,,none
370,370_e04,runaway_divergence_risk,other,Persona,Convergent,116,0.0,,,False,0.0,single_scorer,1.0,True,,none
370,370_e04,stance_integrity,other,Persona,Convergent,116,4.0,,,False,4.0,single_scorer,0.99,True,,none
370,370_e04,timing_fit,other,Persona,Convergent,116,4.0,,,False,4.0,single_scorer,0.99,True,,none
370,370_e05,agency_preservation,ideation_burst,Persona,Convergent,69,3.0,,,False,3.0,single_scorer,0.9,True,,none
370,370_e05,anchor_management,ideation_burst,Persona,Convergent,69,2.0,,,False,2.0,single_scorer,0.8,True,,none
370,370_e05,cognitive_load_clarity,ideation_burst,Persona,Convergent,69,3.0,,,False,3.0,single_scorer,0.9,True,,none
370,370_e05,coregulation_uptake,ideation_burst,Persona,Convergent,69,3.0,,,False,3.0,single_scorer,0.9,True,,none
370,370_e05,evaluative_discipline,ideation_burst,Persona,Convergent,69,2.0,,,False,2.0,single_scorer,0.8,True,,none
370,370_e05,exploration_opening,ideation_burst,Persona,Convergent,69,3.0,,,False,3.0,single_scorer,0.9,True,,none
370,370_e05,implementation_grounding,ideation_burst,Persona,Convergent,69,2.0,,,False,2.0,single_scorer,0.7,True,,none
370,370_e05,premature_convergence_risk,ideation_burst,Persona,Convergent,69,1.0,,,False,1.0,single_scorer,0.8,True,,none
370,370_e05,reframing_quality,ideation_burst,Persona,Convergent,69,3.0,,,False,3.0,single_scorer,0.9,True,,none
370,370_e05,runaway_divergence_risk,ideation_burst,Persona,Convergent,69,1.0,,,False,1.0,single_scorer,0.8,True,,none
370,370_e05,stance_integrity,ideation_burst,Persona,Convergent,69,4.0,,,False,4.0,single_scorer,1.0,True,,none
370,370_e05,timing_fit,ideation_burst,Persona,Convergent,69,4.0,,,False,4.0,single_scorer,1.0,True,,none
370,370_e10,agency_preservation,other,Persona,Convergent,69,3.0,,,False,3.0,single_scorer,0.8,True,,none
370,370_e10,anchor_management,other,Persona,Convergent,69,2.0,,,False,2.0,single_scorer,0.7,True,,none
370,370_e10,cognitive_load_clarity,other,Persona,Convergent,69,3.0,,,False,3.0,single_scorer,0.9,True,,none
370,370_e10,coregulation_uptake,other,Persona,Convergent,69,2.0,,,False,2.0,single_scorer,0.6,True,,none
370,370_e10,evaluative_discipline,other,Persona,Convergent,69,1.0,,,False,1.0,single_scorer,0.7,True,,none
370,370_e10,exploration_opening,other,Persona,Convergent,69,3.0,,,False,3.0,single_scorer,0.9,True,,none
370,370_e10,implementation_grounding,other,Persona,Convergent,69,1.0,,,False,1.0,single_scorer,0.6,True,,none
370,370_e10,premature_convergence_risk,other,Persona,Convergent,69,1.0,,,False,1.0,single_scorer,0.8,True,,none
370,370_e10,reframing_quality,other,Persona,Convergent,69,3.0,,,False,3.0,single_scorer,0.9,True,,none
370,370_e10,runaway_divergence_risk,other,Persona,Convergent,69,1.0,,,False,1.0,single_scorer,0.8,True,,none
370,370_e10,stance_integrity,other,Persona,Convergent,69,4.0,,,False,4.0,single_scorer,0.9,True,,none
370,370_e10,timing_fit,other,Persona,Convergent,69,3.0,,,False,3.0,single_scorer,0.9,True,,none
373,373_e01,agency_preservation,other,Persona,Convergent,149,3.0,,,False,3.0,single_scorer,0.9,True,,none
373,373_e01,anchor_management,other,Persona,Convergent,149,2.0,,,False,2.0,single_scorer,0.8,True,,none
373,373_e01,cognitive_load_clarity,other,Persona,Convergent,149,3.0,,,False,3.0,single_scorer,0.9,True,,none
373,373_e01,coregulation_uptake,other,Persona,Convergent,149,3.0,,,False,3.0,single_scorer,0.9,True,,none
373,373_e01,evaluative_discipline,other,Persona,Convergent,149,1.0,,,False,1.0,single_scorer,0.7,True,,none
373,373_e01,exploration_opening,other,Persona,Convergent,149,3.0,,,False,3.0,single_scorer,0.9,True,,none
373,373_e01,implementation_grounding,other,Persona,Convergent,149,1.0,,,False,1.0,single_scorer,0.7,True,,none
373,373_e01,premature_convergence_risk,other,Persona,Convergent,149,1.0,,,False,1.0,single_scorer,0.8,True,,none
373,373_e01,reframing_quality,other,Persona,Convergent,149,2.0,,,False,2.0,single_scorer,0.8,True,,none
373,373_e01,runaway_divergence_risk,other,Persona,Convergent,149,0.0,,,False,0.0,single_scorer,0.9,True,,none
373,373_e01,stance_integrity,other,Persona,Convergent,149,4.0,,,False,4.0,single_scorer,0.9,True,,none
373,373_e01,timing_fit,other,Persona,Convergent,149,4.0,,,False,4.0,single_scorer,0.9,True,,none
374,374_e06,agency_preservation,other,Persona,Convergent,86,3.0,,,False,3.0,single_scorer,0.9,True,,none
374,374_e06,anchor_management,other,Persona,Convergent,86,3.0,,,False,3.0,single_scorer,0.85,True,,none
374,374_e06,cognitive_load_clarity,other,Persona,Convergent,86,4.0,,,False,4.0,single_scorer,0.95,True,,none
374,374_e06,coregulation_uptake,other,Persona,Convergent,86,3.0,,,False,3.0,single_scorer,0.95,True,,none
374,374_e06,evaluative_discipline,other,Persona,Convergent,86,1.0,,,False,1.0,single_scorer,0.6,True,,none
374,374_e06,exploration_opening,other,Persona,Convergent,86,3.0,,,False,3.0,single_scorer,0.95,True,,none
374,374_e06,implementation_grounding,other,Persona,Convergent,86,3.0,,,False,3.0,single_scorer,0.9,True,,none
374,374_e06,premature_convergence_risk,other,Persona,Convergent,86,0.0,,,False,0.0,single_scorer,0.95,True,,none
374,374_e06,reframing_quality,other,Persona,Convergent,86,2.0,,,False,2.0,single_scorer,0.85,True,,none
374,374_e06,runaway_divergence_risk,other,Persona,Convergent,86,0.0,,,False,0.0,single_scorer,0.9,True,,none
374,374_e06,stance_integrity,other,Persona,Convergent,86,4.0,,,False,4.0,single_scorer,0.98,True,,none
374,374_e06,timing_fit,other,Persona,Convergent,86,4.0,,,False,4.0,single_scorer,0.98,True,,none
377,377_e01,agency_preservation,opening_frame,Persona,Convergent,91,3.0,4.0,1.0,False,3.5,keep_mean,1.0,True,True,none
377,377_e01,anchor_management,opening_frame,Persona,Convergent,91,3.0,3.0,0.0,False,3.0,keep_mean,1.0,True,True,none
377,377_e01,cognitive_load_clarity,opening_frame,Persona,Convergent,91,3.0,4.0,1.0,False,3.5,keep_mean,1.0,True,True,none
377,377_e01,coregulation_uptake,opening_frame,Persona,Convergent,91,3.0,4.0,1.0,False,3.5,keep_mean,1.0,True,True,none
377,377_e01,evaluative_discipline,opening_frame,Persona,Convergent,91,2.0,2.0,0.0,False,2.0,keep_mean,1.0,True,True,none
377,377_e01,exploration_opening,opening_frame,Persona,Convergent,91,4.0,3.0,1.0,False,3.5,keep_mean,1.0,True,True,none
377,377_e01,implementation_grounding,opening_frame,Persona,Convergent,91,2.0,2.0,0.0,False,2.0,keep_mean,1.0,True,True,none
377,377_e01,premature_convergence_risk,opening_frame,Persona,Convergent,91,1.0,1.0,0.0,False,1.0,keep_mean,1.0,True,True,none
377,377_e01,reframing_quality,opening_frame,Persona,Convergent,91,3.0,3.0,0.0,False,3.0,keep_mean,1.0,True,True,none
377,377_e01,runaway_divergence_risk,opening_frame,Persona,Convergent,91,1.0,0.0,1.0,False,0.5,keep_mean,1.0,True,True,none
377,377_e01,stance_integrity,opening_frame,Persona,Convergent,91,4.0,4.0,0.0,False,4.0,keep_mean,1.0,True,True,none
377,377_e01,timing_fit,opening_frame,Persona,Convergent,91,4.0,4.0,0.0,False,4.0,keep_mean,1.0,True,True,none
377,377_e05,agency_preservation,other,Persona,Convergent,113,3.0,,,False,3.0,single_scorer,1.0,True,,none
377,377_e05,anchor_management,other,Persona,Convergent,113,2.0,,,False,2.0,single_scorer,1.0,True,,none
377,377_e05,cognitive_load_clarity,other,Persona,Convergent,113,4.0,,,False,4.0,single_scorer,1.0,True,,none
377,377_e05,coregulation_uptake,other,Persona,Convergent,113,3.0,,,False,3.0,single_scorer,1.0,True,,none
377,377_e05,evaluative_discipline,other,Persona,Convergent,113,2.0,,,False,2.0,single_scorer,1.0,True,,none
377,377_e05,exploration_opening,other,Persona,Convergent,113,3.0,,,False,3.0,single_scorer,1.0,True,,none
377,377_e05,implementation_grounding,other,Persona,Convergent,113,3.0,,,False,3.0,single_scorer,1.0,True,,none
377,377_e05,premature_convergence_risk,other,Persona,Convergent,113,1.0,,,False,1.0,single_scorer,1.0,True,,none
377,377_e05,reframing_quality,other,Persona,Convergent,113,3.0,,,False,3.0,single_scorer,1.0,True,,none
377,377_e05,runaway_divergence_risk,other,Persona,Convergent,113,0.0,,,False,0.0,single_scorer,1.0,True,,none
377,377_e05,stance_integrity,other,Persona,Convergent,113,4.0,,,False,4.0,single_scorer,1.0,True,,none
377,377_e05,timing_fit,other,Persona,Convergent,113,4.0,,,False,4.0,single_scorer,1.0,True,,none
380,380_e07,agency_preservation,ideation_burst,Persona,Convergent,201,4.0,,,False,4.0,single_scorer,0.99,True,,none
380,380_e07,anchor_management,ideation_burst,Persona,Convergent,201,3.0,,,False,3.0,single_scorer,0.96,True,,none
380,380_e07,cognitive_load_clarity,ideation_burst,Persona,Convergent,201,4.0,,,False,4.0,single_scorer,0.98,True,,none
380,380_e07,coregulation_uptake,ideation_burst,Persona,Convergent,201,3.0,,,False,3.0,single_scorer,0.98,True,,none
380,380_e07,evaluative_discipline,ideation_burst,Persona,Convergent,201,2.0,,,False,2.0,single_scorer,0.85,True,,none
380,380_e07,exploration_opening,ideation_burst,Persona,Convergent,201,3.0,,,False,3.0,single_scorer,0.98,True,,none
380,380_e07,implementation_grounding,ideation_burst,Persona,Convergent,201,3.0,,,False,3.0,single_scorer,0.92,True,,none
380,380_e07,premature_convergence_risk,ideation_burst,Persona,Convergent,201,0.0,,,False,0.0,single_scorer,1.0,True,,none
380,380_e07,reframing_quality,ideation_burst,Persona,Convergent,201,3.0,,,False,3.0,single_scorer,0.97,True,,none
380,380_e07,runaway_divergence_risk,ideation_burst,Persona,Convergent,201,0.0,,,False,0.0,single_scorer,1.0,True,,none
380,380_e07,stance_integrity,ideation_burst,Persona,Convergent,201,4.0,,,False,4.0,single_scorer,0.99,True,,none
380,380_e07,timing_fit,ideation_burst,Persona,Convergent,201,4.0,,,False,4.0,single_scorer,0.99,True,,none
385,385_e03,agency_preservation,other,Persona,Convergent,130,3.0,4.0,1.0,False,3.5,keep_mean,0.925,True,True,none
385,385_e03,anchor_management,other,Persona,Convergent,130,2.0,3.0,1.0,False,2.5,keep_mean,0.875,True,True,none
385,385_e03,cognitive_load_clarity,other,Persona,Convergent,130,3.0,4.0,1.0,False,3.5,keep_mean,0.925,True,True,none
385,385_e03,coregulation_uptake,other,Persona,Convergent,130,3.0,4.0,1.0,False,3.5,keep_mean,0.925,True,True,none
385,385_e03,evaluative_discipline,other,Persona,Convergent,130,2.0,3.0,1.0,False,2.5,keep_mean,0.825,True,True,none
385,385_e03,exploration_opening,other,Persona,Convergent,130,2.0,3.0,1.0,False,2.5,keep_mean,0.875,True,True,none
385,385_e03,implementation_grounding,other,Persona,Convergent,130,1.0,3.0,2.0,True,1.0,use_lower_score,0.7,True,True,none
385,385_e03,premature_convergence_risk,other,Persona,Convergent,130,1.0,1.0,0.0,False,1.0,keep_mean,0.875,True,True,none
385,385_e03,reframing_quality,other,Persona,Convergent,130,1.0,3.0,2.0,True,1.0,use_lower_score,0.9,True,True,none
385,385_e03,runaway_divergence_risk,other,Persona,Convergent,130,0.0,0.0,0.0,False,0.0,keep_mean,0.925,True,True,none
385,385_e03,stance_integrity,other,Persona,Convergent,130,4.0,4.0,0.0,False,4.0,keep_mean,0.925,True,True,none
385,385_e03,timing_fit,other,Persona,Convergent,130,3.0,4.0,1.0,False,3.5,keep_mean,0.925,True,True,none
386,386_e07,agency_preservation,other,Persona,Convergent,70,3.0,,,False,3.0,single_scorer,0.9,True,,none
386,386_e07,anchor_management,other,Persona,Convergent,70,2.0,,,False,2.0,single_scorer,0.7,True,,none
386,386_e07,cognitive_load_clarity,other,Persona,Convergent,70,3.0,,,False,3.0,single_scorer,0.9,True,,none
386,386_e07,coregulation_uptake,other,Persona,Convergent,70,3.0,,,False,3.0,single_scorer,0.9,True,,none
386,386_e07,evaluative_discipline,other,Persona,Convergent,70,1.0,,,False,1.0,single_scorer,0.6,True,,none
386,386_e07,exploration_opening,other,Persona,Convergent,70,3.0,,,False,3.0,single_scorer,0.9,True,,none
386,386_e07,implementation_grounding,other,Persona,Convergent,70,2.0,,,False,2.0,single_scorer,0.6,True,,none
386,386_e07,premature_convergence_risk,other,Persona,Convergent,70,1.0,,,False,1.0,single_scorer,0.7,True,,none
386,386_e07,reframing_quality,other,Persona,Convergent,70,2.0,,,False,2.0,single_scorer,0.8,True,,none
386,386_e07,runaway_divergence_risk,other,Persona,Convergent,70,1.0,,,False,1.0,single_scorer,0.7,True,,none
386,386_e07,stance_integrity,other,Persona,Convergent,70,4.0,,,False,4.0,single_scorer,0.9,True,,none
386,386_e07,timing_fit,other,Persona,Convergent,70,3.0,,,False,3.0,single_scorer,0.8,True,,none
394,394_e02,agency_preservation,repair_event,GPT,GPT,88,4.0,,,False,4.0,single_scorer,0.9,True,,none
394,394_e02,anchor_management,repair_event,GPT,GPT,88,3.0,,,False,3.0,single_scorer,0.9,True,,none
394,394_e02,cognitive_load_clarity,repair_event,GPT,GPT,88,4.0,,,False,4.0,single_scorer,0.9,True,,none
394,394_e02,coregulation_uptake,repair_event,GPT,GPT,88,3.0,,,False,3.0,single_scorer,0.9,True,,none
394,394_e02,evaluative_discipline,repair_event,GPT,GPT,88,2.0,,,False,2.0,single_scorer,0.8,True,,none
394,394_e02,exploration_opening,repair_event,GPT,GPT,88,3.0,,,False,3.0,single_scorer,0.9,True,,none
394,394_e02,implementation_grounding,repair_event,GPT,GPT,88,3.0,,,False,3.0,single_scorer,0.9,True,,none
394,394_e02,premature_convergence_risk,repair_event,GPT,GPT,88,0.0,,,False,0.0,single_scorer,0.9,True,,none
394,394_e02,reframing_quality,repair_event,GPT,GPT,88,3.0,,,False,3.0,single_scorer,0.9,True,,none
394,394_e02,runaway_divergence_risk,repair_event,GPT,GPT,88,0.0,,,False,0.0,single_scorer,0.9,True,,none
394,394_e02,stance_integrity,repair_event,GPT,GPT,88,4.0,,,False,4.0,single_scorer,0.9,True,,none
394,394_e02,timing_fit,repair_event,GPT,GPT,88,4.0,,,False,4.0,single_scorer,0.9,True,,none
396,396_e03,agency_preservation,user_agency_event,GPT,GPT,110,3.0,,,False,3.0,single_scorer,0.9,True,,none
396,396_e03,anchor_management,user_agency_event,GPT,GPT,110,2.0,,,False,2.0,single_scorer,0.8,True,,none
396,396_e03,cognitive_load_clarity,user_agency_event,GPT,GPT,110,3.0,,,False,3.0,single_scorer,0.9,True,,none
396,396_e03,coregulation_uptake,user_agency_event,GPT,GPT,110,3.0,,,False,3.0,single_scorer,0.9,True,,none
396,396_e03,evaluative_discipline,user_agency_event,GPT,GPT,110,2.0,,,False,2.0,single_scorer,0.7,True,,none
396,396_e03,exploration_opening,user_agency_event,GPT,GPT,110,3.0,,,False,3.0,single_scorer,0.9,True,,none
396,396_e03,implementation_grounding,user_agency_event,GPT,GPT,110,3.0,,,False,3.0,single_scorer,0.9,True,,none
396,396_e03,premature_convergence_risk,user_agency_event,GPT,GPT,110,1.0,,,False,1.0,single_scorer,0.8,True,,none
396,396_e03,reframing_quality,user_agency_event,GPT,GPT,110,3.0,,,False,3.0,single_scorer,0.9,True,,none
396,396_e03,runaway_divergence_risk,user_agency_event,GPT,GPT,110,1.0,,,False,1.0,single_scorer,0.9,True,,none
396,396_e03,stance_integrity,user_agency_event,GPT,GPT,110,4.0,,,False,4.0,single_scorer,1.0,True,,none
396,396_e03,timing_fit,user_agency_event,GPT,GPT,110,4.0,,,False,4.0,single_scorer,1.0,True,,none
399,399_e03,agency_preservation,commitment_event,GPT,GPT,75,3.0,,,False,3.0,single_scorer,0.9,True,,none
399,399_e03,anchor_management,commitment_event,GPT,GPT,75,2.0,,,False,2.0,single_scorer,0.7,True,,none
399,399_e03,cognitive_load_clarity,commitment_event,GPT,GPT,75,3.0,,,False,3.0,single_scorer,0.9,True,,none
399,399_e03,coregulation_uptake,commitment_event,GPT,GPT,75,3.0,,,False,3.0,single_scorer,0.9,True,,none
399,399_e03,evaluative_discipline,commitment_event,GPT,GPT,75,2.0,,,False,2.0,single_scorer,0.6,True,,none
399,399_e03,exploration_opening,commitment_event,GPT,GPT,75,2.0,,,False,2.0,single_scorer,0.8,True,,none
399,399_e03,implementation_grounding,commitment_event,GPT,GPT,75,3.0,,,False,3.0,single_scorer,0.9,True,,none
399,399_e03,premature_convergence_risk,commitment_event,GPT,GPT,75,1.0,,,False,1.0,single_scorer,0.7,True,,none
399,399_e03,reframing_quality,commitment_event,GPT,GPT,75,1.0,,,False,1.0,single_scorer,0.7,True,,none
399,399_e03,runaway_divergence_risk,commitment_event,GPT,GPT,75,0.0,,,False,0.0,single_scorer,0.9,True,,none
399,399_e03,stance_integrity,commitment_event,GPT,GPT,75,4.0,,,False,4.0,single_scorer,0.9,True,,none
399,399_e03,timing_fit,commitment_event,GPT,GPT,75,3.0,,,False,3.0,single_scorer,0.8,True,,none
401,401_e07,agency_preservation,implementation_grounding_event,GPT,GPT,61,3.0,,,False,3.0,single_scorer,0.9,True,,none
401,401_e07,anchor_management,implementation_grounding_event,GPT,GPT,61,1.0,,,False,1.0,single_scorer,0.6,True,,none
401,401_e07,cognitive_load_clarity,implementation_grounding_event,GPT,GPT,61,3.0,,,False,3.0,single_scorer,0.9,True,,none
401,401_e07,coregulation_uptake,implementation_grounding_event,GPT,GPT,61,2.0,,,False,2.0,single_scorer,0.7,True,,none
401,401_e07,evaluative_discipline,implementation_grounding_event,GPT,GPT,61,2.0,,,False,2.0,single_scorer,0.7,True,,none
401,401_e07,exploration_opening,implementation_grounding_event,GPT,GPT,61,2.0,,,False,2.0,single_scorer,0.9,True,,none
401,401_e07,implementation_grounding,implementation_grounding_event,GPT,GPT,61,3.0,,,False,3.0,single_scorer,0.9,True,,none
401,401_e07,premature_convergence_risk,implementation_grounding_event,GPT,GPT,61,1.0,,,False,1.0,single_scorer,0.7,True,,none
401,401_e07,reframing_quality,implementation_grounding_event,GPT,GPT,61,1.0,,,False,1.0,single_scorer,0.8,True,,none
401,401_e07,runaway_divergence_risk,implementation_grounding_event,GPT,GPT,61,1.0,,,False,1.0,single_scorer,0.6,True,,none
401,401_e07,stance_integrity,implementation_grounding_event,GPT,GPT,61,3.0,,,False,3.0,single_scorer,0.9,True,,none
401,401_e07,timing_fit,implementation_grounding_event,GPT,GPT,61,3.0,,,False,3.0,single_scorer,0.8,True,,none
403,403_e02,agency_preservation,user_agency_event,GPT,GPT,52,2.0,,,False,2.0,single_scorer,0.6,True,,none
403,403_e02,anchor_management,user_agency_event,GPT,GPT,52,1.0,,,False,1.0,single_scorer,0.4,True,,none
403,403_e02,cognitive_load_clarity,user_agency_event,GPT,GPT,52,3.0,,,False,3.0,single_scorer,0.8,True,,none
403,403_e02,coregulation_uptake,user_agency_event,GPT,GPT,52,1.0,,,False,1.0,single_scorer,0.3,True,,none
403,403_e02,evaluative_discipline,user_agency_event,GPT,GPT,52,0.0,,,False,0.0,single_scorer,0.1,True,,none
403,403_e02,exploration_opening,user_agency_event,GPT,GPT,52,1.0,,,False,1.0,single_scorer,0.8,True,,none
403,403_e02,implementation_grounding,user_agency_event,GPT,GPT,52,1.0,,,False,1.0,single_scorer,0.4,True,,none
403,403_e02,premature_convergence_risk,user_agency_event,GPT,GPT,52,2.0,,,False,2.0,single_scorer,0.7,True,,none
403,403_e02,reframing_quality,user_agency_event,GPT,GPT,52,0.0,,,False,0.0,single_scorer,0.2,True,,none
403,403_e02,runaway_divergence_risk,user_agency_event,GPT,GPT,52,0.0,,,False,0.0,single_scorer,0.9,True,,none
403,403_e02,stance_integrity,user_agency_event,GPT,GPT,52,3.0,,,False,3.0,single_scorer,0.9,True,,none
403,403_e02,timing_fit,user_agency_event,GPT,GPT,52,2.0,,,False,2.0,single_scorer,0.5,True,,none
403,403_e08,agency_preservation,repair_event,GPT,GPT,85,1.0,,,False,1.0,single_scorer,0.7,True,,none
403,403_e08,anchor_management,repair_event,GPT,GPT,85,1.0,,,False,1.0,single_scorer,0.9,True,,none
403,403_e08,cognitive_load_clarity,repair_event,GPT,GPT,85,2.0,,,False,2.0,single_scorer,0.8,True,,none
403,403_e08,coregulation_uptake,repair_event,GPT,GPT,85,1.0,,,False,1.0,single_scorer,0.6,True,,none
403,403_e08,evaluative_discipline,repair_event,GPT,GPT,85,0.0,,,False,0.0,single_scorer,1.0,True,,none
403,403_e08,exploration_opening,repair_event,GPT,GPT,85,2.0,,,False,2.0,single_scorer,0.8,True,,none
403,403_e08,implementation_grounding,repair_event,GPT,GPT,85,1.0,,,False,1.0,single_scorer,0.8,True,,none
403,403_e08,premature_convergence_risk,repair_event,GPT,GPT,85,1.0,,,False,1.0,single_scorer,0.8,True,,none
403,403_e08,reframing_quality,repair_event,GPT,GPT,85,0.0,,,False,0.0,single_scorer,1.0,True,,none
403,403_e08,runaway_divergence_risk,repair_event,GPT,GPT,85,2.0,,,False,2.0,single_scorer,0.8,True,,none
403,403_e08,stance_integrity,repair_event,GPT,GPT,85,3.0,,,False,3.0,single_scorer,0.9,True,,none
403,403_e08,timing_fit,repair_event,GPT,GPT,85,2.0,,,False,2.0,single_scorer,0.7,True,,none
414,414_e01,agency_preservation,opening_frame,Persona,Divergent,120,3.0,,,False,3.0,single_scorer,1.0,True,,none
414,414_e01,anchor_management,opening_frame,Persona,Divergent,120,3.0,,,False,3.0,single_scorer,1.0,True,,none
414,414_e01,cognitive_load_clarity,opening_frame,Persona,Divergent,120,3.0,,,False,3.0,single_scorer,1.0,True,,none
414,414_e01,coregulation_uptake,opening_frame,Persona,Divergent,120,3.0,,,False,3.0,single_scorer,1.0,True,,none
414,414_e01,evaluative_discipline,opening_frame,Persona,Divergent,120,2.0,,,False,2.0,single_scorer,1.0,True,,none
414,414_e01,exploration_opening,opening_frame,Persona,Divergent,120,4.0,,,False,4.0,single_scorer,1.0,True,,none
414,414_e01,implementation_grounding,opening_frame,Persona,Divergent,120,2.0,,,False,2.0,single_scorer,1.0,True,,none
414,414_e01,premature_convergence_risk,opening_frame,Persona,Divergent,120,1.0,,,False,1.0,single_scorer,1.0,True,,none
414,414_e01,reframing_quality,opening_frame,Persona,Divergent,120,3.0,,,False,3.0,single_scorer,1.0,True,,none
414,414_e01,runaway_divergence_risk,opening_frame,Persona,Divergent,120,1.0,,,False,1.0,single_scorer,1.0,True,,none
414,414_e01,stance_integrity,opening_frame,Persona,Divergent,120,4.0,,,False,4.0,single_scorer,1.0,True,,none
414,414_e01,timing_fit,opening_frame,Persona,Divergent,120,4.0,,,False,4.0,single_scorer,1.0,True,,none
414,414_e02,agency_preservation,critique_event,Persona,Divergent,143,3.0,,,False,3.0,single_scorer,1.0,True,,none
414,414_e02,anchor_management,critique_event,Persona,Divergent,143,3.0,,,False,3.0,single_scorer,1.0,True,,none
414,414_e02,cognitive_load_clarity,critique_event,Persona,Divergent,143,3.0,,,False,3.0,single_scorer,1.0,True,,none
414,414_e02,coregulation_uptake,critique_event,Persona,Divergent,143,3.0,,,False,3.0,single_scorer,1.0,True,,none
414,414_e02,evaluative_discipline,critique_event,Persona,Divergent,143,2.0,,,False,2.0,single_scorer,1.0,True,,none
414,414_e02,exploration_opening,critique_event,Persona,Divergent,143,4.0,,,False,4.0,single_scorer,1.0,True,,none
414,414_e02,implementation_grounding,critique_event,Persona,Divergent,143,2.0,,,False,2.0,single_scorer,1.0,True,,none
414,414_e02,premature_convergence_risk,critique_event,Persona,Divergent,143,1.0,,,False,1.0,single_scorer,1.0,True,,none
414,414_e02,reframing_quality,critique_event,Persona,Divergent,143,3.0,,,False,3.0,single_scorer,1.0,True,,none
414,414_e02,runaway_divergence_risk,critique_event,Persona,Divergent,143,1.0,,,False,1.0,single_scorer,1.0,True,,none
414,414_e02,stance_integrity,critique_event,Persona,Divergent,143,4.0,,,False,4.0,single_scorer,1.0,True,,none
414,414_e02,timing_fit,critique_event,Persona,Divergent,143,4.0,,,False,4.0,single_scorer,1.0,True,,none
414,414_e03,agency_preservation,ideation_burst,Persona,Divergent,177,4.0,,,False,4.0,single_scorer,1.0,True,,none
414,414_e03,anchor_management,ideation_burst,Persona,Divergent,177,3.0,,,False,3.0,single_scorer,1.0,True,,none
414,414_e03,cognitive_load_clarity,ideation_burst,Persona,Divergent,177,3.0,,,False,3.0,single_scorer,1.0,True,,none
414,414_e03,coregulation_uptake,ideation_burst,Persona,Divergent,177,4.0,,,False,4.0,single_scorer,1.0,True,,none
414,414_e03,evaluative_discipline,ideation_burst,Persona,Divergent,177,2.0,,,False,2.0,single_scorer,1.0,True,,none
414,414_e03,exploration_opening,ideation_burst,Persona,Divergent,177,4.0,,,False,4.0,single_scorer,1.0,True,,none
414,414_e03,implementation_grounding,ideation_burst,Persona,Divergent,177,2.0,,,False,2.0,single_scorer,1.0,True,,none
414,414_e03,premature_convergence_risk,ideation_burst,Persona,Divergent,177,0.0,,,False,0.0,single_scorer,1.0,True,,none
414,414_e03,reframing_quality,ideation_burst,Persona,Divergent,177,3.0,,,False,3.0,single_scorer,1.0,True,,none
414,414_e03,runaway_divergence_risk,ideation_burst,Persona,Divergent,177,1.0,,,False,1.0,single_scorer,1.0,True,,none
414,414_e03,stance_integrity,ideation_burst,Persona,Divergent,177,4.0,,,False,4.0,single_scorer,1.0,True,,none
414,414_e03,timing_fit,ideation_burst,Persona,Divergent,177,4.0,,,False,4.0,single_scorer,1.0,True,,none
415,415_e01,agency_preservation,opening_frame,Persona,Divergent,92,3.0,,,False,3.0,single_scorer,1.0,True,,none
415,415_e01,anchor_management,opening_frame,Persona,Divergent,92,2.0,,,False,2.0,single_scorer,1.0,True,,none
415,415_e01,cognitive_load_clarity,opening_frame,Persona,Divergent,92,3.0,,,False,3.0,single_scorer,1.0,True,,none
415,415_e01,coregulation_uptake,opening_frame,Persona,Divergent,92,3.0,,,False,3.0,single_scorer,1.0,True,,none
415,415_e01,evaluative_discipline,opening_frame,Persona,Divergent,92,1.0,,,False,1.0,single_scorer,1.0,True,,none
415,415_e01,exploration_opening,opening_frame,Persona,Divergent,92,4.0,,,False,4.0,single_scorer,1.0,True,,none
415,415_e01,implementation_grounding,opening_frame,Persona,Divergent,92,1.0,,,False,1.0,single_scorer,1.0,True,,none
415,415_e01,premature_convergence_risk,opening_frame,Persona,Divergent,92,0.0,,,False,0.0,single_scorer,1.0,True,,none
415,415_e01,reframing_quality,opening_frame,Persona,Divergent,92,3.0,,,False,3.0,single_scorer,1.0,True,,none
415,415_e01,runaway_divergence_risk,opening_frame,Persona,Divergent,92,1.0,,,False,1.0,single_scorer,1.0,True,,none
415,415_e01,stance_integrity,opening_frame,Persona,Divergent,92,4.0,,,False,4.0,single_scorer,1.0,True,,none
415,415_e01,timing_fit,opening_frame,Persona,Divergent,92,4.0,,,False,4.0,single_scorer,1.0,True,,none
415,415_e02,agency_preservation,other,Persona,Divergent,114,4.0,,,False,4.0,single_scorer,0.9,True,,none
415,415_e02,anchor_management,other,Persona,Divergent,114,3.0,,,False,3.0,single_scorer,0.9,True,,none
415,415_e02,cognitive_load_clarity,other,Persona,Divergent,114,4.0,,,False,4.0,single_scorer,0.9,True,,none
415,415_e02,coregulation_uptake,other,Persona,Divergent,114,3.0,,,False,3.0,single_scorer,0.9,True,,none
415,415_e02,evaluative_discipline,other,Persona,Divergent,114,2.0,,,False,2.0,single_scorer,0.8,True,,none
415,415_e02,exploration_opening,other,Persona,Divergent,114,3.0,,,False,3.0,single_scorer,0.9,True,,none
415,415_e02,implementation_grounding,other,Persona,Divergent,114,3.0,,,False,3.0,single_scorer,0.8,True,,none
415,415_e02,premature_convergence_risk,other,Persona,Divergent,114,0.0,,,False,0.0,single_scorer,1.0,True,,none
415,415_e02,reframing_quality,other,Persona,Divergent,114,3.0,,,False,3.0,single_scorer,0.9,True,,none
415,415_e02,runaway_divergence_risk,other,Persona,Divergent,114,0.0,,,False,0.0,single_scorer,1.0,True,,none
415,415_e02,stance_integrity,other,Persona,Divergent,114,4.0,,,False,4.0,single_scorer,0.9,True,,none
415,415_e02,timing_fit,other,Persona,Divergent,114,4.0,,,False,4.0,single_scorer,0.9,True,,none
415,415_e03,agency_preservation,other,Persona,Divergent,134,3.0,,,False,3.0,single_scorer,1.0,True,,none
415,415_e03,anchor_management,other,Persona,Divergent,134,3.0,,,False,3.0,single_scorer,1.0,True,,none
415,415_e03,cognitive_load_clarity,other,Persona,Divergent,134,3.0,,,False,3.0,single_scorer,1.0,True,,none
415,415_e03,coregulation_uptake,other,Persona,Divergent,134,3.0,,,False,3.0,single_scorer,1.0,True,,none
415,415_e03,evaluative_discipline,other,Persona,Divergent,134,2.0,,,False,2.0,single_scorer,1.0,True,,none
415,415_e03,exploration_opening,other,Persona,Divergent,134,4.0,,,False,4.0,single_scorer,1.0,True,,none
415,415_e03,implementation_grounding,other,Persona,Divergent,134,3.0,,,False,3.0,single_scorer,1.0,True,,none
415,415_e03,premature_convergence_risk,other,Persona,Divergent,134,1.0,,,False,1.0,single_scorer,1.0,True,,none
415,415_e03,reframing_quality,other,Persona,Divergent,134,3.0,,,False,3.0,single_scorer,1.0,True,,none
415,415_e03,runaway_divergence_risk,other,Persona,Divergent,134,0.0,,,False,0.0,single_scorer,1.0,True,,none
415,415_e03,stance_integrity,other,Persona,Divergent,134,4.0,,,False,4.0,single_scorer,1.0,True,,none
415,415_e03,timing_fit,other,Persona,Divergent,134,4.0,,,False,4.0,single_scorer,1.0,True,,none
416,416_e01,agency_preservation,other,Persona,Divergent,151,3.0,,,False,3.0,single_scorer,1.0,True,,none
416,416_e01,anchor_management,other,Persona,Divergent,151,3.0,,,False,3.0,single_scorer,1.0,True,,none
416,416_e01,cognitive_load_clarity,other,Persona,Divergent,151,3.0,,,False,3.0,single_scorer,1.0,True,,none
416,416_e01,coregulation_uptake,other,Persona,Divergent,151,3.0,,,False,3.0,single_scorer,1.0,True,,none
416,416_e01,evaluative_discipline,other,Persona,Divergent,151,2.0,,,False,2.0,single_scorer,1.0,True,,none
416,416_e01,exploration_opening,other,Persona,Divergent,151,4.0,,,False,4.0,single_scorer,1.0,True,,none
416,416_e01,implementation_grounding,other,Persona,Divergent,151,2.0,,,False,2.0,single_scorer,1.0,True,,none
416,416_e01,premature_convergence_risk,other,Persona,Divergent,151,0.0,,,False,0.0,single_scorer,1.0,True,,none
416,416_e01,reframing_quality,other,Persona,Divergent,151,3.0,,,False,3.0,single_scorer,1.0,True,,none
416,416_e01,runaway_divergence_risk,other,Persona,Divergent,151,1.0,,,False,1.0,single_scorer,1.0,True,,none
416,416_e01,stance_integrity,other,Persona,Divergent,151,4.0,,,False,4.0,single_scorer,1.0,True,,none
416,416_e01,timing_fit,other,Persona,Divergent,151,4.0,,,False,4.0,single_scorer,1.0,True,,none
416,416_e02,agency_preservation,user_agency_event,Persona,Divergent,63,3.0,3.0,0.0,False,3.0,keep_mean,0.95,True,True,none
416,416_e02,anchor_management,user_agency_event,Persona,Divergent,63,2.0,3.0,1.0,False,2.5,keep_mean,0.95,True,True,none
416,416_e02,cognitive_load_clarity,user_agency_event,Persona,Divergent,63,3.0,3.0,0.0,False,3.0,keep_mean,0.95,True,True,none
416,416_e02,coregulation_uptake,user_agency_event,Persona,Divergent,63,3.0,4.0,1.0,False,3.5,keep_mean,0.975,True,True,none
416,416_e02,evaluative_discipline,user_agency_event,Persona,Divergent,63,1.0,1.0,0.0,False,1.0,keep_mean,0.9,True,True,none
416,416_e02,exploration_opening,user_agency_event,Persona,Divergent,63,4.0,4.0,0.0,False,4.0,keep_mean,0.975,True,True,none
416,416_e02,implementation_grounding,user_agency_event,Persona,Divergent,63,1.0,2.0,1.0,False,1.5,keep_mean,0.9,True,True,none
416,416_e02,premature_convergence_risk,user_agency_event,Persona,Divergent,63,1.0,1.0,0.0,False,1.0,keep_mean,0.9,True,True,none
416,416_e02,reframing_quality,user_agency_event,Persona,Divergent,63,3.0,4.0,1.0,False,3.5,keep_mean,0.975,True,True,none
416,416_e02,runaway_divergence_risk,user_agency_event,Persona,Divergent,63,1.0,1.0,0.0,False,1.0,keep_mean,0.95,True,True,none
416,416_e02,stance_integrity,user_agency_event,Persona,Divergent,63,4.0,4.0,0.0,False,4.0,keep_mean,0.975,True,True,none
416,416_e02,timing_fit,user_agency_event,Persona,Divergent,63,4.0,4.0,0.0,False,4.0,keep_mean,0.975,True,True,none
416,416_e03,agency_preservation,ideation_burst,Persona,Divergent,103,3.0,,,False,3.0,single_scorer,1.0,True,,none
416,416_e03,anchor_management,ideation_burst,Persona,Divergent,103,3.0,,,False,3.0,single_scorer,1.0,True,,none
416,416_e03,cognitive_load_clarity,ideation_burst,Persona,Divergent,103,3.0,,,False,3.0,single_scorer,1.0,True,,none
416,416_e03,coregulation_uptake,ideation_burst,Persona,Divergent,103,3.0,,,False,3.0,single_scorer,1.0,True,,none
416,416_e03,evaluative_discipline,ideation_burst,Persona,Divergent,103,1.0,,,False,1.0,single_scorer,0.5,True,,none
416,416_e03,exploration_opening,ideation_burst,Persona,Divergent,103,4.0,,,False,4.0,single_scorer,1.0,True,,none
416,416_e03,implementation_grounding,ideation_burst,Persona,Divergent,103,1.0,,,False,1.0,single_scorer,0.5,True,,none
416,416_e03,premature_convergence_risk,ideation_burst,Persona,Divergent,103,0.0,,,False,0.0,single_scorer,1.0,True,,none
416,416_e03,reframing_quality,ideation_burst,Persona,Divergent,103,3.0,,,False,3.0,single_scorer,1.0,True,,none
416,416_e03,runaway_divergence_risk,ideation_burst,Persona,Divergent,103,2.0,,,False,2.0,single_scorer,1.0,True,,none
416,416_e03,stance_integrity,ideation_burst,Persona,Divergent,103,4.0,,,False,4.0,single_scorer,1.0,True,,none
416,416_e03,timing_fit,ideation_burst,Persona,Divergent,103,4.0,,,False,4.0,single_scorer,1.0,True,,none
418,418_e03,agency_preservation,other,Persona,Divergent,108,3.0,,,False,3.0,single_scorer,1.0,True,,none
418,418_e03,anchor_management,other,Persona,Divergent,108,3.0,,,False,3.0,single_scorer,1.0,True,,none
418,418_e03,cognitive_load_clarity,other,Persona,Divergent,108,3.0,,,False,3.0,single_scorer,1.0,True,,none
418,418_e03,coregulation_uptake,other,Persona,Divergent,108,3.0,,,False,3.0,single_scorer,1.0,True,,none
418,418_e03,evaluative_discipline,other,Persona,Divergent,108,2.0,,,False,2.0,single_scorer,1.0,True,,none
418,418_e03,exploration_opening,other,Persona,Divergent,108,4.0,,,False,4.0,single_scorer,1.0,True,,none
418,418_e03,implementation_grounding,other,Persona,Divergent,108,2.0,,,False,2.0,single_scorer,1.0,True,,none
418,418_e03,premature_convergence_risk,other,Persona,Divergent,108,1.0,,,False,1.0,single_scorer,1.0,True,,none
418,418_e03,reframing_quality,other,Persona,Divergent,108,3.0,,,False,3.0,single_scorer,1.0,True,,none
418,418_e03,runaway_divergence_risk,other,Persona,Divergent,108,1.0,,,False,1.0,single_scorer,1.0,True,,none
418,418_e03,stance_integrity,other,Persona,Divergent,108,4.0,,,False,4.0,single_scorer,1.0,True,,none
418,418_e03,timing_fit,other,Persona,Divergent,108,4.0,,,False,4.0,single_scorer,1.0,True,,none
431,431_e11,agency_preservation,user_agency_event,GPT,GPT,103,3.0,,,False,3.0,single_scorer,0.9,True,,none
431,431_e11,anchor_management,user_agency_event,GPT,GPT,103,2.0,,,False,2.0,single_scorer,0.7,True,,none
431,431_e11,cognitive_load_clarity,user_agency_event,GPT,GPT,103,4.0,,,False,4.0,single_scorer,0.9,True,,none
431,431_e11,coregulation_uptake,user_agency_event,GPT,GPT,103,3.0,,,False,3.0,single_scorer,0.9,True,,none
431,431_e11,evaluative_discipline,user_agency_event,GPT,GPT,103,2.0,,,False,2.0,single_scorer,0.6,True,,none
431,431_e11,exploration_opening,user_agency_event,GPT,GPT,103,2.0,,,False,2.0,single_scorer,0.8,True,,none
431,431_e11,implementation_grounding,user_agency_event,GPT,GPT,103,3.0,,,False,3.0,single_scorer,0.9,True,,none
431,431_e11,premature_convergence_risk,user_agency_event,GPT,GPT,103,1.0,,,False,1.0,single_scorer,0.8,True,,none
431,431_e11,reframing_quality,user_agency_event,GPT,GPT,103,1.0,,,False,1.0,single_scorer,0.7,True,,none
431,431_e11,runaway_divergence_risk,user_agency_event,GPT,GPT,103,0.0,,,False,0.0,single_scorer,1.0,True,,none
431,431_e11,stance_integrity,user_agency_event,GPT,GPT,103,4.0,,,False,4.0,single_scorer,0.9,True,,none
431,431_e11,timing_fit,user_agency_event,GPT,GPT,103,4.0,,,False,4.0,single_scorer,0.9,True,,none
432,432_e04,agency_preservation,other,GPT,GPT,204,3.0,,,False,3.0,single_scorer,0.85,True,,none
432,432_e04,anchor_management,other,GPT,GPT,204,1.0,,,False,1.0,single_scorer,0.8,True,,none
432,432_e04,cognitive_load_clarity,other,GPT,GPT,204,3.0,,,False,3.0,single_scorer,0.9,True,,none
432,432_e04,coregulation_uptake,other,GPT,GPT,204,2.0,,,False,2.0,single_scorer,0.75,True,,none
432,432_e04,evaluative_discipline,other,GPT,GPT,204,0.0,,,False,0.0,single_scorer,0.95,True,,none
432,432_e04,exploration_opening,other,GPT,GPT,204,2.0,,,False,2.0,single_scorer,0.8,True,,none
432,432_e04,implementation_grounding,other,GPT,GPT,204,1.0,,,False,1.0,single_scorer,0.8,True,,none
432,432_e04,premature_convergence_risk,other,GPT,GPT,204,1.0,,,False,1.0,single_scorer,0.8,True,,none
432,432_e04,reframing_quality,other,GPT,GPT,204,1.0,,,False,1.0,single_scorer,0.9,True,,none
432,432_e04,runaway_divergence_risk,other,GPT,GPT,204,1.0,,,False,1.0,single_scorer,0.85,True,,none
432,432_e04,stance_integrity,other,GPT,GPT,204,3.0,,,False,3.0,single_scorer,0.95,True,,none
432,432_e04,timing_fit,other,GPT,GPT,204,3.0,,,False,3.0,single_scorer,0.9,True,,none
439,439_e07,agency_preservation,ideation_burst,Persona,Divergent,173,3.0,,,False,3.0,single_scorer,1.0,True,,none
439,439_e07,anchor_management,ideation_burst,Persona,Divergent,173,3.0,,,False,3.0,single_scorer,1.0,True,,none
439,439_e07,cognitive_load_clarity,ideation_burst,Persona,Divergent,173,4.0,,,False,4.0,single_scorer,1.0,True,,none
439,439_e07,coregulation_uptake,ideation_burst,Persona,Divergent,173,3.0,,,False,3.0,single_scorer,1.0,True,,none
439,439_e07,evaluative_discipline,ideation_burst,Persona,Divergent,173,3.0,,,False,3.0,single_scorer,1.0,True,,none
439,439_e07,exploration_opening,ideation_burst,Persona,Divergent,173,4.0,,,False,4.0,single_scorer,1.0,True,,none
439,439_e07,implementation_grounding,ideation_burst,Persona,Divergent,173,4.0,,,False,4.0,single_scorer,1.0,True,,none
439,439_e07,premature_convergence_risk,ideation_burst,Persona,Divergent,173,0.0,,,False,0.0,single_scorer,1.0,True,,none
439,439_e07,reframing_quality,ideation_burst,Persona,Divergent,173,3.0,,,False,3.0,single_scorer,1.0,True,,none
439,439_e07,runaway_divergence_risk,ideation_burst,Persona,Divergent,173,0.0,,,False,0.0,single_scorer,1.0,True,,none
439,439_e07,stance_integrity,ideation_burst,Persona,Divergent,173,4.0,,,False,4.0,single_scorer,1.0,True,,none
439,439_e07,timing_fit,ideation_burst,Persona,Divergent,173,4.0,,,False,4.0,single_scorer,1.0,True,,none
439,439_e08,agency_preservation,other,Persona,Divergent,137,3.0,,,False,3.0,single_scorer,0.9,True,,none
439,439_e08,anchor_management,other,Persona,Divergent,137,3.0,,,False,3.0,single_scorer,0.9,True,,none
439,439_e08,cognitive_load_clarity,other,Persona,Divergent,137,3.0,,,False,3.0,single_scorer,0.9,True,,none
439,439_e08,coregulation_uptake,other,Persona,Divergent,137,3.0,,,False,3.0,single_scorer,0.95,True,,none
439,439_e08,evaluative_discipline,other,Persona,Divergent,137,1.0,,,False,1.0,single_scorer,0.6,True,,none
439,439_e08,exploration_opening,other,Persona,Divergent,137,3.0,,,False,3.0,single_scorer,0.95,True,,none
439,439_e08,implementation_grounding,other,Persona,Divergent,137,2.0,,,False,2.0,single_scorer,0.7,True,,none
439,439_e08,premature_convergence_risk,other,Persona,Divergent,137,0.0,,,False,0.0,single_scorer,0.99,True,,none
439,439_e08,reframing_quality,other,Persona,Divergent,137,2.0,,,False,2.0,single_scorer,0.85,True,,none
439,439_e08,runaway_divergence_risk,other,Persona,Divergent,137,1.0,,,False,1.0,single_scorer,0.85,True,,none
439,439_e08,stance_integrity,other,Persona,Divergent,137,4.0,,,False,4.0,single_scorer,0.95,True,,none
439,439_e08,timing_fit,other,Persona,Divergent,137,4.0,,,False,4.0,single_scorer,0.98,True,,none
441,441_e02,agency_preservation,other,Persona,Divergent,295,4.0,,,False,4.0,single_scorer,0.9,True,,none
441,441_e02,anchor_management,other,Persona,Divergent,295,3.0,,,False,3.0,single_scorer,0.8,True,,none
441,441_e02,cognitive_load_clarity,other,Persona,Divergent,295,3.0,,,False,3.0,single_scorer,0.8,True,,none
441,441_e02,coregulation_uptake,other,Persona,Divergent,295,3.0,,,False,3.0,single_scorer,0.9,True,,none
441,441_e02,evaluative_discipline,other,Persona,Divergent,295,2.0,,,False,2.0,single_scorer,0.7,True,,none
441,441_e02,exploration_opening,other,Persona,Divergent,295,3.0,,,False,3.0,single_scorer,0.9,True,,none
441,441_e02,implementation_grounding,other,Persona,Divergent,295,1.0,,,False,1.0,single_scorer,0.6,True,,none
441,441_e02,premature_convergence_risk,other,Persona,Divergent,295,0.0,,,False,0.0,single_scorer,1.0,True,,none
441,441_e02,reframing_quality,other,Persona,Divergent,295,3.0,,,False,3.0,single_scorer,0.9,True,,none
441,441_e02,runaway_divergence_risk,other,Persona,Divergent,295,1.0,,,False,1.0,single_scorer,0.8,True,,none
441,441_e02,stance_integrity,other,Persona,Divergent,295,4.0,,,False,4.0,single_scorer,0.9,True,,none
441,441_e02,timing_fit,other,Persona,Divergent,295,4.0,,,False,4.0,single_scorer,0.9,True,,none
442,442_e03,agency_preservation,user_agency_event,Persona,Divergent,89,4.0,,,False,4.0,single_scorer,1.0,True,,none
442,442_e03,anchor_management,user_agency_event,Persona,Divergent,89,3.0,,,False,3.0,single_scorer,1.0,True,,none
442,442_e03,cognitive_load_clarity,user_agency_event,Persona,Divergent,89,3.0,,,False,3.0,single_scorer,1.0,True,,none
442,442_e03,coregulation_uptake,user_agency_event,Persona,Divergent,89,3.0,,,False,3.0,single_scorer,1.0,True,,none
442,442_e03,evaluative_discipline,user_agency_event,Persona,Divergent,89,2.0,,,False,2.0,single_scorer,1.0,True,,none
442,442_e03,exploration_opening,user_agency_event,Persona,Divergent,89,4.0,,,False,4.0,single_scorer,1.0,True,,none
442,442_e03,implementation_grounding,user_agency_event,Persona,Divergent,89,1.0,,,False,1.0,single_scorer,1.0,True,,none
442,442_e03,premature_convergence_risk,user_agency_event,Persona,Divergent,89,0.0,,,False,0.0,single_scorer,1.0,True,,none
442,442_e03,reframing_quality,user_agency_event,Persona,Divergent,89,3.0,,,False,3.0,single_scorer,1.0,True,,none
442,442_e03,runaway_divergence_risk,user_agency_event,Persona,Divergent,89,1.0,,,False,1.0,single_scorer,1.0,True,,none
442,442_e03,stance_integrity,user_agency_event,Persona,Divergent,89,4.0,,,False,4.0,single_scorer,1.0,True,,none
442,442_e03,timing_fit,user_agency_event,Persona,Divergent,89,4.0,,,False,4.0,single_scorer,1.0,True,,none
442,442_e04,agency_preservation,user_agency_event,Persona,Divergent,123,3.0,,,False,3.0,single_scorer,1.0,True,,none
442,442_e04,anchor_management,user_agency_event,Persona,Divergent,123,3.0,,,False,3.0,single_scorer,1.0,True,,none
442,442_e04,cognitive_load_clarity,user_agency_event,Persona,Divergent,123,3.0,,,False,3.0,single_scorer,1.0,True,,none
442,442_e04,coregulation_uptake,user_agency_event,Persona,Divergent,123,3.0,,,False,3.0,single_scorer,1.0,True,,none
442,442_e04,evaluative_discipline,user_agency_event,Persona,Divergent,123,2.0,,,False,2.0,single_scorer,1.0,True,,none
442,442_e04,exploration_opening,user_agency_event,Persona,Divergent,123,4.0,,,False,4.0,single_scorer,1.0,True,,none
442,442_e04,implementation_grounding,user_agency_event,Persona,Divergent,123,2.0,,,False,2.0,single_scorer,1.0,True,,none
442,442_e04,premature_convergence_risk,user_agency_event,Persona,Divergent,123,0.0,,,False,0.0,single_scorer,1.0,True,,none
442,442_e04,reframing_quality,user_agency_event,Persona,Divergent,123,3.0,,,False,3.0,single_scorer,1.0,True,,none
442,442_e04,runaway_divergence_risk,user_agency_event,Persona,Divergent,123,1.0,,,False,1.0,single_scorer,1.0,True,,none
442,442_e04,stance_integrity,user_agency_event,Persona,Divergent,123,4.0,,,False,4.0,single_scorer,1.0,True,,none
442,442_e04,timing_fit,user_agency_event,Persona,Divergent,123,4.0,,,False,4.0,single_scorer,1.0,True,,none
443,443_e02,agency_preservation,other,Persona,Divergent,119,3.0,,,False,3.0,single_scorer,1.0,True,,none
443,443_e02,anchor_management,other,Persona,Divergent,119,3.0,,,False,3.0,single_scorer,1.0,True,,none
443,443_e02,cognitive_load_clarity,other,Persona,Divergent,119,3.0,,,False,3.0,single_scorer,1.0,True,,none
443,443_e02,coregulation_uptake,other,Persona,Divergent,119,3.0,,,False,3.0,single_scorer,1.0,True,,none
443,443_e02,evaluative_discipline,other,Persona,Divergent,119,2.0,,,False,2.0,single_scorer,1.0,True,,none
443,443_e02,exploration_opening,other,Persona,Divergent,119,4.0,,,False,4.0,single_scorer,1.0,True,,none
443,443_e02,implementation_grounding,other,Persona,Divergent,119,2.0,,,False,2.0,single_scorer,1.0,True,,none
443,443_e02,premature_convergence_risk,other,Persona,Divergent,119,0.0,,,False,0.0,single_scorer,1.0,True,,none
443,443_e02,reframing_quality,other,Persona,Divergent,119,3.0,,,False,3.0,single_scorer,1.0,True,,none
443,443_e02,runaway_divergence_risk,other,Persona,Divergent,119,1.0,,,False,1.0,single_scorer,1.0,True,,none
443,443_e02,stance_integrity,other,Persona,Divergent,119,4.0,,,False,4.0,single_scorer,1.0,True,,none
443,443_e02,timing_fit,other,Persona,Divergent,119,4.0,,,False,4.0,single_scorer,1.0,True,,none
443,443_e04,agency_preservation,ideation_burst,Persona,Divergent,158,3.0,,,False,3.0,single_scorer,1.0,True,,none
443,443_e04,anchor_management,ideation_burst,Persona,Divergent,158,3.0,,,False,3.0,single_scorer,1.0,True,,none
443,443_e04,cognitive_load_clarity,ideation_burst,Persona,Divergent,158,3.0,,,False,3.0,single_scorer,1.0,True,,none
443,443_e04,coregulation_uptake,ideation_burst,Persona,Divergent,158,3.0,,,False,3.0,single_scorer,1.0,True,,none
443,443_e04,evaluative_discipline,ideation_burst,Persona,Divergent,158,2.0,,,False,2.0,single_scorer,1.0,True,,none
443,443_e04,exploration_opening,ideation_burst,Persona,Divergent,158,4.0,,,False,4.0,single_scorer,1.0,True,,none
443,443_e04,implementation_grounding,ideation_burst,Persona,Divergent,158,2.0,,,False,2.0,single_scorer,1.0,True,,none
443,443_e04,premature_convergence_risk,ideation_burst,Persona,Divergent,158,0.0,,,False,0.0,single_scorer,1.0,True,,none
443,443_e04,reframing_quality,ideation_burst,Persona,Divergent,158,3.0,,,False,3.0,single_scorer,1.0,True,,none
443,443_e04,runaway_divergence_risk,ideation_burst,Persona,Divergent,158,1.0,,,False,1.0,single_scorer,1.0,True,,none
443,443_e04,stance_integrity,ideation_burst,Persona,Divergent,158,4.0,,,False,4.0,single_scorer,1.0,True,,none
443,443_e04,timing_fit,ideation_burst,Persona,Divergent,158,4.0,,,False,4.0,single_scorer,1.0,True,,none
444,444_e01,agency_preservation,opening_frame,Persona,Divergent,43,4.0,,,False,4.0,single_scorer,1.0,True,,none
444,444_e01,anchor_management,opening_frame,Persona,Divergent,43,3.0,,,False,3.0,single_scorer,1.0,True,,none
444,444_e01,cognitive_load_clarity,opening_frame,Persona,Divergent,43,4.0,,,False,4.0,single_scorer,1.0,True,,none
444,444_e01,coregulation_uptake,opening_frame,Persona,Divergent,43,3.0,,,False,3.0,single_scorer,1.0,True,,none
444,444_e01,evaluative_discipline,opening_frame,Persona,Divergent,43,0.0,,,False,0.0,single_scorer,0.5,True,,none
444,444_e01,exploration_opening,opening_frame,Persona,Divergent,43,4.0,,,False,4.0,single_scorer,1.0,True,,none
444,444_e01,implementation_grounding,opening_frame,Persona,Divergent,43,0.0,,,False,0.0,single_scorer,0.5,True,,none
444,444_e01,premature_convergence_risk,opening_frame,Persona,Divergent,43,0.0,,,False,0.0,single_scorer,1.0,True,,none
444,444_e01,reframing_quality,opening_frame,Persona,Divergent,43,3.0,,,False,3.0,single_scorer,1.0,True,,none
444,444_e01,runaway_divergence_risk,opening_frame,Persona,Divergent,43,0.0,,,False,0.0,single_scorer,1.0,True,,none
444,444_e01,stance_integrity,opening_frame,Persona,Divergent,43,4.0,,,False,4.0,single_scorer,1.0,True,,none
444,444_e01,timing_fit,opening_frame,Persona,Divergent,43,4.0,,,False,4.0,single_scorer,1.0,True,,none
445,445_e03,agency_preservation,repair_event,Persona,Divergent,111,3.0,,,False,3.0,single_scorer,1.0,True,,none
445,445_e03,anchor_management,repair_event,Persona,Divergent,111,3.0,,,False,3.0,single_scorer,1.0,True,,none
445,445_e03,cognitive_load_clarity,repair_event,Persona,Divergent,111,3.0,,,False,3.0,single_scorer,1.0,True,,none
445,445_e03,coregulation_uptake,repair_event,Persona,Divergent,111,3.0,,,False,3.0,single_scorer,1.0,True,,none
445,445_e03,evaluative_discipline,repair_event,Persona,Divergent,111,2.0,,,False,2.0,single_scorer,1.0,True,,none
445,445_e03,exploration_opening,repair_event,Persona,Divergent,111,4.0,,,False,4.0,single_scorer,1.0,True,,none
445,445_e03,implementation_grounding,repair_event,Persona,Divergent,111,2.0,,,False,2.0,single_scorer,1.0,True,,none
445,445_e03,premature_convergence_risk,repair_event,Persona,Divergent,111,0.0,,,False,0.0,single_scorer,1.0,True,,none
445,445_e03,reframing_quality,repair_event,Persona,Divergent,111,3.0,,,False,3.0,single_scorer,1.0,True,,none
445,445_e03,runaway_divergence_risk,repair_event,Persona,Divergent,111,0.0,,,False,0.0,single_scorer,1.0,True,,none
445,445_e03,stance_integrity,repair_event,Persona,Divergent,111,4.0,,,False,4.0,single_scorer,1.0,True,,none
445,445_e03,timing_fit,repair_event,Persona,Divergent,111,4.0,,,False,4.0,single_scorer,1.0,True,,none
466,466_e04,agency_preservation,critique_event,Persona,Convergent,174,4.0,,,False,4.0,single_scorer,1.0,True,,none
466,466_e04,anchor_management,critique_event,Persona,Convergent,174,3.0,,,False,3.0,single_scorer,0.9,True,,none
466,466_e04,cognitive_load_clarity,critique_event,Persona,Convergent,174,4.0,,,False,4.0,single_scorer,1.0,True,,none
466,466_e04,coregulation_uptake,critique_event,Persona,Convergent,174,3.0,,,False,3.0,single_scorer,1.0,True,,none
466,466_e04,evaluative_discipline,critique_event,Persona,Convergent,174,3.0,,,False,3.0,single_scorer,0.9,True,,none
466,466_e04,exploration_opening,critique_event,Persona,Convergent,174,2.0,,,False,2.0,single_scorer,0.8,True,,none
466,466_e04,implementation_grounding,critique_event,Persona,Convergent,174,3.0,,,False,3.0,single_scorer,0.8,True,,none
466,466_e04,premature_convergence_risk,critique_event,Persona,Convergent,174,1.0,,,False,1.0,single_scorer,0.9,True,,none
466,466_e04,reframing_quality,critique_event,Persona,Convergent,174,2.0,,,False,2.0,single_scorer,0.7,True,,none
466,466_e04,runaway_divergence_risk,critique_event,Persona,Convergent,174,0.0,,,False,0.0,single_scorer,1.0,True,,none
466,466_e04,stance_integrity,critique_event,Persona,Convergent,174,4.0,,,False,4.0,single_scorer,1.0,True,,none
466,466_e04,timing_fit,critique_event,Persona,Convergent,174,4.0,,,False,4.0,single_scorer,1.0,True,,none
467,467_e01,agency_preservation,opening_frame,Persona,Convergent,43,4.0,,,False,4.0,single_scorer,1.0,True,,none
467,467_e01,anchor_management,opening_frame,Persona,Convergent,43,3.0,,,False,3.0,single_scorer,1.0,True,,none
467,467_e01,cognitive_load_clarity,opening_frame,Persona,Convergent,43,4.0,,,False,4.0,single_scorer,1.0,True,,none
467,467_e01,coregulation_uptake,opening_frame,Persona,Convergent,43,3.0,,,False,3.0,single_scorer,1.0,True,,none
467,467_e01,evaluative_discipline,opening_frame,Persona,Convergent,43,0.0,,,False,0.0,single_scorer,0.5,True,,none
467,467_e01,exploration_opening,opening_frame,Persona,Convergent,43,4.0,,,False,4.0,single_scorer,1.0,True,,none
467,467_e01,implementation_grounding,opening_frame,Persona,Convergent,43,0.0,,,False,0.0,single_scorer,0.5,True,,none
467,467_e01,premature_convergence_risk,opening_frame,Persona,Convergent,43,0.0,,,False,0.0,single_scorer,1.0,True,,none
467,467_e01,reframing_quality,opening_frame,Persona,Convergent,43,3.0,,,False,3.0,single_scorer,1.0,True,,none
467,467_e01,runaway_divergence_risk,opening_frame,Persona,Convergent,43,0.0,,,False,0.0,single_scorer,1.0,True,,none
467,467_e01,stance_integrity,opening_frame,Persona,Convergent,43,4.0,,,False,4.0,single_scorer,1.0,True,,none
467,467_e01,timing_fit,opening_frame,Persona,Convergent,43,4.0,,,False,4.0,single_scorer,1.0,True,,none
467,467_e05,agency_preservation,user_agency_event,Persona,Convergent,72,4.0,,,False,4.0,single_scorer,0.95,True,,none
467,467_e05,anchor_management,user_agency_event,Persona,Convergent,72,3.0,,,False,3.0,single_scorer,0.9,True,,none
467,467_e05,cognitive_load_clarity,user_agency_event,Persona,Convergent,72,3.0,,,False,3.0,single_scorer,0.9,True,,none
467,467_e05,coregulation_uptake,user_agency_event,Persona,Convergent,72,3.0,,,False,3.0,single_scorer,0.95,True,,none
467,467_e05,evaluative_discipline,user_agency_event,Persona,Convergent,72,2.0,,,False,2.0,single_scorer,0.8,True,,none
467,467_e05,exploration_opening,user_agency_event,Persona,Convergent,72,3.0,,,False,3.0,single_scorer,0.95,True,,none
467,467_e05,implementation_grounding,user_agency_event,Persona,Convergent,72,2.0,,,False,2.0,single_scorer,0.7,True,,none
467,467_e05,premature_convergence_risk,user_agency_event,Persona,Convergent,72,0.0,,,False,0.0,single_scorer,0.95,True,,none
467,467_e05,reframing_quality,user_agency_event,Persona,Convergent,72,3.0,,,False,3.0,single_scorer,0.95,True,,none
467,467_e05,runaway_divergence_risk,user_agency_event,Persona,Convergent,72,0.0,,,False,0.0,single_scorer,0.95,True,,none
467,467_e05,stance_integrity,user_agency_event,Persona,Convergent,72,4.0,,,False,4.0,single_scorer,0.95,True,,none
467,467_e05,timing_fit,user_agency_event,Persona,Convergent,72,4.0,,,False,4.0,single_scorer,0.95,True,,none
469,469_e02,agency_preservation,ideation_burst,Persona,Convergent,175,4.0,,,False,4.0,single_scorer,0.9,True,,none
469,469_e02,anchor_management,ideation_burst,Persona,Convergent,175,3.0,,,False,3.0,single_scorer,0.9,True,,none
469,469_e02,cognitive_load_clarity,ideation_burst,Persona,Convergent,175,3.0,,,False,3.0,single_scorer,0.9,True,,none
469,469_e02,coregulation_uptake,ideation_burst,Persona,Convergent,175,3.0,,,False,3.0,single_scorer,0.9,True,,none
469,469_e02,evaluative_discipline,ideation_burst,Persona,Convergent,175,2.0,,,False,2.0,single_scorer,0.8,True,,none
469,469_e02,exploration_opening,ideation_burst,Persona,Convergent,175,3.0,,,False,3.0,single_scorer,0.9,True,,none
469,469_e02,implementation_grounding,ideation_burst,Persona,Convergent,175,2.0,,,False,2.0,single_scorer,0.7,True,,none
469,469_e02,premature_convergence_risk,ideation_burst,Persona,Convergent,175,1.0,,,False,1.0,single_scorer,0.8,True,,none
469,469_e02,reframing_quality,ideation_burst,Persona,Convergent,175,3.0,,,False,3.0,single_scorer,0.9,True,,none
469,469_e02,runaway_divergence_risk,ideation_burst,Persona,Convergent,175,0.0,,,False,0.0,single_scorer,0.9,True,,none
469,469_e02,stance_integrity,ideation_burst,Persona,Convergent,175,4.0,,,False,4.0,single_scorer,0.9,True,,none
469,469_e02,timing_fit,ideation_burst,Persona,Convergent,175,4.0,,,False,4.0,single_scorer,0.9,True,,none
470,470_e04,agency_preservation,critique_event,GPT,GPT,60,3.0,,,False,3.0,single_scorer,0.9,True,,none
470,470_e04,anchor_management,critique_event,GPT,GPT,60,2.0,,,False,2.0,single_scorer,0.6,True,,none
470,470_e04,cognitive_load_clarity,critique_event,GPT,GPT,60,3.0,,,False,3.0,single_scorer,0.9,True,,none
470,470_e04,coregulation_uptake,critique_event,GPT,GPT,60,3.0,,,False,3.0,single_scorer,0.9,True,,none
470,470_e04,evaluative_discipline,critique_event,GPT,GPT,60,0.0,,,False,0.0,single_scorer,0.5,True,,none
470,470_e04,exploration_opening,critique_event,GPT,GPT,60,2.0,,,False,2.0,single_scorer,0.8,True,,none
470,470_e04,implementation_grounding,critique_event,GPT,GPT,60,1.0,,,False,1.0,single_scorer,0.5,True,,none
470,470_e04,premature_convergence_risk,critique_event,GPT,GPT,60,0.0,,,False,0.0,single_scorer,0.5,True,,none
470,470_e04,reframing_quality,critique_event,GPT,GPT,60,1.0,,,False,1.0,single_scorer,0.7,True,,none
470,470_e04,runaway_divergence_risk,critique_event,GPT,GPT,60,0.0,,,False,0.0,single_scorer,0.5,True,,none
470,470_e04,stance_integrity,critique_event,GPT,GPT,60,3.0,,,False,3.0,single_scorer,0.9,True,,none
470,470_e04,timing_fit,critique_event,GPT,GPT,60,3.0,,,False,3.0,single_scorer,0.8,True,,none
