conversation_id,transition_idx,turn_index_assistant,turn_index_user,participant_id,condition,family,turn_index_normalized,assistant_prev_episode_id,user_next_episode_id,a_exploration_opening,a_reframing_quality,a_agency_preservation,a_stance_integrity,a_timing_fit,u_coregulation_uptake,u_agency_preservation,u_implementation_grounding,u_evaluative_discipline
154,2,1,2,24,GPT,GPT,0.09523809523809523,154_e01,154_e01,,,,,,,,,
154,4,3,4,24,GPT,GPT,0.19047619047619047,154_e01,154_e01,,,,,,,,,
154,6,5,6,24,GPT,GPT,0.2857142857142857,154_e01,154_e02,,,,,,,,,
154,8,7,8,24,GPT,GPT,0.38095238095238093,154_e02,154_e02,,,,,,,,,
154,10,9,10,24,GPT,GPT,0.47619047619047616,154_e02,154_e03,,,,,,,,,
154,12,11,12,24,GPT,GPT,0.5714285714285714,154_e03,154_e03,,,,,,,,,
154,14,13,14,24,GPT,GPT,0.6666666666666666,154_e04,154_e04,,,,,,,,,
154,16,15,16,24,GPT,GPT,0.7619047619047619,154_e04,154_e05,,,,,,,,,
154,18,17,18,24,GPT,GPT,0.8571428571428571,154_e05,154_e05,,,,,,,,,
154,20,19,20,24,GPT,GPT,0.9523809523809523,154_e06,154_e06,2.0,1.0,3.0,3.5,3.5,3.0,3.0,1.0,0.5
155,2,1,2,25,GPT,GPT,0.15384615384615385,155_e01,155_e01,,,,,,,,,
155,4,3,4,25,GPT,GPT,0.3076923076923077,155_e02,155_e02,,,,,,,,,
155,6,5,6,25,GPT,GPT,0.46153846153846156,155_e02,155_e03,,,,,,3.0,4.0,2.0,1.0
155,8,7,8,25,GPT,GPT,0.6153846153846154,155_e03,155_e03,3.0,2.0,4.0,4.0,4.0,3.0,4.0,2.0,1.0
155,10,9,10,25,GPT,GPT,0.7692307692307693,155_e04,155_e04,,,,,,,,,
155,12,11,12,25,GPT,GPT,0.9230769230769231,155_e04,155_e04,,,,,,,,,
157,2,1,2,27,GPT,GPT,0.13333333333333333,157_e01,157_e01,,,,,,,,,
157,4,3,4,27,GPT,GPT,0.26666666666666666,157_e02,157_e02,,,,,,,,,
157,6,5,6,27,GPT,GPT,0.4,157_e02,157_e03,,,,,,,,,
157,8,7,8,27,GPT,GPT,0.5333333333333333,157_e03,157_e03,,,,,,,,,
157,10,9,10,27,GPT,GPT,0.6666666666666666,157_e03,157_e04,,,,,,3.5,3.5,3.0,3.0
157,12,11,12,27,GPT,GPT,0.8,157_e04,157_e04,3.0,2.0,3.5,4.0,4.0,3.5,3.5,3.0,3.0
157,14,13,14,27,GPT,GPT,0.9333333333333333,157_e05,157_e05,,,,,,,,,
158,2,1,2,28,GPT,GPT,0.15384615384615385,158_e01,158_e01,,,,,,,,,
158,4,3,4,28,GPT,GPT,0.3076923076923077,158_e02,158_e02,,,,,,,,,
158,6,5,6,28,GPT,GPT,0.46153846153846156,158_e02,158_e03,,,,,,,,,
158,8,7,8,28,GPT,GPT,0.6153846153846154,158_e03,158_e03,,,,,,,,,
158,10,9,10,28,GPT,GPT,0.7692307692307693,158_e04,158_e04,,,,,,,,,
158,12,11,12,28,GPT,GPT,0.9230769230769231,158_e04,158_e04,,,,,,,,,
159,2,1,2,29,GPT,GPT,0.13333333333333333,159_e01,159_e01,,,,,,,,,
159,4,3,4,29,GPT,GPT,0.26666666666666666,159_e01,159_e02,,,,,,,,,
159,6,5,6,29,GPT,GPT,0.4,159_e02,159_e02,,,,,,,,,
159,8,7,8,29,GPT,GPT,0.5333333333333333,159_e03,159_e03,,,,,,,,,
159,10,9,10,29,GPT,GPT,0.6666666666666666,159_e03,159_e03,,,,,,,,,
159,12,11,12,29,GPT,GPT,0.8,159_e04,159_e04,,,,,,,,,
159,14,13,14,29,GPT,GPT,0.9333333333333333,159_e04,159_e04,,,,,,,,,
160,2,1,2,30,GPT,GPT,0.13333333333333333,160_e01,160_e01,,,,,,,,,
160,4,3,4,30,GPT,GPT,0.26666666666666666,160_e02,160_e02,,,,,,,,,
160,6,5,6,30,GPT,GPT,0.4,160_e02,160_e03,,,,,,3.0,4.0,2.0,2.0
160,8,7,8,30,GPT,GPT,0.5333333333333333,160_e03,160_e03,3.0,3.0,4.0,4.0,4.0,3.0,4.0,2.0,2.0
160,10,9,10,30,GPT,GPT,0.6666666666666666,160_e04,160_e04,,,,,,,,,
160,12,11,12,30,GPT,GPT,0.8,160_e04,160_e05,,,,,,,,,
160,14,13,14,30,GPT,GPT,0.9333333333333333,160_e05,160_e05,,,,,,,,,
161,2,1,2,31,GPT,GPT,0.11764705882352941,161_e01,161_e01,,,,,,,,,
161,4,3,4,31,GPT,GPT,0.23529411764705882,161_e02,161_e02,2.0,1.0,3.0,4.0,3.0,2.0,3.0,1.0,1.0
161,6,5,6,31,GPT,GPT,0.35294117647058826,161_e02,161_e03,2.0,1.0,3.0,4.0,3.0,,,,
161,8,7,8,31,GPT,GPT,0.47058823529411764,161_e03,161_e03,,,,,,,,,
161,10,9,10,31,GPT,GPT,0.5882352941176471,161_e04,161_e04,,,,,,,,,
161,12,11,12,31,GPT,GPT,0.7058823529411765,161_e04,161_e05,,,,,,,,,
161,14,13,14,31,GPT,GPT,0.8235294117647058,161_e05,161_e05,,,,,,,,,
161,16,15,16,31,GPT,GPT,0.9411764705882353,161_e06,161_e06,,,,,,,,,
162,2,1,2,32,GPT,GPT,0.15384615384615385,162_e01,162_e01,,,,,,,,,
162,4,3,4,32,GPT,GPT,0.3076923076923077,162_e02,162_e02,,,,,,,,,
162,6,5,6,32,GPT,GPT,0.46153846153846156,162_e02,162_e03,,,,,,,,,
162,8,7,8,32,GPT,GPT,0.6153846153846154,162_e03,162_e03,,,,,,,,,
162,10,9,10,32,GPT,GPT,0.7692307692307693,162_e04,162_e04,,,,,,,,,
162,12,11,12,32,GPT,GPT,0.9230769230769231,162_e04,162_e04,,,,,,,,,
164,2,1,2,33,GPT,GPT,0.2222222222222222,164_e01,164_e01,,,,,,,,,
164,4,3,4,33,GPT,GPT,0.4444444444444444,164_e02,164_e02,,,,,,,,,
164,6,5,6,33,GPT,GPT,0.6666666666666666,164_e02,164_e03,,,,,,,,,
164,8,7,8,33,GPT,GPT,0.8888888888888888,164_e03,164_e03,,,,,,,,,
166,2,1,2,33,Persona,Convergent,0.2222222222222222,166_e01,166_e01,,,,,,,,,
166,4,3,4,33,Persona,Convergent,0.4444444444444444,166_e01,166_e02,,,,,,,,,
166,6,5,6,33,Persona,Convergent,0.6666666666666666,166_e02,166_e02,,,,,,,,,
166,8,7,8,33,Persona,Convergent,0.8888888888888888,166_e03,166_e03,,,,,,,,,
167,2,1,2,29,Persona,Convergent,0.15384615384615385,167_e01,167_e01,,,,,,,,,
167,4,3,4,29,Persona,Convergent,0.3076923076923077,167_e01,167_e02,,,,,,,,,
167,6,5,6,29,Persona,Convergent,0.46153846153846156,167_e02,167_e02,,,,,,,,,
167,8,7,8,29,Persona,Convergent,0.6153846153846154,167_e03,167_e03,3.0,3.0,4.0,4.0,4.0,4.0,4.0,3.5,3.0
167,10,9,10,29,Persona,Convergent,0.7692307692307693,167_e03,167_e04,3.0,3.0,4.0,4.0,4.0,3.0,3.0,3.0,3.0
167,12,11,12,29,Persona,Convergent,0.9230769230769231,167_e04,167_e04,4.0,3.0,3.0,4.0,4.0,3.0,3.0,3.0,3.0
168,2,1,2,28,Persona,Convergent,0.18181818181818182,168_e01,168_e01,,,,,,,,,
168,4,3,4,28,Persona,Convergent,0.36363636363636365,168_e01,168_e02,,,,,,,,,
168,6,5,6,28,Persona,Convergent,0.5454545454545454,168_e02,168_e02,,,,,,,,,
168,8,7,8,28,Persona,Convergent,0.7272727272727273,168_e03,168_e03,,,,,,,,,
168,10,9,10,28,Persona,Convergent,0.9090909090909091,168_e03,168_e03,,,,,,,,,
169,2,1,2,25,Persona,Convergent,0.15384615384615385,169_e01,169_e01,3.0,2.0,3.0,4.0,4.0,3.0,3.0,1.0,1.0
169,4,3,4,25,Persona,Convergent,0.3076923076923077,169_e01,169_e02,3.0,2.0,3.0,4.0,4.0,,,,
169,6,5,6,25,Persona,Convergent,0.46153846153846156,169_e02,169_e02,,,,,,,,,
169,8,7,8,25,Persona,Convergent,0.6153846153846154,169_e03,169_e03,3.5,3.0,4.0,4.0,4.0,4.0,4.0,3.0,2.5
169,10,9,10,25,Persona,Convergent,0.7692307692307693,169_e03,169_e03,3.5,3.0,4.0,4.0,4.0,4.0,4.0,3.0,2.5
169,12,11,12,25,Persona,Convergent,0.9230769230769231,169_e04,169_e04,,,,,,,,,
170,2,1,2,32,Persona,Convergent,0.13333333333333333,170_e01,170_e01,,,,,,,,,
170,4,3,4,32,Persona,Convergent,0.26666666666666666,170_e01,170_e01,,,,,,,,,
170,6,5,6,32,Persona,Convergent,0.4,170_e02,170_e02,,,,,,,,,
170,8,7,8,32,Persona,Convergent,0.5333333333333333,170_e02,170_e03,,,,,,,,,
170,10,9,10,32,Persona,Convergent,0.6666666666666666,170_e03,170_e03,,,,,,,,,
170,12,11,12,32,Persona,Convergent,0.8,170_e04,170_e04,3.0,3.0,4.0,4.0,4.0,4.0,4.0,3.0,2.0
170,14,13,14,32,Persona,Convergent,0.9333333333333333,170_e04,170_e04,3.0,3.0,4.0,4.0,4.0,4.0,4.0,3.0,2.0
171,2,1,2,24,Persona,Convergent,0.08,171_e01,171_e01,,,,,,,,,
171,4,3,4,24,Persona,Convergent,0.16,171_e01,171_e02,,,,,,3.0,3.0,2.0,2.0
171,6,5,6,24,Persona,Convergent,0.24,171_e02,171_e02,3.0,2.0,3.0,4.0,4.0,3.0,3.0,2.0,2.0
171,8,7,8,24,Persona,Convergent,0.32,171_e02,171_e02,3.0,2.0,3.0,4.0,4.0,3.0,3.0,2.0,2.0
171,10,9,10,24,Persona,Convergent,0.4,171_e03,171_e03,,,,,,,,,
171,12,11,12,24,Persona,Convergent,0.48,171_e03,171_e04,,,,,,,,,
171,14,13,14,24,Persona,Convergent,0.56,171_e04,171_e04,,,,,,,,,
171,16,15,16,24,Persona,Convergent,0.64,171_e05,171_e05,3.0,2.5,4.0,4.0,4.0,4.0,4.0,2.5,1.5
171,18,17,18,24,Persona,Convergent,0.72,171_e05,171_e05,3.0,2.5,4.0,4.0,4.0,4.0,4.0,2.5,1.5
171,20,19,20,24,Persona,Convergent,0.8,171_e06,171_e06,,,,,,,,,
171,22,21,22,24,Persona,Convergent,0.88,171_e06,171_e07,,,,,,,,,
171,24,23,24,24,Persona,Convergent,0.96,171_e07,171_e07,,,,,,,,,
172,2,1,2,27,Persona,Convergent,0.11764705882352941,172_e01,172_e01,,,,,,,,,
172,4,3,4,27,Persona,Convergent,0.23529411764705882,172_e01,172_e02,,,,,,,,,
172,6,5,6,27,Persona,Convergent,0.35294117647058826,172_e02,172_e02,,,,,,,,,
172,8,7,8,27,Persona,Convergent,0.47058823529411764,172_e03,172_e03,,,,,,,,,
172,10,9,10,27,Persona,Convergent,0.5882352941176471,172_e03,172_e04,,,,,,,,,
172,12,11,12,27,Persona,Convergent,0.7058823529411765,172_e04,172_e04,,,,,,,,,
172,14,13,14,27,Persona,Convergent,0.8235294117647058,172_e05,172_e05,,,,,,,,,
172,16,15,16,27,Persona,Convergent,0.9411764705882353,172_e05,172_e05,,,,,,,,,
175,2,1,2,31,Persona,Convergent,0.11764705882352941,175_e01,175_e01,,,,,,,,,
175,4,3,4,31,Persona,Convergent,0.23529411764705882,175_e02,175_e02,,,,,,,,,
175,6,5,6,31,Persona,Convergent,0.35294117647058826,175_e02,175_e03,,,,,,,,,
175,8,7,8,31,Persona,Convergent,0.47058823529411764,175_e03,175_e03,,,,,,,,,
175,10,9,10,31,Persona,Convergent,0.5882352941176471,175_e04,175_e04,4.0,3.0,3.0,4.0,4.0,3.0,3.0,3.0,3.0
175,12,11,12,31,Persona,Convergent,0.7058823529411765,175_e04,175_e05,4.0,3.0,3.0,4.0,4.0,3.0,3.0,3.0,3.0
175,14,13,14,31,Persona,Convergent,0.8235294117647058,175_e05,175_e05,3.0,2.0,3.0,4.0,4.0,3.0,3.0,3.0,3.0
175,16,15,16,31,Persona,Convergent,0.9411764705882353,175_e05,175_e05,3.0,2.0,3.0,4.0,4.0,3.0,3.0,3.0,3.0
176,2,1,2,30,Persona,Convergent,0.15384615384615385,176_e01,176_e01,,,,,,,,,
176,4,3,4,30,Persona,Convergent,0.3076923076923077,176_e01,176_e01,,,,,,,,,
176,6,5,6,30,Persona,Convergent,0.46153846153846156,176_e01,176_e02,,,,,,3.0,3.0,2.0,2.0
176,8,7,8,30,Persona,Convergent,0.6153846153846154,176_e02,176_e02,3.0,3.0,3.0,4.0,3.0,3.0,3.0,2.0,2.0
176,10,9,10,30,Persona,Convergent,0.7692307692307693,176_e02,176_e03,3.0,3.0,3.0,4.0,3.0,,,,
176,12,11,12,30,Persona,Convergent,0.9230769230769231,176_e03,176_e03,,,,,,,,,
180,2,1,2,34,GPT,GPT,0.13333333333333333,180_e01,180_e01,,,,,,,,,
180,4,3,4,34,GPT,GPT,0.26666666666666666,180_e01,180_e01,,,,,,,,,
180,6,5,6,34,GPT,GPT,0.4,180_e02,180_e02,,,,,,,,,
180,8,7,8,34,GPT,GPT,0.5333333333333333,180_e02,180_e03,,,,,,,,,
180,10,9,10,34,GPT,GPT,0.6666666666666666,180_e03,180_e03,,,,,,,,,
180,12,11,12,34,GPT,GPT,0.8,180_e04,180_e04,2.0,1.0,3.0,4.0,3.0,3.0,3.0,3.0,1.0
180,14,13,14,34,GPT,GPT,0.9333333333333333,180_e04,180_e04,2.0,1.0,3.0,4.0,3.0,3.0,3.0,3.0,1.0
182,2,1,2,35,GPT,GPT,0.15384615384615385,182_e01,182_e01,,,,,,,,,
182,4,3,4,35,GPT,GPT,0.3076923076923077,182_e02,182_e02,,,,,,,,,
182,6,5,6,35,GPT,GPT,0.46153846153846156,182_e02,182_e03,,,,,,,,,
182,8,7,8,35,GPT,GPT,0.6153846153846154,182_e03,182_e03,,,,,,,,,
182,10,9,10,35,GPT,GPT,0.7692307692307693,182_e04,182_e04,,,,,,,,,
182,12,11,12,35,GPT,GPT,0.9230769230769231,182_e04,182_e04,,,,,,,,,
183,2,1,2,36,GPT,GPT,0.2222222222222222,183_e01,183_e01,,,,,,,,,
183,4,3,4,36,GPT,GPT,0.4444444444444444,183_e01,183_e02,,,,,,,,,
183,6,5,6,36,GPT,GPT,0.6666666666666666,183_e02,183_e02,,,,,,,,,
183,8,7,8,36,GPT,GPT,0.8888888888888888,183_e02,183_e02,,,,,,,,,
184,2,1,2,37,GPT,GPT,0.10526315789473684,184_e01,184_e01,,,,,,,,,
184,4,3,4,37,GPT,GPT,0.21052631578947367,184_e02,184_e02,,,,,,,,,
184,6,5,6,37,GPT,GPT,0.3157894736842105,184_e02,184_e03,,,,,,1.5,1.0,0.5,0.0
184,8,7,8,37,GPT,GPT,0.42105263157894735,184_e03,184_e03,2.0,1.0,1.0,3.5,3.0,1.5,1.0,0.5,0.0
184,10,9,10,37,GPT,GPT,0.5263157894736842,184_e04,184_e04,,,,,,,,,
184,12,11,12,37,GPT,GPT,0.631578947368421,184_e04,184_e05,,,,,,4.0,4.0,1.0,2.0
184,14,13,14,37,GPT,GPT,0.7368421052631579,184_e05,184_e05,3.0,3.0,4.0,4.0,4.0,4.0,4.0,1.0,2.0
184,16,15,16,37,GPT,GPT,0.8421052631578947,184_e06,184_e06,,,,,,,,,
184,18,17,18,37,GPT,GPT,0.9473684210526315,184_e06,184_e06,,,,,,,,,
185,2,1,2,38,GPT,GPT,0.2222222222222222,185_e01,185_e01,,,,,,,,,
185,4,3,4,38,GPT,GPT,0.4444444444444444,185_e01,185_e01,,,,,,,,,
185,6,5,6,38,GPT,GPT,0.6666666666666666,185_e01,185_e02,,,,,,,,,
185,8,7,8,38,GPT,GPT,0.8888888888888888,185_e02,185_e02,,,,,,,,,
187,2,1,2,38,Persona,Divergent,0.18181818181818182,187_e01,187_e01,,,,,,,,,
187,4,3,4,38,Persona,Divergent,0.36363636363636365,187_e02,187_e02,,,,,,,,,
187,6,5,6,38,Persona,Divergent,0.5454545454545454,187_e02,187_e03,,,,,,,,,
187,8,7,8,38,Persona,Divergent,0.7272727272727273,187_e03,187_e03,,,,,,,,,
187,10,9,10,38,Persona,Divergent,0.9090909090909091,187_e04,187_e04,,,,,,,,,
188,2,1,2,36,Persona,Divergent,0.2222222222222222,188_e01,188_e01,,,,,,,,,
188,4,3,4,36,Persona,Divergent,0.4444444444444444,188_e02,188_e02,,,,,,,,,
188,6,5,6,36,Persona,Divergent,0.6666666666666666,188_e02,188_e03,,,,,,,,,
188,8,7,8,36,Persona,Divergent,0.8888888888888888,188_e03,188_e03,,,,,,,,,
189,2,1,2,34,Persona,Divergent,0.13333333333333333,189_e01,189_e01,4.0,3.0,4.0,4.0,4.0,3.0,4.0,1.0,0.0
189,4,3,4,34,Persona,Divergent,0.26666666666666666,189_e02,189_e02,,,,,,,,,
189,6,5,6,34,Persona,Divergent,0.4,189_e02,189_e02,,,,,,,,,
189,8,7,8,34,Persona,Divergent,0.5333333333333333,189_e03,189_e03,,,,,,,,,
189,10,9,10,34,Persona,Divergent,0.6666666666666666,189_e03,189_e04,,,,,,,,,
189,12,11,12,34,Persona,Divergent,0.8,189_e04,189_e04,,,,,,,,,
189,14,13,14,34,Persona,Divergent,0.9333333333333333,189_e05,189_e05,,,,,,,,,
190,2,1,2,35,Persona,Divergent,0.15384615384615385,190_e01,190_e01,4.0,3.0,4.0,4.0,4.0,3.0,4.0,0.0,0.0
190,4,3,4,35,Persona,Divergent,0.3076923076923077,190_e02,190_e02,4.0,3.0,4.0,4.0,4.0,3.0,4.0,2.0,3.0
190,6,5,6,35,Persona,Divergent,0.46153846153846156,190_e02,190_e03,4.0,3.0,4.0,4.0,4.0,,,,
190,8,7,8,35,Persona,Divergent,0.6153846153846154,190_e03,190_e03,,,,,,,,,
190,10,9,10,35,Persona,Divergent,0.7692307692307693,190_e03,190_e04,,,,,,,,,
190,12,11,12,35,Persona,Divergent,0.9230769230769231,190_e04,190_e04,,,,,,,,,
192,2,1,2,37,Persona,Divergent,0.11764705882352941,192_e01,192_e01,,,,,,,,,
192,4,3,4,37,Persona,Divergent,0.23529411764705882,192_e02,192_e02,,,,,,,,,
192,6,5,6,37,Persona,Divergent,0.35294117647058826,192_e02,192_e03,,,,,,,,,
192,8,7,8,37,Persona,Divergent,0.47058823529411764,192_e03,192_e03,,,,,,,,,
192,10,9,10,37,Persona,Divergent,0.5882352941176471,192_e03,192_e04,,,,,,,,,
192,12,11,12,37,Persona,Divergent,0.7058823529411765,192_e04,192_e04,,,,,,,,,
192,14,13,14,37,Persona,Divergent,0.8235294117647058,192_e05,192_e05,,,,,,,,,
192,16,15,16,37,Persona,Divergent,0.9411764705882353,192_e05,192_e05,,,,,,,,,
194,2,1,2,39,Persona,BoundedRational,0.09523809523809523,194_e01,194_e01,,,,,,,,,
194,4,3,4,39,Persona,BoundedRational,0.19047619047619047,194_e02,194_e02,,,,,,,,,
194,6,5,6,39,Persona,BoundedRational,0.2857142857142857,194_e02,194_e03,,,,,,,,,
194,8,7,8,39,Persona,BoundedRational,0.38095238095238093,194_e03,194_e03,,,,,,,,,
194,10,9,10,39,Persona,BoundedRational,0.47619047619047616,194_e04,194_e04,,,,,,,,,
194,12,11,12,39,Persona,BoundedRational,0.5714285714285714,194_e04,194_e05,,,,,,,,,
194,14,13,14,39,Persona,BoundedRational,0.6666666666666666,194_e05,194_e05,,,,,,,,,
194,16,15,16,39,Persona,BoundedRational,0.7619047619047619,194_e06,194_e06,,,,,,,,,
194,18,17,18,39,Persona,BoundedRational,0.8571428571428571,194_e06,194_e06,,,,,,,,,
194,20,19,20,39,Persona,BoundedRational,0.9523809523809523,194_e06,194_e06,,,,,,,,,
195,2,1,2,40,Persona,BoundedRational,0.15384615384615385,195_e01,195_e01,4.0,3.0,4.0,4.0,4.0,3.0,4.0,1.0,0.0
195,4,3,4,40,Persona,BoundedRational,0.3076923076923077,195_e02,195_e02,,,,,,,,,
195,6,5,6,40,Persona,BoundedRational,0.46153846153846156,195_e02,195_e03,,,,,,,,,
195,8,7,8,40,Persona,BoundedRational,0.6153846153846154,195_e03,195_e03,,,,,,,,,
195,10,9,10,40,Persona,BoundedRational,0.7692307692307693,195_e04,195_e04,3.0,2.0,3.0,4.0,3.0,3.0,3.0,1.0,1.0
195,12,11,12,40,Persona,BoundedRational,0.9230769230769231,195_e04,195_e04,3.0,2.0,3.0,4.0,3.0,3.0,3.0,1.0,1.0
196,2,1,2,41,Persona,BoundedRational,0.18181818181818182,196_e01,196_e01,,,,,,,,,
196,4,3,4,41,Persona,BoundedRational,0.36363636363636365,196_e02,196_e02,,,,,,,,,
196,6,5,6,41,Persona,BoundedRational,0.5454545454545454,196_e02,196_e03,,,,,,3.0,4.0,3.0,2.0
196,8,7,8,41,Persona,BoundedRational,0.7272727272727273,196_e03,196_e03,4.0,3.0,4.0,4.0,4.0,3.0,4.0,3.0,2.0
196,10,9,10,41,Persona,BoundedRational,0.9090909090909091,196_e03,196_e03,4.0,3.0,4.0,4.0,4.0,3.0,4.0,3.0,2.0
199,2,1,2,43,Persona,BoundedRational,0.09523809523809523,199_e01,199_e01,,,,,,,,,
199,4,3,4,43,Persona,BoundedRational,0.19047619047619047,199_e02,199_e02,,,,,,,,,
199,6,5,6,43,Persona,BoundedRational,0.2857142857142857,199_e02,199_e03,,,,,,4.0,4.0,4.0,2.0
199,8,7,8,43,Persona,BoundedRational,0.38095238095238093,199_e03,199_e03,3.0,3.0,4.0,4.0,4.0,4.0,4.0,4.0,2.0
199,10,9,10,43,Persona,BoundedRational,0.47619047619047616,199_e04,199_e04,3.0,3.0,4.0,4.0,4.0,3.0,4.0,2.0,2.0
199,12,11,12,43,Persona,BoundedRational,0.5714285714285714,199_e04,199_e05,3.0,3.0,4.0,4.0,4.0,3.0,3.0,3.0,1.0
199,14,13,14,43,Persona,BoundedRational,0.6666666666666666,199_e05,199_e05,2.0,1.0,3.0,3.0,3.0,3.0,3.0,3.0,1.0
199,16,15,16,43,Persona,BoundedRational,0.7619047619047619,199_e06,199_e06,,,,,,,,,
199,18,17,18,43,Persona,BoundedRational,0.8571428571428571,199_e06,199_e07,,,,,,3.0,3.0,3.0,3.0
199,20,19,20,43,Persona,BoundedRational,0.9523809523809523,199_e07,199_e07,3.0,2.0,3.0,4.0,4.0,3.0,3.0,3.0,3.0
200,2,1,2,44,Persona,BoundedRational,0.09523809523809523,200_e01,200_e01,4.0,3.0,4.0,4.0,4.0,3.0,4.0,0.0,0.0
200,4,3,4,44,Persona,BoundedRational,0.19047619047619047,200_e02,200_e02,2.0,1.0,3.0,3.0,3.0,2.0,3.0,0.0,0.0
200,6,5,6,44,Persona,BoundedRational,0.2857142857142857,200_e02,200_e03,2.0,1.0,3.0,3.0,3.0,3.0,4.0,1.0,2.0
200,8,7,8,44,Persona,BoundedRational,0.38095238095238093,200_e03,200_e03,3.0,3.0,4.0,4.0,4.0,3.0,4.0,1.0,2.0
200,10,9,10,44,Persona,BoundedRational,0.47619047619047616,200_e04,200_e04,,,,,,,,,
200,12,11,12,44,Persona,BoundedRational,0.5714285714285714,200_e04,200_e05,,,,,,,,,
200,14,13,14,44,Persona,BoundedRational,0.6666666666666666,200_e05,200_e05,,,,,,,,,
200,16,15,16,44,Persona,BoundedRational,0.7619047619047619,200_e06,200_e06,4.0,3.0,3.0,4.0,4.0,3.0,3.0,2.0,2.0
200,18,17,18,44,Persona,BoundedRational,0.8571428571428571,200_e06,200_e07,4.0,3.0,3.0,4.0,4.0,,,,
200,20,19,20,44,Persona,BoundedRational,0.9523809523809523,200_e07,200_e07,,,,,,,,,
201,2,1,2,45,Persona,BoundedRational,0.08695652173913043,201_e01,201_e01,4.0,3.0,4.0,4.0,4.0,3.0,4.0,0.0,0.0
201,4,3,4,45,Persona,BoundedRational,0.17391304347826086,201_e02,201_e02,,,,,,,,,
201,6,5,6,45,Persona,BoundedRational,0.2608695652173913,201_e02,201_e03,,,,,,,,,
201,8,7,8,45,Persona,BoundedRational,0.34782608695652173,201_e03,201_e03,,,,,,,,,
201,10,9,10,45,Persona,BoundedRational,0.43478260869565216,201_e03,201_e04,,,,,,3.0,3.0,1.0,0.0
201,12,11,12,45,Persona,BoundedRational,0.5217391304347826,201_e04,201_e04,2.0,1.0,3.0,3.0,3.0,3.0,3.0,1.0,0.0
201,14,13,14,45,Persona,BoundedRational,0.6086956521739131,201_e04,201_e05,2.0,1.0,3.0,3.0,3.0,,,,
201,16,15,16,45,Persona,BoundedRational,0.6956521739130435,201_e05,201_e05,,,,,,,,,
201,18,17,18,45,Persona,BoundedRational,0.782608695652174,201_e06,201_e06,2.0,1.0,3.0,3.0,3.0,3.0,3.0,2.0,0.0
201,20,19,20,45,Persona,BoundedRational,0.8695652173913043,201_e06,201_e07,2.0,1.0,3.0,3.0,3.0,3.0,3.0,2.0,1.5
201,22,21,22,45,Persona,BoundedRational,0.9565217391304348,201_e07,201_e07,2.5,1.5,3.0,3.5,3.5,3.0,3.0,2.0,1.5
202,2,1,2,46,Persona,BoundedRational,0.15384615384615385,202_e01,202_e01,4.0,3.0,4.0,4.0,4.0,3.0,4.0,0.0,0.0
202,4,3,4,46,Persona,BoundedRational,0.3076923076923077,202_e02,202_e02,2.0,1.0,3.0,3.0,3.0,3.0,3.0,2.0,2.0
202,6,5,6,46,Persona,BoundedRational,0.46153846153846156,202_e02,202_e03,2.0,1.0,3.0,3.0,3.0,,,,
202,8,7,8,46,Persona,BoundedRational,0.6153846153846154,202_e03,202_e03,,,,,,,,,
202,10,9,10,46,Persona,BoundedRational,0.7692307692307693,202_e03,202_e04,,,,,,,,,
202,12,11,12,46,Persona,BoundedRational,0.9230769230769231,202_e04,202_e04,,,,,,,,,
203,2,1,2,47,Persona,BoundedRational,0.18181818181818182,203_e01,203_e01,,,,,,,,,
203,4,3,4,47,Persona,BoundedRational,0.36363636363636365,203_e02,203_e02,3.5,3.0,3.5,4.0,4.0,3.5,3.5,3.0,2.0
203,6,5,6,47,Persona,BoundedRational,0.5454545454545454,203_e02,203_e03,3.5,3.0,3.5,4.0,4.0,,,,
203,8,7,8,47,Persona,BoundedRational,0.7272727272727273,203_e03,203_e03,,,,,,,,,
203,10,9,10,47,Persona,BoundedRational,0.9090909090909091,203_e04,203_e04,,,,,,,,,
204,2,1,2,42,Persona,BoundedRational,0.13333333333333333,204_e01,204_e01,,,,,,,,,
204,4,3,4,42,Persona,BoundedRational,0.26666666666666666,204_e02,204_e02,2.5,1.0,3.5,4.0,3.5,3.5,3.5,3.0,2.0
204,6,5,6,42,Persona,BoundedRational,0.4,204_e02,204_e03,2.5,1.0,3.5,4.0,3.5,,,,
204,8,7,8,42,Persona,BoundedRational,0.5333333333333333,204_e03,204_e03,,,,,,,,,
204,10,9,10,42,Persona,BoundedRational,0.6666666666666666,204_e04,204_e04,3.0,3.0,3.0,4.0,4.0,3.0,3.0,2.0,2.0
204,12,11,12,42,Persona,BoundedRational,0.8,204_e04,204_e05,3.0,3.0,3.0,4.0,4.0,3.0,3.0,3.0,2.0
204,14,13,14,42,Persona,BoundedRational,0.9333333333333333,204_e05,204_e05,3.0,3.0,3.0,4.0,4.0,3.0,3.0,3.0,2.0
205,2,1,2,46,GPT,GPT,0.11764705882352941,205_e01,205_e01,,,,,,,,,
205,4,3,4,46,GPT,GPT,0.23529411764705882,205_e01,205_e02,,,,,,,,,
205,6,5,6,46,GPT,GPT,0.35294117647058826,205_e02,205_e02,,,,,,,,,
205,8,7,8,46,GPT,GPT,0.47058823529411764,205_e03,205_e03,,,,,,,,,
205,10,9,10,46,GPT,GPT,0.5882352941176471,205_e03,205_e03,,,,,,,,,
205,12,11,12,46,GPT,GPT,0.7058823529411765,205_e04,205_e04,,,,,,,,,
205,14,13,14,46,GPT,GPT,0.8235294117647058,205_e04,205_e04,,,,,,,,,
205,16,15,16,46,GPT,GPT,0.9411764705882353,205_e05,205_e05,,,,,,,,,
206,2,1,2,42,GPT,GPT,0.11764705882352941,206_e01,206_e01,,,,,,,,,
206,4,3,4,42,GPT,GPT,0.23529411764705882,206_e01,206_e02,,,,,,,,,
206,6,5,6,42,GPT,GPT,0.35294117647058826,206_e02,206_e02,,,,,,,,,
206,8,7,8,42,GPT,GPT,0.47058823529411764,206_e03,206_e03,,,,,,,,,
206,10,9,10,42,GPT,GPT,0.5882352941176471,206_e03,206_e04,,,,,,,,,
206,12,11,12,42,GPT,GPT,0.7058823529411765,206_e04,206_e04,,,,,,,,,
206,14,13,14,42,GPT,GPT,0.8235294117647058,206_e05,206_e05,,,,,,,,,
206,16,15,16,42,GPT,GPT,0.9411764705882353,206_e05,206_e05,,,,,,,,,
208,2,1,2,44,GPT,GPT,0.08,208_e01,208_e01,,,,,,,,,
208,4,3,4,44,GPT,GPT,0.16,208_e01,208_e02,,,,,,,,,
208,6,5,6,44,GPT,GPT,0.24,208_e02,208_e02,,,,,,,,,
208,8,7,8,44,GPT,GPT,0.32,208_e03,208_e03,,,,,,,,,
208,10,9,10,44,GPT,GPT,0.4,208_e03,208_e03,,,,,,,,,
208,12,11,12,44,GPT,GPT,0.48,208_e03,208_e04,,,,,,,,,
208,14,13,14,44,GPT,GPT,0.56,208_e04,208_e04,,,,,,,,,
208,16,15,16,44,GPT,GPT,0.64,208_e04,208_e05,,,,,,,,,
208,18,17,18,44,GPT,GPT,0.72,208_e05,208_e05,,,,,,,,,
208,20,19,20,44,GPT,GPT,0.8,208_e05,208_e06,,,,,,,,,
208,22,21,22,44,GPT,GPT,0.88,208_e06,208_e06,,,,,,,,,
208,24,23,24,44,GPT,GPT,0.96,208_e06,208_e06,,,,,,,,,
209,2,1,2,40,GPT,GPT,0.09523809523809523,209_e01,209_e01,,,,,,,,,
209,4,3,4,40,GPT,GPT,0.19047619047619047,209_e01,209_e02,,,,,,,,,
209,6,5,6,40,GPT,GPT,0.2857142857142857,209_e02,209_e02,,,,,,,,,
209,8,7,8,40,GPT,GPT,0.38095238095238093,209_e03,209_e03,,,,,,,,,
209,10,9,10,40,GPT,GPT,0.47619047619047616,209_e03,209_e04,,,,,,,,,
209,12,11,12,40,GPT,GPT,0.5714285714285714,209_e04,209_e04,,,,,,,,,
209,14,13,14,40,GPT,GPT,0.6666666666666666,209_e05,209_e05,,,,,,,,,
209,16,15,16,40,GPT,GPT,0.7619047619047619,209_e05,209_e06,,,,,,,,,
209,18,17,18,40,GPT,GPT,0.8571428571428571,209_e06,209_e06,,,,,,,,,
209,20,19,20,40,GPT,GPT,0.9523809523809523,209_e07,209_e07,2.0,1.0,3.0,4.0,3.0,3.0,3.0,1.0,0.0
210,2,1,2,45,GPT,GPT,0.08,210_e01,210_e01,,,,,,,,,
210,4,3,4,45,GPT,GPT,0.16,210_e02,210_e02,,,,,,,,,
210,6,5,6,45,GPT,GPT,0.24,210_e02,210_e03,,,,,,,,,
210,8,7,8,45,GPT,GPT,0.32,210_e03,210_e03,,,,,,,,,
210,10,9,10,45,GPT,GPT,0.4,210_e04,210_e04,,,,,,,,,
210,12,11,12,45,GPT,GPT,0.48,210_e04,210_e05,,,,,,,,,
210,14,13,14,45,GPT,GPT,0.56,210_e05,210_e05,,,,,,,,,
210,16,15,16,45,GPT,GPT,0.64,210_e06,210_e06,,,,,,,,,
210,18,17,18,45,GPT,GPT,0.72,210_e06,210_e07,,,,,,,,,
210,20,19,20,45,GPT,GPT,0.8,210_e07,210_e07,,,,,,,,,
210,22,21,22,45,GPT,GPT,0.88,210_e08,210_e08,2.0,1.0,3.0,3.0,3.0,2.0,3.0,1.0,0.0
210,24,23,24,45,GPT,GPT,0.96,210_e08,210_e08,2.0,1.0,3.0,3.0,3.0,2.0,3.0,1.0,0.0
211,2,1,2,41,GPT,GPT,0.11764705882352941,211_e01,211_e01,,,,,,,,,
211,4,3,4,41,GPT,GPT,0.23529411764705882,211_e01,211_e02,,,,,,,,,
211,6,5,6,41,GPT,GPT,0.35294117647058826,211_e02,211_e02,,,,,,,,,
211,8,7,8,41,GPT,GPT,0.47058823529411764,211_e02,211_e02,,,,,,,,,
211,10,9,10,41,GPT,GPT,0.5882352941176471,211_e02,211_e03,,,,,,,,,
211,12,11,12,41,GPT,GPT,0.7058823529411765,211_e03,211_e03,,,,,,,,,
211,14,13,14,41,GPT,GPT,0.8235294117647058,211_e04,211_e04,,,,,,,,,
211,16,15,16,41,GPT,GPT,0.9411764705882353,211_e04,211_e04,,,,,,,,,
212,2,1,2,43,GPT,GPT,0.11764705882352941,212_e01,212_e01,,,,,,,,,
212,4,3,4,43,GPT,GPT,0.23529411764705882,212_e01,212_e02,,,,,,,,,
212,6,5,6,43,GPT,GPT,0.35294117647058826,212_e02,212_e02,,,,,,,,,
212,8,7,8,43,GPT,GPT,0.47058823529411764,212_e02,212_e03,,,,,,,,,
212,10,9,10,43,GPT,GPT,0.5882352941176471,212_e03,212_e03,,,,,,,,,
212,12,11,12,43,GPT,GPT,0.7058823529411765,212_e04,212_e04,,,,,,,,,
212,14,13,14,43,GPT,GPT,0.8235294117647058,212_e04,212_e05,,,,,,,,,
212,16,15,16,43,GPT,GPT,0.9411764705882353,212_e05,212_e05,,,,,,,,,
213,2,1,2,47,GPT,GPT,0.15384615384615385,213_e01,213_e01,,,,,,,,,
213,4,3,4,47,GPT,GPT,0.3076923076923077,213_e01,213_e02,,,,,,,,,
213,6,5,6,47,GPT,GPT,0.46153846153846156,213_e02,213_e02,,,,,,,,,
213,8,7,8,47,GPT,GPT,0.6153846153846154,213_e03,213_e03,,,,,,,,,
213,10,9,10,47,GPT,GPT,0.7692307692307693,213_e03,213_e04,,,,,,,,,
213,12,11,12,47,GPT,GPT,0.9230769230769231,213_e04,213_e04,,,,,,,,,
214,2,1,2,39,GPT,GPT,0.08,214_e01,214_e01,,,,,,,,,
214,4,3,4,39,GPT,GPT,0.16,214_e01,214_e02,,,,,,,,,
214,6,5,6,39,GPT,GPT,0.24,214_e02,214_e02,,,,,,,,,
214,8,7,8,39,GPT,GPT,0.32,214_e03,214_e03,,,,,,,,,
214,10,9,10,39,GPT,GPT,0.4,214_e03,214_e04,,,,,,,,,
214,12,11,12,39,GPT,GPT,0.48,214_e04,214_e04,,,,,,,,,
214,14,13,14,39,GPT,GPT,0.56,214_e05,214_e05,,,,,,,,,
214,16,15,16,39,GPT,GPT,0.64,214_e05,214_e06,,,,,,,,,
214,18,17,18,39,GPT,GPT,0.72,214_e06,214_e06,,,,,,,,,
214,20,19,20,39,GPT,GPT,0.8,214_e06,214_e07,,,,,,,,,
214,22,21,22,39,GPT,GPT,0.88,214_e07,214_e07,,,,,,,,,
214,24,23,24,39,GPT,GPT,0.96,214_e08,214_e08,,,,,,,,,
216,2,1,2,48,Persona,Rational,0.13333333333333333,216_e01,216_e01,,,,,,,,,
216,4,3,4,48,Persona,Rational,0.26666666666666666,216_e01,216_e01,,,,,,,,,
216,6,5,6,48,Persona,Rational,0.4,216_e02,216_e02,2.0,1.0,3.0,3.0,3.0,3.0,3.0,2.0,2.0
216,8,7,8,48,Persona,Rational,0.5333333333333333,216_e02,216_e03,2.0,1.0,3.0,3.0,3.0,3.0,4.0,2.0,2.0
216,10,9,10,48,Persona,Rational,0.6666666666666666,216_e03,216_e03,3.0,3.0,4.0,4.0,4.0,3.0,4.0,2.0,2.0
216,12,11,12,48,Persona,Rational,0.8,216_e04,216_e04,,,,,,,,,
216,14,13,14,48,Persona,Rational,0.9333333333333333,216_e04,216_e04,,,,,,,,,
217,2,1,2,49,Persona,Rational,0.15384615384615385,217_e01,217_e01,,,,,,,,,
217,4,3,4,49,Persona,Rational,0.3076923076923077,217_e01,217_e02,,,,,,3.5,3.5,3.5,3.5
217,6,5,6,49,Persona,Rational,0.46153846153846156,217_e02,217_e02,4.0,3.5,3.5,4.0,4.0,3.5,3.5,3.5,3.5
217,8,7,8,49,Persona,Rational,0.6153846153846154,217_e02,217_e03,4.0,3.5,3.5,4.0,4.0,3.0,3.0,3.0,3.0
217,10,9,10,49,Persona,Rational,0.7692307692307693,217_e03,217_e03,2.0,2.0,3.0,4.0,4.0,3.0,3.0,3.0,3.0
217,12,11,12,49,Persona,Rational,0.9230769230769231,217_e04,217_e04,2.0,1.0,3.0,4.0,3.0,3.0,3.0,1.0,2.0
218,2,1,2,50,Persona,Rational,0.18181818181818182,218_e01,218_e01,,,,,,,,,
218,4,3,4,50,Persona,Rational,0.36363636363636365,218_e01,218_e02,,,,,,,,,
218,6,5,6,50,Persona,Rational,0.5454545454545454,218_e02,218_e02,,,,,,,,,
218,8,7,8,50,Persona,Rational,0.7272727272727273,218_e02,218_e03,,,,,,3.5,3.0,3.0,2.5
218,10,9,10,50,Persona,Rational,0.9090909090909091,218_e03,218_e03,3.0,2.5,3.0,4.0,4.0,3.5,3.0,3.0,2.5
219,2,1,2,51,Persona,Rational,0.08695652173913043,219_e01,219_e01,,,,,,,,,
219,4,3,4,51,Persona,Rational,0.17391304347826086,219_e01,219_e01,,,,,,,,,
219,6,5,6,51,Persona,Rational,0.2608695652173913,219_e02,219_e02,4.0,3.0,3.0,4.0,4.0,3.0,3.0,3.0,3.0
219,8,7,8,51,Persona,Rational,0.34782608695652173,219_e02,219_e03,4.0,3.0,3.0,4.0,4.0,,,,
219,10,9,10,51,Persona,Rational,0.43478260869565216,219_e03,219_e03,,,,,,,,,
219,12,11,12,51,Persona,Rational,0.5217391304347826,219_e03,219_e04,,,,,,4.0,4.0,3.0,3.0
219,14,13,14,51,Persona,Rational,0.6086956521739131,219_e04,219_e04,4.0,4.0,4.0,4.0,4.0,4.0,4.0,3.0,3.0
219,16,15,16,51,Persona,Rational,0.6956521739130435,219_e05,219_e05,2.0,1.0,3.0,3.0,3.0,3.0,3.0,2.0,2.0
219,18,17,18,51,Persona,Rational,0.782608695652174,219_e05,219_e06,2.0,1.0,3.0,3.0,3.0,,,,
219,20,19,20,51,Persona,Rational,0.8695652173913043,219_e06,219_e06,,,,,,,,,
219,22,21,22,51,Persona,Rational,0.9565217391304348,219_e07,219_e07,,,,,,,,,
220,2,1,2,52,Persona,Rational,0.11764705882352941,220_e01,220_e01,,,,,,,,,
220,4,3,4,52,Persona,Rational,0.23529411764705882,220_e01,220_e02,,,,,,,,,
220,6,5,6,52,Persona,Rational,0.35294117647058826,220_e02,220_e02,,,,,,,,,
220,8,7,8,52,Persona,Rational,0.47058823529411764,220_e03,220_e03,3.0,3.0,4.0,4.0,4.0,3.0,4.0,2.0,2.0
220,10,9,10,52,Persona,Rational,0.5882352941176471,220_e03,220_e04,3.0,3.0,4.0,4.0,4.0,,,,
220,12,11,12,52,Persona,Rational,0.7058823529411765,220_e04,220_e04,,,,,,,,,
220,14,13,14,52,Persona,Rational,0.8235294117647058,220_e05,220_e05,,,,,,,,,
220,16,15,16,52,Persona,Rational,0.9411764705882353,220_e05,220_e05,,,,,,,,,
221,2,1,2,53,Persona,Rational,0.08695652173913043,221_e01,221_e01,3.0,3.0,4.0,4.0,4.0,3.0,4.0,1.0,2.0
221,4,3,4,53,Persona,Rational,0.17391304347826086,221_e01,221_e02,3.0,3.0,4.0,4.0,4.0,3.0,4.0,2.0,2.0
221,6,5,6,53,Persona,Rational,0.2608695652173913,221_e02,221_e02,4.0,3.0,4.0,4.0,4.0,3.0,4.0,2.0,2.0
221,8,7,8,53,Persona,Rational,0.34782608695652173,221_e03,221_e03,3.0,3.0,4.0,4.0,4.0,3.0,4.0,2.0,2.0
221,10,9,10,53,Persona,Rational,0.43478260869565216,221_e03,221_e04,3.0,3.0,4.0,4.0,4.0,,,,
221,12,11,12,53,Persona,Rational,0.5217391304347826,221_e04,221_e04,,,,,,,,,
221,14,13,14,53,Persona,Rational,0.6086956521739131,221_e04,221_e05,,,,,,,,,
221,16,15,16,53,Persona,Rational,0.6956521739130435,221_e05,221_e05,,,,,,,,,
221,18,17,18,53,Persona,Rational,0.782608695652174,221_e06,221_e06,,,,,,,,,
221,20,19,20,53,Persona,Rational,0.8695652173913043,221_e06,221_e07,,,,,,3.0,3.0,3.0,2.0
221,22,21,22,53,Persona,Rational,0.9565217391304348,221_e07,221_e07,3.5,3.0,3.0,4.0,4.0,3.0,3.0,3.0,2.0
222,2,1,2,54,Persona,Rational,0.2857142857142857,222_e01,222_e01,4.0,3.0,4.0,4.0,4.0,3.0,4.0,1.0,2.0
222,4,3,4,54,Persona,Rational,0.5714285714285714,222_e01,222_e02,4.0,3.0,4.0,4.0,4.0,3.0,4.0,3.0,3.0
222,6,5,6,54,Persona,Rational,0.8571428571428571,222_e02,222_e02,3.0,3.0,4.0,4.0,4.0,3.0,4.0,3.0,3.0
223,2,1,2,55,Persona,Rational,0.15384615384615385,223_e01,223_e01,3.0,2.0,3.0,4.0,4.0,3.0,3.0,1.0,1.0
223,4,3,4,55,Persona,Rational,0.3076923076923077,223_e01,223_e01,3.0,2.0,3.0,4.0,4.0,3.0,3.0,1.0,1.0
223,6,5,6,55,Persona,Rational,0.46153846153846156,223_e02,223_e02,,,,,,,,,
223,8,7,8,55,Persona,Rational,0.6153846153846154,223_e02,223_e03,,,,,,,,,
223,10,9,10,55,Persona,Rational,0.7692307692307693,223_e03,223_e03,,,,,,,,,
223,12,11,12,55,Persona,Rational,0.9230769230769231,223_e03,223_e03,,,,,,,,,
224,2,1,2,56,Persona,Rational,0.06896551724137931,224_e01,224_e01,4.0,3.0,4.0,4.0,4.0,3.0,4.0,1.0,2.0
224,4,3,4,56,Persona,Rational,0.13793103448275862,224_e01,224_e02,4.0,3.0,4.0,4.0,4.0,,,,
224,6,5,6,56,Persona,Rational,0.20689655172413793,224_e02,224_e02,,,,,,,,,
224,8,7,8,56,Persona,Rational,0.27586206896551724,224_e03,224_e03,,,,,,,,,
224,10,9,10,56,Persona,Rational,0.3448275862068966,224_e03,224_e04,,,,,,3.0,3.0,3.0,3.0
224,12,11,12,56,Persona,Rational,0.41379310344827586,224_e04,224_e04,3.0,3.0,3.0,4.0,4.0,3.0,3.0,3.0,3.0
224,14,13,14,56,Persona,Rational,0.4827586206896552,224_e05,224_e05,,,,,,,,,
224,16,15,16,56,Persona,Rational,0.5517241379310345,224_e05,224_e06,,,,,,,,,
224,18,17,18,56,Persona,Rational,0.6206896551724138,224_e06,224_e06,,,,,,,,,
224,20,19,20,56,Persona,Rational,0.6896551724137931,224_e07,224_e07,,,,,,,,,
224,22,21,22,56,Persona,Rational,0.7586206896551724,224_e07,224_e08,,,,,,3.0,4.0,1.0,0.0
224,24,23,24,56,Persona,Rational,0.8275862068965517,224_e08,224_e08,4.0,3.0,4.0,4.0,4.0,3.0,4.0,1.0,0.0
224,26,25,26,56,Persona,Rational,0.896551724137931,224_e09,224_e09,,,,,,,,,
224,28,27,28,56,Persona,Rational,0.9655172413793104,224_e09,224_e09,,,,,,,,,
226,2,1,2,53,GPT,GPT,0.18181818181818182,226_e01,226_e01,,,,,,,,,
226,4,3,4,53,GPT,GPT,0.36363636363636365,226_e02,226_e02,,,,,,,,,
226,6,5,6,53,GPT,GPT,0.5454545454545454,226_e02,226_e03,,,,,,,,,
226,8,7,8,53,GPT,GPT,0.7272727272727273,226_e03,226_e03,,,,,,,,,
226,10,9,10,53,GPT,GPT,0.9090909090909091,226_e04,226_e04,,,,,,,,,
227,2,1,2,51,GPT,GPT,0.10526315789473684,227_e01,227_e01,,,,,,,,,
227,4,3,4,51,GPT,GPT,0.21052631578947367,227_e02,227_e02,,,,,,,,,
227,6,5,6,51,GPT,GPT,0.3157894736842105,227_e02,227_e03,,,,,,,,,
227,8,7,8,51,GPT,GPT,0.42105263157894735,227_e03,227_e03,,,,,,,,,
227,10,9,10,51,GPT,GPT,0.5263157894736842,227_e04,227_e04,,,,,,,,,
227,12,11,12,51,GPT,GPT,0.631578947368421,227_e04,227_e05,,,,,,,,,
227,14,13,14,51,GPT,GPT,0.7368421052631579,227_e05,227_e05,,,,,,,,,
227,16,15,16,51,GPT,GPT,0.8421052631578947,227_e06,227_e06,2.0,1.0,3.0,4.0,3.0,2.0,3.0,1.0,0.0
227,18,17,18,51,GPT,GPT,0.9473684210526315,227_e06,227_e06,2.0,1.0,3.0,4.0,3.0,2.0,3.0,1.0,0.0
229,2,1,2,56,GPT,GPT,0.11764705882352941,229_e01,229_e01,,,,,,,,,
229,4,3,4,56,GPT,GPT,0.23529411764705882,229_e02,229_e02,,,,,,,,,
229,6,5,6,56,GPT,GPT,0.35294117647058826,229_e02,229_e03,,,,,,,,,
229,8,7,8,56,GPT,GPT,0.47058823529411764,229_e03,229_e03,,,,,,,,,
229,10,9,10,56,GPT,GPT,0.5882352941176471,229_e04,229_e04,,,,,,,,,
229,12,11,12,56,GPT,GPT,0.7058823529411765,229_e04,229_e05,,,,,,,,,
229,14,13,14,56,GPT,GPT,0.8235294117647058,229_e05,229_e05,,,,,,,,,
229,16,15,16,56,GPT,GPT,0.9411764705882353,229_e05,229_e05,,,,,,,,,
230,2,1,2,54,GPT,GPT,0.2857142857142857,230_e01,230_e01,,,,,,,,,
230,4,3,4,54,GPT,GPT,0.5714285714285714,230_e02,230_e02,,,,,,,,,
230,6,5,6,54,GPT,GPT,0.8571428571428571,230_e02,230_e02,,,,,,,,,
231,2,1,2,49,GPT,GPT,0.13333333333333333,231_e01,231_e01,,,,,,,,,
231,4,3,4,49,GPT,GPT,0.26666666666666666,231_e02,231_e02,,,,,,,,,
231,6,5,6,49,GPT,GPT,0.4,231_e02,231_e02,,,,,,,,,
231,8,7,8,49,GPT,GPT,0.5333333333333333,231_e03,231_e03,,,,,,,,,
231,10,9,10,49,GPT,GPT,0.6666666666666666,231_e03,231_e04,,,,,,,,,
231,12,11,12,49,GPT,GPT,0.8,231_e04,231_e04,,,,,,,,,
231,14,13,14,49,GPT,GPT,0.9333333333333333,231_e05,231_e05,,,,,,,,,
232,2,1,2,50,GPT,GPT,0.2222222222222222,232_e01,232_e01,,,,,,,,,
232,4,3,4,50,GPT,GPT,0.4444444444444444,232_e02,232_e02,,,,,,,,,
232,6,5,6,50,GPT,GPT,0.6666666666666666,232_e02,232_e03,,,,,,,,,
232,8,7,8,50,GPT,GPT,0.8888888888888888,232_e03,232_e03,,,,,,,,,
233,2,1,2,48,GPT,GPT,0.2222222222222222,233_e01,233_e01,,,,,,,,,
233,4,3,4,48,GPT,GPT,0.4444444444444444,233_e01,233_e01,,,,,,,,,
233,6,5,6,48,GPT,GPT,0.6666666666666666,233_e01,233_e02,,,,,,,,,
233,8,7,8,48,GPT,GPT,0.8888888888888888,233_e02,233_e02,,,,,,,,,
234,2,1,2,55,GPT,GPT,0.13333333333333333,234_e01,234_e01,,,,,,,,,
234,4,3,4,55,GPT,GPT,0.26666666666666666,234_e02,234_e02,,,,,,,,,
234,6,5,6,55,GPT,GPT,0.4,234_e02,234_e03,,,,,,,,,
234,8,7,8,55,GPT,GPT,0.5333333333333333,234_e03,234_e03,,,,,,,,,
234,10,9,10,55,GPT,GPT,0.6666666666666666,234_e04,234_e04,,,,,,,,,
234,12,11,12,55,GPT,GPT,0.8,234_e04,234_e05,,,,,,,,,
234,14,13,14,55,GPT,GPT,0.9333333333333333,234_e05,234_e05,,,,,,,,,
236,2,1,2,52,GPT,GPT,0.08695652173913043,236_e01,236_e01,,,,,,,,,
236,4,3,4,52,GPT,GPT,0.17391304347826086,236_e02,236_e02,,,,,,,,,
236,6,5,6,52,GPT,GPT,0.2608695652173913,236_e02,236_e03,,,,,,,,,
236,8,7,8,52,GPT,GPT,0.34782608695652173,236_e03,236_e03,,,,,,,,,
236,10,9,10,52,GPT,GPT,0.43478260869565216,236_e04,236_e04,,,,,,,,,
236,12,11,12,52,GPT,GPT,0.5217391304347826,236_e04,236_e05,,,,,,,,,
236,14,13,14,52,GPT,GPT,0.6086956521739131,236_e05,236_e05,,,,,,,,,
236,16,15,16,52,GPT,GPT,0.6956521739130435,236_e06,236_e06,,,,,,,,,
236,18,17,18,52,GPT,GPT,0.782608695652174,236_e06,236_e07,,,,,,,,,
236,20,19,20,52,GPT,GPT,0.8695652173913043,236_e07,236_e07,,,,,,,,,
236,22,21,22,52,GPT,GPT,0.9565217391304348,236_e08,236_e08,,,,,,,,,
241,2,1,2,61,GPT,GPT,0.11764705882352941,241_e01,241_e01,,,,,,,,,
241,4,3,4,61,GPT,GPT,0.23529411764705882,241_e02,241_e02,,,,,,,,,
241,6,5,6,61,GPT,GPT,0.35294117647058826,241_e02,241_e03,,,,,,,,,
241,8,7,8,61,GPT,GPT,0.47058823529411764,241_e03,241_e03,,,,,,,,,
241,10,9,10,61,GPT,GPT,0.5882352941176471,241_e04,241_e04,,,,,,,,,
241,12,11,12,61,GPT,GPT,0.7058823529411765,241_e04,241_e05,,,,,,,,,
241,14,13,14,61,GPT,GPT,0.8235294117647058,241_e05,241_e05,,,,,,,,,
241,16,15,16,61,GPT,GPT,0.9411764705882353,241_e06,241_e06,,,,,,,,,
244,2,1,2,64,GPT,GPT,0.15384615384615385,244_e01,244_e01,,,,,,,,,
244,4,3,4,64,GPT,GPT,0.3076923076923077,244_e02,244_e02,2.0,0.0,3.0,3.0,3.0,2.0,3.0,2.0,1.0
244,6,5,6,64,GPT,GPT,0.46153846153846156,244_e02,244_e03,2.0,0.0,3.0,3.0,3.0,,,,
244,8,7,8,64,GPT,GPT,0.6153846153846154,244_e03,244_e03,,,,,,,,,
244,10,9,10,64,GPT,GPT,0.7692307692307693,244_e04,244_e04,,,,,,,,,
244,12,11,12,64,GPT,GPT,0.9230769230769231,244_e04,244_e04,,,,,,,,,
261,2,1,2,64,Persona,Divergent,0.2222222222222222,261_e01,261_e01,,,,,,,,,
261,4,3,4,64,Persona,Divergent,0.4444444444444444,261_e01,261_e02,,,,,,,,,
261,6,5,6,64,Persona,Divergent,0.6666666666666666,261_e02,261_e02,,,,,,,,,
261,8,7,8,64,Persona,Divergent,0.8888888888888888,261_e02,261_e02,,,,,,,,,
279,2,1,2,61,Persona,Divergent,0.2222222222222222,279_e01,279_e01,,,,,,,,,
279,4,3,4,61,Persona,Divergent,0.4444444444444444,279_e01,279_e02,,,,,,,,,
279,6,5,6,61,Persona,Divergent,0.6666666666666666,279_e02,279_e02,,,,,,,,,
279,8,7,8,61,Persona,Divergent,0.8888888888888888,279_e03,279_e03,,,,,,,,,
295,2,1,2,67,Persona,Divergent,0.18181818181818182,295_e01,295_e01,,,,,,,,,
295,4,3,4,67,Persona,Divergent,0.36363636363636365,295_e01,295_e02,,,,,,,,,
295,6,5,6,67,Persona,Divergent,0.5454545454545454,295_e02,295_e02,,,,,,,,,
295,8,7,8,67,Persona,Divergent,0.7272727272727273,295_e03,295_e03,,,,,,,,,
295,10,9,10,67,Persona,Divergent,0.9090909090909091,295_e03,295_e03,,,,,,,,,
296,2,1,2,68,Persona,Divergent,0.10526315789473684,296_e01,296_e01,,,,,,,,,
296,4,3,4,68,Persona,Divergent,0.21052631578947367,296_e01,296_e02,,,,,,3.0,3.0,2.0,2.0
296,6,5,6,68,Persona,Divergent,0.3157894736842105,296_e02,296_e02,3.0,3.0,3.0,4.0,4.0,3.0,3.0,2.0,2.0
296,8,7,8,68,Persona,Divergent,0.42105263157894735,296_e03,296_e03,,,,,,,,,
296,10,9,10,68,Persona,Divergent,0.5263157894736842,296_e03,296_e04,,,,,,,,,
296,12,11,12,68,Persona,Divergent,0.631578947368421,296_e04,296_e04,,,,,,,,,
296,14,13,14,68,Persona,Divergent,0.7368421052631579,296_e04,296_e05,,,,,,3.0,3.0,2.0,2.0
296,16,15,16,68,Persona,Divergent,0.8421052631578947,296_e05,296_e05,2.0,1.0,3.0,3.0,3.0,3.0,3.0,2.0,2.0
296,18,17,18,68,Persona,Divergent,0.9473684210526315,296_e06,296_e06,,,,,,,,,
297,2,1,2,69,Persona,Divergent,0.11764705882352941,297_e01,297_e01,4.0,3.0,3.0,4.0,4.0,3.0,3.0,1.0,1.0
297,4,3,4,69,Persona,Divergent,0.23529411764705882,297_e01,297_e02,4.0,3.0,3.0,4.0,4.0,,,,
297,6,5,6,69,Persona,Divergent,0.35294117647058826,297_e02,297_e02,,,,,,,,,
297,8,7,8,69,Persona,Divergent,0.47058823529411764,297_e03,297_e03,,,,,,,,,
297,10,9,10,69,Persona,Divergent,0.5882352941176471,297_e03,297_e04,,,,,,,,,
297,12,11,12,69,Persona,Divergent,0.7058823529411765,297_e04,297_e04,,,,,,,,,
297,14,13,14,69,Persona,Divergent,0.8235294117647058,297_e05,297_e05,4.0,3.0,4.0,4.0,4.0,4.0,4.0,3.0,2.0
297,16,15,16,69,Persona,Divergent,0.9411764705882353,297_e05,297_e05,4.0,3.0,4.0,4.0,4.0,4.0,4.0,3.0,2.0
298,2,1,2,70,Persona,Divergent,0.11764705882352941,298_e01,298_e01,,,,,,,,,
298,4,3,4,70,Persona,Divergent,0.23529411764705882,298_e01,298_e02,,,,,,,,,
298,6,5,6,70,Persona,Divergent,0.35294117647058826,298_e02,298_e02,,,,,,,,,
298,8,7,8,70,Persona,Divergent,0.47058823529411764,298_e03,298_e03,,,,,,,,,
298,10,9,10,70,Persona,Divergent,0.5882352941176471,298_e03,298_e04,,,,,,3.0,4.0,2.0,2.0
298,12,11,12,70,Persona,Divergent,0.7058823529411765,298_e04,298_e04,3.0,3.0,4.0,4.0,4.0,3.0,4.0,2.0,2.0
298,14,13,14,70,Persona,Divergent,0.8235294117647058,298_e05,298_e05,4.0,3.0,4.0,4.0,4.0,3.5,4.0,2.5,1.5
298,16,15,16,70,Persona,Divergent,0.9411764705882353,298_e05,298_e05,4.0,3.0,4.0,4.0,4.0,3.5,4.0,2.5,1.5
299,2,1,2,71,Persona,Divergent,0.11764705882352941,299_e01,299_e01,4.0,3.0,4.0,4.0,4.0,3.0,4.0,1.0,1.0
299,4,3,4,71,Persona,Divergent,0.23529411764705882,299_e01,299_e02,4.0,3.0,4.0,4.0,4.0,,,,
299,6,5,6,71,Persona,Divergent,0.35294117647058826,299_e02,299_e02,,,,,,,,,
299,8,7,8,71,Persona,Divergent,0.47058823529411764,299_e03,299_e03,,,,,,,,,
299,10,9,10,71,Persona,Divergent,0.5882352941176471,299_e03,299_e04,,,,,,3.0,3.0,4.0,3.0
299,12,11,12,71,Persona,Divergent,0.7058823529411765,299_e04,299_e04,4.0,3.0,3.0,4.0,4.0,3.0,3.0,4.0,3.0
299,14,13,14,71,Persona,Divergent,0.8235294117647058,299_e05,299_e05,,,,,,,,,
299,16,15,16,71,Persona,Divergent,0.9411764705882353,299_e05,299_e05,,,,,,,,,
300,2,1,2,72,Persona,Divergent,0.10526315789473684,300_e01,300_e01,,,,,,,,,
300,4,3,4,72,Persona,Divergent,0.21052631578947367,300_e02,300_e02,,,,,,,,,
300,6,5,6,72,Persona,Divergent,0.3157894736842105,300_e02,300_e03,,,,,,,,,
300,8,7,8,72,Persona,Divergent,0.42105263157894735,300_e03,300_e03,,,,,,,,,
300,10,9,10,72,Persona,Divergent,0.5263157894736842,300_e04,300_e04,4.0,3.0,3.0,4.0,4.0,3.0,3.0,2.0,2.0
300,12,11,12,72,Persona,Divergent,0.631578947368421,300_e04,300_e05,4.0,3.0,3.0,4.0,4.0,,,,
300,14,13,14,72,Persona,Divergent,0.7368421052631579,300_e05,300_e05,,,,,,,,,
300,16,15,16,72,Persona,Divergent,0.8421052631578947,300_e06,300_e06,,,,,,,,,
300,18,17,18,72,Persona,Divergent,0.9473684210526315,300_e06,300_e06,,,,,,,,,
301,2,1,2,73,Persona,Divergent,0.18181818181818182,301_e01,301_e01,,,,,,,,,
301,4,3,4,73,Persona,Divergent,0.36363636363636365,301_e01,301_e02,,,,,,,,,
301,6,5,6,73,Persona,Divergent,0.5454545454545454,301_e02,301_e02,,,,,,,,,
301,8,7,8,73,Persona,Divergent,0.7272727272727273,301_e03,301_e03,4.0,3.0,3.0,4.0,4.0,3.0,3.0,3.0,3.0
301,10,9,10,73,Persona,Divergent,0.9090909090909091,301_e03,301_e03,4.0,3.0,3.0,4.0,4.0,3.0,3.0,3.0,3.0
303,2,1,2,70,GPT,GPT,0.10526315789473684,303_e01,303_e01,,,,,,,,,
303,4,3,4,70,GPT,GPT,0.21052631578947367,303_e02,303_e02,,,,,,,,,
303,6,5,6,70,GPT,GPT,0.3157894736842105,303_e02,303_e03,,,,,,,,,
303,8,7,8,70,GPT,GPT,0.42105263157894735,303_e03,303_e03,,,,,,,,,
303,10,9,10,70,GPT,GPT,0.5263157894736842,303_e04,303_e04,,,,,,,,,
303,12,11,12,70,GPT,GPT,0.631578947368421,303_e04,303_e05,,,,,,,,,
303,14,13,14,70,GPT,GPT,0.7368421052631579,303_e05,303_e05,,,,,,,,,
303,16,15,16,70,GPT,GPT,0.8421052631578947,303_e06,303_e06,,,,,,,,,
303,18,17,18,70,GPT,GPT,0.9473684210526315,303_e06,303_e06,,,,,,,,,
304,2,1,2,73,GPT,GPT,0.06451612903225806,304_e01,304_e01,,,,,,,,,
304,4,3,4,73,GPT,GPT,0.12903225806451613,304_e02,304_e02,,,,,,,,,
304,6,5,6,73,GPT,GPT,0.1935483870967742,304_e02,304_e03,,,,,,,,,
304,8,7,8,73,GPT,GPT,0.25806451612903225,304_e03,304_e03,,,,,,,,,
304,10,9,10,73,GPT,GPT,0.3225806451612903,304_e04,304_e04,,,,,,,,,
304,12,11,12,73,GPT,GPT,0.3870967741935484,304_e04,304_e05,,,,,,,,,
304,14,13,14,73,GPT,GPT,0.45161290322580644,304_e05,304_e05,,,,,,,,,
304,16,15,16,73,GPT,GPT,0.5161290322580645,304_e06,304_e06,,,,,,,,,
304,18,17,18,73,GPT,GPT,0.5806451612903226,304_e06,304_e07,,,,,,,,,
304,20,19,20,73,GPT,GPT,0.6451612903225806,304_e07,304_e07,,,,,,,,,
304,22,21,22,73,GPT,GPT,0.7096774193548387,304_e07,304_e08,,,,,,,,,
304,24,23,24,73,GPT,GPT,0.7741935483870968,304_e08,304_e08,,,,,,,,,
304,26,25,26,73,GPT,GPT,0.8387096774193549,304_e09,304_e09,,,,,,,,,
304,28,27,28,73,GPT,GPT,0.9032258064516129,304_e09,304_e10,,,,,,2.0,3.0,2.0,1.0
304,30,29,30,73,GPT,GPT,0.967741935483871,304_e10,304_e10,2.0,1.0,3.0,3.0,3.0,2.0,3.0,2.0,1.0
305,2,1,2,69,GPT,GPT,0.10526315789473684,305_e01,305_e01,,,,,,,,,
305,4,3,4,69,GPT,GPT,0.21052631578947367,305_e02,305_e02,,,,,,,,,
305,6,5,6,69,GPT,GPT,0.3157894736842105,305_e02,305_e03,,,,,,,,,
305,8,7,8,69,GPT,GPT,0.42105263157894735,305_e03,305_e03,,,,,,,,,
305,10,9,10,69,GPT,GPT,0.5263157894736842,305_e03,305_e04,,,,,,,,,
305,12,11,12,69,GPT,GPT,0.631578947368421,305_e04,305_e04,,,,,,,,,
305,14,13,14,69,GPT,GPT,0.7368421052631579,305_e05,305_e05,,,,,,,,,
305,16,15,16,69,GPT,GPT,0.8421052631578947,305_e05,305_e06,,,,,,,,,
305,18,17,18,69,GPT,GPT,0.9473684210526315,305_e06,305_e06,,,,,,,,,
306,2,1,2,68,GPT,GPT,0.10526315789473684,306_e01,306_e01,,,,,,,,,
306,4,3,4,68,GPT,GPT,0.21052631578947367,306_e02,306_e02,,,,,,,,,
306,6,5,6,68,GPT,GPT,0.3157894736842105,306_e02,306_e03,,,,,,,,,
306,8,7,8,68,GPT,GPT,0.42105263157894735,306_e03,306_e03,,,,,,,,,
306,10,9,10,68,GPT,GPT,0.5263157894736842,306_e03,306_e04,,,,,,,,,
306,12,11,12,68,GPT,GPT,0.631578947368421,306_e04,306_e04,,,,,,,,,
306,14,13,14,68,GPT,GPT,0.7368421052631579,306_e05,306_e05,,,,,,,,,
306,16,15,16,68,GPT,GPT,0.8421052631578947,306_e05,306_e06,,,,,,,,,
306,18,17,18,68,GPT,GPT,0.9473684210526315,306_e06,306_e06,,,,,,,,,
307,2,1,2,72,GPT,GPT,0.09523809523809523,307_e01,307_e01,,,,,,,,,
307,4,3,4,72,GPT,GPT,0.19047619047619047,307_e02,307_e02,,,,,,,,,
307,6,5,6,72,GPT,GPT,0.2857142857142857,307_e02,307_e03,,,,,,,,,
307,8,7,8,72,GPT,GPT,0.38095238095238093,307_e03,307_e03,,,,,,,,,
307,10,9,10,72,GPT,GPT,0.47619047619047616,307_e03,307_e04,,,,,,,,,
307,12,11,12,72,GPT,GPT,0.5714285714285714,307_e04,307_e04,,,,,,,,,
307,14,13,14,72,GPT,GPT,0.6666666666666666,307_e04,307_e05,,,,,,,,,
307,16,15,16,72,GPT,GPT,0.7619047619047619,307_e05,307_e05,,,,,,,,,
307,18,17,18,72,GPT,GPT,0.8571428571428571,307_e05,307_e06,,,,,,,,,
307,20,19,20,72,GPT,GPT,0.9523809523809523,307_e06,307_e06,,,,,,,,,
308,2,1,2,71,GPT,GPT,0.08,308_e01,308_e01,,,,,,,,,
308,4,3,4,71,GPT,GPT,0.16,308_e02,308_e02,,,,,,,,,
308,6,5,6,71,GPT,GPT,0.24,308_e02,308_e03,,,,,,,,,
308,8,7,8,71,GPT,GPT,0.32,308_e03,308_e03,,,,,,,,,
308,10,9,10,71,GPT,GPT,0.4,308_e04,308_e04,,,,,,,,,
308,12,11,12,71,GPT,GPT,0.48,308_e04,308_e05,,,,,,3.0,3.0,2.0,1.0
308,14,13,14,71,GPT,GPT,0.56,308_e05,308_e05,3.0,2.0,3.0,4.0,4.0,3.0,3.0,2.0,1.0
308,16,15,16,71,GPT,GPT,0.64,308_e05,308_e06,3.0,2.0,3.0,4.0,4.0,,,,
308,18,17,18,71,GPT,GPT,0.72,308_e06,308_e06,,,,,,,,,
308,20,19,20,71,GPT,GPT,0.8,308_e07,308_e07,,,,,,,,,
308,22,21,22,71,GPT,GPT,0.88,308_e07,308_e07,,,,,,,,,
308,24,23,24,71,GPT,GPT,0.96,308_e07,308_e07,,,,,,,,,
309,2,1,2,67,GPT,GPT,0.11764705882352941,309_e01,309_e01,,,,,,,,,
309,4,3,4,67,GPT,GPT,0.23529411764705882,309_e02,309_e02,,,,,,,,,
309,6,5,6,67,GPT,GPT,0.35294117647058826,309_e02,309_e02,,,,,,,,,
309,8,7,8,67,GPT,GPT,0.47058823529411764,309_e02,309_e03,,,,,,,,,
309,10,9,10,67,GPT,GPT,0.5882352941176471,309_e03,309_e03,,,,,,,,,
309,12,11,12,67,GPT,GPT,0.7058823529411765,309_e04,309_e04,,,,,,,,,
309,14,13,14,67,GPT,GPT,0.8235294117647058,309_e04,309_e05,,,,,,,,,
309,16,15,16,67,GPT,GPT,0.9411764705882353,309_e05,309_e05,,,,,,,,,
311,2,1,2,74,Persona,Convergent,0.18181818181818182,311_e01,311_e01,,,,,,,,,
311,4,3,4,74,Persona,Convergent,0.36363636363636365,311_e02,311_e02,,,,,,,,,
311,6,5,6,74,Persona,Convergent,0.5454545454545454,311_e02,311_e03,,,,,,,,,
311,8,7,8,74,Persona,Convergent,0.7272727272727273,311_e03,311_e03,,,,,,,,,
311,10,9,10,74,Persona,Convergent,0.9090909090909091,311_e04,311_e04,,,,,,,,,
313,2,1,2,76,Persona,Convergent,0.15384615384615385,313_e01,313_e01,,,,,,,,,
313,4,3,4,76,Persona,Convergent,0.3076923076923077,313_e02,313_e02,,,,,,,,,
313,6,5,6,76,Persona,Convergent,0.46153846153846156,313_e02,313_e03,,,,,,,,,
313,8,7,8,76,Persona,Convergent,0.6153846153846154,313_e03,313_e03,,,,,,,,,
313,10,9,10,76,Persona,Convergent,0.7692307692307693,313_e04,313_e04,4.0,3.0,4.0,4.0,4.0,4.0,4.0,4.0,4.0
313,12,11,12,76,Persona,Convergent,0.9230769230769231,313_e04,313_e04,4.0,3.0,4.0,4.0,4.0,4.0,4.0,4.0,4.0
314,2,1,2,77,Persona,Convergent,0.11764705882352941,314_e01,314_e01,,,,,,,,,
314,4,3,4,77,Persona,Convergent,0.23529411764705882,314_e01,314_e01,,,,,,,,,
314,6,5,6,77,Persona,Convergent,0.35294117647058826,314_e01,314_e02,,,,,,,,,
314,8,7,8,77,Persona,Convergent,0.47058823529411764,314_e02,314_e02,,,,,,,,,
314,10,9,10,77,Persona,Convergent,0.5882352941176471,314_e03,314_e03,,,,,,,,,
314,12,11,12,77,Persona,Convergent,0.7058823529411765,314_e03,314_e04,,,,,,,,,
314,14,13,14,77,Persona,Convergent,0.8235294117647058,314_e04,314_e04,,,,,,,,,
314,16,15,16,77,Persona,Convergent,0.9411764705882353,314_e05,314_e05,,,,,,,,,
315,2,1,2,78,Persona,Convergent,0.09523809523809523,315_e01,315_e01,,,,,,,,,
315,4,3,4,78,Persona,Convergent,0.19047619047619047,315_e02,315_e02,,,,,,,,,
315,6,5,6,78,Persona,Convergent,0.2857142857142857,315_e02,315_e03,,,,,,,,,
315,8,7,8,78,Persona,Convergent,0.38095238095238093,315_e03,315_e03,,,,,,,,,
315,10,9,10,78,Persona,Convergent,0.47619047619047616,315_e04,315_e04,,,,,,,,,
315,12,11,12,78,Persona,Convergent,0.5714285714285714,315_e04,315_e05,,,,,,3.0,4.0,3.0,2.0
315,14,13,14,78,Persona,Convergent,0.6666666666666666,315_e05,315_e05,3.0,3.0,4.0,4.0,4.0,3.0,4.0,3.0,2.0
315,16,15,16,78,Persona,Convergent,0.7619047619047619,315_e06,315_e06,,,,,,,,,
315,18,17,18,78,Persona,Convergent,0.8571428571428571,315_e06,315_e07,,,,,,,,,
315,20,19,20,78,Persona,Convergent,0.9523809523809523,315_e07,315_e07,,,,,,,,,
316,2,1,2,79,Persona,Convergent,0.13333333333333333,316_e01,316_e01,,,,,,,,,
316,4,3,4,79,Persona,Convergent,0.26666666666666666,316_e02,316_e02,,,,,,,,,
316,6,5,6,79,Persona,Convergent,0.4,316_e02,316_e03,,,,,,,,,
316,8,7,8,79,Persona,Convergent,0.5333333333333333,316_e03,316_e03,,,,,,,,,
316,10,9,10,79,Persona,Convergent,0.6666666666666666,316_e03,316_e04,,,,,,,,,
316,12,11,12,79,Persona,Convergent,0.8,316_e04,316_e04,,,,,,,,,
316,14,13,14,79,Persona,Convergent,0.9333333333333333,316_e05,316_e05,3.0,3.0,3.0,4.0,4.0,3.0,3.0,3.0,2.0
318,2,1,2,81,Persona,Convergent,0.2857142857142857,318_e01,318_e01,,,,,,,,,
318,4,3,4,81,Persona,Convergent,0.5714285714285714,318_e02,318_e02,,,,,,,,,
318,6,5,6,81,Persona,Convergent,0.8571428571428571,318_e02,318_e02,,,,,,,,,
319,2,1,2,80,Persona,Convergent,0.18181818181818182,319_e01,319_e01,,,,,,,,,
319,4,3,4,80,Persona,Convergent,0.36363636363636365,319_e02,319_e02,,,,,,,,,
319,6,5,6,80,Persona,Convergent,0.5454545454545454,319_e02,319_e03,,,,,,,,,
319,8,7,8,80,Persona,Convergent,0.7272727272727273,319_e03,319_e03,,,,,,,,,
319,10,9,10,80,Persona,Convergent,0.9090909090909091,319_e04,319_e04,,,,,,,,,
320,2,1,2,76,GPT,GPT,0.2222222222222222,320_e01,320_e01,,,,,,,,,
320,4,3,4,76,GPT,GPT,0.4444444444444444,320_e01,320_e02,,,,,,,,,
320,6,5,6,76,GPT,GPT,0.6666666666666666,320_e02,320_e02,,,,,,,,,
320,8,7,8,76,GPT,GPT,0.8888888888888888,320_e03,320_e03,,,,,,,,,
321,2,1,2,79,GPT,GPT,0.18181818181818182,321_e01,321_e01,,,,,,,,,
321,4,3,4,79,GPT,GPT,0.36363636363636365,321_e01,321_e02,,,,,,,,,
321,6,5,6,79,GPT,GPT,0.5454545454545454,321_e02,321_e02,,,,,,,,,
321,8,7,8,79,GPT,GPT,0.7272727272727273,321_e02,321_e02,,,,,,,,,
321,10,9,10,79,GPT,GPT,0.9090909090909091,321_e03,321_e03,2.0,1.0,3.0,4.0,3.0,3.0,3.0,1.0,0.0
323,2,1,2,74,GPT,GPT,0.11764705882352941,323_e01,323_e01,,,,,,,,,
323,4,3,4,74,GPT,GPT,0.23529411764705882,323_e02,323_e02,,,,,,,,,
323,6,5,6,74,GPT,GPT,0.35294117647058826,323_e02,323_e03,,,,,,,,,
323,8,7,8,74,GPT,GPT,0.47058823529411764,323_e03,323_e03,,,,,,,,,
323,10,9,10,74,GPT,GPT,0.5882352941176471,323_e04,323_e04,,,,,,,,,
323,12,11,12,74,GPT,GPT,0.7058823529411765,323_e04,323_e05,,,,,,,,,
323,14,13,14,74,GPT,GPT,0.8235294117647058,323_e05,323_e05,,,,,,,,,
323,16,15,16,74,GPT,GPT,0.9411764705882353,323_e06,323_e06,,,,,,,,,
324,2,1,2,78,GPT,GPT,0.13333333333333333,324_e01,324_e01,,,,,,,,,
324,4,3,4,78,GPT,GPT,0.26666666666666666,324_e01,324_e02,,,,,,2.0,3.0,0.5,0.0
324,6,5,6,78,GPT,GPT,0.4,324_e02,324_e02,2.0,1.0,3.0,3.5,3.0,2.0,3.0,0.5,0.0
324,8,7,8,78,GPT,GPT,0.5333333333333333,324_e03,324_e03,,,,,,,,,
324,10,9,10,78,GPT,GPT,0.6666666666666666,324_e03,324_e04,,,,,,,,,
324,12,11,12,78,GPT,GPT,0.8,324_e04,324_e04,,,,,,,,,
324,14,13,14,78,GPT,GPT,0.9333333333333333,324_e05,324_e05,,,,,,,,,
325,2,1,2,77,GPT,GPT,0.13333333333333333,325_e01,325_e01,,,,,,,,,
325,4,3,4,77,GPT,GPT,0.26666666666666666,325_e01,325_e02,,,,,,,,,
325,6,5,6,77,GPT,GPT,0.4,325_e02,325_e02,,,,,,,,,
325,8,7,8,77,GPT,GPT,0.5333333333333333,325_e03,325_e03,,,,,,,,,
325,10,9,10,77,GPT,GPT,0.6666666666666666,325_e03,325_e04,,,,,,,,,
325,12,11,12,77,GPT,GPT,0.8,325_e04,325_e04,,,,,,,,,
325,14,13,14,77,GPT,GPT,0.9333333333333333,325_e04,325_e04,,,,,,,,,
326,2,1,2,81,GPT,GPT,0.15384615384615385,326_e01,326_e01,,,,,,,,,
326,4,3,4,81,GPT,GPT,0.3076923076923077,326_e01,326_e02,,,,,,,,,
326,6,5,6,81,GPT,GPT,0.46153846153846156,326_e02,326_e02,,,,,,,,,
326,8,7,8,81,GPT,GPT,0.6153846153846154,326_e02,326_e03,,,,,,,,,
326,10,9,10,81,GPT,GPT,0.7692307692307693,326_e03,326_e03,,,,,,,,,
326,12,11,12,81,GPT,GPT,0.9230769230769231,326_e04,326_e04,,,,,,,,,
327,2,1,2,80,GPT,GPT,0.13333333333333333,327_e01,327_e01,,,,,,,,,
327,4,3,4,80,GPT,GPT,0.26666666666666666,327_e02,327_e02,,,,,,,,,
327,6,5,6,80,GPT,GPT,0.4,327_e02,327_e03,,,,,,,,,
327,8,7,8,80,GPT,GPT,0.5333333333333333,327_e03,327_e03,,,,,,,,,
327,10,9,10,80,GPT,GPT,0.6666666666666666,327_e04,327_e04,,,,,,,,,
327,12,11,12,80,GPT,GPT,0.8,327_e04,327_e05,,,,,,,,,
327,14,13,14,80,GPT,GPT,0.9333333333333333,327_e05,327_e05,,,,,,,,,
328,2,1,2,82,GPT,GPT,0.15384615384615385,328_e01,328_e01,,,,,,,,,
328,4,3,4,82,GPT,GPT,0.3076923076923077,328_e02,328_e02,,,,,,,,,
328,6,5,6,82,GPT,GPT,0.46153846153846156,328_e02,328_e03,,,,,,,,,
328,8,7,8,82,GPT,GPT,0.6153846153846154,328_e03,328_e03,,,,,,,,,
328,10,9,10,82,GPT,GPT,0.7692307692307693,328_e03,328_e04,,,,,,,,,
328,12,11,12,82,GPT,GPT,0.9230769230769231,328_e04,328_e04,,,,,,,,,
329,2,1,2,83,GPT,GPT,0.08,329_e01,329_e01,,,,,,,,,
329,4,3,4,83,GPT,GPT,0.16,329_e02,329_e02,,,,,,,,,
329,6,5,6,83,GPT,GPT,0.24,329_e02,329_e03,,,,,,,,,
329,8,7,8,83,GPT,GPT,0.32,329_e03,329_e03,,,,,,,,,
329,10,9,10,83,GPT,GPT,0.4,329_e04,329_e04,,,,,,,,,
329,12,11,12,83,GPT,GPT,0.48,329_e04,329_e05,,,,,,4.0,3.0,3.0,1.0
329,14,13,14,83,GPT,GPT,0.56,329_e05,329_e05,3.0,2.0,3.0,4.0,4.0,4.0,3.0,3.0,1.0
329,16,15,16,83,GPT,GPT,0.64,329_e05,329_e06,3.0,2.0,3.0,4.0,4.0,,,,
329,18,17,18,83,GPT,GPT,0.72,329_e06,329_e06,,,,,,,,,
329,20,19,20,83,GPT,GPT,0.8,329_e07,329_e07,,,,,,,,,
329,22,21,22,83,GPT,GPT,0.88,329_e07,329_e08,,,,,,,,,
329,24,23,24,83,GPT,GPT,0.96,329_e08,329_e08,,,,,,,,,
330,2,1,2,84,GPT,GPT,0.18181818181818182,330_e01,330_e01,,,,,,,,,
330,4,3,4,84,GPT,GPT,0.36363636363636365,330_e02,330_e02,,,,,,,,,
330,6,5,6,84,GPT,GPT,0.5454545454545454,330_e02,330_e03,,,,,,,,,
330,8,7,8,84,GPT,GPT,0.7272727272727273,330_e03,330_e03,,,,,,,,,
330,10,9,10,84,GPT,GPT,0.9090909090909091,330_e03,330_e03,,,,,,,,,
332,2,1,2,85,GPT,GPT,0.09523809523809523,332_e01,332_e01,,,,,,,,,
332,4,3,4,85,GPT,GPT,0.19047619047619047,332_e02,332_e02,,,,,,,,,
332,6,5,6,85,GPT,GPT,0.2857142857142857,332_e02,332_e03,,,,,,,,,
332,8,7,8,85,GPT,GPT,0.38095238095238093,332_e03,332_e03,,,,,,,,,
332,10,9,10,85,GPT,GPT,0.47619047619047616,332_e04,332_e04,,,,,,,,,
332,12,11,12,85,GPT,GPT,0.5714285714285714,332_e04,332_e05,,,,,,,,,
332,14,13,14,85,GPT,GPT,0.6666666666666666,332_e05,332_e05,,,,,,,,,
332,16,15,16,85,GPT,GPT,0.7619047619047619,332_e06,332_e06,,,,,,,,,
332,18,17,18,85,GPT,GPT,0.8571428571428571,332_e06,332_e07,,,,,,,,,
332,20,19,20,85,GPT,GPT,0.9523809523809523,332_e07,332_e07,,,,,,,,,
333,2,1,2,86,GPT,GPT,0.11764705882352941,333_e01,333_e01,,,,,,,,,
333,4,3,4,86,GPT,GPT,0.23529411764705882,333_e02,333_e02,,,,,,,,,
333,6,5,6,86,GPT,GPT,0.35294117647058826,333_e02,333_e03,,,,,,,,,
333,8,7,8,86,GPT,GPT,0.47058823529411764,333_e03,333_e03,,,,,,,,,
333,10,9,10,86,GPT,GPT,0.5882352941176471,333_e04,333_e04,3.0,1.0,3.0,4.0,4.0,3.0,3.0,2.0,0.0
333,12,11,12,86,GPT,GPT,0.7058823529411765,333_e04,333_e05,3.0,1.0,3.0,4.0,4.0,,,,
333,14,13,14,86,GPT,GPT,0.8235294117647058,333_e05,333_e05,,,,,,,,,
333,16,15,16,86,GPT,GPT,0.9411764705882353,333_e05,333_e05,,,,,,,,,
334,2,1,2,87,GPT,GPT,0.10526315789473684,334_e01,334_e01,,,,,,,,,
334,4,3,4,87,GPT,GPT,0.21052631578947367,334_e02,334_e02,,,,,,,,,
334,6,5,6,87,GPT,GPT,0.3157894736842105,334_e02,334_e03,,,,,,,,,
334,8,7,8,87,GPT,GPT,0.42105263157894735,334_e03,334_e03,,,,,,,,,
334,10,9,10,87,GPT,GPT,0.5263157894736842,334_e04,334_e04,3.0,3.0,3.0,4.0,4.0,3.0,3.0,3.0,2.0
334,12,11,12,87,GPT,GPT,0.631578947368421,334_e04,334_e05,3.0,3.0,3.0,4.0,4.0,,,,
334,14,13,14,87,GPT,GPT,0.7368421052631579,334_e05,334_e05,,,,,,,,,
334,16,15,16,87,GPT,GPT,0.8421052631578947,334_e06,334_e06,,,,,,,,,
334,18,17,18,87,GPT,GPT,0.9473684210526315,334_e06,334_e06,,,,,,,,,
335,2,1,2,88,GPT,GPT,0.18181818181818182,335_e01,335_e01,,,,,,,,,
335,4,3,4,88,GPT,GPT,0.36363636363636365,335_e02,335_e02,,,,,,,,,
335,6,5,6,88,GPT,GPT,0.5454545454545454,335_e02,335_e03,,,,,,,,,
335,8,7,8,88,GPT,GPT,0.7272727272727273,335_e03,335_e03,,,,,,,,,
335,10,9,10,88,GPT,GPT,0.9090909090909091,335_e04,335_e04,,,,,,,,,
336,2,1,2,89,GPT,GPT,0.07407407407407407,336_e01,336_e01,,,,,,,,,
336,4,3,4,89,GPT,GPT,0.14814814814814814,336_e02,336_e02,,,,,,,,,
336,6,5,6,89,GPT,GPT,0.2222222222222222,336_e02,336_e03,,,,,,,,,
336,8,7,8,89,GPT,GPT,0.2962962962962963,336_e03,336_e03,,,,,,,,,
336,10,9,10,89,GPT,GPT,0.37037037037037035,336_e03,336_e04,,,,,,,,,
336,12,11,12,89,GPT,GPT,0.4444444444444444,336_e04,336_e04,,,,,,,,,
336,14,13,14,89,GPT,GPT,0.5185185185185185,336_e04,336_e05,,,,,,,,,
336,16,15,16,89,GPT,GPT,0.5925925925925926,336_e05,336_e05,,,,,,,,,
336,18,17,18,89,GPT,GPT,0.6666666666666666,336_e06,336_e06,,,,,,,,,
336,20,19,20,89,GPT,GPT,0.7407407407407407,336_e06,336_e06,,,,,,,,,
336,22,21,22,89,GPT,GPT,0.8148148148148148,336_e06,336_e07,,,,,,,,,
336,24,23,24,89,GPT,GPT,0.8888888888888888,336_e07,336_e07,,,,,,,,,
336,26,25,26,89,GPT,GPT,0.9629629629629629,336_e08,336_e08,,,,,,,,,
337,2,1,2,90,GPT,GPT,0.10526315789473684,337_e01,337_e01,,,,,,,,,
337,4,3,4,90,GPT,GPT,0.21052631578947367,337_e02,337_e02,,,,,,,,,
337,6,5,6,90,GPT,GPT,0.3157894736842105,337_e02,337_e03,,,,,,,,,
337,8,7,8,90,GPT,GPT,0.42105263157894735,337_e03,337_e03,,,,,,,,,
337,10,9,10,90,GPT,GPT,0.5263157894736842,337_e04,337_e04,2.0,1.0,3.0,4.0,3.0,3.0,3.0,3.0,2.0
337,12,11,12,90,GPT,GPT,0.631578947368421,337_e04,337_e05,2.0,1.0,3.0,4.0,3.0,,,,
337,14,13,14,90,GPT,GPT,0.7368421052631579,337_e05,337_e05,,,,,,,,,
337,16,15,16,90,GPT,GPT,0.8421052631578947,337_e06,337_e06,,,,,,,,,
337,18,17,18,90,GPT,GPT,0.9473684210526315,337_e06,337_e06,,,,,,,,,
338,2,1,2,91,GPT,GPT,0.10526315789473684,338_e01,338_e01,,,,,,,,,
338,4,3,4,91,GPT,GPT,0.21052631578947367,338_e02,338_e02,,,,,,,,,
338,6,5,6,91,GPT,GPT,0.3157894736842105,338_e02,338_e03,,,,,,,,,
338,8,7,8,91,GPT,GPT,0.42105263157894735,338_e03,338_e03,,,,,,,,,
338,10,9,10,91,GPT,GPT,0.5263157894736842,338_e04,338_e04,,,,,,,,,
338,12,11,12,91,GPT,GPT,0.631578947368421,338_e04,338_e05,,,,,,2.0,3.0,1.0,0.0
338,14,13,14,91,GPT,GPT,0.7368421052631579,338_e05,338_e05,2.0,1.0,3.0,3.0,3.0,2.0,3.0,1.0,0.0
338,16,15,16,91,GPT,GPT,0.8421052631578947,338_e06,338_e06,2.5,1.5,3.0,4.0,3.5,3.5,3.0,2.0,1.0
338,18,17,18,91,GPT,GPT,0.9473684210526315,338_e06,338_e06,2.5,1.5,3.0,4.0,3.5,3.5,3.0,2.0,1.0
339,2,1,2,92,GPT,GPT,0.07407407407407407,339_e01,339_e01,,,,,,,,,
339,4,3,4,92,GPT,GPT,0.14814814814814814,339_e02,339_e02,,,,,,,,,
339,6,5,6,92,GPT,GPT,0.2222222222222222,339_e02,339_e03,,,,,,,,,
339,8,7,8,92,GPT,GPT,0.2962962962962963,339_e03,339_e03,,,,,,,,,
339,10,9,10,92,GPT,GPT,0.37037037037037035,339_e04,339_e04,,,,,,,,,
339,12,11,12,92,GPT,GPT,0.4444444444444444,339_e04,339_e05,,,,,,,,,
339,14,13,14,92,GPT,GPT,0.5185185185185185,339_e05,339_e05,,,,,,,,,
339,16,15,16,92,GPT,GPT,0.5925925925925926,339_e06,339_e06,,,,,,,,,
339,18,17,18,92,GPT,GPT,0.6666666666666666,339_e06,339_e07,,,,,,,,,
339,20,19,20,92,GPT,GPT,0.7407407407407407,339_e07,339_e07,,,,,,,,,
339,22,21,22,92,GPT,GPT,0.8148148148148148,339_e08,339_e08,,,,,,,,,
339,24,23,24,92,GPT,GPT,0.8888888888888888,339_e08,339_e09,,,,,,,,,
339,26,25,26,92,GPT,GPT,0.9629629629629629,339_e09,339_e09,,,,,,,,,
340,2,1,2,84,Persona,Divergent,0.15384615384615385,340_e01,340_e01,,,,,,,,,
340,4,3,4,84,Persona,Divergent,0.3076923076923077,340_e02,340_e02,,,,,,,,,
340,6,5,6,84,Persona,Divergent,0.46153846153846156,340_e02,340_e02,,,,,,,,,
340,8,7,8,84,Persona,Divergent,0.6153846153846154,340_e03,340_e03,,,,,,,,,
340,10,9,10,84,Persona,Divergent,0.7692307692307693,340_e03,340_e04,,,,,,,,,
340,12,11,12,84,Persona,Divergent,0.9230769230769231,340_e04,340_e04,,,,,,,,,
341,2,1,2,88,Persona,Divergent,0.15384615384615385,341_e01,341_e01,4.0,3.0,4.0,4.0,4.0,3.0,4.0,1.0,1.0
341,4,3,4,88,Persona,Divergent,0.3076923076923077,341_e01,341_e02,4.0,3.0,4.0,4.0,4.0,,,,
341,6,5,6,88,Persona,Divergent,0.46153846153846156,341_e02,341_e02,,,,,,,,,
341,8,7,8,88,Persona,Divergent,0.6153846153846154,341_e03,341_e03,,,,,,,,,
341,10,9,10,88,Persona,Divergent,0.7692307692307693,341_e03,341_e04,,,,,,,,,
341,12,11,12,88,Persona,Divergent,0.9230769230769231,341_e04,341_e04,,,,,,,,,
342,2,1,2,85,Persona,Divergent,0.13333333333333333,342_e01,342_e01,,,,,,,,,
342,4,3,4,85,Persona,Divergent,0.26666666666666666,342_e01,342_e02,,,,,,,,,
342,6,5,6,85,Persona,Divergent,0.4,342_e02,342_e02,,,,,,,,,
342,8,7,8,85,Persona,Divergent,0.5333333333333333,342_e03,342_e03,,,,,,,,,
342,10,9,10,85,Persona,Divergent,0.6666666666666666,342_e03,342_e04,,,,,,,,,
342,12,11,12,85,Persona,Divergent,0.8,342_e04,342_e04,,,,,,,,,
342,14,13,14,85,Persona,Divergent,0.9333333333333333,342_e05,342_e05,,,,,,,,,
343,2,1,2,89,Persona,Divergent,0.10526315789473684,343_e01,343_e01,4.0,3.0,3.0,4.0,4.0,3.0,3.0,1.0,1.0
343,4,3,4,89,Persona,Divergent,0.21052631578947367,343_e01,343_e02,4.0,3.0,3.0,4.0,4.0,,,,
343,6,5,6,89,Persona,Divergent,0.3157894736842105,343_e02,343_e02,,,,,,,,,
343,8,7,8,89,Persona,Divergent,0.42105263157894735,343_e03,343_e03,,,,,,,,,
343,10,9,10,89,Persona,Divergent,0.5263157894736842,343_e03,343_e04,,,,,,,,,
343,12,11,12,89,Persona,Divergent,0.631578947368421,343_e04,343_e04,,,,,,,,,
343,14,13,14,89,Persona,Divergent,0.7368421052631579,343_e05,343_e05,,,,,,,,,
343,16,15,16,89,Persona,Divergent,0.8421052631578947,343_e05,343_e06,,,,,,,,,
343,18,17,18,89,Persona,Divergent,0.9473684210526315,343_e06,343_e06,,,,,,,,,
344,2,1,2,86,Persona,Divergent,0.10526315789473684,344_e01,344_e01,,,,,,,,,
344,4,3,4,86,Persona,Divergent,0.21052631578947367,344_e01,344_e02,,,,,,3.0,3.0,3.0,2.0
344,6,5,6,86,Persona,Divergent,0.3157894736842105,344_e02,344_e02,4.0,3.0,3.0,4.0,4.0,3.0,3.0,3.0,2.0
344,8,7,8,86,Persona,Divergent,0.42105263157894735,344_e03,344_e03,,,,,,,,,
344,10,9,10,86,Persona,Divergent,0.5263157894736842,344_e03,344_e04,,,,,,3.0,3.0,1.0,2.0
344,12,11,12,86,Persona,Divergent,0.631578947368421,344_e04,344_e04,4.0,3.0,3.0,4.0,4.0,3.0,3.0,1.0,2.0
344,14,13,14,86,Persona,Divergent,0.7368421052631579,344_e05,344_e05,4.0,3.0,3.0,4.0,4.0,3.0,3.0,2.0,2.0
344,16,15,16,86,Persona,Divergent,0.8421052631578947,344_e05,344_e06,4.0,3.0,3.0,4.0,4.0,,,,
344,18,17,18,86,Persona,Divergent,0.9473684210526315,344_e06,344_e06,,,,,,,,,
346,2,1,2,91,Persona,Divergent,0.11764705882352941,346_e01,346_e01,,,,,,,,,
346,4,3,4,91,Persona,Divergent,0.23529411764705882,346_e01,346_e02,,,,,,,,,
346,6,5,6,91,Persona,Divergent,0.35294117647058826,346_e02,346_e02,,,,,,,,,
346,8,7,8,91,Persona,Divergent,0.47058823529411764,346_e03,346_e03,,,,,,,,,
346,10,9,10,91,Persona,Divergent,0.5882352941176471,346_e03,346_e04,,,,,,,,,
346,12,11,12,91,Persona,Divergent,0.7058823529411765,346_e04,346_e04,,,,,,,,,
346,14,13,14,91,Persona,Divergent,0.8235294117647058,346_e05,346_e05,,,,,,,,,
346,16,15,16,91,Persona,Divergent,0.9411764705882353,346_e05,346_e05,,,,,,,,,
347,2,1,2,90,Persona,Divergent,0.13333333333333333,347_e01,347_e01,,,,,,,,,
347,4,3,4,90,Persona,Divergent,0.26666666666666666,347_e02,347_e02,4.0,3.0,3.0,4.0,4.0,3.0,3.0,2.0,2.0
347,6,5,6,90,Persona,Divergent,0.4,347_e02,347_e03,4.0,3.0,3.0,4.0,4.0,,,,
347,8,7,8,90,Persona,Divergent,0.5333333333333333,347_e03,347_e03,,,,,,,,,
347,10,9,10,90,Persona,Divergent,0.6666666666666666,347_e04,347_e04,,,,,,,,,
347,12,11,12,90,Persona,Divergent,0.8,347_e04,347_e05,,,,,,,,,
347,14,13,14,90,Persona,Divergent,0.9333333333333333,347_e05,347_e05,,,,,,,,,
348,2,1,2,83,Persona,Divergent,0.07407407407407407,348_e01,348_e01,,,,,,,,,
348,4,3,4,83,Persona,Divergent,0.14814814814814814,348_e01,348_e02,,,,,,,,,
348,6,5,6,83,Persona,Divergent,0.2222222222222222,348_e02,348_e02,,,,,,,,,
348,8,7,8,83,Persona,Divergent,0.2962962962962963,348_e03,348_e03,,,,,,,,,
348,10,9,10,83,Persona,Divergent,0.37037037037037035,348_e03,348_e04,,,,,,3.0,3.0,1.0,1.0
348,12,11,12,83,Persona,Divergent,0.4444444444444444,348_e04,348_e04,4.0,3.0,3.0,4.0,4.0,3.0,3.0,1.0,1.0
348,14,13,14,83,Persona,Divergent,0.5185185185185185,348_e05,348_e05,3.0,3.0,3.0,4.0,4.0,3.0,3.0,3.0,2.0
348,16,15,16,83,Persona,Divergent,0.5925925925925926,348_e05,348_e06,3.0,3.0,3.0,4.0,4.0,,,,
348,18,17,18,83,Persona,Divergent,0.6666666666666666,348_e06,348_e06,,,,,,,,,
348,20,19,20,83,Persona,Divergent,0.7407407407407407,348_e07,348_e07,,,,,,,,,
348,22,21,22,83,Persona,Divergent,0.8148148148148148,348_e07,348_e08,,,,,,,,,
348,24,23,24,83,Persona,Divergent,0.8888888888888888,348_e08,348_e08,,,,,,,,,
348,26,25,26,83,Persona,Divergent,0.9629629629629629,348_e08,348_e08,,,,,,,,,
349,2,1,2,82,Persona,Divergent,0.13333333333333333,349_e01,349_e01,,,,,,,,,
349,4,3,4,82,Persona,Divergent,0.26666666666666666,349_e01,349_e02,,,,,,,,,
349,6,5,6,82,Persona,Divergent,0.4,349_e02,349_e02,,,,,,,,,
349,8,7,8,82,Persona,Divergent,0.5333333333333333,349_e03,349_e03,,,,,,,,,
349,10,9,10,82,Persona,Divergent,0.6666666666666666,349_e03,349_e04,,,,,,,,,
349,12,11,12,82,Persona,Divergent,0.8,349_e04,349_e04,,,,,,,,,
349,14,13,14,82,Persona,Divergent,0.9333333333333333,349_e05,349_e05,4.0,3.0,3.0,4.0,4.0,3.5,3.0,3.0,2.0
350,2,1,2,87,Persona,Divergent,0.18181818181818182,350_e01,350_e01,,,,,,,,,
350,4,3,4,87,Persona,Divergent,0.36363636363636365,350_e01,350_e02,,,,,,,,,
350,6,5,6,87,Persona,Divergent,0.5454545454545454,350_e02,350_e02,,,,,,,,,
350,8,7,8,87,Persona,Divergent,0.7272727272727273,350_e03,350_e03,,,,,,,,,
350,10,9,10,87,Persona,Divergent,0.9090909090909091,350_e03,350_e03,,,,,,,,,
351,2,1,2,92,Persona,Divergent,0.15384615384615385,351_e01,351_e01,,,,,,,,,
351,4,3,4,92,Persona,Divergent,0.3076923076923077,351_e01,351_e02,,,,,,,,,
351,6,5,6,92,Persona,Divergent,0.46153846153846156,351_e02,351_e02,,,,,,,,,
351,8,7,8,92,Persona,Divergent,0.6153846153846154,351_e03,351_e03,,,,,,,,,
351,10,9,10,92,Persona,Divergent,0.7692307692307693,351_e03,351_e04,,,,,,3.5,3.5,2.5,2.5
351,12,11,12,92,Persona,Divergent,0.9230769230769231,351_e04,351_e04,4.0,3.5,3.5,4.0,4.0,3.5,3.5,2.5,2.5
352,2,1,2,93,GPT,GPT,0.09523809523809523,352_e01,352_e01,,,,,,,,,
352,4,3,4,93,GPT,GPT,0.19047619047619047,352_e02,352_e02,,,,,,,,,
352,6,5,6,93,GPT,GPT,0.2857142857142857,352_e02,352_e03,,,,,,,,,
352,8,7,8,93,GPT,GPT,0.38095238095238093,352_e03,352_e03,,,,,,,,,
352,10,9,10,93,GPT,GPT,0.47619047619047616,352_e04,352_e04,,,,,,,,,
352,12,11,12,93,GPT,GPT,0.5714285714285714,352_e04,352_e05,,,,,,,,,
352,14,13,14,93,GPT,GPT,0.6666666666666666,352_e05,352_e05,,,,,,,,,
352,16,15,16,93,GPT,GPT,0.7619047619047619,352_e06,352_e06,,,,,,,,,
352,18,17,18,93,GPT,GPT,0.8571428571428571,352_e06,352_e07,,,,,,,,,
352,20,19,20,93,GPT,GPT,0.9523809523809523,352_e07,352_e07,,,,,,,,,
354,2,1,2,94,GPT,GPT,0.10526315789473684,354_e01,354_e01,,,,,,,,,
354,4,3,4,94,GPT,GPT,0.21052631578947367,354_e02,354_e02,,,,,,,,,
354,6,5,6,94,GPT,GPT,0.3157894736842105,354_e02,354_e03,,,,,,,,,
354,8,7,8,94,GPT,GPT,0.42105263157894735,354_e03,354_e03,,,,,,,,,
354,10,9,10,94,GPT,GPT,0.5263157894736842,354_e04,354_e04,,,,,,,,,
354,12,11,12,94,GPT,GPT,0.631578947368421,354_e04,354_e05,,,,,,,,,
354,14,13,14,94,GPT,GPT,0.7368421052631579,354_e05,354_e05,,,,,,,,,
354,16,15,16,94,GPT,GPT,0.8421052631578947,354_e06,354_e06,,,,,,,,,
354,18,17,18,94,GPT,GPT,0.9473684210526315,354_e06,354_e06,,,,,,,,,
355,2,1,2,95,GPT,GPT,0.2222222222222222,355_e01,355_e01,,,,,,,,,
355,4,3,4,95,GPT,GPT,0.4444444444444444,355_e01,355_e02,,,,,,,,,
355,6,5,6,95,GPT,GPT,0.6666666666666666,355_e02,355_e02,,,,,,,,,
355,8,7,8,95,GPT,GPT,0.8888888888888888,355_e03,355_e03,,,,,,,,,
356,2,1,2,96,GPT,GPT,0.15384615384615385,356_e01,356_e01,,,,,,,,,
356,4,3,4,96,GPT,GPT,0.3076923076923077,356_e01,356_e02,,,,,,,,,
356,6,5,6,96,GPT,GPT,0.46153846153846156,356_e02,356_e02,,,,,,,,,
356,8,7,8,96,GPT,GPT,0.6153846153846154,356_e03,356_e03,,,,,,,,,
356,10,9,10,96,GPT,GPT,0.7692307692307693,356_e03,356_e04,,,,,,,,,
356,12,11,12,96,GPT,GPT,0.9230769230769231,356_e04,356_e04,,,,,,,,,
357,2,1,2,97,GPT,GPT,0.18181818181818182,357_e01,357_e01,,,,,,,,,
357,4,3,4,97,GPT,GPT,0.36363636363636365,357_e01,357_e02,,,,,,,,,
357,6,5,6,97,GPT,GPT,0.5454545454545454,357_e02,357_e02,,,,,,,,,
357,8,7,8,97,GPT,GPT,0.7272727272727273,357_e03,357_e03,,,,,,,,,
357,10,9,10,97,GPT,GPT,0.9090909090909091,357_e03,357_e03,,,,,,,,,
358,2,1,2,98,GPT,GPT,0.13333333333333333,358_e01,358_e01,,,,,,,,,
358,4,3,4,98,GPT,GPT,0.26666666666666666,358_e01,358_e01,,,,,,,,,
358,6,5,6,98,GPT,GPT,0.4,358_e01,358_e02,,,,,,,,,
358,8,7,8,98,GPT,GPT,0.5333333333333333,358_e02,358_e02,,,,,,,,,
358,10,9,10,98,GPT,GPT,0.6666666666666666,358_e02,358_e03,,,,,,,,,
358,12,11,12,98,GPT,GPT,0.8,358_e03,358_e03,,,,,,,,,
358,14,13,14,98,GPT,GPT,0.9333333333333333,358_e04,358_e04,,,,,,,,,
361,2,1,2,94,Persona,Convergent,0.09523809523809523,361_e01,361_e01,,,,,,,,,
361,4,3,4,94,Persona,Convergent,0.19047619047619047,361_e02,361_e02,,,,,,,,,
361,6,5,6,94,Persona,Convergent,0.2857142857142857,361_e02,361_e03,,,,,,3.0,4.0,2.0,1.0
361,8,7,8,94,Persona,Convergent,0.38095238095238093,361_e03,361_e03,4.0,3.0,4.0,4.0,3.0,3.0,4.0,2.0,1.0
361,10,9,10,94,Persona,Convergent,0.47619047619047616,361_e04,361_e04,,,,,,,,,
361,12,11,12,94,Persona,Convergent,0.5714285714285714,361_e04,361_e05,,,,,,,,,
361,14,13,14,94,Persona,Convergent,0.6666666666666666,361_e05,361_e05,,,,,,,,,
361,16,15,16,94,Persona,Convergent,0.7619047619047619,361_e06,361_e06,,,,,,,,,
361,18,17,18,94,Persona,Convergent,0.8571428571428571,361_e06,361_e07,,,,,,,,,
361,20,19,20,94,Persona,Convergent,0.9523809523809523,361_e07,361_e07,,,,,,,,,
362,2,1,2,93,Persona,Convergent,0.11764705882352941,362_e01,362_e01,,,,,,,,,
362,4,3,4,93,Persona,Convergent,0.23529411764705882,362_e02,362_e02,,,,,,,,,
362,6,5,6,93,Persona,Convergent,0.35294117647058826,362_e02,362_e03,,,,,,3.0,3.0,3.0,3.0
362,8,7,8,93,Persona,Convergent,0.47058823529411764,362_e03,362_e03,3.0,2.0,3.0,4.0,4.0,3.0,3.0,3.0,3.0
362,10,9,10,93,Persona,Convergent,0.5882352941176471,362_e04,362_e04,2.0,1.0,3.0,4.0,3.0,3.0,3.0,2.0,1.0
362,12,11,12,93,Persona,Convergent,0.7058823529411765,362_e04,362_e05,2.0,1.0,3.0,4.0,3.0,,,,
362,14,13,14,93,Persona,Convergent,0.8235294117647058,362_e05,362_e05,,,,,,,,,
362,16,15,16,93,Persona,Convergent,0.9411764705882353,362_e06,362_e06,,,,,,,,,
363,2,1,2,98,Persona,Convergent,0.09523809523809523,363_e01,363_e01,4.0,3.0,4.0,4.0,4.0,3.0,4.0,0.0,0.0
363,4,3,4,98,Persona,Convergent,0.19047619047619047,363_e02,363_e02,,,,,,,,,
363,6,5,6,98,Persona,Convergent,0.2857142857142857,363_e02,363_e03,,,,,,,,,
363,8,7,8,98,Persona,Convergent,0.38095238095238093,363_e03,363_e03,,,,,,,,,
363,10,9,10,98,Persona,Convergent,0.47619047619047616,363_e03,363_e04,,,,,,,,,
363,12,11,12,98,Persona,Convergent,0.5714285714285714,363_e04,363_e04,,,,,,,,,
363,14,13,14,98,Persona,Convergent,0.6666666666666666,363_e05,363_e05,,,,,,,,,
363,16,15,16,98,Persona,Convergent,0.7619047619047619,363_e05,363_e06,,,,,,,,,
363,18,17,18,98,Persona,Convergent,0.8571428571428571,363_e06,363_e06,,,,,,,,,
363,20,19,20,98,Persona,Convergent,0.9523809523809523,363_e07,363_e07,,,,,,,,,
364,2,1,2,96,Persona,Convergent,0.09523809523809523,364_e01,364_e01,4.0,3.0,4.0,4.0,4.0,4.0,4.0,0.0,0.0
364,4,3,4,96,Persona,Convergent,0.19047619047619047,364_e02,364_e02,2.0,1.0,3.0,4.0,3.0,3.0,3.0,1.0,0.0
364,6,5,6,96,Persona,Convergent,0.2857142857142857,364_e02,364_e03,2.0,1.0,3.0,4.0,3.0,,,,
364,8,7,8,96,Persona,Convergent,0.38095238095238093,364_e03,364_e03,,,,,,,,,
364,10,9,10,96,Persona,Convergent,0.47619047619047616,364_e04,364_e04,,,,,,,,,
364,12,11,12,96,Persona,Convergent,0.5714285714285714,364_e04,364_e05,,,,,,3.0,3.0,1.0,2.0
364,14,13,14,96,Persona,Convergent,0.6666666666666666,364_e05,364_e05,2.0,1.0,3.0,3.0,3.0,3.0,3.0,1.0,2.0
364,16,15,16,96,Persona,Convergent,0.7619047619047619,364_e06,364_e06,,,,,,,,,
364,18,17,18,96,Persona,Convergent,0.8571428571428571,364_e06,364_e07,,,,,,,,,
364,20,19,20,96,Persona,Convergent,0.9523809523809523,364_e07,364_e07,,,,,,,,,
365,2,1,2,97,Persona,Convergent,0.18181818181818182,365_e01,365_e01,4.0,3.0,4.0,4.0,4.0,3.0,4.0,0.0,0.0
365,4,3,4,97,Persona,Convergent,0.36363636363636365,365_e02,365_e02,,,,,,,,,
365,6,5,6,97,Persona,Convergent,0.5454545454545454,365_e02,365_e03,,,,,,,,,
365,8,7,8,97,Persona,Convergent,0.7272727272727273,365_e03,365_e03,,,,,,,,,
365,10,9,10,97,Persona,Convergent,0.9090909090909091,365_e04,365_e04,,,,,,,,,
366,2,1,2,95,Persona,Convergent,0.15384615384615385,366_e01,366_e01,,,,,,,,,
366,4,3,4,95,Persona,Convergent,0.3076923076923077,366_e02,366_e02,,,,,,,,,
366,6,5,6,95,Persona,Convergent,0.46153846153846156,366_e02,366_e03,,,,,,,,,
366,8,7,8,95,Persona,Convergent,0.6153846153846154,366_e03,366_e03,,,,,,,,,
366,10,9,10,95,Persona,Convergent,0.7692307692307693,366_e04,366_e04,,,,,,,,,
366,12,11,12,95,Persona,Convergent,0.9230769230769231,366_e04,366_e04,,,,,,,,,
368,2,1,2,100,Persona,Convergent,0.15384615384615385,368_e01,368_e01,,,,,,,,,
368,4,3,4,100,Persona,Convergent,0.3076923076923077,368_e01,368_e02,,,,,,,,,
368,6,5,6,100,Persona,Convergent,0.46153846153846156,368_e02,368_e02,,,,,,,,,
368,8,7,8,100,Persona,Convergent,0.6153846153846154,368_e03,368_e03,,,,,,,,,
368,10,9,10,100,Persona,Convergent,0.7692307692307693,368_e03,368_e04,,,,,,3.0,3.0,3.0,3.0
368,12,11,12,100,Persona,Convergent,0.9230769230769231,368_e04,368_e04,3.0,2.0,3.0,4.0,4.0,3.0,3.0,3.0,3.0
370,2,1,2,102,Persona,Convergent,0.05714285714285714,370_e01,370_e01,,,,,,,,,
370,4,3,4,102,Persona,Convergent,0.11428571428571428,370_e02,370_e02,,,,,,,,,
370,6,5,6,102,Persona,Convergent,0.17142857142857143,370_e02,370_e03,,,,,,,,,
370,8,7,8,102,Persona,Convergent,0.22857142857142856,370_e03,370_e03,,,,,,,,,
370,10,9,10,102,Persona,Convergent,0.2857142857142857,370_e04,370_e04,3.0,3.0,3.0,4.0,4.0,3.0,3.0,3.0,3.0
370,12,11,12,102,Persona,Convergent,0.34285714285714286,370_e04,370_e05,3.0,3.0,3.0,4.0,4.0,3.0,3.0,2.0,2.0
370,14,13,14,102,Persona,Convergent,0.4,370_e05,370_e05,3.0,3.0,3.0,4.0,4.0,3.0,3.0,2.0,2.0
370,16,15,16,102,Persona,Convergent,0.45714285714285713,370_e06,370_e06,,,,,,,,,
370,18,17,18,102,Persona,Convergent,0.5142857142857142,370_e06,370_e07,,,,,,,,,
370,20,19,20,102,Persona,Convergent,0.5714285714285714,370_e07,370_e07,,,,,,,,,
370,22,21,22,102,Persona,Convergent,0.6285714285714286,370_e08,370_e08,,,,,,,,,
370,24,23,24,102,Persona,Convergent,0.6857142857142857,370_e08,370_e09,,,,,,,,,
370,26,25,26,102,Persona,Convergent,0.7428571428571429,370_e09,370_e09,,,,,,,,,
370,28,27,28,102,Persona,Convergent,0.8,370_e10,370_e10,3.0,3.0,3.0,4.0,3.0,2.0,3.0,1.0,1.0
370,30,29,30,102,Persona,Convergent,0.8571428571428571,370_e10,370_e11,3.0,3.0,3.0,4.0,3.0,,,,
370,32,31,32,102,Persona,Convergent,0.9142857142857143,370_e11,370_e11,,,,,,,,,
370,34,33,34,102,Persona,Convergent,0.9714285714285714,370_e12,370_e12,,,,,,,,,
372,2,1,2,104,Persona,Convergent,0.046511627906976744,372_e01,372_e01,,,,,,,,,
372,4,3,4,104,Persona,Convergent,0.09302325581395349,372_e02,372_e02,,,,,,,,,
372,6,5,6,104,Persona,Convergent,0.13953488372093023,372_e02,372_e03,,,,,,,,,
372,8,7,8,104,Persona,Convergent,0.18604651162790697,372_e03,372_e03,,,,,,,,,
372,10,9,10,104,Persona,Convergent,0.23255813953488372,372_e04,372_e04,,,,,,,,,
372,12,11,12,104,Persona,Convergent,0.27906976744186046,372_e04,372_e05,,,,,,,,,
372,14,13,14,104,Persona,Convergent,0.32558139534883723,372_e05,372_e05,,,,,,,,,
372,16,15,16,104,Persona,Convergent,0.37209302325581395,372_e06,372_e06,,,,,,,,,
372,18,17,18,104,Persona,Convergent,0.4186046511627907,372_e06,372_e07,,,,,,,,,
372,20,19,20,104,Persona,Convergent,0.46511627906976744,372_e07,372_e07,,,,,,,,,
372,22,21,22,104,Persona,Convergent,0.5116279069767442,372_e07,372_e08,,,,,,,,,
372,24,23,24,104,Persona,Convergent,0.5581395348837209,372_e08,372_e08,,,,,,,,,
372,26,25,26,104,Persona,Convergent,0.6046511627906976,372_e09,372_e09,,,,,,,,,
372,28,27,28,104,Persona,Convergent,0.6511627906976745,372_e09,372_e10,,,,,,,,,
372,30,29,30,104,Persona,Convergent,0.6976744186046512,372_e10,372_e10,,,,,,,,,
372,32,31,32,104,Persona,Convergent,0.7441860465116279,372_e11,372_e11,,,,,,,,,
372,34,33,34,104,Persona,Convergent,0.7906976744186046,372_e11,372_e12,,,,,,,,,
372,36,35,36,104,Persona,Convergent,0.8372093023255814,372_e12,372_e12,,,,,,,,,
372,38,37,38,104,Persona,Convergent,0.8837209302325582,372_e13,372_e13,,,,,,,,,
372,40,39,40,104,Persona,Convergent,0.9302325581395349,372_e13,372_e14,,,,,,,,,
372,42,41,42,104,Persona,Convergent,0.9767441860465116,372_e14,372_e14,,,,,,,,,
373,2,1,2,105,Persona,Convergent,0.09523809523809523,373_e01,373_e01,3.0,2.0,3.0,4.0,4.0,3.0,3.0,1.0,1.0
373,4,3,4,105,Persona,Convergent,0.19047619047619047,373_e01,373_e01,3.0,2.0,3.0,4.0,4.0,3.0,3.0,1.0,1.0
373,6,5,6,105,Persona,Convergent,0.2857142857142857,373_e01,373_e02,3.0,2.0,3.0,4.0,4.0,,,,
373,8,7,8,105,Persona,Convergent,0.38095238095238093,373_e02,373_e02,,,,,,,,,
373,10,9,10,105,Persona,Convergent,0.47619047619047616,373_e03,373_e03,,,,,,,,,
373,12,11,12,105,Persona,Convergent,0.5714285714285714,373_e03,373_e04,,,,,,,,,
373,14,13,14,105,Persona,Convergent,0.6666666666666666,373_e04,373_e04,,,,,,,,,
373,16,15,16,105,Persona,Convergent,0.7619047619047619,373_e05,373_e05,,,,,,,,,
373,18,17,18,105,Persona,Convergent,0.8571428571428571,373_e05,373_e06,,,,,,,,,
373,20,19,20,105,Persona,Convergent,0.9523809523809523,373_e06,373_e06,,,,,,,,,
374,2,1,2,106,Persona,Convergent,0.11764705882352941,374_e01,374_e01,,,,,,,,,
374,4,3,4,106,Persona,Convergent,0.23529411764705882,374_e02,374_e02,,,,,,,,,
374,6,5,6,106,Persona,Convergent,0.35294117647058826,374_e02,374_e03,,,,,,,,,
374,8,7,8,106,Persona,Convergent,0.47058823529411764,374_e03,374_e03,,,,,,,,,
374,10,9,10,106,Persona,Convergent,0.5882352941176471,374_e04,374_e04,,,,,,,,,
374,12,11,12,106,Persona,Convergent,0.7058823529411765,374_e04,374_e05,,,,,,,,,
374,14,13,14,106,Persona,Convergent,0.8235294117647058,374_e05,374_e05,,,,,,,,,
374,16,15,16,106,Persona,Convergent,0.9411764705882353,374_e06,374_e06,3.0,2.0,3.0,4.0,4.0,3.0,3.0,3.0,1.0
375,2,1,2,107,Persona,Convergent,0.11764705882352941,375_e01,375_e01,,,,,,,,,
375,4,3,4,107,Persona,Convergent,0.23529411764705882,375_e02,375_e02,,,,,,,,,
375,6,5,6,107,Persona,Convergent,0.35294117647058826,375_e02,375_e03,,,,,,,,,
375,8,7,8,107,Persona,Convergent,0.47058823529411764,375_e03,375_e03,,,,,,,,,
375,10,9,10,107,Persona,Convergent,0.5882352941176471,375_e03,375_e03,,,,,,,,,
375,12,11,12,107,Persona,Convergent,0.7058823529411765,375_e03,375_e03,,,,,,,,,
375,14,13,14,107,Persona,Convergent,0.8235294117647058,375_e03,375_e04,,,,,,,,,
375,16,15,16,107,Persona,Convergent,0.9411764705882353,375_e04,375_e04,,,,,,,,,
377,2,1,2,109,Persona,Convergent,0.09523809523809523,377_e01,377_e01,3.5,3.0,3.5,4.0,4.0,3.5,3.5,2.0,2.0
377,4,3,4,109,Persona,Convergent,0.19047619047619047,377_e01,377_e02,3.5,3.0,3.5,4.0,4.0,,,,
377,6,5,6,109,Persona,Convergent,0.2857142857142857,377_e02,377_e02,,,,,,,,,
377,8,7,8,109,Persona,Convergent,0.38095238095238093,377_e03,377_e03,,,,,,,,,
377,10,9,10,109,Persona,Convergent,0.47619047619047616,377_e03,377_e04,,,,,,,,,
377,12,11,12,109,Persona,Convergent,0.5714285714285714,377_e04,377_e04,,,,,,,,,
377,14,13,14,109,Persona,Convergent,0.6666666666666666,377_e05,377_e05,3.0,3.0,3.0,4.0,4.0,3.0,3.0,3.0,2.0
377,16,15,16,109,Persona,Convergent,0.7619047619047619,377_e05,377_e06,3.0,3.0,3.0,4.0,4.0,,,,
377,18,17,18,109,Persona,Convergent,0.8571428571428571,377_e06,377_e06,,,,,,,,,
377,20,19,20,109,Persona,Convergent,0.9523809523809523,377_e07,377_e07,,,,,,,,,
378,2,1,2,110,Persona,Convergent,0.13333333333333333,378_e01,378_e01,,,,,,,,,
378,4,3,4,110,Persona,Convergent,0.26666666666666666,378_e01,378_e02,,,,,,,,,
378,6,5,6,110,Persona,Convergent,0.4,378_e02,378_e02,,,,,,,,,
378,8,7,8,110,Persona,Convergent,0.5333333333333333,378_e03,378_e03,,,,,,,,,
378,10,9,10,110,Persona,Convergent,0.6666666666666666,378_e03,378_e04,,,,,,,,,
378,12,11,12,110,Persona,Convergent,0.8,378_e04,378_e04,,,,,,,,,
378,14,13,14,110,Persona,Convergent,0.9333333333333333,378_e05,378_e05,,,,,,,,,
380,2,1,2,112,Persona,Convergent,0.08695652173913043,380_e01,380_e01,,,,,,,,,
380,4,3,4,112,Persona,Convergent,0.17391304347826086,380_e01,380_e02,,,,,,,,,
380,6,5,6,112,Persona,Convergent,0.2608695652173913,380_e02,380_e02,,,,,,,,,
380,8,7,8,112,Persona,Convergent,0.34782608695652173,380_e03,380_e03,,,,,,,,,
380,10,9,10,112,Persona,Convergent,0.43478260869565216,380_e03,380_e04,,,,,,,,,
380,12,11,12,112,Persona,Convergent,0.5217391304347826,380_e04,380_e04,,,,,,,,,
380,14,13,14,112,Persona,Convergent,0.6086956521739131,380_e05,380_e05,,,,,,,,,
380,16,15,16,112,Persona,Convergent,0.6956521739130435,380_e05,380_e06,,,,,,,,,
380,18,17,18,112,Persona,Convergent,0.782608695652174,380_e06,380_e06,,,,,,,,,
380,20,19,20,112,Persona,Convergent,0.8695652173913043,380_e07,380_e07,3.0,3.0,4.0,4.0,4.0,3.0,4.0,3.0,2.0
380,22,21,22,112,Persona,Convergent,0.9565217391304348,380_e07,380_e07,3.0,3.0,4.0,4.0,4.0,3.0,4.0,3.0,2.0
381,2,1,2,113,Persona,Convergent,0.13333333333333333,381_e01,381_e01,,,,,,,,,
381,4,3,4,113,Persona,Convergent,0.26666666666666666,381_e01,381_e02,,,,,,,,,
381,6,5,6,113,Persona,Convergent,0.4,381_e02,381_e02,,,,,,,,,
381,8,7,8,113,Persona,Convergent,0.5333333333333333,381_e03,381_e03,,,,,,,,,
381,10,9,10,113,Persona,Convergent,0.6666666666666666,381_e03,381_e04,,,,,,,,,
381,12,11,12,113,Persona,Convergent,0.8,381_e04,381_e04,,,,,,,,,
381,14,13,14,113,Persona,Convergent,0.9333333333333333,381_e05,381_e05,,,,,,,,,
382,2,1,2,114,Persona,Convergent,0.10526315789473684,382_e01,382_e01,,,,,,,,,
382,4,3,4,114,Persona,Convergent,0.21052631578947367,382_e02,382_e02,,,,,,,,,
382,6,5,6,114,Persona,Convergent,0.3157894736842105,382_e02,382_e03,,,,,,,,,
382,8,7,8,114,Persona,Convergent,0.42105263157894735,382_e03,382_e03,,,,,,,,,
382,10,9,10,114,Persona,Convergent,0.5263157894736842,382_e04,382_e04,,,,,,,,,
382,12,11,12,114,Persona,Convergent,0.631578947368421,382_e04,382_e05,,,,,,,,,
382,14,13,14,114,Persona,Convergent,0.7368421052631579,382_e05,382_e05,,,,,,,,,
382,16,15,16,114,Persona,Convergent,0.8421052631578947,382_e06,382_e06,,,,,,,,,
382,18,17,18,114,Persona,Convergent,0.9473684210526315,382_e06,382_e06,,,,,,,,,
384,2,1,2,108,Persona,Convergent,0.07407407407407407,384_e01,384_e01,,,,,,,,,
384,4,3,4,108,Persona,Convergent,0.14814814814814814,384_e01,384_e02,,,,,,,,,
384,6,5,6,108,Persona,Convergent,0.2222222222222222,384_e02,384_e02,,,,,,,,,
384,8,7,8,108,Persona,Convergent,0.2962962962962963,384_e03,384_e03,,,,,,,,,
384,10,9,10,108,Persona,Convergent,0.37037037037037035,384_e03,384_e04,,,,,,,,,
384,12,11,12,108,Persona,Convergent,0.4444444444444444,384_e04,384_e04,,,,,,,,,
384,14,13,14,108,Persona,Convergent,0.5185185185185185,384_e04,384_e05,,,,,,,,,
384,16,15,16,108,Persona,Convergent,0.5925925925925926,384_e05,384_e05,,,,,,,,,
384,18,17,18,108,Persona,Convergent,0.6666666666666666,384_e06,384_e06,,,,,,,,,
384,20,19,20,108,Persona,Convergent,0.7407407407407407,384_e06,384_e07,,,,,,,,,
384,22,21,22,108,Persona,Convergent,0.8148148148148148,384_e07,384_e07,,,,,,,,,
384,24,23,24,108,Persona,Convergent,0.8888888888888888,384_e08,384_e08,,,,,,,,,
384,26,25,26,108,Persona,Convergent,0.9629629629629629,384_e08,384_e08,,,,,,,,,
385,2,1,2,116,Persona,Convergent,0.10526315789473684,385_e01,385_e01,,,,,,,,,
385,4,3,4,116,Persona,Convergent,0.21052631578947367,385_e01,385_e01,,,,,,,,,
385,6,5,6,116,Persona,Convergent,0.3157894736842105,385_e02,385_e02,,,,,,,,,
385,8,7,8,116,Persona,Convergent,0.42105263157894735,385_e02,385_e02,,,,,,,,,
385,10,9,10,116,Persona,Convergent,0.5263157894736842,385_e03,385_e03,2.5,1.0,3.5,4.0,3.5,3.5,3.5,1.0,2.5
385,12,11,12,116,Persona,Convergent,0.631578947368421,385_e03,385_e03,2.5,1.0,3.5,4.0,3.5,3.5,3.5,1.0,2.5
385,14,13,14,116,Persona,Convergent,0.7368421052631579,385_e04,385_e04,,,,,,,,,
385,16,15,16,116,Persona,Convergent,0.8421052631578947,385_e04,385_e05,,,,,,,,,
385,18,17,18,116,Persona,Convergent,0.9473684210526315,385_e05,385_e05,,,,,,,,,
386,2,1,2,117,Persona,Convergent,0.08695652173913043,386_e01,386_e01,,,,,,,,,
386,4,3,4,117,Persona,Convergent,0.17391304347826086,386_e02,386_e02,,,,,,,,,
386,6,5,6,117,Persona,Convergent,0.2608695652173913,386_e02,386_e03,,,,,,,,,
386,8,7,8,117,Persona,Convergent,0.34782608695652173,386_e03,386_e03,,,,,,,,,
386,10,9,10,117,Persona,Convergent,0.43478260869565216,386_e03,386_e04,,,,,,,,,
386,12,11,12,117,Persona,Convergent,0.5217391304347826,386_e04,386_e04,,,,,,,,,
386,14,13,14,117,Persona,Convergent,0.6086956521739131,386_e04,386_e05,,,,,,,,,
386,16,15,16,117,Persona,Convergent,0.6956521739130435,386_e05,386_e05,,,,,,,,,
386,18,17,18,117,Persona,Convergent,0.782608695652174,386_e06,386_e06,,,,,,,,,
386,20,19,20,117,Persona,Convergent,0.8695652173913043,386_e06,386_e07,,,,,,3.0,3.0,2.0,1.0
386,22,21,22,117,Persona,Convergent,0.9565217391304348,386_e07,386_e07,3.0,2.0,3.0,4.0,3.0,3.0,3.0,2.0,1.0
390,2,1,2,107,GPT,GPT,0.18181818181818182,390_e01,390_e01,,,,,,,,,
390,4,3,4,107,GPT,GPT,0.36363636363636365,390_e02,390_e02,,,,,,,,,
390,6,5,6,107,GPT,GPT,0.5454545454545454,390_e02,390_e03,,,,,,,,,
390,8,7,8,107,GPT,GPT,0.7272727272727273,390_e03,390_e03,,,,,,,,,
390,10,9,10,107,GPT,GPT,0.9090909090909091,390_e04,390_e04,,,,,,,,,
391,2,1,2,102,GPT,GPT,0.09523809523809523,391_e01,391_e01,,,,,,,,,
391,4,3,4,102,GPT,GPT,0.19047619047619047,391_e02,391_e02,,,,,,,,,
391,6,5,6,102,GPT,GPT,0.2857142857142857,391_e02,391_e03,,,,,,,,,
391,8,7,8,102,GPT,GPT,0.38095238095238093,391_e03,391_e03,,,,,,,,,
391,10,9,10,102,GPT,GPT,0.47619047619047616,391_e04,391_e04,,,,,,,,,
391,12,11,12,102,GPT,GPT,0.5714285714285714,391_e04,391_e05,,,,,,,,,
391,14,13,14,102,GPT,GPT,0.6666666666666666,391_e05,391_e05,,,,,,,,,
391,16,15,16,102,GPT,GPT,0.7619047619047619,391_e05,391_e06,,,,,,,,,
391,18,17,18,102,GPT,GPT,0.8571428571428571,391_e06,391_e06,,,,,,,,,
391,20,19,20,102,GPT,GPT,0.9523809523809523,391_e07,391_e07,,,,,,,,,
392,2,1,2,104,GPT,GPT,0.046511627906976744,392_e01,392_e01,,,,,,,,,
392,4,3,4,104,GPT,GPT,0.09302325581395349,392_e02,392_e02,,,,,,,,,
392,6,5,6,104,GPT,GPT,0.13953488372093023,392_e02,392_e03,,,,,,,,,
392,8,7,8,104,GPT,GPT,0.18604651162790697,392_e03,392_e03,,,,,,,,,
392,10,9,10,104,GPT,GPT,0.23255813953488372,392_e04,392_e04,,,,,,,,,
392,12,11,12,104,GPT,GPT,0.27906976744186046,392_e04,392_e05,,,,,,,,,
392,14,13,14,104,GPT,GPT,0.32558139534883723,392_e05,392_e05,,,,,,,,,
392,16,15,16,104,GPT,GPT,0.37209302325581395,392_e06,392_e06,,,,,,,,,
392,18,17,18,104,GPT,GPT,0.4186046511627907,392_e06,392_e07,,,,,,,,,
392,20,19,20,104,GPT,GPT,0.46511627906976744,392_e07,392_e07,,,,,,,,,
392,22,21,22,104,GPT,GPT,0.5116279069767442,392_e07,392_e08,,,,,,,,,
392,24,23,24,104,GPT,GPT,0.5581395348837209,392_e08,392_e08,,,,,,,,,
392,26,25,26,104,GPT,GPT,0.6046511627906976,392_e09,392_e09,,,,,,,,,
392,28,27,28,104,GPT,GPT,0.6511627906976745,392_e09,392_e10,,,,,,,,,
392,30,29,30,104,GPT,GPT,0.6976744186046512,392_e10,392_e10,,,,,,,,,
392,32,31,32,104,GPT,GPT,0.7441860465116279,392_e11,392_e11,,,,,,,,,
392,34,33,34,104,GPT,GPT,0.7906976744186046,392_e11,392_e12,,,,,,,,,
392,36,35,36,104,GPT,GPT,0.8372093023255814,392_e12,392_e12,,,,,,,,,
392,38,37,38,104,GPT,GPT,0.8837209302325582,392_e13,392_e13,,,,,,,,,
392,40,39,40,104,GPT,GPT,0.9302325581395349,392_e13,392_e14,,,,,,,,,
392,42,41,42,104,GPT,GPT,0.9767441860465116,392_e14,392_e14,,,,,,,,,
393,2,1,2,108,GPT,GPT,0.09523809523809523,393_e01,393_e01,,,,,,,,,
393,4,3,4,108,GPT,GPT,0.19047619047619047,393_e02,393_e02,,,,,,,,,
393,6,5,6,108,GPT,GPT,0.2857142857142857,393_e02,393_e03,,,,,,,,,
393,8,7,8,108,GPT,GPT,0.38095238095238093,393_e03,393_e03,,,,,,,,,
393,10,9,10,108,GPT,GPT,0.47619047619047616,393_e04,393_e04,,,,,,,,,
393,12,11,12,108,GPT,GPT,0.5714285714285714,393_e04,393_e05,,,,,,,,,
393,14,13,14,108,GPT,GPT,0.6666666666666666,393_e05,393_e05,,,,,,,,,
393,16,15,16,108,GPT,GPT,0.7619047619047619,393_e06,393_e06,,,,,,,,,
393,18,17,18,108,GPT,GPT,0.8571428571428571,393_e06,393_e07,,,,,,,,,
393,20,19,20,108,GPT,GPT,0.9523809523809523,393_e07,393_e07,,,,,,,,,
394,2,1,2,105,GPT,GPT,0.11764705882352941,394_e01,394_e01,,,,,,,,,
394,4,3,4,105,GPT,GPT,0.23529411764705882,394_e02,394_e02,3.0,3.0,4.0,4.0,4.0,3.0,4.0,3.0,2.0
394,6,5,6,105,GPT,GPT,0.35294117647058826,394_e02,394_e03,3.0,3.0,4.0,4.0,4.0,,,,
394,8,7,8,105,GPT,GPT,0.47058823529411764,394_e03,394_e03,,,,,,,,,
394,10,9,10,105,GPT,GPT,0.5882352941176471,394_e03,394_e04,,,,,,,,,
394,12,11,12,105,GPT,GPT,0.7058823529411765,394_e04,394_e04,,,,,,,,,
394,14,13,14,105,GPT,GPT,0.8235294117647058,394_e04,394_e05,,,,,,,,,
394,16,15,16,105,GPT,GPT,0.9411764705882353,394_e05,394_e05,,,,,,,,,
396,2,1,2,114,GPT,GPT,0.09523809523809523,396_e01,396_e01,,,,,,,,,
396,4,3,4,114,GPT,GPT,0.19047619047619047,396_e02,396_e02,,,,,,,,,
396,6,5,6,114,GPT,GPT,0.2857142857142857,396_e02,396_e02,,,,,,,,,
396,8,7,8,114,GPT,GPT,0.38095238095238093,396_e02,396_e03,,,,,,3.0,3.0,3.0,2.0
396,10,9,10,114,GPT,GPT,0.47619047619047616,396_e03,396_e03,3.0,3.0,3.0,4.0,4.0,3.0,3.0,3.0,2.0
396,12,11,12,114,GPT,GPT,0.5714285714285714,396_e03,396_e04,3.0,3.0,3.0,4.0,4.0,,,,
396,14,13,14,114,GPT,GPT,0.6666666666666666,396_e04,396_e04,,,,,,,,,
396,16,15,16,114,GPT,GPT,0.7619047619047619,396_e05,396_e05,,,,,,,,,
396,18,17,18,114,GPT,GPT,0.8571428571428571,396_e05,396_e06,,,,,,,,,
396,20,19,20,114,GPT,GPT,0.9523809523809523,396_e06,396_e06,,,,,,,,,
397,2,1,2,116,GPT,GPT,0.10526315789473684,397_e01,397_e01,,,,,,,,,
397,4,3,4,116,GPT,GPT,0.21052631578947367,397_e02,397_e02,,,,,,,,,
397,6,5,6,116,GPT,GPT,0.3157894736842105,397_e02,397_e03,,,,,,,,,
397,8,7,8,116,GPT,GPT,0.42105263157894735,397_e03,397_e03,,,,,,,,,
397,10,9,10,116,GPT,GPT,0.5263157894736842,397_e04,397_e04,,,,,,,,,
397,12,11,12,116,GPT,GPT,0.631578947368421,397_e04,397_e05,,,,,,,,,
397,14,13,14,116,GPT,GPT,0.7368421052631579,397_e05,397_e05,,,,,,,,,
397,16,15,16,116,GPT,GPT,0.8421052631578947,397_e06,397_e06,,,,,,,,,
397,18,17,18,116,GPT,GPT,0.9473684210526315,397_e06,397_e06,,,,,,,,,
398,2,1,2,112,GPT,GPT,0.10526315789473684,398_e01,398_e01,,,,,,,,,
398,4,3,4,112,GPT,GPT,0.21052631578947367,398_e02,398_e02,,,,,,,,,
398,6,5,6,112,GPT,GPT,0.3157894736842105,398_e02,398_e03,,,,,,,,,
398,8,7,8,112,GPT,GPT,0.42105263157894735,398_e03,398_e03,,,,,,,,,
398,10,9,10,112,GPT,GPT,0.5263157894736842,398_e03,398_e04,,,,,,,,,
398,12,11,12,112,GPT,GPT,0.631578947368421,398_e04,398_e04,,,,,,,,,
398,14,13,14,112,GPT,GPT,0.7368421052631579,398_e04,398_e05,,,,,,,,,
398,16,15,16,112,GPT,GPT,0.8421052631578947,398_e05,398_e05,,,,,,,,,
398,18,17,18,112,GPT,GPT,0.9473684210526315,398_e06,398_e06,,,,,,,,,
399,2,1,2,100,GPT,GPT,0.15384615384615385,399_e01,399_e01,,,,,,,,,
399,4,3,4,100,GPT,GPT,0.3076923076923077,399_e02,399_e02,,,,,,,,,
399,6,5,6,100,GPT,GPT,0.46153846153846156,399_e02,399_e03,,,,,,3.0,3.0,3.0,2.0
399,8,7,8,100,GPT,GPT,0.6153846153846154,399_e03,399_e03,2.0,1.0,3.0,4.0,3.0,3.0,3.0,3.0,2.0
399,10,9,10,100,GPT,GPT,0.7692307692307693,399_e04,399_e04,,,,,,,,,
399,12,11,12,100,GPT,GPT,0.9230769230769231,399_e04,399_e04,,,,,,,,,
401,2,1,2,109,GPT,GPT,0.04878048780487805,401_e01,401_e01,,,,,,,,,
401,4,3,4,109,GPT,GPT,0.0975609756097561,401_e02,401_e02,,,,,,,,,
401,6,5,6,109,GPT,GPT,0.14634146341463414,401_e02,401_e03,,,,,,,,,
401,8,7,8,109,GPT,GPT,0.1951219512195122,401_e03,401_e03,,,,,,,,,
401,10,9,10,109,GPT,GPT,0.24390243902439024,401_e04,401_e04,,,,,,,,,
401,12,11,12,109,GPT,GPT,0.2926829268292683,401_e04,401_e05,,,,,,,,,
401,14,13,14,109,GPT,GPT,0.34146341463414637,401_e05,401_e05,,,,,,,,,
401,16,15,16,109,GPT,GPT,0.3902439024390244,401_e06,401_e06,,,,,,,,,
401,18,17,18,109,GPT,GPT,0.43902439024390244,401_e06,401_e07,,,,,,2.0,3.0,3.0,2.0
401,20,19,20,109,GPT,GPT,0.4878048780487805,401_e07,401_e07,2.0,1.0,3.0,3.0,3.0,2.0,3.0,3.0,2.0
401,22,21,22,109,GPT,GPT,0.5365853658536586,401_e08,401_e08,,,,,,,,,
401,24,23,24,109,GPT,GPT,0.5853658536585366,401_e08,401_e09,,,,,,,,,
401,26,25,26,109,GPT,GPT,0.6341463414634146,401_e09,401_e09,,,,,,,,,
401,28,27,28,109,GPT,GPT,0.6829268292682927,401_e10,401_e10,,,,,,,,,
401,30,29,30,109,GPT,GPT,0.7317073170731707,401_e10,401_e11,,,,,,,,,
401,32,31,32,109,GPT,GPT,0.7804878048780488,401_e11,401_e11,,,,,,,,,
401,34,33,34,109,GPT,GPT,0.8292682926829268,401_e12,401_e12,,,,,,,,,
401,36,35,36,109,GPT,GPT,0.8780487804878049,401_e12,401_e13,,,,,,,,,
401,38,37,38,109,GPT,GPT,0.926829268292683,401_e13,401_e13,,,,,,,,,
401,40,39,40,109,GPT,GPT,0.975609756097561,401_e13,401_e13,,,,,,,,,
402,2,1,2,117,GPT,GPT,0.05714285714285714,402_e01,402_e01,,,,,,,,,
402,4,3,4,117,GPT,GPT,0.11428571428571428,402_e02,402_e02,,,,,,,,,
402,6,5,6,117,GPT,GPT,0.17142857142857143,402_e02,402_e03,,,,,,,,,
402,8,7,8,117,GPT,GPT,0.22857142857142856,402_e03,402_e03,,,,,,,,,
402,10,9,10,117,GPT,GPT,0.2857142857142857,402_e04,402_e04,,,,,,,,,
402,12,11,12,117,GPT,GPT,0.34285714285714286,402_e04,402_e05,,,,,,,,,
402,14,13,14,117,GPT,GPT,0.4,402_e05,402_e05,,,,,,,,,
402,16,15,16,117,GPT,GPT,0.45714285714285713,402_e06,402_e06,,,,,,,,,
402,18,17,18,117,GPT,GPT,0.5142857142857142,402_e06,402_e07,,,,,,,,,
402,20,19,20,117,GPT,GPT,0.5714285714285714,402_e07,402_e07,,,,,,,,,
402,22,21,22,117,GPT,GPT,0.6285714285714286,402_e08,402_e08,,,,,,,,,
402,24,23,24,117,GPT,GPT,0.6857142857142857,402_e08,402_e09,,,,,,,,,
402,26,25,26,117,GPT,GPT,0.7428571428571429,402_e09,402_e09,,,,,,,,,
402,28,27,28,117,GPT,GPT,0.8,402_e10,402_e10,,,,,,,,,
402,30,29,30,117,GPT,GPT,0.8571428571428571,402_e10,402_e11,,,,,,,,,
402,32,31,32,117,GPT,GPT,0.9142857142857143,402_e11,402_e11,,,,,,,,,
402,34,33,34,117,GPT,GPT,0.9714285714285714,402_e12,402_e12,,,,,,,,,
403,2,1,2,113,GPT,GPT,0.08,403_e01,403_e01,,,,,,,,,
403,4,3,4,113,GPT,GPT,0.16,403_e02,403_e02,1.0,0.0,2.0,3.0,2.0,1.0,2.0,1.0,0.0
403,6,5,6,113,GPT,GPT,0.24,403_e02,403_e03,1.0,0.0,2.0,3.0,2.0,,,,
403,8,7,8,113,GPT,GPT,0.32,403_e03,403_e03,,,,,,,,,
403,10,9,10,113,GPT,GPT,0.4,403_e04,403_e04,,,,,,,,,
403,12,11,12,113,GPT,GPT,0.48,403_e04,403_e05,,,,,,,,,
403,14,13,14,113,GPT,GPT,0.56,403_e05,403_e05,,,,,,,,,
403,16,15,16,113,GPT,GPT,0.64,403_e06,403_e06,,,,,,,,,
403,18,17,18,113,GPT,GPT,0.72,403_e06,403_e07,,,,,,,,,
403,20,19,20,113,GPT,GPT,0.8,403_e07,403_e07,,,,,,,,,
403,22,21,22,113,GPT,GPT,0.88,403_e08,403_e08,2.0,0.0,1.0,3.0,2.0,1.0,1.0,1.0,0.0
403,24,23,24,113,GPT,GPT,0.96,403_e08,403_e08,2.0,0.0,1.0,3.0,2.0,1.0,1.0,1.0,0.0
404,2,1,2,106,GPT,GPT,0.09523809523809523,404_e01,404_e01,,,,,,,,,
404,4,3,4,106,GPT,GPT,0.19047619047619047,404_e02,404_e02,,,,,,,,,
404,6,5,6,106,GPT,GPT,0.2857142857142857,404_e02,404_e03,,,,,,,,,
404,8,7,8,106,GPT,GPT,0.38095238095238093,404_e03,404_e03,,,,,,,,,
404,10,9,10,106,GPT,GPT,0.47619047619047616,404_e04,404_e04,,,,,,,,,
404,12,11,12,106,GPT,GPT,0.5714285714285714,404_e04,404_e05,,,,,,,,,
404,14,13,14,106,GPT,GPT,0.6666666666666666,404_e05,404_e05,,,,,,,,,
404,16,15,16,106,GPT,GPT,0.7619047619047619,404_e06,404_e06,,,,,,,,,
404,18,17,18,106,GPT,GPT,0.8571428571428571,404_e06,404_e07,,,,,,,,,
404,20,19,20,106,GPT,GPT,0.9523809523809523,404_e07,404_e07,,,,,,,,,
406,2,1,2,110,GPT,GPT,0.18181818181818182,406_e01,406_e01,,,,,,,,,
406,4,3,4,110,GPT,GPT,0.36363636363636365,406_e02,406_e02,,,,,,,,,
406,6,5,6,110,GPT,GPT,0.5454545454545454,406_e02,406_e03,,,,,,,,,
406,8,7,8,110,GPT,GPT,0.7272727272727273,406_e03,406_e03,,,,,,,,,
406,10,9,10,110,GPT,GPT,0.9090909090909091,406_e04,406_e04,,,,,,,,,
411,2,1,2,118,Persona,Divergent,0.2222222222222222,411_e01,411_e01,,,,,,,,,
411,4,3,4,118,Persona,Divergent,0.4444444444444444,411_e01,411_e02,,,,,,,,,
411,6,5,6,118,Persona,Divergent,0.6666666666666666,411_e02,411_e02,,,,,,,,,
411,8,7,8,118,Persona,Divergent,0.8888888888888888,411_e03,411_e03,,,,,,,,,
413,2,1,2,119,Persona,Divergent,0.2222222222222222,413_e01,413_e01,,,,,,,,,
413,4,3,4,119,Persona,Divergent,0.4444444444444444,413_e01,413_e02,,,,,,,,,
413,6,5,6,119,Persona,Divergent,0.6666666666666666,413_e02,413_e02,,,,,,,,,
413,8,7,8,119,Persona,Divergent,0.8888888888888888,413_e03,413_e03,,,,,,,,,
414,2,1,2,120,Persona,Divergent,0.18181818181818182,414_e01,414_e01,4.0,3.0,3.0,4.0,4.0,3.0,3.0,2.0,2.0
414,4,3,4,120,Persona,Divergent,0.36363636363636365,414_e01,414_e01,4.0,3.0,3.0,4.0,4.0,3.0,3.0,2.0,2.0
414,6,5,6,120,Persona,Divergent,0.5454545454545454,414_e02,414_e02,4.0,3.0,3.0,4.0,4.0,3.0,3.0,2.0,2.0
414,8,7,8,120,Persona,Divergent,0.7272727272727273,414_e02,414_e03,4.0,3.0,3.0,4.0,4.0,4.0,4.0,2.0,2.0
414,10,9,10,120,Persona,Divergent,0.9090909090909091,414_e03,414_e03,4.0,3.0,4.0,4.0,4.0,4.0,4.0,2.0,2.0
415,2,1,2,121,Persona,Divergent,0.2222222222222222,415_e01,415_e01,4.0,3.0,3.0,4.0,4.0,3.0,3.0,1.0,1.0
415,4,3,4,121,Persona,Divergent,0.4444444444444444,415_e01,415_e02,4.0,3.0,3.0,4.0,4.0,3.0,4.0,3.0,2.0
415,6,5,6,121,Persona,Divergent,0.6666666666666666,415_e02,415_e02,3.0,3.0,4.0,4.0,4.0,3.0,4.0,3.0,2.0
415,8,7,8,121,Persona,Divergent,0.8888888888888888,415_e03,415_e03,4.0,3.0,3.0,4.0,4.0,3.0,3.0,3.0,2.0
416,2,1,2,122,Persona,Divergent,0.08,416_e01,416_e01,4.0,3.0,3.0,4.0,4.0,3.0,3.0,2.0,2.0
416,4,3,4,122,Persona,Divergent,0.16,416_e01,416_e01,4.0,3.0,3.0,4.0,4.0,3.0,3.0,2.0,2.0
416,6,5,6,122,Persona,Divergent,0.24,416_e01,416_e02,4.0,3.0,3.0,4.0,4.0,3.5,3.0,1.5,1.0
416,8,7,8,122,Persona,Divergent,0.32,416_e02,416_e02,4.0,3.5,3.0,4.0,4.0,3.5,3.0,1.5,1.0
416,10,9,10,122,Persona,Divergent,0.4,416_e03,416_e03,4.0,3.0,3.0,4.0,4.0,3.0,3.0,1.0,1.0
416,12,11,12,122,Persona,Divergent,0.48,416_e03,416_e04,4.0,3.0,3.0,4.0,4.0,,,,
416,14,13,14,122,Persona,Divergent,0.56,416_e04,416_e04,,,,,,,,,
416,16,15,16,122,Persona,Divergent,0.64,416_e05,416_e05,,,,,,,,,
416,18,17,18,122,Persona,Divergent,0.72,416_e05,416_e06,,,,,,,,,
416,20,19,20,122,Persona,Divergent,0.8,416_e06,416_e06,,,,,,,,,
416,22,21,22,122,Persona,Divergent,0.88,416_e07,416_e07,,,,,,,,,
416,24,23,24,122,Persona,Divergent,0.96,416_e07,416_e07,,,,,,,,,
418,2,1,2,124,Persona,Divergent,0.2222222222222222,418_e01,418_e01,,,,,,,,,
418,4,3,4,124,Persona,Divergent,0.4444444444444444,418_e01,418_e02,,,,,,,,,
418,6,5,6,124,Persona,Divergent,0.6666666666666666,418_e02,418_e02,,,,,,,,,
418,8,7,8,124,Persona,Divergent,0.8888888888888888,418_e03,418_e03,4.0,3.0,3.0,4.0,4.0,3.0,3.0,2.0,2.0
419,2,1,2,124,GPT,GPT,0.2222222222222222,419_e01,419_e01,,,,,,,,,
419,4,3,4,124,GPT,GPT,0.4444444444444444,419_e02,419_e02,,,,,,,,,
419,6,5,6,124,GPT,GPT,0.6666666666666666,419_e02,419_e03,,,,,,,,,
419,8,7,8,124,GPT,GPT,0.8888888888888888,419_e03,419_e03,,,,,,,,,
420,2,1,2,122,GPT,GPT,0.08695652173913043,420_e01,420_e01,,,,,,,,,
420,4,3,4,122,GPT,GPT,0.17391304347826086,420_e02,420_e02,,,,,,,,,
420,6,5,6,122,GPT,GPT,0.2608695652173913,420_e02,420_e03,,,,,,,,,
420,8,7,8,122,GPT,GPT,0.34782608695652173,420_e03,420_e03,,,,,,,,,
420,10,9,10,122,GPT,GPT,0.43478260869565216,420_e04,420_e04,,,,,,,,,
420,12,11,12,122,GPT,GPT,0.5217391304347826,420_e04,420_e05,,,,,,,,,
420,14,13,14,122,GPT,GPT,0.6086956521739131,420_e05,420_e05,,,,,,,,,
420,16,15,16,122,GPT,GPT,0.6956521739130435,420_e06,420_e06,,,,,,,,,
420,18,17,18,122,GPT,GPT,0.782608695652174,420_e06,420_e07,,,,,,,,,
420,20,19,20,122,GPT,GPT,0.8695652173913043,420_e07,420_e07,,,,,,,,,
420,22,21,22,122,GPT,GPT,0.9565217391304348,420_e08,420_e08,,,,,,,,,
423,2,1,2,120,GPT,GPT,0.15384615384615385,423_e01,423_e01,,,,,,,,,
423,4,3,4,120,GPT,GPT,0.3076923076923077,423_e02,423_e02,,,,,,,,,
423,6,5,6,120,GPT,GPT,0.46153846153846156,423_e02,423_e03,,,,,,,,,
423,8,7,8,120,GPT,GPT,0.6153846153846154,423_e03,423_e03,,,,,,,,,
423,10,9,10,120,GPT,GPT,0.7692307692307693,423_e03,423_e04,,,,,,,,,
423,12,11,12,120,GPT,GPT,0.9230769230769231,423_e04,423_e04,,,,,,,,,
425,2,1,2,118,GPT,GPT,0.15384615384615385,425_e01,425_e01,,,,,,,,,
425,4,3,4,118,GPT,GPT,0.3076923076923077,425_e02,425_e02,,,,,,,,,
425,6,5,6,118,GPT,GPT,0.46153846153846156,425_e02,425_e03,,,,,,,,,
425,8,7,8,118,GPT,GPT,0.6153846153846154,425_e03,425_e03,,,,,,,,,
425,10,9,10,118,GPT,GPT,0.7692307692307693,425_e04,425_e04,,,,,,,,,
425,12,11,12,118,GPT,GPT,0.9230769230769231,425_e04,425_e04,,,,,,,,,
426,2,1,2,121,GPT,GPT,0.15384615384615385,426_e01,426_e01,,,,,,,,,
426,4,3,4,121,GPT,GPT,0.3076923076923077,426_e02,426_e02,,,,,,,,,
426,6,5,6,121,GPT,GPT,0.46153846153846156,426_e02,426_e03,,,,,,,,,
426,8,7,8,121,GPT,GPT,0.6153846153846154,426_e03,426_e03,,,,,,,,,
426,10,9,10,121,GPT,GPT,0.7692307692307693,426_e04,426_e04,,,,,,,,,
426,12,11,12,121,GPT,GPT,0.9230769230769231,426_e04,426_e04,,,,,,,,,
428,2,1,2,119,GPT,GPT,0.15384615384615385,428_e01,428_e01,,,,,,,,,
428,4,3,4,119,GPT,GPT,0.3076923076923077,428_e02,428_e02,,,,,,,,,
428,6,5,6,119,GPT,GPT,0.46153846153846156,428_e02,428_e03,,,,,,,,,
428,8,7,8,119,GPT,GPT,0.6153846153846154,428_e03,428_e03,,,,,,,,,
428,10,9,10,119,GPT,GPT,0.7692307692307693,428_e04,428_e04,,,,,,,,,
428,12,11,12,119,GPT,GPT,0.9230769230769231,428_e04,428_e04,,,,,,,,,
429,2,1,2,125,GPT,GPT,0.10526315789473684,429_e01,429_e01,,,,,,,,,
429,4,3,4,125,GPT,GPT,0.21052631578947367,429_e01,429_e02,,,,,,,,,
429,6,5,6,125,GPT,GPT,0.3157894736842105,429_e02,429_e02,,,,,,,,,
429,8,7,8,125,GPT,GPT,0.42105263157894735,429_e02,429_e03,,,,,,,,,
429,10,9,10,125,GPT,GPT,0.5263157894736842,429_e03,429_e03,,,,,,,,,
429,12,11,12,125,GPT,GPT,0.631578947368421,429_e04,429_e04,,,,,,,,,
429,14,13,14,125,GPT,GPT,0.7368421052631579,429_e04,429_e05,,,,,,,,,
429,16,15,16,125,GPT,GPT,0.8421052631578947,429_e05,429_e05,,,,,,,,,
429,18,17,18,125,GPT,GPT,0.9473684210526315,429_e06,429_e06,,,,,,,,,
431,2,1,2,126,GPT,GPT,0.06060606060606061,431_e01,431_e01,,,,,,,,,
431,4,3,4,126,GPT,GPT,0.12121212121212122,431_e02,431_e02,,,,,,,,,
431,6,5,6,126,GPT,GPT,0.18181818181818182,431_e02,431_e03,,,,,,,,,
431,8,7,8,126,GPT,GPT,0.24242424242424243,431_e03,431_e03,,,,,,,,,
431,10,9,10,126,GPT,GPT,0.30303030303030304,431_e04,431_e04,,,,,,,,,
431,12,11,12,126,GPT,GPT,0.36363636363636365,431_e04,431_e05,,,,,,,,,
431,14,13,14,126,GPT,GPT,0.42424242424242425,431_e05,431_e05,,,,,,,,,
431,16,15,16,126,GPT,GPT,0.48484848484848486,431_e06,431_e06,,,,,,,,,
431,18,17,18,126,GPT,GPT,0.5454545454545454,431_e06,431_e07,,,,,,,,,
431,20,19,20,126,GPT,GPT,0.6060606060606061,431_e07,431_e07,,,,,,,,,
431,22,21,22,126,GPT,GPT,0.6666666666666666,431_e08,431_e08,,,,,,,,,
431,24,23,24,126,GPT,GPT,0.7272727272727273,431_e08,431_e09,,,,,,,,,
431,26,25,26,126,GPT,GPT,0.7878787878787878,431_e09,431_e09,,,,,,,,,
431,28,27,28,126,GPT,GPT,0.8484848484848485,431_e10,431_e10,,,,,,,,,
431,30,29,30,126,GPT,GPT,0.9090909090909091,431_e10,431_e11,,,,,,3.0,3.0,3.0,2.0
431,32,31,32,126,GPT,GPT,0.9696969696969697,431_e11,431_e11,2.0,1.0,3.0,4.0,4.0,3.0,3.0,3.0,2.0
432,2,1,2,127,GPT,GPT,0.13333333333333333,432_e01,432_e01,,,,,,,,,
432,4,3,4,127,GPT,GPT,0.26666666666666666,432_e01,432_e02,,,,,,,,,
432,6,5,6,127,GPT,GPT,0.4,432_e02,432_e02,,,,,,,,,
432,8,7,8,127,GPT,GPT,0.5333333333333333,432_e03,432_e03,,,,,,,,,
432,10,9,10,127,GPT,GPT,0.6666666666666666,432_e03,432_e04,,,,,,2.0,3.0,1.0,0.0
432,12,11,12,127,GPT,GPT,0.8,432_e04,432_e04,2.0,1.0,3.0,3.0,3.0,2.0,3.0,1.0,0.0
432,14,13,14,127,GPT,GPT,0.9333333333333333,432_e04,432_e04,2.0,1.0,3.0,3.0,3.0,2.0,3.0,1.0,0.0
433,2,1,2,128,GPT,GPT,0.10526315789473684,433_e01,433_e01,,,,,,,,,
433,4,3,4,128,GPT,GPT,0.21052631578947367,433_e02,433_e02,,,,,,,,,
433,6,5,6,128,GPT,GPT,0.3157894736842105,433_e02,433_e03,,,,,,,,,
433,8,7,8,128,GPT,GPT,0.42105263157894735,433_e03,433_e03,,,,,,,,,
433,10,9,10,128,GPT,GPT,0.5263157894736842,433_e04,433_e04,,,,,,,,,
433,12,11,12,128,GPT,GPT,0.631578947368421,433_e04,433_e05,,,,,,,,,
433,14,13,14,128,GPT,GPT,0.7368421052631579,433_e05,433_e05,,,,,,,,,
433,16,15,16,128,GPT,GPT,0.8421052631578947,433_e06,433_e06,,,,,,,,,
433,18,17,18,128,GPT,GPT,0.9473684210526315,433_e06,433_e06,,,,,,,,,
434,2,1,2,129,GPT,GPT,0.11764705882352941,434_e01,434_e01,,,,,,,,,
434,4,3,4,129,GPT,GPT,0.23529411764705882,434_e01,434_e02,,,,,,,,,
434,6,5,6,129,GPT,GPT,0.35294117647058826,434_e02,434_e02,,,,,,,,,
434,8,7,8,129,GPT,GPT,0.47058823529411764,434_e03,434_e03,,,,,,,,,
434,10,9,10,129,GPT,GPT,0.5882352941176471,434_e03,434_e04,,,,,,,,,
434,12,11,12,129,GPT,GPT,0.7058823529411765,434_e04,434_e04,,,,,,,,,
434,14,13,14,129,GPT,GPT,0.8235294117647058,434_e05,434_e05,,,,,,,,,
434,16,15,16,129,GPT,GPT,0.9411764705882353,434_e05,434_e05,,,,,,,,,
436,2,1,2,131,GPT,GPT,0.18181818181818182,436_e01,436_e01,,,,,,,,,
436,4,3,4,131,GPT,GPT,0.36363636363636365,436_e02,436_e02,,,,,,,,,
436,6,5,6,131,GPT,GPT,0.5454545454545454,436_e02,436_e03,,,,,,,,,
436,8,7,8,131,GPT,GPT,0.7272727272727273,436_e03,436_e03,,,,,,,,,
436,10,9,10,131,GPT,GPT,0.9090909090909091,436_e03,436_e03,,,,,,,,,
437,2,1,2,130,GPT,GPT,0.4,437_e01,437_e01,,,,,,,,,
437,4,3,4,130,GPT,GPT,0.8,437_e01,437_e01,,,,,,,,,
439,2,1,2,126,Persona,Divergent,0.08,439_e01,439_e01,,,,,,,,,
439,4,3,4,126,Persona,Divergent,0.16,439_e02,439_e02,,,,,,,,,
439,6,5,6,126,Persona,Divergent,0.24,439_e02,439_e03,,,,,,,,,
439,8,7,8,126,Persona,Divergent,0.32,439_e03,439_e03,,,,,,,,,
439,10,9,10,126,Persona,Divergent,0.4,439_e04,439_e04,,,,,,,,,
439,12,11,12,126,Persona,Divergent,0.48,439_e04,439_e05,,,,,,,,,
439,14,13,14,126,Persona,Divergent,0.56,439_e05,439_e05,,,,,,,,,
439,16,15,16,126,Persona,Divergent,0.64,439_e06,439_e06,,,,,,,,,
439,18,17,18,126,Persona,Divergent,0.72,439_e06,439_e07,,,,,,3.0,3.0,4.0,3.0
439,20,19,20,126,Persona,Divergent,0.8,439_e07,439_e07,4.0,3.0,3.0,4.0,4.0,3.0,3.0,4.0,3.0
439,22,21,22,126,Persona,Divergent,0.88,439_e07,439_e08,4.0,3.0,3.0,4.0,4.0,3.0,3.0,2.0,1.0
439,24,23,24,126,Persona,Divergent,0.96,439_e08,439_e08,3.0,2.0,3.0,4.0,4.0,3.0,3.0,2.0,1.0
440,2,1,2,128,Persona,Divergent,0.15384615384615385,440_e01,440_e01,,,,,,,,,
440,4,3,4,128,Persona,Divergent,0.3076923076923077,440_e02,440_e02,,,,,,,,,
440,6,5,6,128,Persona,Divergent,0.46153846153846156,440_e02,440_e03,,,,,,,,,
440,8,7,8,128,Persona,Divergent,0.6153846153846154,440_e03,440_e03,,,,,,,,,
440,10,9,10,128,Persona,Divergent,0.7692307692307693,440_e04,440_e04,,,,,,,,,
440,12,11,12,128,Persona,Divergent,0.9230769230769231,440_e04,440_e04,,,,,,,,,
441,2,1,2,125,Persona,Divergent,0.11764705882352941,441_e01,441_e01,,,,,,,,,
441,4,3,4,125,Persona,Divergent,0.23529411764705882,441_e02,441_e02,3.0,3.0,4.0,4.0,4.0,3.0,4.0,1.0,2.0
441,6,5,6,125,Persona,Divergent,0.35294117647058826,441_e02,441_e03,3.0,3.0,4.0,4.0,4.0,,,,
441,8,7,8,125,Persona,Divergent,0.47058823529411764,441_e03,441_e03,,,,,,,,,
441,10,9,10,125,Persona,Divergent,0.5882352941176471,441_e03,441_e03,,,,,,,,,
441,12,11,12,125,Persona,Divergent,0.7058823529411765,441_e03,441_e03,,,,,,,,,
441,14,13,14,125,Persona,Divergent,0.8235294117647058,441_e04,441_e04,,,,,,,,,
441,16,15,16,125,Persona,Divergent,0.9411764705882353,441_e04,441_e04,,,,,,,,,
442,2,1,2,129,Persona,Divergent,0.15384615384615385,442_e01,442_e01,,,,,,,,,
442,4,3,4,129,Persona,Divergent,0.3076923076923077,442_e02,442_e02,,,,,,,,,
442,6,5,6,129,Persona,Divergent,0.46153846153846156,442_e02,442_e02,,,,,,,,,
442,8,7,8,129,Persona,Divergent,0.6153846153846154,442_e02,442_e03,,,,,,3.0,4.0,1.0,2.0
442,10,9,10,129,Persona,Divergent,0.7692307692307693,442_e03,442_e03,4.0,3.0,4.0,4.0,4.0,3.0,4.0,1.0,2.0
442,12,11,12,129,Persona,Divergent,0.9230769230769231,442_e04,442_e04,4.0,3.0,3.0,4.0,4.0,3.0,3.0,2.0,2.0
443,2,1,2,131,Persona,Divergent,0.11764705882352941,443_e01,443_e01,,,,,,,,,
443,4,3,4,131,Persona,Divergent,0.23529411764705882,443_e02,443_e02,4.0,3.0,3.0,4.0,4.0,3.0,3.0,2.0,2.0
443,6,5,6,131,Persona,Divergent,0.35294117647058826,443_e02,443_e03,4.0,3.0,3.0,4.0,4.0,,,,
443,8,7,8,131,Persona,Divergent,0.47058823529411764,443_e03,443_e03,,,,,,,,,
443,10,9,10,131,Persona,Divergent,0.5882352941176471,443_e04,443_e04,4.0,3.0,3.0,4.0,4.0,3.0,3.0,2.0,2.0
443,12,11,12,131,Persona,Divergent,0.7058823529411765,443_e04,443_e05,4.0,3.0,3.0,4.0,4.0,,,,
443,14,13,14,131,Persona,Divergent,0.8235294117647058,443_e05,443_e05,,,,,,,,,
443,16,15,16,131,Persona,Divergent,0.9411764705882353,443_e06,443_e06,,,,,,,,,
444,2,1,2,127,Persona,Divergent,0.18181818181818182,444_e01,444_e01,4.0,3.0,4.0,4.0,4.0,3.0,4.0,0.0,0.0
444,4,3,4,127,Persona,Divergent,0.36363636363636365,444_e02,444_e02,,,,,,,,,
444,6,5,6,127,Persona,Divergent,0.5454545454545454,444_e02,444_e02,,,,,,,,,
444,8,7,8,127,Persona,Divergent,0.7272727272727273,444_e02,444_e03,,,,,,,,,
444,10,9,10,127,Persona,Divergent,0.9090909090909091,444_e03,444_e03,,,,,,,,,
445,2,1,2,130,Persona,Divergent,0.2222222222222222,445_e01,445_e01,,,,,,,,,
445,4,3,4,130,Persona,Divergent,0.4444444444444444,445_e02,445_e02,,,,,,,,,
445,6,5,6,130,Persona,Divergent,0.6666666666666666,445_e02,445_e02,,,,,,,,,
445,8,7,8,130,Persona,Divergent,0.8888888888888888,445_e03,445_e03,4.0,3.0,3.0,4.0,4.0,3.0,3.0,2.0,2.0
466,2,1,2,149,Persona,Convergent,0.15384615384615385,466_e01,466_e01,,,,,,,,,
466,4,3,4,149,Persona,Convergent,0.3076923076923077,466_e02,466_e02,,,,,,,,,
466,6,5,6,149,Persona,Convergent,0.46153846153846156,466_e02,466_e03,,,,,,,,,
466,8,7,8,149,Persona,Convergent,0.6153846153846154,466_e03,466_e03,,,,,,,,,
466,10,9,10,149,Persona,Convergent,0.7692307692307693,466_e04,466_e04,2.0,2.0,4.0,4.0,4.0,3.0,4.0,3.0,3.0
466,12,11,12,149,Persona,Convergent,0.9230769230769231,466_e04,466_e04,2.0,2.0,4.0,4.0,4.0,3.0,4.0,3.0,3.0
467,2,1,2,111,Persona,Convergent,0.11764705882352941,467_e01,467_e01,4.0,3.0,4.0,4.0,4.0,3.0,4.0,0.0,0.0
467,4,3,4,111,Persona,Convergent,0.23529411764705882,467_e02,467_e02,,,,,,,,,
467,6,5,6,111,Persona,Convergent,0.35294117647058826,467_e02,467_e03,,,,,,,,,
467,8,7,8,111,Persona,Convergent,0.47058823529411764,467_e03,467_e03,,,,,,,,,
467,10,9,10,111,Persona,Convergent,0.5882352941176471,467_e04,467_e04,,,,,,,,,
467,12,11,12,111,Persona,Convergent,0.7058823529411765,467_e04,467_e05,,,,,,3.0,4.0,2.0,2.0
467,14,13,14,111,Persona,Convergent,0.8235294117647058,467_e05,467_e05,3.0,3.0,4.0,4.0,4.0,3.0,4.0,2.0,2.0
467,16,15,16,111,Persona,Convergent,0.9411764705882353,467_e06,467_e06,,,,,,,,,
468,2,1,2,150,Persona,Convergent,0.13333333333333333,468_e01,468_e01,,,,,,,,,
468,4,3,4,150,Persona,Convergent,0.26666666666666666,468_e02,468_e02,,,,,,,,,
468,6,5,6,150,Persona,Convergent,0.4,468_e02,468_e03,,,,,,,,,
468,8,7,8,150,Persona,Convergent,0.5333333333333333,468_e03,468_e03,,,,,,,,,
468,10,9,10,150,Persona,Convergent,0.6666666666666666,468_e04,468_e04,,,,,,,,,
468,12,11,12,150,Persona,Convergent,0.8,468_e04,468_e05,,,,,,,,,
468,14,13,14,150,Persona,Convergent,0.9333333333333333,468_e05,468_e05,,,,,,,,,
469,2,1,2,151,Persona,Convergent,0.15384615384615385,469_e01,469_e01,,,,,,,,,
469,4,3,4,151,Persona,Convergent,0.3076923076923077,469_e02,469_e02,3.0,3.0,4.0,4.0,4.0,3.0,4.0,2.0,2.0
469,6,5,6,151,Persona,Convergent,0.46153846153846156,469_e02,469_e03,3.0,3.0,4.0,4.0,4.0,,,,
469,8,7,8,151,Persona,Convergent,0.6153846153846154,469_e03,469_e03,,,,,,,,,
469,10,9,10,151,Persona,Convergent,0.7692307692307693,469_e03,469_e03,,,,,,,,,
469,12,11,12,151,Persona,Convergent,0.9230769230769231,469_e03,469_e03,,,,,,,,,
470,2,1,2,111,GPT,GPT,0.11764705882352941,470_e01,470_e01,,,,,,,,,
470,4,3,4,111,GPT,GPT,0.23529411764705882,470_e01,470_e02,,,,,,,,,
470,6,5,6,111,GPT,GPT,0.35294117647058826,470_e02,470_e02,,,,,,,,,
470,8,7,8,111,GPT,GPT,0.47058823529411764,470_e03,470_e03,,,,,,,,,
470,10,9,10,111,GPT,GPT,0.5882352941176471,470_e03,470_e04,,,,,,3.0,3.0,1.0,0.0
470,12,11,12,111,GPT,GPT,0.7058823529411765,470_e04,470_e04,2.0,1.0,3.0,3.0,3.0,3.0,3.0,1.0,0.0
470,14,13,14,111,GPT,GPT,0.8235294117647058,470_e05,470_e05,,,,,,,,,
470,16,15,16,111,GPT,GPT,0.9411764705882353,470_e05,470_e05,,,,,,,,,
471,2,1,2,151,GPT,GPT,0.18181818181818182,471_e01,471_e01,,,,,,,,,
471,4,3,4,151,GPT,GPT,0.36363636363636365,471_e02,471_e02,,,,,,,,,
471,6,5,6,151,GPT,GPT,0.5454545454545454,471_e02,471_e03,,,,,,,,,
471,8,7,8,151,GPT,GPT,0.7272727272727273,471_e03,471_e03,,,,,,,,,
471,10,9,10,151,GPT,GPT,0.9090909090909091,471_e04,471_e04,,,,,,,,,
472,2,1,2,150,GPT,GPT,0.13333333333333333,472_e01,472_e01,,,,,,,,,
472,4,3,4,150,GPT,GPT,0.26666666666666666,472_e01,472_e02,,,,,,,,,
472,6,5,6,150,GPT,GPT,0.4,472_e02,472_e02,,,,,,,,,
472,8,7,8,150,GPT,GPT,0.5333333333333333,472_e03,472_e03,,,,,,,,,
472,10,9,10,150,GPT,GPT,0.6666666666666666,472_e03,472_e04,,,,,,,,,
472,12,11,12,150,GPT,GPT,0.8,472_e04,472_e04,,,,,,,,,
472,14,13,14,150,GPT,GPT,0.9333333333333333,472_e05,472_e05,,,,,,,,,
473,2,1,2,149,GPT,GPT,0.13333333333333333,473_e01,473_e01,,,,,,,,,
473,4,3,4,149,GPT,GPT,0.26666666666666666,473_e01,473_e02,,,,,,,,,
473,6,5,6,149,GPT,GPT,0.4,473_e02,473_e02,,,,,,,,,
473,8,7,8,149,GPT,GPT,0.5333333333333333,473_e03,473_e03,,,,,,,,,
473,10,9,10,149,GPT,GPT,0.6666666666666666,473_e03,473_e04,,,,,,,,,
473,12,11,12,149,GPT,GPT,0.8,473_e04,473_e04,,,,,,,,,
473,14,13,14,149,GPT,GPT,0.9333333333333333,473_e05,473_e05,,,,,,,,,
474,2,1,2,152,Persona,Convergent,0.15384615384615385,474_e01,474_e01,,,,,,,,,
474,4,3,4,152,Persona,Convergent,0.3076923076923077,474_e02,474_e02,,,,,,,,,
474,6,5,6,152,Persona,Convergent,0.46153846153846156,474_e02,474_e03,,,,,,,,,
474,8,7,8,152,Persona,Convergent,0.6153846153846154,474_e03,474_e03,,,,,,,,,
474,10,9,10,152,Persona,Convergent,0.7692307692307693,474_e04,474_e04,,,,,,,,,
474,12,11,12,152,Persona,Convergent,0.9230769230769231,474_e04,474_e04,,,,,,,,,
475,2,1,2,152,GPT,GPT,0.2222222222222222,475_e01,475_e01,,,,,,,,,
475,4,3,4,152,GPT,GPT,0.4444444444444444,475_e01,475_e01,,,,,,,,,
475,6,5,6,152,GPT,GPT,0.6666666666666666,475_e02,475_e02,,,,,,,,,
475,8,7,8,152,GPT,GPT,0.8888888888888888,475_e02,475_e02,,,,,,,,,
