conversation_id,turn_index,condition_original,persona_family_original,round,challenge
154,0,GPT,GPT,1,Bicycle
154,1,GPT,GPT,1,Bicycle
154,2,GPT,GPT,1,Bicycle
154,3,GPT,GPT,1,Bicycle
154,4,GPT,GPT,1,Bicycle
154,5,GPT,GPT,1,Bicycle
154,6,GPT,GPT,1,Bicycle
154,7,GPT,GPT,1,Bicycle
154,8,GPT,GPT,1,Bicycle
154,9,GPT,GPT,1,Bicycle
154,10,GPT,GPT,1,Bicycle
154,11,GPT,GPT,1,Bicycle
154,12,GPT,GPT,1,Bicycle
154,13,GPT,GPT,1,Bicycle
154,14,GPT,GPT,1,Bicycle
154,15,GPT,GPT,1,Bicycle
154,16,GPT,GPT,1,Bicycle
154,17,GPT,GPT,1,Bicycle
154,18,GPT,GPT,1,Bicycle
154,19,GPT,GPT,1,Bicycle
154,20,GPT,GPT,1,Bicycle
154,21,GPT,GPT,1,Bicycle
155,0,GPT,GPT,1,Bicycle
155,1,GPT,GPT,1,Bicycle
155,2,GPT,GPT,1,Bicycle
155,3,GPT,GPT,1,Bicycle
155,4,GPT,GPT,1,Bicycle
155,5,GPT,GPT,1,Bicycle
155,6,GPT,GPT,1,Bicycle
155,7,GPT,GPT,1,Bicycle
155,8,GPT,GPT,1,Bicycle
155,9,GPT,GPT,1,Bicycle
155,10,GPT,GPT,1,Bicycle
155,11,GPT,GPT,1,Bicycle
155,12,GPT,GPT,1,Bicycle
155,13,GPT,GPT,1,Bicycle
157,0,GPT,GPT,1,Bicycle
157,1,GPT,GPT,1,Bicycle
157,2,GPT,GPT,1,Bicycle
157,3,GPT,GPT,1,Bicycle
157,4,GPT,GPT,1,Bicycle
157,5,GPT,GPT,1,Bicycle
157,6,GPT,GPT,1,Bicycle
157,7,GPT,GPT,1,Bicycle
157,8,GPT,GPT,1,Bicycle
157,9,GPT,GPT,1,Bicycle
157,10,GPT,GPT,1,Bicycle
157,11,GPT,GPT,1,Bicycle
157,12,GPT,GPT,1,Bicycle
157,13,GPT,GPT,1,Bicycle
157,14,GPT,GPT,1,Bicycle
157,15,GPT,GPT,1,Bicycle
158,0,GPT,GPT,1,Bicycle
158,1,GPT,GPT,1,Bicycle
158,2,GPT,GPT,1,Bicycle
158,3,GPT,GPT,1,Bicycle
158,4,GPT,GPT,1,Bicycle
158,5,GPT,GPT,1,Bicycle
158,6,GPT,GPT,1,Bicycle
158,7,GPT,GPT,1,Bicycle
158,8,GPT,GPT,1,Bicycle
158,9,GPT,GPT,1,Bicycle
158,10,GPT,GPT,1,Bicycle
158,11,GPT,GPT,1,Bicycle
158,12,GPT,GPT,1,Bicycle
158,13,GPT,GPT,1,Bicycle
159,0,GPT,GPT,1,Bicycle
159,1,GPT,GPT,1,Bicycle
159,2,GPT,GPT,1,Bicycle
159,3,GPT,GPT,1,Bicycle
159,4,GPT,GPT,1,Bicycle
159,5,GPT,GPT,1,Bicycle
159,6,GPT,GPT,1,Bicycle
159,7,GPT,GPT,1,Bicycle
159,8,GPT,GPT,1,Bicycle
159,9,GPT,GPT,1,Bicycle
159,10,GPT,GPT,1,Bicycle
159,11,GPT,GPT,1,Bicycle
159,12,GPT,GPT,1,Bicycle
159,13,GPT,GPT,1,Bicycle
159,14,GPT,GPT,1,Bicycle
159,15,GPT,GPT,1,Bicycle
160,0,GPT,GPT,1,Bicycle
160,1,GPT,GPT,1,Bicycle
160,2,GPT,GPT,1,Bicycle
160,3,GPT,GPT,1,Bicycle
160,4,GPT,GPT,1,Bicycle
160,5,GPT,GPT,1,Bicycle
160,6,GPT,GPT,1,Bicycle
160,7,GPT,GPT,1,Bicycle
160,8,GPT,GPT,1,Bicycle
160,9,GPT,GPT,1,Bicycle
160,10,GPT,GPT,1,Bicycle
160,11,GPT,GPT,1,Bicycle
160,12,GPT,GPT,1,Bicycle
160,13,GPT,GPT,1,Bicycle
160,14,GPT,GPT,1,Bicycle
160,15,GPT,GPT,1,Bicycle
161,0,GPT,GPT,1,Bicycle
161,1,GPT,GPT,1,Bicycle
161,2,GPT,GPT,1,Bicycle
161,3,GPT,GPT,1,Bicycle
161,4,GPT,GPT,1,Bicycle
161,5,GPT,GPT,1,Bicycle
161,6,GPT,GPT,1,Bicycle
161,7,GPT,GPT,1,Bicycle
161,8,GPT,GPT,1,Bicycle
161,9,GPT,GPT,1,Bicycle
161,10,GPT,GPT,1,Bicycle
161,11,GPT,GPT,1,Bicycle
161,12,GPT,GPT,1,Bicycle
161,13,GPT,GPT,1,Bicycle
161,14,GPT,GPT,1,Bicycle
161,15,GPT,GPT,1,Bicycle
161,16,GPT,GPT,1,Bicycle
161,17,GPT,GPT,1,Bicycle
162,0,GPT,GPT,1,Bicycle
162,1,GPT,GPT,1,Bicycle
162,2,GPT,GPT,1,Bicycle
162,3,GPT,GPT,1,Bicycle
162,4,GPT,GPT,1,Bicycle
162,5,GPT,GPT,1,Bicycle
162,6,GPT,GPT,1,Bicycle
162,7,GPT,GPT,1,Bicycle
162,8,GPT,GPT,1,Bicycle
162,9,GPT,GPT,1,Bicycle
162,10,GPT,GPT,1,Bicycle
162,11,GPT,GPT,1,Bicycle
162,12,GPT,GPT,1,Bicycle
162,13,GPT,GPT,1,Bicycle
164,0,GPT,GPT,1,Bicycle
164,1,GPT,GPT,1,Bicycle
164,2,GPT,GPT,1,Bicycle
164,3,GPT,GPT,1,Bicycle
164,4,GPT,GPT,1,Bicycle
164,5,GPT,GPT,1,Bicycle
164,6,GPT,GPT,1,Bicycle
164,7,GPT,GPT,1,Bicycle
164,8,GPT,GPT,1,Bicycle
164,9,GPT,GPT,1,Bicycle
166,0,Persona,Convergent,2,Library
166,1,Persona,Convergent,2,Library
166,2,Persona,Convergent,2,Library
166,3,Persona,Convergent,2,Library
166,4,Persona,Convergent,2,Library
166,5,Persona,Convergent,2,Library
166,6,Persona,Convergent,2,Library
166,7,Persona,Convergent,2,Library
166,8,Persona,Convergent,2,Library
166,9,Persona,Convergent,2,Library
167,0,Persona,Convergent,2,Library
167,1,Persona,Convergent,2,Library
167,2,Persona,Convergent,2,Library
167,3,Persona,Convergent,2,Library
167,4,Persona,Convergent,2,Library
167,5,Persona,Convergent,2,Library
167,6,Persona,Convergent,2,Library
167,7,Persona,Convergent,2,Library
167,8,Persona,Convergent,2,Library
167,9,Persona,Convergent,2,Library
167,10,Persona,Convergent,2,Library
167,11,Persona,Convergent,2,Library
167,12,Persona,Convergent,2,Library
167,13,Persona,Convergent,2,Library
168,0,Persona,Convergent,2,Library
168,1,Persona,Convergent,2,Library
168,2,Persona,Convergent,2,Library
168,3,Persona,Convergent,2,Library
168,4,Persona,Convergent,2,Library
168,5,Persona,Convergent,2,Library
168,6,Persona,Convergent,2,Library
168,7,Persona,Convergent,2,Library
168,8,Persona,Convergent,2,Library
168,9,Persona,Convergent,2,Library
168,10,Persona,Convergent,2,Library
168,11,Persona,Convergent,2,Library
169,0,Persona,Convergent,2,Library
169,1,Persona,Convergent,2,Library
169,2,Persona,Convergent,2,Library
169,3,Persona,Convergent,2,Library
169,4,Persona,Convergent,2,Library
169,5,Persona,Convergent,2,Library
169,6,Persona,Convergent,2,Library
169,7,Persona,Convergent,2,Library
169,8,Persona,Convergent,2,Library
169,9,Persona,Convergent,2,Library
169,10,Persona,Convergent,2,Library
169,11,Persona,Convergent,2,Library
169,12,Persona,Convergent,2,Library
169,13,Persona,Convergent,2,Library
170,0,Persona,Convergent,2,Library
170,1,Persona,Convergent,2,Library
170,2,Persona,Convergent,2,Library
170,3,Persona,Convergent,2,Library
170,4,Persona,Convergent,2,Library
170,5,Persona,Convergent,2,Library
170,6,Persona,Convergent,2,Library
170,7,Persona,Convergent,2,Library
170,8,Persona,Convergent,2,Library
170,9,Persona,Convergent,2,Library
170,10,Persona,Convergent,2,Library
170,11,Persona,Convergent,2,Library
170,12,Persona,Convergent,2,Library
170,13,Persona,Convergent,2,Library
170,14,Persona,Convergent,2,Library
170,15,Persona,Convergent,2,Library
171,0,Persona,Convergent,2,Library
171,1,Persona,Convergent,2,Library
171,2,Persona,Convergent,2,Library
171,3,Persona,Convergent,2,Library
171,4,Persona,Convergent,2,Library
171,5,Persona,Convergent,2,Library
171,6,Persona,Convergent,2,Library
171,7,Persona,Convergent,2,Library
171,8,Persona,Convergent,2,Library
171,9,Persona,Convergent,2,Library
171,10,Persona,Convergent,2,Library
171,11,Persona,Convergent,2,Library
171,12,Persona,Convergent,2,Library
171,13,Persona,Convergent,2,Library
171,14,Persona,Convergent,2,Library
171,15,Persona,Convergent,2,Library
171,16,Persona,Convergent,2,Library
171,17,Persona,Convergent,2,Library
171,18,Persona,Convergent,2,Library
171,19,Persona,Convergent,2,Library
171,20,Persona,Convergent,2,Library
171,21,Persona,Convergent,2,Library
171,22,Persona,Convergent,2,Library
171,23,Persona,Convergent,2,Library
171,24,Persona,Convergent,2,Library
171,25,Persona,Convergent,2,Library
172,0,Persona,Convergent,2,Library
172,1,Persona,Convergent,2,Library
172,2,Persona,Convergent,2,Library
172,3,Persona,Convergent,2,Library
172,4,Persona,Convergent,2,Library
172,5,Persona,Convergent,2,Library
172,6,Persona,Convergent,2,Library
172,7,Persona,Convergent,2,Library
172,8,Persona,Convergent,2,Library
172,9,Persona,Convergent,2,Library
172,10,Persona,Convergent,2,Library
172,11,Persona,Convergent,2,Library
172,12,Persona,Convergent,2,Library
172,13,Persona,Convergent,2,Library
172,14,Persona,Convergent,2,Library
172,15,Persona,Convergent,2,Library
172,16,Persona,Convergent,2,Library
172,17,Persona,Convergent,2,Library
175,0,Persona,Convergent,2,Library
175,1,Persona,Convergent,2,Library
175,2,Persona,Convergent,2,Library
175,3,Persona,Convergent,2,Library
175,4,Persona,Convergent,2,Library
175,5,Persona,Convergent,2,Library
175,6,Persona,Convergent,2,Library
175,7,Persona,Convergent,2,Library
175,8,Persona,Convergent,2,Library
175,9,Persona,Convergent,2,Library
175,10,Persona,Convergent,2,Library
175,11,Persona,Convergent,2,Library
175,12,Persona,Convergent,2,Library
175,13,Persona,Convergent,2,Library
175,14,Persona,Convergent,2,Library
175,15,Persona,Convergent,2,Library
175,16,Persona,Convergent,2,Library
175,17,Persona,Convergent,2,Library
176,0,Persona,Convergent,2,Library
176,1,Persona,Convergent,2,Library
176,2,Persona,Convergent,2,Library
176,3,Persona,Convergent,2,Library
176,4,Persona,Convergent,2,Library
176,5,Persona,Convergent,2,Library
176,6,Persona,Convergent,2,Library
176,7,Persona,Convergent,2,Library
176,8,Persona,Convergent,2,Library
176,9,Persona,Convergent,2,Library
176,10,Persona,Convergent,2,Library
176,11,Persona,Convergent,2,Library
176,12,Persona,Convergent,2,Library
176,13,Persona,Convergent,2,Library
180,0,GPT,GPT,1,Library
180,1,GPT,GPT,1,Library
180,2,GPT,GPT,1,Library
180,3,GPT,GPT,1,Library
180,4,GPT,GPT,1,Library
180,5,GPT,GPT,1,Library
180,6,GPT,GPT,1,Library
180,7,GPT,GPT,1,Library
180,8,GPT,GPT,1,Library
180,9,GPT,GPT,1,Library
180,10,GPT,GPT,1,Library
180,11,GPT,GPT,1,Library
180,12,GPT,GPT,1,Library
180,13,GPT,GPT,1,Library
180,14,GPT,GPT,1,Library
180,15,GPT,GPT,1,Library
182,0,GPT,GPT,1,Library
182,1,GPT,GPT,1,Library
182,2,GPT,GPT,1,Library
182,3,GPT,GPT,1,Library
182,4,GPT,GPT,1,Library
182,5,GPT,GPT,1,Library
182,6,GPT,GPT,1,Library
182,7,GPT,GPT,1,Library
182,8,GPT,GPT,1,Library
182,9,GPT,GPT,1,Library
182,10,GPT,GPT,1,Library
182,11,GPT,GPT,1,Library
182,12,GPT,GPT,1,Library
182,13,GPT,GPT,1,Library
183,0,GPT,GPT,1,Library
183,1,GPT,GPT,1,Library
183,2,GPT,GPT,1,Library
183,3,GPT,GPT,1,Library
183,4,GPT,GPT,1,Library
183,5,GPT,GPT,1,Library
183,6,GPT,GPT,1,Library
183,7,GPT,GPT,1,Library
183,8,GPT,GPT,1,Library
183,9,GPT,GPT,1,Library
184,0,GPT,GPT,1,Library
184,1,GPT,GPT,1,Library
184,2,GPT,GPT,1,Library
184,3,GPT,GPT,1,Library
184,4,GPT,GPT,1,Library
184,5,GPT,GPT,1,Library
184,6,GPT,GPT,1,Library
184,7,GPT,GPT,1,Library
184,8,GPT,GPT,1,Library
184,9,GPT,GPT,1,Library
184,10,GPT,GPT,1,Library
184,11,GPT,GPT,1,Library
184,12,GPT,GPT,1,Library
184,13,GPT,GPT,1,Library
184,14,GPT,GPT,1,Library
184,15,GPT,GPT,1,Library
184,16,GPT,GPT,1,Library
184,17,GPT,GPT,1,Library
184,18,GPT,GPT,1,Library
184,19,GPT,GPT,1,Library
185,0,GPT,GPT,1,Library
185,1,GPT,GPT,1,Library
185,2,GPT,GPT,1,Library
185,3,GPT,GPT,1,Library
185,4,GPT,GPT,1,Library
185,5,GPT,GPT,1,Library
185,6,GPT,GPT,1,Library
185,7,GPT,GPT,1,Library
185,8,GPT,GPT,1,Library
185,9,GPT,GPT,1,Library
187,0,Persona,Divergent,2,Bicycle
187,1,Persona,Divergent,2,Bicycle
187,2,Persona,Divergent,2,Bicycle
187,3,Persona,Divergent,2,Bicycle
187,4,Persona,Divergent,2,Bicycle
187,5,Persona,Divergent,2,Bicycle
187,6,Persona,Divergent,2,Bicycle
187,7,Persona,Divergent,2,Bicycle
187,8,Persona,Divergent,2,Bicycle
187,9,Persona,Divergent,2,Bicycle
187,10,Persona,Divergent,2,Bicycle
187,11,Persona,Divergent,2,Bicycle
188,0,Persona,Divergent,2,Bicycle
188,1,Persona,Divergent,2,Bicycle
188,2,Persona,Divergent,2,Bicycle
188,3,Persona,Divergent,2,Bicycle
188,4,Persona,Divergent,2,Bicycle
188,5,Persona,Divergent,2,Bicycle
188,6,Persona,Divergent,2,Bicycle
188,7,Persona,Divergent,2,Bicycle
188,8,Persona,Divergent,2,Bicycle
188,9,Persona,Divergent,2,Bicycle
189,0,Persona,Divergent,2,Bicycle
189,1,Persona,Divergent,2,Bicycle
189,2,Persona,Divergent,2,Bicycle
189,3,Persona,Divergent,2,Bicycle
189,4,Persona,Divergent,2,Bicycle
189,5,Persona,Divergent,2,Bicycle
189,6,Persona,Divergent,2,Bicycle
189,7,Persona,Divergent,2,Bicycle
189,8,Persona,Divergent,2,Bicycle
189,9,Persona,Divergent,2,Bicycle
189,10,Persona,Divergent,2,Bicycle
189,11,Persona,Divergent,2,Bicycle
189,12,Persona,Divergent,2,Bicycle
189,13,Persona,Divergent,2,Bicycle
189,14,Persona,Divergent,2,Bicycle
189,15,Persona,Divergent,2,Bicycle
190,0,Persona,Divergent,2,Bicycle
190,1,Persona,Divergent,2,Bicycle
190,2,Persona,Divergent,2,Bicycle
190,3,Persona,Divergent,2,Bicycle
190,4,Persona,Divergent,2,Bicycle
190,5,Persona,Divergent,2,Bicycle
190,6,Persona,Divergent,2,Bicycle
190,7,Persona,Divergent,2,Bicycle
190,8,Persona,Divergent,2,Bicycle
190,9,Persona,Divergent,2,Bicycle
190,10,Persona,Divergent,2,Bicycle
190,11,Persona,Divergent,2,Bicycle
190,12,Persona,Divergent,2,Bicycle
190,13,Persona,Divergent,2,Bicycle
192,0,Persona,Divergent,2,Bicycle
192,1,Persona,Divergent,2,Bicycle
192,2,Persona,Divergent,2,Bicycle
192,3,Persona,Divergent,2,Bicycle
192,4,Persona,Divergent,2,Bicycle
192,5,Persona,Divergent,2,Bicycle
192,6,Persona,Divergent,2,Bicycle
192,7,Persona,Divergent,2,Bicycle
192,8,Persona,Divergent,2,Bicycle
192,9,Persona,Divergent,2,Bicycle
192,10,Persona,Divergent,2,Bicycle
192,11,Persona,Divergent,2,Bicycle
192,12,Persona,Divergent,2,Bicycle
192,13,Persona,Divergent,2,Bicycle
192,14,Persona,Divergent,2,Bicycle
192,15,Persona,Divergent,2,Bicycle
192,16,Persona,Divergent,2,Bicycle
192,17,Persona,Divergent,2,Bicycle
194,0,Persona,BoundedRational,1,Bicycle
194,1,Persona,BoundedRational,1,Bicycle
194,2,Persona,BoundedRational,1,Bicycle
194,3,Persona,BoundedRational,1,Bicycle
194,4,Persona,BoundedRational,1,Bicycle
194,5,Persona,BoundedRational,1,Bicycle
194,6,Persona,BoundedRational,1,Bicycle
194,7,Persona,BoundedRational,1,Bicycle
194,8,Persona,BoundedRational,1,Bicycle
194,9,Persona,BoundedRational,1,Bicycle
194,10,Persona,BoundedRational,1,Bicycle
194,11,Persona,BoundedRational,1,Bicycle
194,12,Persona,BoundedRational,1,Bicycle
194,13,Persona,BoundedRational,1,Bicycle
194,14,Persona,BoundedRational,1,Bicycle
194,15,Persona,BoundedRational,1,Bicycle
194,16,Persona,BoundedRational,1,Bicycle
194,17,Persona,BoundedRational,1,Bicycle
194,18,Persona,BoundedRational,1,Bicycle
194,19,Persona,BoundedRational,1,Bicycle
194,20,Persona,BoundedRational,1,Bicycle
194,21,Persona,BoundedRational,1,Bicycle
195,0,Persona,BoundedRational,1,Bicycle
195,1,Persona,BoundedRational,1,Bicycle
195,2,Persona,BoundedRational,1,Bicycle
195,3,Persona,BoundedRational,1,Bicycle
195,4,Persona,BoundedRational,1,Bicycle
195,5,Persona,BoundedRational,1,Bicycle
195,6,Persona,BoundedRational,1,Bicycle
195,7,Persona,BoundedRational,1,Bicycle
195,8,Persona,BoundedRational,1,Bicycle
195,9,Persona,BoundedRational,1,Bicycle
195,10,Persona,BoundedRational,1,Bicycle
195,11,Persona,BoundedRational,1,Bicycle
195,12,Persona,BoundedRational,1,Bicycle
195,13,Persona,BoundedRational,1,Bicycle
196,0,Persona,BoundedRational,1,Bicycle
196,1,Persona,BoundedRational,1,Bicycle
196,2,Persona,BoundedRational,1,Bicycle
196,3,Persona,BoundedRational,1,Bicycle
196,4,Persona,BoundedRational,1,Bicycle
196,5,Persona,BoundedRational,1,Bicycle
196,6,Persona,BoundedRational,1,Bicycle
196,7,Persona,BoundedRational,1,Bicycle
196,8,Persona,BoundedRational,1,Bicycle
196,9,Persona,BoundedRational,1,Bicycle
196,10,Persona,BoundedRational,1,Bicycle
196,11,Persona,BoundedRational,1,Bicycle
199,0,Persona,BoundedRational,1,Bicycle
199,1,Persona,BoundedRational,1,Bicycle
199,2,Persona,BoundedRational,1,Bicycle
199,3,Persona,BoundedRational,1,Bicycle
199,4,Persona,BoundedRational,1,Bicycle
199,5,Persona,BoundedRational,1,Bicycle
199,6,Persona,BoundedRational,1,Bicycle
199,7,Persona,BoundedRational,1,Bicycle
199,8,Persona,BoundedRational,1,Bicycle
199,9,Persona,BoundedRational,1,Bicycle
199,10,Persona,BoundedRational,1,Bicycle
199,11,Persona,BoundedRational,1,Bicycle
199,12,Persona,BoundedRational,1,Bicycle
199,13,Persona,BoundedRational,1,Bicycle
199,14,Persona,BoundedRational,1,Bicycle
199,15,Persona,BoundedRational,1,Bicycle
199,16,Persona,BoundedRational,1,Bicycle
199,17,Persona,BoundedRational,1,Bicycle
199,18,Persona,BoundedRational,1,Bicycle
199,19,Persona,BoundedRational,1,Bicycle
199,20,Persona,BoundedRational,1,Bicycle
199,21,Persona,BoundedRational,1,Bicycle
200,0,Persona,BoundedRational,1,Bicycle
200,1,Persona,BoundedRational,1,Bicycle
200,2,Persona,BoundedRational,1,Bicycle
200,3,Persona,BoundedRational,1,Bicycle
200,4,Persona,BoundedRational,1,Bicycle
200,5,Persona,BoundedRational,1,Bicycle
200,6,Persona,BoundedRational,1,Bicycle
200,7,Persona,BoundedRational,1,Bicycle
200,8,Persona,BoundedRational,1,Bicycle
200,9,Persona,BoundedRational,1,Bicycle
200,10,Persona,BoundedRational,1,Bicycle
200,11,Persona,BoundedRational,1,Bicycle
200,12,Persona,BoundedRational,1,Bicycle
200,13,Persona,BoundedRational,1,Bicycle
200,14,Persona,BoundedRational,1,Bicycle
200,15,Persona,BoundedRational,1,Bicycle
200,16,Persona,BoundedRational,1,Bicycle
200,17,Persona,BoundedRational,1,Bicycle
200,18,Persona,BoundedRational,1,Bicycle
200,19,Persona,BoundedRational,1,Bicycle
200,20,Persona,BoundedRational,1,Bicycle
200,21,Persona,BoundedRational,1,Bicycle
201,0,Persona,BoundedRational,1,Bicycle
201,1,Persona,BoundedRational,1,Bicycle
201,2,Persona,BoundedRational,1,Bicycle
201,3,Persona,BoundedRational,1,Bicycle
201,4,Persona,BoundedRational,1,Bicycle
201,5,Persona,BoundedRational,1,Bicycle
201,6,Persona,BoundedRational,1,Bicycle
201,7,Persona,BoundedRational,1,Bicycle
201,8,Persona,BoundedRational,1,Bicycle
201,9,Persona,BoundedRational,1,Bicycle
201,10,Persona,BoundedRational,1,Bicycle
201,11,Persona,BoundedRational,1,Bicycle
201,12,Persona,BoundedRational,1,Bicycle
201,13,Persona,BoundedRational,1,Bicycle
201,14,Persona,BoundedRational,1,Bicycle
201,15,Persona,BoundedRational,1,Bicycle
201,16,Persona,BoundedRational,1,Bicycle
201,17,Persona,BoundedRational,1,Bicycle
201,18,Persona,BoundedRational,1,Bicycle
201,19,Persona,BoundedRational,1,Bicycle
201,20,Persona,BoundedRational,1,Bicycle
201,21,Persona,BoundedRational,1,Bicycle
201,22,Persona,BoundedRational,1,Bicycle
201,23,Persona,BoundedRational,1,Bicycle
202,0,Persona,BoundedRational,1,Bicycle
202,1,Persona,BoundedRational,1,Bicycle
202,2,Persona,BoundedRational,1,Bicycle
202,3,Persona,BoundedRational,1,Bicycle
202,4,Persona,BoundedRational,1,Bicycle
202,5,Persona,BoundedRational,1,Bicycle
202,6,Persona,BoundedRational,1,Bicycle
202,7,Persona,BoundedRational,1,Bicycle
202,8,Persona,BoundedRational,1,Bicycle
202,9,Persona,BoundedRational,1,Bicycle
202,10,Persona,BoundedRational,1,Bicycle
202,11,Persona,BoundedRational,1,Bicycle
202,12,Persona,BoundedRational,1,Bicycle
202,13,Persona,BoundedRational,1,Bicycle
203,0,Persona,BoundedRational,1,Bicycle
203,1,Persona,BoundedRational,1,Bicycle
203,2,Persona,BoundedRational,1,Bicycle
203,3,Persona,BoundedRational,1,Bicycle
203,4,Persona,BoundedRational,1,Bicycle
203,5,Persona,BoundedRational,1,Bicycle
203,6,Persona,BoundedRational,1,Bicycle
203,7,Persona,BoundedRational,1,Bicycle
203,8,Persona,BoundedRational,1,Bicycle
203,9,Persona,BoundedRational,1,Bicycle
203,10,Persona,BoundedRational,1,Bicycle
203,11,Persona,BoundedRational,1,Bicycle
204,0,Persona,BoundedRational,1,Bicycle
204,1,Persona,BoundedRational,1,Bicycle
204,2,Persona,BoundedRational,1,Bicycle
204,3,Persona,BoundedRational,1,Bicycle
204,4,Persona,BoundedRational,1,Bicycle
204,5,Persona,BoundedRational,1,Bicycle
204,6,Persona,BoundedRational,1,Bicycle
204,7,Persona,BoundedRational,1,Bicycle
204,8,Persona,BoundedRational,1,Bicycle
204,9,Persona,BoundedRational,1,Bicycle
204,10,Persona,BoundedRational,1,Bicycle
204,11,Persona,BoundedRational,1,Bicycle
204,12,Persona,BoundedRational,1,Bicycle
204,13,Persona,BoundedRational,1,Bicycle
204,14,Persona,BoundedRational,1,Bicycle
204,15,Persona,BoundedRational,1,Bicycle
205,0,GPT,GPT,2,Library
205,1,GPT,GPT,2,Library
205,2,GPT,GPT,2,Library
205,3,GPT,GPT,2,Library
205,4,GPT,GPT,2,Library
205,5,GPT,GPT,2,Library
205,6,GPT,GPT,2,Library
205,7,GPT,GPT,2,Library
205,8,GPT,GPT,2,Library
205,9,GPT,GPT,2,Library
205,10,GPT,GPT,2,Library
205,11,GPT,GPT,2,Library
205,12,GPT,GPT,2,Library
205,13,GPT,GPT,2,Library
205,14,GPT,GPT,2,Library
205,15,GPT,GPT,2,Library
205,16,GPT,GPT,2,Library
205,17,GPT,GPT,2,Library
206,0,GPT,GPT,2,Library
206,1,GPT,GPT,2,Library
206,2,GPT,GPT,2,Library
206,3,GPT,GPT,2,Library
206,4,GPT,GPT,2,Library
206,5,GPT,GPT,2,Library
206,6,GPT,GPT,2,Library
206,7,GPT,GPT,2,Library
206,8,GPT,GPT,2,Library
206,9,GPT,GPT,2,Library
206,10,GPT,GPT,2,Library
206,11,GPT,GPT,2,Library
206,12,GPT,GPT,2,Library
206,13,GPT,GPT,2,Library
206,14,GPT,GPT,2,Library
206,15,GPT,GPT,2,Library
206,16,GPT,GPT,2,Library
206,17,GPT,GPT,2,Library
208,0,GPT,GPT,2,Library
208,1,GPT,GPT,2,Library
208,2,GPT,GPT,2,Library
208,3,GPT,GPT,2,Library
208,4,GPT,GPT,2,Library
208,5,GPT,GPT,2,Library
208,6,GPT,GPT,2,Library
208,7,GPT,GPT,2,Library
208,8,GPT,GPT,2,Library
208,9,GPT,GPT,2,Library
208,10,GPT,GPT,2,Library
208,11,GPT,GPT,2,Library
208,12,GPT,GPT,2,Library
208,13,GPT,GPT,2,Library
208,14,GPT,GPT,2,Library
208,15,GPT,GPT,2,Library
208,16,GPT,GPT,2,Library
208,17,GPT,GPT,2,Library
208,18,GPT,GPT,2,Library
208,19,GPT,GPT,2,Library
208,20,GPT,GPT,2,Library
208,21,GPT,GPT,2,Library
208,22,GPT,GPT,2,Library
208,23,GPT,GPT,2,Library
208,24,GPT,GPT,2,Library
208,25,GPT,GPT,2,Library
209,0,GPT,GPT,2,Library
209,1,GPT,GPT,2,Library
209,2,GPT,GPT,2,Library
209,3,GPT,GPT,2,Library
209,4,GPT,GPT,2,Library
209,5,GPT,GPT,2,Library
209,6,GPT,GPT,2,Library
209,7,GPT,GPT,2,Library
209,8,GPT,GPT,2,Library
209,9,GPT,GPT,2,Library
209,10,GPT,GPT,2,Library
209,11,GPT,GPT,2,Library
209,12,GPT,GPT,2,Library
209,13,GPT,GPT,2,Library
209,14,GPT,GPT,2,Library
209,15,GPT,GPT,2,Library
209,16,GPT,GPT,2,Library
209,17,GPT,GPT,2,Library
209,18,GPT,GPT,2,Library
209,19,GPT,GPT,2,Library
209,20,GPT,GPT,2,Library
209,21,GPT,GPT,2,Library
210,0,GPT,GPT,2,Library
210,1,GPT,GPT,2,Library
210,2,GPT,GPT,2,Library
210,3,GPT,GPT,2,Library
210,4,GPT,GPT,2,Library
210,5,GPT,GPT,2,Library
210,6,GPT,GPT,2,Library
210,7,GPT,GPT,2,Library
210,8,GPT,GPT,2,Library
210,9,GPT,GPT,2,Library
210,10,GPT,GPT,2,Library
210,11,GPT,GPT,2,Library
210,12,GPT,GPT,2,Library
210,13,GPT,GPT,2,Library
210,14,GPT,GPT,2,Library
210,15,GPT,GPT,2,Library
210,16,GPT,GPT,2,Library
210,17,GPT,GPT,2,Library
210,18,GPT,GPT,2,Library
210,19,GPT,GPT,2,Library
210,20,GPT,GPT,2,Library
210,21,GPT,GPT,2,Library
210,22,GPT,GPT,2,Library
210,23,GPT,GPT,2,Library
210,24,GPT,GPT,2,Library
210,25,GPT,GPT,2,Library
211,0,GPT,GPT,2,Library
211,1,GPT,GPT,2,Library
211,2,GPT,GPT,2,Library
211,3,GPT,GPT,2,Library
211,4,GPT,GPT,2,Library
211,5,GPT,GPT,2,Library
211,6,GPT,GPT,2,Library
211,7,GPT,GPT,2,Library
211,8,GPT,GPT,2,Library
211,9,GPT,GPT,2,Library
211,10,GPT,GPT,2,Library
211,11,GPT,GPT,2,Library
211,12,GPT,GPT,2,Library
211,13,GPT,GPT,2,Library
211,14,GPT,GPT,2,Library
211,15,GPT,GPT,2,Library
211,16,GPT,GPT,2,Library
211,17,GPT,GPT,2,Library
212,0,GPT,GPT,2,Library
212,1,GPT,GPT,2,Library
212,2,GPT,GPT,2,Library
212,3,GPT,GPT,2,Library
212,4,GPT,GPT,2,Library
212,5,GPT,GPT,2,Library
212,6,GPT,GPT,2,Library
212,7,GPT,GPT,2,Library
212,8,GPT,GPT,2,Library
212,9,GPT,GPT,2,Library
212,10,GPT,GPT,2,Library
212,11,GPT,GPT,2,Library
212,12,GPT,GPT,2,Library
212,13,GPT,GPT,2,Library
212,14,GPT,GPT,2,Library
212,15,GPT,GPT,2,Library
212,16,GPT,GPT,2,Library
212,17,GPT,GPT,2,Library
213,0,GPT,GPT,2,Library
213,1,GPT,GPT,2,Library
213,2,GPT,GPT,2,Library
213,3,GPT,GPT,2,Library
213,4,GPT,GPT,2,Library
213,5,GPT,GPT,2,Library
213,6,GPT,GPT,2,Library
213,7,GPT,GPT,2,Library
213,8,GPT,GPT,2,Library
213,9,GPT,GPT,2,Library
213,10,GPT,GPT,2,Library
213,11,GPT,GPT,2,Library
213,12,GPT,GPT,2,Library
213,13,GPT,GPT,2,Library
214,0,GPT,GPT,2,Library
214,1,GPT,GPT,2,Library
214,2,GPT,GPT,2,Library
214,3,GPT,GPT,2,Library
214,4,GPT,GPT,2,Library
214,5,GPT,GPT,2,Library
214,6,GPT,GPT,2,Library
214,7,GPT,GPT,2,Library
214,8,GPT,GPT,2,Library
214,9,GPT,GPT,2,Library
214,10,GPT,GPT,2,Library
214,11,GPT,GPT,2,Library
214,12,GPT,GPT,2,Library
214,13,GPT,GPT,2,Library
214,14,GPT,GPT,2,Library
214,15,GPT,GPT,2,Library
214,16,GPT,GPT,2,Library
214,17,GPT,GPT,2,Library
214,18,GPT,GPT,2,Library
214,19,GPT,GPT,2,Library
214,20,GPT,GPT,2,Library
214,21,GPT,GPT,2,Library
214,22,GPT,GPT,2,Library
214,23,GPT,GPT,2,Library
214,24,GPT,GPT,2,Library
214,25,GPT,GPT,2,Library
216,0,Persona,Rational,1,Library
216,1,Persona,Rational,1,Library
216,2,Persona,Rational,1,Library
216,3,Persona,Rational,1,Library
216,4,Persona,Rational,1,Library
216,5,Persona,Rational,1,Library
216,6,Persona,Rational,1,Library
216,7,Persona,Rational,1,Library
216,8,Persona,Rational,1,Library
216,9,Persona,Rational,1,Library
216,10,Persona,Rational,1,Library
216,11,Persona,Rational,1,Library
216,12,Persona,Rational,1,Library
216,13,Persona,Rational,1,Library
216,14,Persona,Rational,1,Library
216,15,Persona,Rational,1,Library
217,0,Persona,Rational,1,Library
217,1,Persona,Rational,1,Library
217,2,Persona,Rational,1,Library
217,3,Persona,Rational,1,Library
217,4,Persona,Rational,1,Library
217,5,Persona,Rational,1,Library
217,6,Persona,Rational,1,Library
217,7,Persona,Rational,1,Library
217,8,Persona,Rational,1,Library
217,9,Persona,Rational,1,Library
217,10,Persona,Rational,1,Library
217,11,Persona,Rational,1,Library
217,12,Persona,Rational,1,Library
217,13,Persona,Rational,1,Library
218,0,Persona,Rational,1,Library
218,1,Persona,Rational,1,Library
218,2,Persona,Rational,1,Library
218,3,Persona,Rational,1,Library
218,4,Persona,Rational,1,Library
218,5,Persona,Rational,1,Library
218,6,Persona,Rational,1,Library
218,7,Persona,Rational,1,Library
218,8,Persona,Rational,1,Library
218,9,Persona,Rational,1,Library
218,10,Persona,Rational,1,Library
218,11,Persona,Rational,1,Library
219,0,Persona,Rational,1,Library
219,1,Persona,Rational,1,Library
219,2,Persona,Rational,1,Library
219,3,Persona,Rational,1,Library
219,4,Persona,Rational,1,Library
219,5,Persona,Rational,1,Library
219,6,Persona,Rational,1,Library
219,7,Persona,Rational,1,Library
219,8,Persona,Rational,1,Library
219,9,Persona,Rational,1,Library
219,10,Persona,Rational,1,Library
219,11,Persona,Rational,1,Library
219,12,Persona,Rational,1,Library
219,13,Persona,Rational,1,Library
219,14,Persona,Rational,1,Library
219,15,Persona,Rational,1,Library
219,16,Persona,Rational,1,Library
219,17,Persona,Rational,1,Library
219,18,Persona,Rational,1,Library
219,19,Persona,Rational,1,Library
219,20,Persona,Rational,1,Library
219,21,Persona,Rational,1,Library
219,22,Persona,Rational,1,Library
219,23,Persona,Rational,1,Library
220,0,Persona,Rational,1,Library
220,1,Persona,Rational,1,Library
220,2,Persona,Rational,1,Library
220,3,Persona,Rational,1,Library
220,4,Persona,Rational,1,Library
220,5,Persona,Rational,1,Library
220,6,Persona,Rational,1,Library
220,7,Persona,Rational,1,Library
220,8,Persona,Rational,1,Library
220,9,Persona,Rational,1,Library
220,10,Persona,Rational,1,Library
220,11,Persona,Rational,1,Library
220,12,Persona,Rational,1,Library
220,13,Persona,Rational,1,Library
220,14,Persona,Rational,1,Library
220,15,Persona,Rational,1,Library
220,16,Persona,Rational,1,Library
220,17,Persona,Rational,1,Library
221,0,Persona,Rational,1,Library
221,1,Persona,Rational,1,Library
221,2,Persona,Rational,1,Library
221,3,Persona,Rational,1,Library
221,4,Persona,Rational,1,Library
221,5,Persona,Rational,1,Library
221,6,Persona,Rational,1,Library
221,7,Persona,Rational,1,Library
221,8,Persona,Rational,1,Library
221,9,Persona,Rational,1,Library
221,10,Persona,Rational,1,Library
221,11,Persona,Rational,1,Library
221,12,Persona,Rational,1,Library
221,13,Persona,Rational,1,Library
221,14,Persona,Rational,1,Library
221,15,Persona,Rational,1,Library
221,16,Persona,Rational,1,Library
221,17,Persona,Rational,1,Library
221,18,Persona,Rational,1,Library
221,19,Persona,Rational,1,Library
221,20,Persona,Rational,1,Library
221,21,Persona,Rational,1,Library
221,22,Persona,Rational,1,Library
221,23,Persona,Rational,1,Library
222,0,Persona,Rational,1,Library
222,1,Persona,Rational,1,Library
222,2,Persona,Rational,1,Library
222,3,Persona,Rational,1,Library
222,4,Persona,Rational,1,Library
222,5,Persona,Rational,1,Library
222,6,Persona,Rational,1,Library
222,7,Persona,Rational,1,Library
223,0,Persona,Rational,1,Library
223,1,Persona,Rational,1,Library
223,2,Persona,Rational,1,Library
223,3,Persona,Rational,1,Library
223,4,Persona,Rational,1,Library
223,5,Persona,Rational,1,Library
223,6,Persona,Rational,1,Library
223,7,Persona,Rational,1,Library
223,8,Persona,Rational,1,Library
223,9,Persona,Rational,1,Library
223,10,Persona,Rational,1,Library
223,11,Persona,Rational,1,Library
223,12,Persona,Rational,1,Library
223,13,Persona,Rational,1,Library
224,0,Persona,Rational,1,Library
224,1,Persona,Rational,1,Library
224,2,Persona,Rational,1,Library
224,3,Persona,Rational,1,Library
224,4,Persona,Rational,1,Library
224,5,Persona,Rational,1,Library
224,6,Persona,Rational,1,Library
224,7,Persona,Rational,1,Library
224,8,Persona,Rational,1,Library
224,9,Persona,Rational,1,Library
224,10,Persona,Rational,1,Library
224,11,Persona,Rational,1,Library
224,12,Persona,Rational,1,Library
224,13,Persona,Rational,1,Library
224,14,Persona,Rational,1,Library
224,15,Persona,Rational,1,Library
224,16,Persona,Rational,1,Library
224,17,Persona,Rational,1,Library
224,18,Persona,Rational,1,Library
224,19,Persona,Rational,1,Library
224,20,Persona,Rational,1,Library
224,21,Persona,Rational,1,Library
224,22,Persona,Rational,1,Library
224,23,Persona,Rational,1,Library
224,24,Persona,Rational,1,Library
224,25,Persona,Rational,1,Library
224,26,Persona,Rational,1,Library
224,27,Persona,Rational,1,Library
224,28,Persona,Rational,1,Library
224,29,Persona,Rational,1,Library
226,0,GPT,GPT,2,Bicycle
226,1,GPT,GPT,2,Bicycle
226,2,GPT,GPT,2,Bicycle
226,3,GPT,GPT,2,Bicycle
226,4,GPT,GPT,2,Bicycle
226,5,GPT,GPT,2,Bicycle
226,6,GPT,GPT,2,Bicycle
226,7,GPT,GPT,2,Bicycle
226,8,GPT,GPT,2,Bicycle
226,9,GPT,GPT,2,Bicycle
226,10,GPT,GPT,2,Bicycle
226,11,GPT,GPT,2,Bicycle
227,0,GPT,GPT,2,Bicycle
227,1,GPT,GPT,2,Bicycle
227,2,GPT,GPT,2,Bicycle
227,3,GPT,GPT,2,Bicycle
227,4,GPT,GPT,2,Bicycle
227,5,GPT,GPT,2,Bicycle
227,6,GPT,GPT,2,Bicycle
227,7,GPT,GPT,2,Bicycle
227,8,GPT,GPT,2,Bicycle
227,9,GPT,GPT,2,Bicycle
227,10,GPT,GPT,2,Bicycle
227,11,GPT,GPT,2,Bicycle
227,12,GPT,GPT,2,Bicycle
227,13,GPT,GPT,2,Bicycle
227,14,GPT,GPT,2,Bicycle
227,15,GPT,GPT,2,Bicycle
227,16,GPT,GPT,2,Bicycle
227,17,GPT,GPT,2,Bicycle
227,18,GPT,GPT,2,Bicycle
227,19,GPT,GPT,2,Bicycle
229,0,GPT,GPT,2,Bicycle
229,1,GPT,GPT,2,Bicycle
229,2,GPT,GPT,2,Bicycle
229,3,GPT,GPT,2,Bicycle
229,4,GPT,GPT,2,Bicycle
229,5,GPT,GPT,2,Bicycle
229,6,GPT,GPT,2,Bicycle
229,7,GPT,GPT,2,Bicycle
229,8,GPT,GPT,2,Bicycle
229,9,GPT,GPT,2,Bicycle
229,10,GPT,GPT,2,Bicycle
229,11,GPT,GPT,2,Bicycle
229,12,GPT,GPT,2,Bicycle
229,13,GPT,GPT,2,Bicycle
229,14,GPT,GPT,2,Bicycle
229,15,GPT,GPT,2,Bicycle
229,16,GPT,GPT,2,Bicycle
229,17,GPT,GPT,2,Bicycle
230,0,GPT,GPT,2,Bicycle
230,1,GPT,GPT,2,Bicycle
230,2,GPT,GPT,2,Bicycle
230,3,GPT,GPT,2,Bicycle
230,4,GPT,GPT,2,Bicycle
230,5,GPT,GPT,2,Bicycle
230,6,GPT,GPT,2,Bicycle
230,7,GPT,GPT,2,Bicycle
231,0,GPT,GPT,2,Bicycle
231,1,GPT,GPT,2,Bicycle
231,2,GPT,GPT,2,Bicycle
231,3,GPT,GPT,2,Bicycle
231,4,GPT,GPT,2,Bicycle
231,5,GPT,GPT,2,Bicycle
231,6,GPT,GPT,2,Bicycle
231,7,GPT,GPT,2,Bicycle
231,8,GPT,GPT,2,Bicycle
231,9,GPT,GPT,2,Bicycle
231,10,GPT,GPT,2,Bicycle
231,11,GPT,GPT,2,Bicycle
231,12,GPT,GPT,2,Bicycle
231,13,GPT,GPT,2,Bicycle
231,14,GPT,GPT,2,Bicycle
231,15,GPT,GPT,2,Bicycle
232,0,GPT,GPT,2,Bicycle
232,1,GPT,GPT,2,Bicycle
232,2,GPT,GPT,2,Bicycle
232,3,GPT,GPT,2,Bicycle
232,4,GPT,GPT,2,Bicycle
232,5,GPT,GPT,2,Bicycle
232,6,GPT,GPT,2,Bicycle
232,7,GPT,GPT,2,Bicycle
232,8,GPT,GPT,2,Bicycle
232,9,GPT,GPT,2,Bicycle
233,0,GPT,GPT,2,Bicycle
233,1,GPT,GPT,2,Bicycle
233,2,GPT,GPT,2,Bicycle
233,3,GPT,GPT,2,Bicycle
233,4,GPT,GPT,2,Bicycle
233,5,GPT,GPT,2,Bicycle
233,6,GPT,GPT,2,Bicycle
233,7,GPT,GPT,2,Bicycle
233,8,GPT,GPT,2,Bicycle
233,9,GPT,GPT,2,Bicycle
234,0,GPT,GPT,2,Bicycle
234,1,GPT,GPT,2,Bicycle
234,2,GPT,GPT,2,Bicycle
234,3,GPT,GPT,2,Bicycle
234,4,GPT,GPT,2,Bicycle
234,5,GPT,GPT,2,Bicycle
234,6,GPT,GPT,2,Bicycle
234,7,GPT,GPT,2,Bicycle
234,8,GPT,GPT,2,Bicycle
234,9,GPT,GPT,2,Bicycle
234,10,GPT,GPT,2,Bicycle
234,11,GPT,GPT,2,Bicycle
234,12,GPT,GPT,2,Bicycle
234,13,GPT,GPT,2,Bicycle
234,14,GPT,GPT,2,Bicycle
234,15,GPT,GPT,2,Bicycle
236,0,GPT,GPT,2,Bicycle
236,1,GPT,GPT,2,Bicycle
236,2,GPT,GPT,2,Bicycle
236,3,GPT,GPT,2,Bicycle
236,4,GPT,GPT,2,Bicycle
236,5,GPT,GPT,2,Bicycle
236,6,GPT,GPT,2,Bicycle
236,7,GPT,GPT,2,Bicycle
236,8,GPT,GPT,2,Bicycle
236,9,GPT,GPT,2,Bicycle
236,10,GPT,GPT,2,Bicycle
236,11,GPT,GPT,2,Bicycle
236,12,GPT,GPT,2,Bicycle
236,13,GPT,GPT,2,Bicycle
236,14,GPT,GPT,2,Bicycle
236,15,GPT,GPT,2,Bicycle
236,16,GPT,GPT,2,Bicycle
236,17,GPT,GPT,2,Bicycle
236,18,GPT,GPT,2,Bicycle
236,19,GPT,GPT,2,Bicycle
236,20,GPT,GPT,2,Bicycle
236,21,GPT,GPT,2,Bicycle
236,22,GPT,GPT,2,Bicycle
236,23,GPT,GPT,2,Bicycle
241,0,GPT,GPT,1,Bicycle
241,1,GPT,GPT,1,Bicycle
241,2,GPT,GPT,1,Bicycle
241,3,GPT,GPT,1,Bicycle
241,4,GPT,GPT,1,Bicycle
241,5,GPT,GPT,1,Bicycle
241,6,GPT,GPT,1,Bicycle
241,7,GPT,GPT,1,Bicycle
241,8,GPT,GPT,1,Bicycle
241,9,GPT,GPT,1,Bicycle
241,10,GPT,GPT,1,Bicycle
241,11,GPT,GPT,1,Bicycle
241,12,GPT,GPT,1,Bicycle
241,13,GPT,GPT,1,Bicycle
241,14,GPT,GPT,1,Bicycle
241,15,GPT,GPT,1,Bicycle
241,16,GPT,GPT,1,Bicycle
241,17,GPT,GPT,1,Bicycle
244,0,GPT,GPT,1,Bicycle
244,1,GPT,GPT,1,Bicycle
244,2,GPT,GPT,1,Bicycle
244,3,GPT,GPT,1,Bicycle
244,4,GPT,GPT,1,Bicycle
244,5,GPT,GPT,1,Bicycle
244,6,GPT,GPT,1,Bicycle
244,7,GPT,GPT,1,Bicycle
244,8,GPT,GPT,1,Bicycle
244,9,GPT,GPT,1,Bicycle
244,10,GPT,GPT,1,Bicycle
244,11,GPT,GPT,1,Bicycle
244,12,GPT,GPT,1,Bicycle
244,13,GPT,GPT,1,Bicycle
261,0,Persona,Divergent,2,Library
261,1,Persona,Divergent,2,Library
261,2,Persona,Divergent,2,Library
261,3,Persona,Divergent,2,Library
261,4,Persona,Divergent,2,Library
261,5,Persona,Divergent,2,Library
261,6,Persona,Divergent,2,Library
261,7,Persona,Divergent,2,Library
261,8,Persona,Divergent,2,Library
261,9,Persona,Divergent,2,Library
279,0,Persona,Divergent,2,Library
279,1,Persona,Divergent,2,Library
279,2,Persona,Divergent,2,Library
279,3,Persona,Divergent,2,Library
279,4,Persona,Divergent,2,Library
279,5,Persona,Divergent,2,Library
279,6,Persona,Divergent,2,Library
279,7,Persona,Divergent,2,Library
279,8,Persona,Divergent,2,Library
279,9,Persona,Divergent,2,Library
295,0,Persona,Divergent,1,Library
295,1,Persona,Divergent,1,Library
295,2,Persona,Divergent,1,Library
295,3,Persona,Divergent,1,Library
295,4,Persona,Divergent,1,Library
295,5,Persona,Divergent,1,Library
295,6,Persona,Divergent,1,Library
295,7,Persona,Divergent,1,Library
295,8,Persona,Divergent,1,Library
295,9,Persona,Divergent,1,Library
295,10,Persona,Divergent,1,Library
295,11,Persona,Divergent,1,Library
296,0,Persona,Divergent,1,Library
296,1,Persona,Divergent,1,Library
296,2,Persona,Divergent,1,Library
296,3,Persona,Divergent,1,Library
296,4,Persona,Divergent,1,Library
296,5,Persona,Divergent,1,Library
296,6,Persona,Divergent,1,Library
296,7,Persona,Divergent,1,Library
296,8,Persona,Divergent,1,Library
296,9,Persona,Divergent,1,Library
296,10,Persona,Divergent,1,Library
296,11,Persona,Divergent,1,Library
296,12,Persona,Divergent,1,Library
296,13,Persona,Divergent,1,Library
296,14,Persona,Divergent,1,Library
296,15,Persona,Divergent,1,Library
296,16,Persona,Divergent,1,Library
296,17,Persona,Divergent,1,Library
296,18,Persona,Divergent,1,Library
296,19,Persona,Divergent,1,Library
297,0,Persona,Divergent,1,Library
297,1,Persona,Divergent,1,Library
297,2,Persona,Divergent,1,Library
297,3,Persona,Divergent,1,Library
297,4,Persona,Divergent,1,Library
297,5,Persona,Divergent,1,Library
297,6,Persona,Divergent,1,Library
297,7,Persona,Divergent,1,Library
297,8,Persona,Divergent,1,Library
297,9,Persona,Divergent,1,Library
297,10,Persona,Divergent,1,Library
297,11,Persona,Divergent,1,Library
297,12,Persona,Divergent,1,Library
297,13,Persona,Divergent,1,Library
297,14,Persona,Divergent,1,Library
297,15,Persona,Divergent,1,Library
297,16,Persona,Divergent,1,Library
297,17,Persona,Divergent,1,Library
298,0,Persona,Divergent,1,Library
298,1,Persona,Divergent,1,Library
298,2,Persona,Divergent,1,Library
298,3,Persona,Divergent,1,Library
298,4,Persona,Divergent,1,Library
298,5,Persona,Divergent,1,Library
298,6,Persona,Divergent,1,Library
298,7,Persona,Divergent,1,Library
298,8,Persona,Divergent,1,Library
298,9,Persona,Divergent,1,Library
298,10,Persona,Divergent,1,Library
298,11,Persona,Divergent,1,Library
298,12,Persona,Divergent,1,Library
298,13,Persona,Divergent,1,Library
298,14,Persona,Divergent,1,Library
298,15,Persona,Divergent,1,Library
298,16,Persona,Divergent,1,Library
298,17,Persona,Divergent,1,Library
299,0,Persona,Divergent,1,Library
299,1,Persona,Divergent,1,Library
299,2,Persona,Divergent,1,Library
299,3,Persona,Divergent,1,Library
299,4,Persona,Divergent,1,Library
299,5,Persona,Divergent,1,Library
299,6,Persona,Divergent,1,Library
299,7,Persona,Divergent,1,Library
299,8,Persona,Divergent,1,Library
299,9,Persona,Divergent,1,Library
299,10,Persona,Divergent,1,Library
299,11,Persona,Divergent,1,Library
299,12,Persona,Divergent,1,Library
299,13,Persona,Divergent,1,Library
299,14,Persona,Divergent,1,Library
299,15,Persona,Divergent,1,Library
299,16,Persona,Divergent,1,Library
299,17,Persona,Divergent,1,Library
300,0,Persona,Divergent,1,Library
300,1,Persona,Divergent,1,Library
300,2,Persona,Divergent,1,Library
300,3,Persona,Divergent,1,Library
300,4,Persona,Divergent,1,Library
300,5,Persona,Divergent,1,Library
300,6,Persona,Divergent,1,Library
300,7,Persona,Divergent,1,Library
300,8,Persona,Divergent,1,Library
300,9,Persona,Divergent,1,Library
300,10,Persona,Divergent,1,Library
300,11,Persona,Divergent,1,Library
300,12,Persona,Divergent,1,Library
300,13,Persona,Divergent,1,Library
300,14,Persona,Divergent,1,Library
300,15,Persona,Divergent,1,Library
300,16,Persona,Divergent,1,Library
300,17,Persona,Divergent,1,Library
300,18,Persona,Divergent,1,Library
300,19,Persona,Divergent,1,Library
301,0,Persona,Divergent,1,Library
301,1,Persona,Divergent,1,Library
301,2,Persona,Divergent,1,Library
301,3,Persona,Divergent,1,Library
301,4,Persona,Divergent,1,Library
301,5,Persona,Divergent,1,Library
301,6,Persona,Divergent,1,Library
301,7,Persona,Divergent,1,Library
301,8,Persona,Divergent,1,Library
301,9,Persona,Divergent,1,Library
301,10,Persona,Divergent,1,Library
301,11,Persona,Divergent,1,Library
303,0,GPT,GPT,2,Bicycle
303,1,GPT,GPT,2,Bicycle
303,2,GPT,GPT,2,Bicycle
303,3,GPT,GPT,2,Bicycle
303,4,GPT,GPT,2,Bicycle
303,5,GPT,GPT,2,Bicycle
303,6,GPT,GPT,2,Bicycle
303,7,GPT,GPT,2,Bicycle
303,8,GPT,GPT,2,Bicycle
303,9,GPT,GPT,2,Bicycle
303,10,GPT,GPT,2,Bicycle
303,11,GPT,GPT,2,Bicycle
303,12,GPT,GPT,2,Bicycle
303,13,GPT,GPT,2,Bicycle
303,14,GPT,GPT,2,Bicycle
303,15,GPT,GPT,2,Bicycle
303,16,GPT,GPT,2,Bicycle
303,17,GPT,GPT,2,Bicycle
303,18,GPT,GPT,2,Bicycle
303,19,GPT,GPT,2,Bicycle
304,0,GPT,GPT,2,Bicycle
304,1,GPT,GPT,2,Bicycle
304,2,GPT,GPT,2,Bicycle
304,3,GPT,GPT,2,Bicycle
304,4,GPT,GPT,2,Bicycle
304,5,GPT,GPT,2,Bicycle
304,6,GPT,GPT,2,Bicycle
304,7,GPT,GPT,2,Bicycle
304,8,GPT,GPT,2,Bicycle
304,9,GPT,GPT,2,Bicycle
304,10,GPT,GPT,2,Bicycle
304,11,GPT,GPT,2,Bicycle
304,12,GPT,GPT,2,Bicycle
304,13,GPT,GPT,2,Bicycle
304,14,GPT,GPT,2,Bicycle
304,15,GPT,GPT,2,Bicycle
304,16,GPT,GPT,2,Bicycle
304,17,GPT,GPT,2,Bicycle
304,18,GPT,GPT,2,Bicycle
304,19,GPT,GPT,2,Bicycle
304,20,GPT,GPT,2,Bicycle
304,21,GPT,GPT,2,Bicycle
304,22,GPT,GPT,2,Bicycle
304,23,GPT,GPT,2,Bicycle
304,24,GPT,GPT,2,Bicycle
304,25,GPT,GPT,2,Bicycle
304,26,GPT,GPT,2,Bicycle
304,27,GPT,GPT,2,Bicycle
304,28,GPT,GPT,2,Bicycle
304,29,GPT,GPT,2,Bicycle
304,30,GPT,GPT,2,Bicycle
304,31,GPT,GPT,2,Bicycle
305,0,GPT,GPT,2,Bicycle
305,1,GPT,GPT,2,Bicycle
305,2,GPT,GPT,2,Bicycle
305,3,GPT,GPT,2,Bicycle
305,4,GPT,GPT,2,Bicycle
305,5,GPT,GPT,2,Bicycle
305,6,GPT,GPT,2,Bicycle
305,7,GPT,GPT,2,Bicycle
305,8,GPT,GPT,2,Bicycle
305,9,GPT,GPT,2,Bicycle
305,10,GPT,GPT,2,Bicycle
305,11,GPT,GPT,2,Bicycle
305,12,GPT,GPT,2,Bicycle
305,13,GPT,GPT,2,Bicycle
305,14,GPT,GPT,2,Bicycle
305,15,GPT,GPT,2,Bicycle
305,16,GPT,GPT,2,Bicycle
305,17,GPT,GPT,2,Bicycle
305,18,GPT,GPT,2,Bicycle
305,19,GPT,GPT,2,Bicycle
306,0,GPT,GPT,2,Bicycle
306,1,GPT,GPT,2,Bicycle
306,2,GPT,GPT,2,Bicycle
306,3,GPT,GPT,2,Bicycle
306,4,GPT,GPT,2,Bicycle
306,5,GPT,GPT,2,Bicycle
306,6,GPT,GPT,2,Bicycle
306,7,GPT,GPT,2,Bicycle
306,8,GPT,GPT,2,Bicycle
306,9,GPT,GPT,2,Bicycle
306,10,GPT,GPT,2,Bicycle
306,11,GPT,GPT,2,Bicycle
306,12,GPT,GPT,2,Bicycle
306,13,GPT,GPT,2,Bicycle
306,14,GPT,GPT,2,Bicycle
306,15,GPT,GPT,2,Bicycle
306,16,GPT,GPT,2,Bicycle
306,17,GPT,GPT,2,Bicycle
306,18,GPT,GPT,2,Bicycle
306,19,GPT,GPT,2,Bicycle
307,0,GPT,GPT,2,Bicycle
307,1,GPT,GPT,2,Bicycle
307,2,GPT,GPT,2,Bicycle
307,3,GPT,GPT,2,Bicycle
307,4,GPT,GPT,2,Bicycle
307,5,GPT,GPT,2,Bicycle
307,6,GPT,GPT,2,Bicycle
307,7,GPT,GPT,2,Bicycle
307,8,GPT,GPT,2,Bicycle
307,9,GPT,GPT,2,Bicycle
307,10,GPT,GPT,2,Bicycle
307,11,GPT,GPT,2,Bicycle
307,12,GPT,GPT,2,Bicycle
307,13,GPT,GPT,2,Bicycle
307,14,GPT,GPT,2,Bicycle
307,15,GPT,GPT,2,Bicycle
307,16,GPT,GPT,2,Bicycle
307,17,GPT,GPT,2,Bicycle
307,18,GPT,GPT,2,Bicycle
307,19,GPT,GPT,2,Bicycle
307,20,GPT,GPT,2,Bicycle
307,21,GPT,GPT,2,Bicycle
308,0,GPT,GPT,2,Bicycle
308,1,GPT,GPT,2,Bicycle
308,2,GPT,GPT,2,Bicycle
308,3,GPT,GPT,2,Bicycle
308,4,GPT,GPT,2,Bicycle
308,5,GPT,GPT,2,Bicycle
308,6,GPT,GPT,2,Bicycle
308,7,GPT,GPT,2,Bicycle
308,8,GPT,GPT,2,Bicycle
308,9,GPT,GPT,2,Bicycle
308,10,GPT,GPT,2,Bicycle
308,11,GPT,GPT,2,Bicycle
308,12,GPT,GPT,2,Bicycle
308,13,GPT,GPT,2,Bicycle
308,14,GPT,GPT,2,Bicycle
308,15,GPT,GPT,2,Bicycle
308,16,GPT,GPT,2,Bicycle
308,17,GPT,GPT,2,Bicycle
308,18,GPT,GPT,2,Bicycle
308,19,GPT,GPT,2,Bicycle
308,20,GPT,GPT,2,Bicycle
308,21,GPT,GPT,2,Bicycle
308,22,GPT,GPT,2,Bicycle
308,23,GPT,GPT,2,Bicycle
308,24,GPT,GPT,2,Bicycle
308,25,GPT,GPT,2,Bicycle
309,0,GPT,GPT,2,Bicycle
309,1,GPT,GPT,2,Bicycle
309,2,GPT,GPT,2,Bicycle
309,3,GPT,GPT,2,Bicycle
309,4,GPT,GPT,2,Bicycle
309,5,GPT,GPT,2,Bicycle
309,6,GPT,GPT,2,Bicycle
309,7,GPT,GPT,2,Bicycle
309,8,GPT,GPT,2,Bicycle
309,9,GPT,GPT,2,Bicycle
309,10,GPT,GPT,2,Bicycle
309,11,GPT,GPT,2,Bicycle
309,12,GPT,GPT,2,Bicycle
309,13,GPT,GPT,2,Bicycle
309,14,GPT,GPT,2,Bicycle
309,15,GPT,GPT,2,Bicycle
309,16,GPT,GPT,2,Bicycle
309,17,GPT,GPT,2,Bicycle
311,0,Persona,Convergent,1,Bicycle
311,1,Persona,Convergent,1,Bicycle
311,2,Persona,Convergent,1,Bicycle
311,3,Persona,Convergent,1,Bicycle
311,4,Persona,Convergent,1,Bicycle
311,5,Persona,Convergent,1,Bicycle
311,6,Persona,Convergent,1,Bicycle
311,7,Persona,Convergent,1,Bicycle
311,8,Persona,Convergent,1,Bicycle
311,9,Persona,Convergent,1,Bicycle
311,10,Persona,Convergent,1,Bicycle
311,11,Persona,Convergent,1,Bicycle
313,0,Persona,Convergent,1,Bicycle
313,1,Persona,Convergent,1,Bicycle
313,2,Persona,Convergent,1,Bicycle
313,3,Persona,Convergent,1,Bicycle
313,4,Persona,Convergent,1,Bicycle
313,5,Persona,Convergent,1,Bicycle
313,6,Persona,Convergent,1,Bicycle
313,7,Persona,Convergent,1,Bicycle
313,8,Persona,Convergent,1,Bicycle
313,9,Persona,Convergent,1,Bicycle
313,10,Persona,Convergent,1,Bicycle
313,11,Persona,Convergent,1,Bicycle
313,12,Persona,Convergent,1,Bicycle
313,13,Persona,Convergent,1,Bicycle
314,0,Persona,Convergent,1,Bicycle
314,1,Persona,Convergent,1,Bicycle
314,2,Persona,Convergent,1,Bicycle
314,3,Persona,Convergent,1,Bicycle
314,4,Persona,Convergent,1,Bicycle
314,5,Persona,Convergent,1,Bicycle
314,6,Persona,Convergent,1,Bicycle
314,7,Persona,Convergent,1,Bicycle
314,8,Persona,Convergent,1,Bicycle
314,9,Persona,Convergent,1,Bicycle
314,10,Persona,Convergent,1,Bicycle
314,11,Persona,Convergent,1,Bicycle
314,12,Persona,Convergent,1,Bicycle
314,13,Persona,Convergent,1,Bicycle
314,14,Persona,Convergent,1,Bicycle
314,15,Persona,Convergent,1,Bicycle
314,16,Persona,Convergent,1,Bicycle
314,17,Persona,Convergent,1,Bicycle
315,0,Persona,Convergent,1,Bicycle
315,1,Persona,Convergent,1,Bicycle
315,2,Persona,Convergent,1,Bicycle
315,3,Persona,Convergent,1,Bicycle
315,4,Persona,Convergent,1,Bicycle
315,5,Persona,Convergent,1,Bicycle
315,6,Persona,Convergent,1,Bicycle
315,7,Persona,Convergent,1,Bicycle
315,8,Persona,Convergent,1,Bicycle
315,9,Persona,Convergent,1,Bicycle
315,10,Persona,Convergent,1,Bicycle
315,11,Persona,Convergent,1,Bicycle
315,12,Persona,Convergent,1,Bicycle
315,13,Persona,Convergent,1,Bicycle
315,14,Persona,Convergent,1,Bicycle
315,15,Persona,Convergent,1,Bicycle
315,16,Persona,Convergent,1,Bicycle
315,17,Persona,Convergent,1,Bicycle
315,18,Persona,Convergent,1,Bicycle
315,19,Persona,Convergent,1,Bicycle
315,20,Persona,Convergent,1,Bicycle
315,21,Persona,Convergent,1,Bicycle
316,0,Persona,Convergent,1,Bicycle
316,1,Persona,Convergent,1,Bicycle
316,2,Persona,Convergent,1,Bicycle
316,3,Persona,Convergent,1,Bicycle
316,4,Persona,Convergent,1,Bicycle
316,5,Persona,Convergent,1,Bicycle
316,6,Persona,Convergent,1,Bicycle
316,7,Persona,Convergent,1,Bicycle
316,8,Persona,Convergent,1,Bicycle
316,9,Persona,Convergent,1,Bicycle
316,10,Persona,Convergent,1,Bicycle
316,11,Persona,Convergent,1,Bicycle
316,12,Persona,Convergent,1,Bicycle
316,13,Persona,Convergent,1,Bicycle
316,14,Persona,Convergent,1,Bicycle
316,15,Persona,Convergent,1,Bicycle
318,0,Persona,Convergent,1,Bicycle
318,1,Persona,Convergent,1,Bicycle
318,2,Persona,Convergent,1,Bicycle
318,3,Persona,Convergent,1,Bicycle
318,4,Persona,Convergent,1,Bicycle
318,5,Persona,Convergent,1,Bicycle
318,6,Persona,Convergent,1,Bicycle
318,7,Persona,Convergent,1,Bicycle
319,0,Persona,Convergent,1,Bicycle
319,1,Persona,Convergent,1,Bicycle
319,2,Persona,Convergent,1,Bicycle
319,3,Persona,Convergent,1,Bicycle
319,4,Persona,Convergent,1,Bicycle
319,5,Persona,Convergent,1,Bicycle
319,6,Persona,Convergent,1,Bicycle
319,7,Persona,Convergent,1,Bicycle
319,8,Persona,Convergent,1,Bicycle
319,9,Persona,Convergent,1,Bicycle
319,10,Persona,Convergent,1,Bicycle
319,11,Persona,Convergent,1,Bicycle
320,0,GPT,GPT,2,Library
320,1,GPT,GPT,2,Library
320,2,GPT,GPT,2,Library
320,3,GPT,GPT,2,Library
320,4,GPT,GPT,2,Library
320,5,GPT,GPT,2,Library
320,6,GPT,GPT,2,Library
320,7,GPT,GPT,2,Library
320,8,GPT,GPT,2,Library
320,9,GPT,GPT,2,Library
321,0,GPT,GPT,2,Library
321,1,GPT,GPT,2,Library
321,2,GPT,GPT,2,Library
321,3,GPT,GPT,2,Library
321,4,GPT,GPT,2,Library
321,5,GPT,GPT,2,Library
321,6,GPT,GPT,2,Library
321,7,GPT,GPT,2,Library
321,8,GPT,GPT,2,Library
321,9,GPT,GPT,2,Library
321,10,GPT,GPT,2,Library
321,11,GPT,GPT,2,Library
323,0,GPT,GPT,2,Library
323,1,GPT,GPT,2,Library
323,2,GPT,GPT,2,Library
323,3,GPT,GPT,2,Library
323,4,GPT,GPT,2,Library
323,5,GPT,GPT,2,Library
323,6,GPT,GPT,2,Library
323,7,GPT,GPT,2,Library
323,8,GPT,GPT,2,Library
323,9,GPT,GPT,2,Library
323,10,GPT,GPT,2,Library
323,11,GPT,GPT,2,Library
323,12,GPT,GPT,2,Library
323,13,GPT,GPT,2,Library
323,14,GPT,GPT,2,Library
323,15,GPT,GPT,2,Library
323,16,GPT,GPT,2,Library
323,17,GPT,GPT,2,Library
324,0,GPT,GPT,2,Library
324,1,GPT,GPT,2,Library
324,2,GPT,GPT,2,Library
324,3,GPT,GPT,2,Library
324,4,GPT,GPT,2,Library
324,5,GPT,GPT,2,Library
324,6,GPT,GPT,2,Library
324,7,GPT,GPT,2,Library
324,8,GPT,GPT,2,Library
324,9,GPT,GPT,2,Library
324,10,GPT,GPT,2,Library
324,11,GPT,GPT,2,Library
324,12,GPT,GPT,2,Library
324,13,GPT,GPT,2,Library
324,14,GPT,GPT,2,Library
324,15,GPT,GPT,2,Library
325,0,GPT,GPT,2,Library
325,1,GPT,GPT,2,Library
325,2,GPT,GPT,2,Library
325,3,GPT,GPT,2,Library
325,4,GPT,GPT,2,Library
325,5,GPT,GPT,2,Library
325,6,GPT,GPT,2,Library
325,7,GPT,GPT,2,Library
325,8,GPT,GPT,2,Library
325,9,GPT,GPT,2,Library
325,10,GPT,GPT,2,Library
325,11,GPT,GPT,2,Library
325,12,GPT,GPT,2,Library
325,13,GPT,GPT,2,Library
325,14,GPT,GPT,2,Library
325,15,GPT,GPT,2,Library
326,0,GPT,GPT,2,Library
326,1,GPT,GPT,2,Library
326,2,GPT,GPT,2,Library
326,3,GPT,GPT,2,Library
326,4,GPT,GPT,2,Library
326,5,GPT,GPT,2,Library
326,6,GPT,GPT,2,Library
326,7,GPT,GPT,2,Library
326,8,GPT,GPT,2,Library
326,9,GPT,GPT,2,Library
326,10,GPT,GPT,2,Library
326,11,GPT,GPT,2,Library
326,12,GPT,GPT,2,Library
326,13,GPT,GPT,2,Library
327,0,GPT,GPT,2,Library
327,1,GPT,GPT,2,Library
327,2,GPT,GPT,2,Library
327,3,GPT,GPT,2,Library
327,4,GPT,GPT,2,Library
327,5,GPT,GPT,2,Library
327,6,GPT,GPT,2,Library
327,7,GPT,GPT,2,Library
327,8,GPT,GPT,2,Library
327,9,GPT,GPT,2,Library
327,10,GPT,GPT,2,Library
327,11,GPT,GPT,2,Library
327,12,GPT,GPT,2,Library
327,13,GPT,GPT,2,Library
327,14,GPT,GPT,2,Library
327,15,GPT,GPT,2,Library
328,0,GPT,GPT,1,Bicycle
328,1,GPT,GPT,1,Bicycle
328,2,GPT,GPT,1,Bicycle
328,3,GPT,GPT,1,Bicycle
328,4,GPT,GPT,1,Bicycle
328,5,GPT,GPT,1,Bicycle
328,6,GPT,GPT,1,Bicycle
328,7,GPT,GPT,1,Bicycle
328,8,GPT,GPT,1,Bicycle
328,9,GPT,GPT,1,Bicycle
328,10,GPT,GPT,1,Bicycle
328,11,GPT,GPT,1,Bicycle
328,12,GPT,GPT,1,Bicycle
328,13,GPT,GPT,1,Bicycle
329,0,GPT,GPT,1,Bicycle
329,1,GPT,GPT,1,Bicycle
329,2,GPT,GPT,1,Bicycle
329,3,GPT,GPT,1,Bicycle
329,4,GPT,GPT,1,Bicycle
329,5,GPT,GPT,1,Bicycle
329,6,GPT,GPT,1,Bicycle
329,7,GPT,GPT,1,Bicycle
329,8,GPT,GPT,1,Bicycle
329,9,GPT,GPT,1,Bicycle
329,10,GPT,GPT,1,Bicycle
329,11,GPT,GPT,1,Bicycle
329,12,GPT,GPT,1,Bicycle
329,13,GPT,GPT,1,Bicycle
329,14,GPT,GPT,1,Bicycle
329,15,GPT,GPT,1,Bicycle
329,16,GPT,GPT,1,Bicycle
329,17,GPT,GPT,1,Bicycle
329,18,GPT,GPT,1,Bicycle
329,19,GPT,GPT,1,Bicycle
329,20,GPT,GPT,1,Bicycle
329,21,GPT,GPT,1,Bicycle
329,22,GPT,GPT,1,Bicycle
329,23,GPT,GPT,1,Bicycle
329,24,GPT,GPT,1,Bicycle
329,25,GPT,GPT,1,Bicycle
330,0,GPT,GPT,1,Bicycle
330,1,GPT,GPT,1,Bicycle
330,2,GPT,GPT,1,Bicycle
330,3,GPT,GPT,1,Bicycle
330,4,GPT,GPT,1,Bicycle
330,5,GPT,GPT,1,Bicycle
330,6,GPT,GPT,1,Bicycle
330,7,GPT,GPT,1,Bicycle
330,8,GPT,GPT,1,Bicycle
330,9,GPT,GPT,1,Bicycle
330,10,GPT,GPT,1,Bicycle
330,11,GPT,GPT,1,Bicycle
332,0,GPT,GPT,1,Bicycle
332,1,GPT,GPT,1,Bicycle
332,2,GPT,GPT,1,Bicycle
332,3,GPT,GPT,1,Bicycle
332,4,GPT,GPT,1,Bicycle
332,5,GPT,GPT,1,Bicycle
332,6,GPT,GPT,1,Bicycle
332,7,GPT,GPT,1,Bicycle
332,8,GPT,GPT,1,Bicycle
332,9,GPT,GPT,1,Bicycle
332,10,GPT,GPT,1,Bicycle
332,11,GPT,GPT,1,Bicycle
332,12,GPT,GPT,1,Bicycle
332,13,GPT,GPT,1,Bicycle
332,14,GPT,GPT,1,Bicycle
332,15,GPT,GPT,1,Bicycle
332,16,GPT,GPT,1,Bicycle
332,17,GPT,GPT,1,Bicycle
332,18,GPT,GPT,1,Bicycle
332,19,GPT,GPT,1,Bicycle
332,20,GPT,GPT,1,Bicycle
332,21,GPT,GPT,1,Bicycle
333,0,GPT,GPT,1,Bicycle
333,1,GPT,GPT,1,Bicycle
333,2,GPT,GPT,1,Bicycle
333,3,GPT,GPT,1,Bicycle
333,4,GPT,GPT,1,Bicycle
333,5,GPT,GPT,1,Bicycle
333,6,GPT,GPT,1,Bicycle
333,7,GPT,GPT,1,Bicycle
333,8,GPT,GPT,1,Bicycle
333,9,GPT,GPT,1,Bicycle
333,10,GPT,GPT,1,Bicycle
333,11,GPT,GPT,1,Bicycle
333,12,GPT,GPT,1,Bicycle
333,13,GPT,GPT,1,Bicycle
333,14,GPT,GPT,1,Bicycle
333,15,GPT,GPT,1,Bicycle
333,16,GPT,GPT,1,Bicycle
333,17,GPT,GPT,1,Bicycle
334,0,GPT,GPT,1,Bicycle
334,1,GPT,GPT,1,Bicycle
334,2,GPT,GPT,1,Bicycle
334,3,GPT,GPT,1,Bicycle
334,4,GPT,GPT,1,Bicycle
334,5,GPT,GPT,1,Bicycle
334,6,GPT,GPT,1,Bicycle
334,7,GPT,GPT,1,Bicycle
334,8,GPT,GPT,1,Bicycle
334,9,GPT,GPT,1,Bicycle
334,10,GPT,GPT,1,Bicycle
334,11,GPT,GPT,1,Bicycle
334,12,GPT,GPT,1,Bicycle
334,13,GPT,GPT,1,Bicycle
334,14,GPT,GPT,1,Bicycle
334,15,GPT,GPT,1,Bicycle
334,16,GPT,GPT,1,Bicycle
334,17,GPT,GPT,1,Bicycle
334,18,GPT,GPT,1,Bicycle
334,19,GPT,GPT,1,Bicycle
335,0,GPT,GPT,1,Bicycle
335,1,GPT,GPT,1,Bicycle
335,2,GPT,GPT,1,Bicycle
335,3,GPT,GPT,1,Bicycle
335,4,GPT,GPT,1,Bicycle
335,5,GPT,GPT,1,Bicycle
335,6,GPT,GPT,1,Bicycle
335,7,GPT,GPT,1,Bicycle
335,8,GPT,GPT,1,Bicycle
335,9,GPT,GPT,1,Bicycle
335,10,GPT,GPT,1,Bicycle
335,11,GPT,GPT,1,Bicycle
336,0,GPT,GPT,1,Bicycle
336,1,GPT,GPT,1,Bicycle
336,2,GPT,GPT,1,Bicycle
336,3,GPT,GPT,1,Bicycle
336,4,GPT,GPT,1,Bicycle
336,5,GPT,GPT,1,Bicycle
336,6,GPT,GPT,1,Bicycle
336,7,GPT,GPT,1,Bicycle
336,8,GPT,GPT,1,Bicycle
336,9,GPT,GPT,1,Bicycle
336,10,GPT,GPT,1,Bicycle
336,11,GPT,GPT,1,Bicycle
336,12,GPT,GPT,1,Bicycle
336,13,GPT,GPT,1,Bicycle
336,14,GPT,GPT,1,Bicycle
336,15,GPT,GPT,1,Bicycle
336,16,GPT,GPT,1,Bicycle
336,17,GPT,GPT,1,Bicycle
336,18,GPT,GPT,1,Bicycle
336,19,GPT,GPT,1,Bicycle
336,20,GPT,GPT,1,Bicycle
336,21,GPT,GPT,1,Bicycle
336,22,GPT,GPT,1,Bicycle
336,23,GPT,GPT,1,Bicycle
336,24,GPT,GPT,1,Bicycle
336,25,GPT,GPT,1,Bicycle
336,26,GPT,GPT,1,Bicycle
336,27,GPT,GPT,1,Bicycle
337,0,GPT,GPT,1,Bicycle
337,1,GPT,GPT,1,Bicycle
337,2,GPT,GPT,1,Bicycle
337,3,GPT,GPT,1,Bicycle
337,4,GPT,GPT,1,Bicycle
337,5,GPT,GPT,1,Bicycle
337,6,GPT,GPT,1,Bicycle
337,7,GPT,GPT,1,Bicycle
337,8,GPT,GPT,1,Bicycle
337,9,GPT,GPT,1,Bicycle
337,10,GPT,GPT,1,Bicycle
337,11,GPT,GPT,1,Bicycle
337,12,GPT,GPT,1,Bicycle
337,13,GPT,GPT,1,Bicycle
337,14,GPT,GPT,1,Bicycle
337,15,GPT,GPT,1,Bicycle
337,16,GPT,GPT,1,Bicycle
337,17,GPT,GPT,1,Bicycle
337,18,GPT,GPT,1,Bicycle
337,19,GPT,GPT,1,Bicycle
338,0,GPT,GPT,1,Bicycle
338,1,GPT,GPT,1,Bicycle
338,2,GPT,GPT,1,Bicycle
338,3,GPT,GPT,1,Bicycle
338,4,GPT,GPT,1,Bicycle
338,5,GPT,GPT,1,Bicycle
338,6,GPT,GPT,1,Bicycle
338,7,GPT,GPT,1,Bicycle
338,8,GPT,GPT,1,Bicycle
338,9,GPT,GPT,1,Bicycle
338,10,GPT,GPT,1,Bicycle
338,11,GPT,GPT,1,Bicycle
338,12,GPT,GPT,1,Bicycle
338,13,GPT,GPT,1,Bicycle
338,14,GPT,GPT,1,Bicycle
338,15,GPT,GPT,1,Bicycle
338,16,GPT,GPT,1,Bicycle
338,17,GPT,GPT,1,Bicycle
338,18,GPT,GPT,1,Bicycle
338,19,GPT,GPT,1,Bicycle
339,0,GPT,GPT,1,Bicycle
339,1,GPT,GPT,1,Bicycle
339,2,GPT,GPT,1,Bicycle
339,3,GPT,GPT,1,Bicycle
339,4,GPT,GPT,1,Bicycle
339,5,GPT,GPT,1,Bicycle
339,6,GPT,GPT,1,Bicycle
339,7,GPT,GPT,1,Bicycle
339,8,GPT,GPT,1,Bicycle
339,9,GPT,GPT,1,Bicycle
339,10,GPT,GPT,1,Bicycle
339,11,GPT,GPT,1,Bicycle
339,12,GPT,GPT,1,Bicycle
339,13,GPT,GPT,1,Bicycle
339,14,GPT,GPT,1,Bicycle
339,15,GPT,GPT,1,Bicycle
339,16,GPT,GPT,1,Bicycle
339,17,GPT,GPT,1,Bicycle
339,18,GPT,GPT,1,Bicycle
339,19,GPT,GPT,1,Bicycle
339,20,GPT,GPT,1,Bicycle
339,21,GPT,GPT,1,Bicycle
339,22,GPT,GPT,1,Bicycle
339,23,GPT,GPT,1,Bicycle
339,24,GPT,GPT,1,Bicycle
339,25,GPT,GPT,1,Bicycle
339,26,GPT,GPT,1,Bicycle
339,27,GPT,GPT,1,Bicycle
340,0,Persona,Divergent,2,Library
340,1,Persona,Divergent,2,Library
340,2,Persona,Divergent,2,Library
340,3,Persona,Divergent,2,Library
340,4,Persona,Divergent,2,Library
340,5,Persona,Divergent,2,Library
340,6,Persona,Divergent,2,Library
340,7,Persona,Divergent,2,Library
340,8,Persona,Divergent,2,Library
340,9,Persona,Divergent,2,Library
340,10,Persona,Divergent,2,Library
340,11,Persona,Divergent,2,Library
340,12,Persona,Divergent,2,Library
340,13,Persona,Divergent,2,Library
341,0,Persona,Divergent,2,Library
341,1,Persona,Divergent,2,Library
341,2,Persona,Divergent,2,Library
341,3,Persona,Divergent,2,Library
341,4,Persona,Divergent,2,Library
341,5,Persona,Divergent,2,Library
341,6,Persona,Divergent,2,Library
341,7,Persona,Divergent,2,Library
341,8,Persona,Divergent,2,Library
341,9,Persona,Divergent,2,Library
341,10,Persona,Divergent,2,Library
341,11,Persona,Divergent,2,Library
341,12,Persona,Divergent,2,Library
341,13,Persona,Divergent,2,Library
342,0,Persona,Divergent,2,Library
342,1,Persona,Divergent,2,Library
342,2,Persona,Divergent,2,Library
342,3,Persona,Divergent,2,Library
342,4,Persona,Divergent,2,Library
342,5,Persona,Divergent,2,Library
342,6,Persona,Divergent,2,Library
342,7,Persona,Divergent,2,Library
342,8,Persona,Divergent,2,Library
342,9,Persona,Divergent,2,Library
342,10,Persona,Divergent,2,Library
342,11,Persona,Divergent,2,Library
342,12,Persona,Divergent,2,Library
342,13,Persona,Divergent,2,Library
342,14,Persona,Divergent,2,Library
342,15,Persona,Divergent,2,Library
343,0,Persona,Divergent,2,Library
343,1,Persona,Divergent,2,Library
343,2,Persona,Divergent,2,Library
343,3,Persona,Divergent,2,Library
343,4,Persona,Divergent,2,Library
343,5,Persona,Divergent,2,Library
343,6,Persona,Divergent,2,Library
343,7,Persona,Divergent,2,Library
343,8,Persona,Divergent,2,Library
343,9,Persona,Divergent,2,Library
343,10,Persona,Divergent,2,Library
343,11,Persona,Divergent,2,Library
343,12,Persona,Divergent,2,Library
343,13,Persona,Divergent,2,Library
343,14,Persona,Divergent,2,Library
343,15,Persona,Divergent,2,Library
343,16,Persona,Divergent,2,Library
343,17,Persona,Divergent,2,Library
343,18,Persona,Divergent,2,Library
343,19,Persona,Divergent,2,Library
344,0,Persona,Divergent,2,Library
344,1,Persona,Divergent,2,Library
344,2,Persona,Divergent,2,Library
344,3,Persona,Divergent,2,Library
344,4,Persona,Divergent,2,Library
344,5,Persona,Divergent,2,Library
344,6,Persona,Divergent,2,Library
344,7,Persona,Divergent,2,Library
344,8,Persona,Divergent,2,Library
344,9,Persona,Divergent,2,Library
344,10,Persona,Divergent,2,Library
344,11,Persona,Divergent,2,Library
344,12,Persona,Divergent,2,Library
344,13,Persona,Divergent,2,Library
344,14,Persona,Divergent,2,Library
344,15,Persona,Divergent,2,Library
344,16,Persona,Divergent,2,Library
344,17,Persona,Divergent,2,Library
344,18,Persona,Divergent,2,Library
344,19,Persona,Divergent,2,Library
346,0,Persona,Divergent,2,Library
346,1,Persona,Divergent,2,Library
346,2,Persona,Divergent,2,Library
346,3,Persona,Divergent,2,Library
346,4,Persona,Divergent,2,Library
346,5,Persona,Divergent,2,Library
346,6,Persona,Divergent,2,Library
346,7,Persona,Divergent,2,Library
346,8,Persona,Divergent,2,Library
346,9,Persona,Divergent,2,Library
346,10,Persona,Divergent,2,Library
346,11,Persona,Divergent,2,Library
346,12,Persona,Divergent,2,Library
346,13,Persona,Divergent,2,Library
346,14,Persona,Divergent,2,Library
346,15,Persona,Divergent,2,Library
346,16,Persona,Divergent,2,Library
346,17,Persona,Divergent,2,Library
347,0,Persona,Divergent,2,Library
347,1,Persona,Divergent,2,Library
347,2,Persona,Divergent,2,Library
347,3,Persona,Divergent,2,Library
347,4,Persona,Divergent,2,Library
347,5,Persona,Divergent,2,Library
347,6,Persona,Divergent,2,Library
347,7,Persona,Divergent,2,Library
347,8,Persona,Divergent,2,Library
347,9,Persona,Divergent,2,Library
347,10,Persona,Divergent,2,Library
347,11,Persona,Divergent,2,Library
347,12,Persona,Divergent,2,Library
347,13,Persona,Divergent,2,Library
347,14,Persona,Divergent,2,Library
347,15,Persona,Divergent,2,Library
348,0,Persona,Divergent,2,Library
348,1,Persona,Divergent,2,Library
348,2,Persona,Divergent,2,Library
348,3,Persona,Divergent,2,Library
348,4,Persona,Divergent,2,Library
348,5,Persona,Divergent,2,Library
348,6,Persona,Divergent,2,Library
348,7,Persona,Divergent,2,Library
348,8,Persona,Divergent,2,Library
348,9,Persona,Divergent,2,Library
348,10,Persona,Divergent,2,Library
348,11,Persona,Divergent,2,Library
348,12,Persona,Divergent,2,Library
348,13,Persona,Divergent,2,Library
348,14,Persona,Divergent,2,Library
348,15,Persona,Divergent,2,Library
348,16,Persona,Divergent,2,Library
348,17,Persona,Divergent,2,Library
348,18,Persona,Divergent,2,Library
348,19,Persona,Divergent,2,Library
348,20,Persona,Divergent,2,Library
348,21,Persona,Divergent,2,Library
348,22,Persona,Divergent,2,Library
348,23,Persona,Divergent,2,Library
348,24,Persona,Divergent,2,Library
348,25,Persona,Divergent,2,Library
348,26,Persona,Divergent,2,Library
348,27,Persona,Divergent,2,Library
349,0,Persona,Divergent,2,Library
349,1,Persona,Divergent,2,Library
349,2,Persona,Divergent,2,Library
349,3,Persona,Divergent,2,Library
349,4,Persona,Divergent,2,Library
349,5,Persona,Divergent,2,Library
349,6,Persona,Divergent,2,Library
349,7,Persona,Divergent,2,Library
349,8,Persona,Divergent,2,Library
349,9,Persona,Divergent,2,Library
349,10,Persona,Divergent,2,Library
349,11,Persona,Divergent,2,Library
349,12,Persona,Divergent,2,Library
349,13,Persona,Divergent,2,Library
349,14,Persona,Divergent,2,Library
349,15,Persona,Divergent,2,Library
350,0,Persona,Divergent,2,Library
350,1,Persona,Divergent,2,Library
350,2,Persona,Divergent,2,Library
350,3,Persona,Divergent,2,Library
350,4,Persona,Divergent,2,Library
350,5,Persona,Divergent,2,Library
350,6,Persona,Divergent,2,Library
350,7,Persona,Divergent,2,Library
350,8,Persona,Divergent,2,Library
350,9,Persona,Divergent,2,Library
350,10,Persona,Divergent,2,Library
350,11,Persona,Divergent,2,Library
351,0,Persona,Divergent,2,Library
351,1,Persona,Divergent,2,Library
351,2,Persona,Divergent,2,Library
351,3,Persona,Divergent,2,Library
351,4,Persona,Divergent,2,Library
351,5,Persona,Divergent,2,Library
351,6,Persona,Divergent,2,Library
351,7,Persona,Divergent,2,Library
351,8,Persona,Divergent,2,Library
351,9,Persona,Divergent,2,Library
351,10,Persona,Divergent,2,Library
351,11,Persona,Divergent,2,Library
351,12,Persona,Divergent,2,Library
351,13,Persona,Divergent,2,Library
352,0,GPT,GPT,1,Library
352,1,GPT,GPT,1,Library
352,2,GPT,GPT,1,Library
352,3,GPT,GPT,1,Library
352,4,GPT,GPT,1,Library
352,5,GPT,GPT,1,Library
352,6,GPT,GPT,1,Library
352,7,GPT,GPT,1,Library
352,8,GPT,GPT,1,Library
352,9,GPT,GPT,1,Library
352,10,GPT,GPT,1,Library
352,11,GPT,GPT,1,Library
352,12,GPT,GPT,1,Library
352,13,GPT,GPT,1,Library
352,14,GPT,GPT,1,Library
352,15,GPT,GPT,1,Library
352,16,GPT,GPT,1,Library
352,17,GPT,GPT,1,Library
352,18,GPT,GPT,1,Library
352,19,GPT,GPT,1,Library
352,20,GPT,GPT,1,Library
352,21,GPT,GPT,1,Library
354,0,GPT,GPT,1,Library
354,1,GPT,GPT,1,Library
354,2,GPT,GPT,1,Library
354,3,GPT,GPT,1,Library
354,4,GPT,GPT,1,Library
354,5,GPT,GPT,1,Library
354,6,GPT,GPT,1,Library
354,7,GPT,GPT,1,Library
354,8,GPT,GPT,1,Library
354,9,GPT,GPT,1,Library
354,10,GPT,GPT,1,Library
354,11,GPT,GPT,1,Library
354,12,GPT,GPT,1,Library
354,13,GPT,GPT,1,Library
354,14,GPT,GPT,1,Library
354,15,GPT,GPT,1,Library
354,16,GPT,GPT,1,Library
354,17,GPT,GPT,1,Library
354,18,GPT,GPT,1,Library
354,19,GPT,GPT,1,Library
355,0,GPT,GPT,1,Library
355,1,GPT,GPT,1,Library
355,2,GPT,GPT,1,Library
355,3,GPT,GPT,1,Library
355,4,GPT,GPT,1,Library
355,5,GPT,GPT,1,Library
355,6,GPT,GPT,1,Library
355,7,GPT,GPT,1,Library
355,8,GPT,GPT,1,Library
355,9,GPT,GPT,1,Library
356,0,GPT,GPT,1,Library
356,1,GPT,GPT,1,Library
356,2,GPT,GPT,1,Library
356,3,GPT,GPT,1,Library
356,4,GPT,GPT,1,Library
356,5,GPT,GPT,1,Library
356,6,GPT,GPT,1,Library
356,7,GPT,GPT,1,Library
356,8,GPT,GPT,1,Library
356,9,GPT,GPT,1,Library
356,10,GPT,GPT,1,Library
356,11,GPT,GPT,1,Library
356,12,GPT,GPT,1,Library
356,13,GPT,GPT,1,Library
357,0,GPT,GPT,1,Library
357,1,GPT,GPT,1,Library
357,2,GPT,GPT,1,Library
357,3,GPT,GPT,1,Library
357,4,GPT,GPT,1,Library
357,5,GPT,GPT,1,Library
357,6,GPT,GPT,1,Library
357,7,GPT,GPT,1,Library
357,8,GPT,GPT,1,Library
357,9,GPT,GPT,1,Library
357,10,GPT,GPT,1,Library
357,11,GPT,GPT,1,Library
358,0,GPT,GPT,1,Library
358,1,GPT,GPT,1,Library
358,2,GPT,GPT,1,Library
358,3,GPT,GPT,1,Library
358,4,GPT,GPT,1,Library
358,5,GPT,GPT,1,Library
358,6,GPT,GPT,1,Library
358,7,GPT,GPT,1,Library
358,8,GPT,GPT,1,Library
358,9,GPT,GPT,1,Library
358,10,GPT,GPT,1,Library
358,11,GPT,GPT,1,Library
358,12,GPT,GPT,1,Library
358,13,GPT,GPT,1,Library
358,14,GPT,GPT,1,Library
358,15,GPT,GPT,1,Library
361,0,Persona,Convergent,2,Bicycle
361,1,Persona,Convergent,2,Bicycle
361,2,Persona,Convergent,2,Bicycle
361,3,Persona,Convergent,2,Bicycle
361,4,Persona,Convergent,2,Bicycle
361,5,Persona,Convergent,2,Bicycle
361,6,Persona,Convergent,2,Bicycle
361,7,Persona,Convergent,2,Bicycle
361,8,Persona,Convergent,2,Bicycle
361,9,Persona,Convergent,2,Bicycle
361,10,Persona,Convergent,2,Bicycle
361,11,Persona,Convergent,2,Bicycle
361,12,Persona,Convergent,2,Bicycle
361,13,Persona,Convergent,2,Bicycle
361,14,Persona,Convergent,2,Bicycle
361,15,Persona,Convergent,2,Bicycle
361,16,Persona,Convergent,2,Bicycle
361,17,Persona,Convergent,2,Bicycle
361,18,Persona,Convergent,2,Bicycle
361,19,Persona,Convergent,2,Bicycle
361,20,Persona,Convergent,2,Bicycle
361,21,Persona,Convergent,2,Bicycle
362,0,Persona,Convergent,2,Bicycle
362,1,Persona,Convergent,2,Bicycle
362,2,Persona,Convergent,2,Bicycle
362,3,Persona,Convergent,2,Bicycle
362,4,Persona,Convergent,2,Bicycle
362,5,Persona,Convergent,2,Bicycle
362,6,Persona,Convergent,2,Bicycle
362,7,Persona,Convergent,2,Bicycle
362,8,Persona,Convergent,2,Bicycle
362,9,Persona,Convergent,2,Bicycle
362,10,Persona,Convergent,2,Bicycle
362,11,Persona,Convergent,2,Bicycle
362,12,Persona,Convergent,2,Bicycle
362,13,Persona,Convergent,2,Bicycle
362,14,Persona,Convergent,2,Bicycle
362,15,Persona,Convergent,2,Bicycle
362,16,Persona,Convergent,2,Bicycle
362,17,Persona,Convergent,2,Bicycle
363,0,Persona,Convergent,2,Bicycle
363,1,Persona,Convergent,2,Bicycle
363,2,Persona,Convergent,2,Bicycle
363,3,Persona,Convergent,2,Bicycle
363,4,Persona,Convergent,2,Bicycle
363,5,Persona,Convergent,2,Bicycle
363,6,Persona,Convergent,2,Bicycle
363,7,Persona,Convergent,2,Bicycle
363,8,Persona,Convergent,2,Bicycle
363,9,Persona,Convergent,2,Bicycle
363,10,Persona,Convergent,2,Bicycle
363,11,Persona,Convergent,2,Bicycle
363,12,Persona,Convergent,2,Bicycle
363,13,Persona,Convergent,2,Bicycle
363,14,Persona,Convergent,2,Bicycle
363,15,Persona,Convergent,2,Bicycle
363,16,Persona,Convergent,2,Bicycle
363,17,Persona,Convergent,2,Bicycle
363,18,Persona,Convergent,2,Bicycle
363,19,Persona,Convergent,2,Bicycle
363,20,Persona,Convergent,2,Bicycle
363,21,Persona,Convergent,2,Bicycle
364,0,Persona,Convergent,2,Bicycle
364,1,Persona,Convergent,2,Bicycle
364,2,Persona,Convergent,2,Bicycle
364,3,Persona,Convergent,2,Bicycle
364,4,Persona,Convergent,2,Bicycle
364,5,Persona,Convergent,2,Bicycle
364,6,Persona,Convergent,2,Bicycle
364,7,Persona,Convergent,2,Bicycle
364,8,Persona,Convergent,2,Bicycle
364,9,Persona,Convergent,2,Bicycle
364,10,Persona,Convergent,2,Bicycle
364,11,Persona,Convergent,2,Bicycle
364,12,Persona,Convergent,2,Bicycle
364,13,Persona,Convergent,2,Bicycle
364,14,Persona,Convergent,2,Bicycle
364,15,Persona,Convergent,2,Bicycle
364,16,Persona,Convergent,2,Bicycle
364,17,Persona,Convergent,2,Bicycle
364,18,Persona,Convergent,2,Bicycle
364,19,Persona,Convergent,2,Bicycle
364,20,Persona,Convergent,2,Bicycle
364,21,Persona,Convergent,2,Bicycle
365,0,Persona,Convergent,2,Bicycle
365,1,Persona,Convergent,2,Bicycle
365,2,Persona,Convergent,2,Bicycle
365,3,Persona,Convergent,2,Bicycle
365,4,Persona,Convergent,2,Bicycle
365,5,Persona,Convergent,2,Bicycle
365,6,Persona,Convergent,2,Bicycle
365,7,Persona,Convergent,2,Bicycle
365,8,Persona,Convergent,2,Bicycle
365,9,Persona,Convergent,2,Bicycle
365,10,Persona,Convergent,2,Bicycle
365,11,Persona,Convergent,2,Bicycle
366,0,Persona,Convergent,2,Bicycle
366,1,Persona,Convergent,2,Bicycle
366,2,Persona,Convergent,2,Bicycle
366,3,Persona,Convergent,2,Bicycle
366,4,Persona,Convergent,2,Bicycle
366,5,Persona,Convergent,2,Bicycle
366,6,Persona,Convergent,2,Bicycle
366,7,Persona,Convergent,2,Bicycle
366,8,Persona,Convergent,2,Bicycle
366,9,Persona,Convergent,2,Bicycle
366,10,Persona,Convergent,2,Bicycle
366,11,Persona,Convergent,2,Bicycle
366,12,Persona,Convergent,2,Bicycle
366,13,Persona,Convergent,2,Bicycle
368,0,Persona,Convergent,1,Library
368,1,Persona,Convergent,1,Library
368,2,Persona,Convergent,1,Library
368,3,Persona,Convergent,1,Library
368,4,Persona,Convergent,1,Library
368,5,Persona,Convergent,1,Library
368,6,Persona,Convergent,1,Library
368,7,Persona,Convergent,1,Library
368,8,Persona,Convergent,1,Library
368,9,Persona,Convergent,1,Library
368,10,Persona,Convergent,1,Library
368,11,Persona,Convergent,1,Library
368,12,Persona,Convergent,1,Library
368,13,Persona,Convergent,1,Library
370,0,Persona,Convergent,1,Library
370,1,Persona,Convergent,1,Library
370,2,Persona,Convergent,1,Library
370,3,Persona,Convergent,1,Library
370,4,Persona,Convergent,1,Library
370,5,Persona,Convergent,1,Library
370,6,Persona,Convergent,1,Library
370,7,Persona,Convergent,1,Library
370,8,Persona,Convergent,1,Library
370,9,Persona,Convergent,1,Library
370,10,Persona,Convergent,1,Library
370,11,Persona,Convergent,1,Library
370,12,Persona,Convergent,1,Library
370,13,Persona,Convergent,1,Library
370,14,Persona,Convergent,1,Library
370,15,Persona,Convergent,1,Library
370,16,Persona,Convergent,1,Library
370,17,Persona,Convergent,1,Library
370,18,Persona,Convergent,1,Library
370,19,Persona,Convergent,1,Library
370,20,Persona,Convergent,1,Library
370,21,Persona,Convergent,1,Library
370,22,Persona,Convergent,1,Library
370,23,Persona,Convergent,1,Library
370,24,Persona,Convergent,1,Library
370,25,Persona,Convergent,1,Library
370,26,Persona,Convergent,1,Library
370,27,Persona,Convergent,1,Library
370,28,Persona,Convergent,1,Library
370,29,Persona,Convergent,1,Library
370,30,Persona,Convergent,1,Library
370,31,Persona,Convergent,1,Library
370,32,Persona,Convergent,1,Library
370,33,Persona,Convergent,1,Library
370,34,Persona,Convergent,1,Library
370,35,Persona,Convergent,1,Library
372,0,Persona,Convergent,1,Library
372,1,Persona,Convergent,1,Library
372,2,Persona,Convergent,1,Library
372,3,Persona,Convergent,1,Library
372,4,Persona,Convergent,1,Library
372,5,Persona,Convergent,1,Library
372,6,Persona,Convergent,1,Library
372,7,Persona,Convergent,1,Library
372,8,Persona,Convergent,1,Library
372,9,Persona,Convergent,1,Library
372,10,Persona,Convergent,1,Library
372,11,Persona,Convergent,1,Library
372,12,Persona,Convergent,1,Library
372,13,Persona,Convergent,1,Library
372,14,Persona,Convergent,1,Library
372,15,Persona,Convergent,1,Library
372,16,Persona,Convergent,1,Library
372,17,Persona,Convergent,1,Library
372,18,Persona,Convergent,1,Library
372,19,Persona,Convergent,1,Library
372,20,Persona,Convergent,1,Library
372,21,Persona,Convergent,1,Library
372,22,Persona,Convergent,1,Library
372,23,Persona,Convergent,1,Library
372,24,Persona,Convergent,1,Library
372,25,Persona,Convergent,1,Library
372,26,Persona,Convergent,1,Library
372,27,Persona,Convergent,1,Library
372,28,Persona,Convergent,1,Library
372,29,Persona,Convergent,1,Library
372,30,Persona,Convergent,1,Library
372,31,Persona,Convergent,1,Library
372,32,Persona,Convergent,1,Library
372,33,Persona,Convergent,1,Library
372,34,Persona,Convergent,1,Library
372,35,Persona,Convergent,1,Library
372,36,Persona,Convergent,1,Library
372,37,Persona,Convergent,1,Library
372,38,Persona,Convergent,1,Library
372,39,Persona,Convergent,1,Library
372,40,Persona,Convergent,1,Library
372,41,Persona,Convergent,1,Library
372,42,Persona,Convergent,1,Library
372,43,Persona,Convergent,1,Library
373,0,Persona,Convergent,1,Library
373,1,Persona,Convergent,1,Library
373,2,Persona,Convergent,1,Library
373,3,Persona,Convergent,1,Library
373,4,Persona,Convergent,1,Library
373,5,Persona,Convergent,1,Library
373,6,Persona,Convergent,1,Library
373,7,Persona,Convergent,1,Library
373,8,Persona,Convergent,1,Library
373,9,Persona,Convergent,1,Library
373,10,Persona,Convergent,1,Library
373,11,Persona,Convergent,1,Library
373,12,Persona,Convergent,1,Library
373,13,Persona,Convergent,1,Library
373,14,Persona,Convergent,1,Library
373,15,Persona,Convergent,1,Library
373,16,Persona,Convergent,1,Library
373,17,Persona,Convergent,1,Library
373,18,Persona,Convergent,1,Library
373,19,Persona,Convergent,1,Library
373,20,Persona,Convergent,1,Library
373,21,Persona,Convergent,1,Library
374,0,Persona,Convergent,1,Library
374,1,Persona,Convergent,1,Library
374,2,Persona,Convergent,1,Library
374,3,Persona,Convergent,1,Library
374,4,Persona,Convergent,1,Library
374,5,Persona,Convergent,1,Library
374,6,Persona,Convergent,1,Library
374,7,Persona,Convergent,1,Library
374,8,Persona,Convergent,1,Library
374,9,Persona,Convergent,1,Library
374,10,Persona,Convergent,1,Library
374,11,Persona,Convergent,1,Library
374,12,Persona,Convergent,1,Library
374,13,Persona,Convergent,1,Library
374,14,Persona,Convergent,1,Library
374,15,Persona,Convergent,1,Library
374,16,Persona,Convergent,1,Library
374,17,Persona,Convergent,1,Library
375,0,Persona,Convergent,1,Library
375,1,Persona,Convergent,1,Library
375,2,Persona,Convergent,1,Library
375,3,Persona,Convergent,1,Library
375,4,Persona,Convergent,1,Library
375,5,Persona,Convergent,1,Library
375,6,Persona,Convergent,1,Library
375,7,Persona,Convergent,1,Library
375,8,Persona,Convergent,1,Library
375,9,Persona,Convergent,1,Library
375,10,Persona,Convergent,1,Library
375,11,Persona,Convergent,1,Library
375,12,Persona,Convergent,1,Library
375,13,Persona,Convergent,1,Library
375,14,Persona,Convergent,1,Library
375,15,Persona,Convergent,1,Library
375,16,Persona,Convergent,1,Library
375,17,Persona,Convergent,1,Library
377,0,Persona,Convergent,1,Library
377,1,Persona,Convergent,1,Library
377,2,Persona,Convergent,1,Library
377,3,Persona,Convergent,1,Library
377,4,Persona,Convergent,1,Library
377,5,Persona,Convergent,1,Library
377,6,Persona,Convergent,1,Library
377,7,Persona,Convergent,1,Library
377,8,Persona,Convergent,1,Library
377,9,Persona,Convergent,1,Library
377,10,Persona,Convergent,1,Library
377,11,Persona,Convergent,1,Library
377,12,Persona,Convergent,1,Library
377,13,Persona,Convergent,1,Library
377,14,Persona,Convergent,1,Library
377,15,Persona,Convergent,1,Library
377,16,Persona,Convergent,1,Library
377,17,Persona,Convergent,1,Library
377,18,Persona,Convergent,1,Library
377,19,Persona,Convergent,1,Library
377,20,Persona,Convergent,1,Library
377,21,Persona,Convergent,1,Library
378,0,Persona,Convergent,1,Library
378,1,Persona,Convergent,1,Library
378,2,Persona,Convergent,1,Library
378,3,Persona,Convergent,1,Library
378,4,Persona,Convergent,1,Library
378,5,Persona,Convergent,1,Library
378,6,Persona,Convergent,1,Library
378,7,Persona,Convergent,1,Library
378,8,Persona,Convergent,1,Library
378,9,Persona,Convergent,1,Library
378,10,Persona,Convergent,1,Library
378,11,Persona,Convergent,1,Library
378,12,Persona,Convergent,1,Library
378,13,Persona,Convergent,1,Library
378,14,Persona,Convergent,1,Library
378,15,Persona,Convergent,1,Library
380,0,Persona,Convergent,1,Library
380,1,Persona,Convergent,1,Library
380,2,Persona,Convergent,1,Library
380,3,Persona,Convergent,1,Library
380,4,Persona,Convergent,1,Library
380,5,Persona,Convergent,1,Library
380,6,Persona,Convergent,1,Library
380,7,Persona,Convergent,1,Library
380,8,Persona,Convergent,1,Library
380,9,Persona,Convergent,1,Library
380,10,Persona,Convergent,1,Library
380,11,Persona,Convergent,1,Library
380,12,Persona,Convergent,1,Library
380,13,Persona,Convergent,1,Library
380,14,Persona,Convergent,1,Library
380,15,Persona,Convergent,1,Library
380,16,Persona,Convergent,1,Library
380,17,Persona,Convergent,1,Library
380,18,Persona,Convergent,1,Library
380,19,Persona,Convergent,1,Library
380,20,Persona,Convergent,1,Library
380,21,Persona,Convergent,1,Library
380,22,Persona,Convergent,1,Library
380,23,Persona,Convergent,1,Library
381,0,Persona,Convergent,1,Library
381,1,Persona,Convergent,1,Library
381,2,Persona,Convergent,1,Library
381,3,Persona,Convergent,1,Library
381,4,Persona,Convergent,1,Library
381,5,Persona,Convergent,1,Library
381,6,Persona,Convergent,1,Library
381,7,Persona,Convergent,1,Library
381,8,Persona,Convergent,1,Library
381,9,Persona,Convergent,1,Library
381,10,Persona,Convergent,1,Library
381,11,Persona,Convergent,1,Library
381,12,Persona,Convergent,1,Library
381,13,Persona,Convergent,1,Library
381,14,Persona,Convergent,1,Library
381,15,Persona,Convergent,1,Library
382,0,Persona,Convergent,1,Library
382,1,Persona,Convergent,1,Library
382,2,Persona,Convergent,1,Library
382,3,Persona,Convergent,1,Library
382,4,Persona,Convergent,1,Library
382,5,Persona,Convergent,1,Library
382,6,Persona,Convergent,1,Library
382,7,Persona,Convergent,1,Library
382,8,Persona,Convergent,1,Library
382,9,Persona,Convergent,1,Library
382,10,Persona,Convergent,1,Library
382,11,Persona,Convergent,1,Library
382,12,Persona,Convergent,1,Library
382,13,Persona,Convergent,1,Library
382,14,Persona,Convergent,1,Library
382,15,Persona,Convergent,1,Library
382,16,Persona,Convergent,1,Library
382,17,Persona,Convergent,1,Library
382,18,Persona,Convergent,1,Library
382,19,Persona,Convergent,1,Library
384,0,Persona,Convergent,1,Library
384,1,Persona,Convergent,1,Library
384,2,Persona,Convergent,1,Library
384,3,Persona,Convergent,1,Library
384,4,Persona,Convergent,1,Library
384,5,Persona,Convergent,1,Library
384,6,Persona,Convergent,1,Library
384,7,Persona,Convergent,1,Library
384,8,Persona,Convergent,1,Library
384,9,Persona,Convergent,1,Library
384,10,Persona,Convergent,1,Library
384,11,Persona,Convergent,1,Library
384,12,Persona,Convergent,1,Library
384,13,Persona,Convergent,1,Library
384,14,Persona,Convergent,1,Library
384,15,Persona,Convergent,1,Library
384,16,Persona,Convergent,1,Library
384,17,Persona,Convergent,1,Library
384,18,Persona,Convergent,1,Library
384,19,Persona,Convergent,1,Library
384,20,Persona,Convergent,1,Library
384,21,Persona,Convergent,1,Library
384,22,Persona,Convergent,1,Library
384,23,Persona,Convergent,1,Library
384,24,Persona,Convergent,1,Library
384,25,Persona,Convergent,1,Library
384,26,Persona,Convergent,1,Library
384,27,Persona,Convergent,1,Library
385,0,Persona,Convergent,1,Library
385,1,Persona,Convergent,1,Library
385,2,Persona,Convergent,1,Library
385,3,Persona,Convergent,1,Library
385,4,Persona,Convergent,1,Library
385,5,Persona,Convergent,1,Library
385,6,Persona,Convergent,1,Library
385,7,Persona,Convergent,1,Library
385,8,Persona,Convergent,1,Library
385,9,Persona,Convergent,1,Library
385,10,Persona,Convergent,1,Library
385,11,Persona,Convergent,1,Library
385,12,Persona,Convergent,1,Library
385,13,Persona,Convergent,1,Library
385,14,Persona,Convergent,1,Library
385,15,Persona,Convergent,1,Library
385,16,Persona,Convergent,1,Library
385,17,Persona,Convergent,1,Library
385,18,Persona,Convergent,1,Library
385,19,Persona,Convergent,1,Library
386,0,Persona,Convergent,1,Library
386,1,Persona,Convergent,1,Library
386,2,Persona,Convergent,1,Library
386,3,Persona,Convergent,1,Library
386,4,Persona,Convergent,1,Library
386,5,Persona,Convergent,1,Library
386,6,Persona,Convergent,1,Library
386,7,Persona,Convergent,1,Library
386,8,Persona,Convergent,1,Library
386,9,Persona,Convergent,1,Library
386,10,Persona,Convergent,1,Library
386,11,Persona,Convergent,1,Library
386,12,Persona,Convergent,1,Library
386,13,Persona,Convergent,1,Library
386,14,Persona,Convergent,1,Library
386,15,Persona,Convergent,1,Library
386,16,Persona,Convergent,1,Library
386,17,Persona,Convergent,1,Library
386,18,Persona,Convergent,1,Library
386,19,Persona,Convergent,1,Library
386,20,Persona,Convergent,1,Library
386,21,Persona,Convergent,1,Library
386,22,Persona,Convergent,1,Library
386,23,Persona,Convergent,1,Library
390,0,GPT,GPT,2,Bicycle
390,1,GPT,GPT,2,Bicycle
390,2,GPT,GPT,2,Bicycle
390,3,GPT,GPT,2,Bicycle
390,4,GPT,GPT,2,Bicycle
390,5,GPT,GPT,2,Bicycle
390,6,GPT,GPT,2,Bicycle
390,7,GPT,GPT,2,Bicycle
390,8,GPT,GPT,2,Bicycle
390,9,GPT,GPT,2,Bicycle
390,10,GPT,GPT,2,Bicycle
390,11,GPT,GPT,2,Bicycle
391,0,GPT,GPT,2,Bicycle
391,1,GPT,GPT,2,Bicycle
391,2,GPT,GPT,2,Bicycle
391,3,GPT,GPT,2,Bicycle
391,4,GPT,GPT,2,Bicycle
391,5,GPT,GPT,2,Bicycle
391,6,GPT,GPT,2,Bicycle
391,7,GPT,GPT,2,Bicycle
391,8,GPT,GPT,2,Bicycle
391,9,GPT,GPT,2,Bicycle
391,10,GPT,GPT,2,Bicycle
391,11,GPT,GPT,2,Bicycle
391,12,GPT,GPT,2,Bicycle
391,13,GPT,GPT,2,Bicycle
391,14,GPT,GPT,2,Bicycle
391,15,GPT,GPT,2,Bicycle
391,16,GPT,GPT,2,Bicycle
391,17,GPT,GPT,2,Bicycle
391,18,GPT,GPT,2,Bicycle
391,19,GPT,GPT,2,Bicycle
391,20,GPT,GPT,2,Bicycle
391,21,GPT,GPT,2,Bicycle
392,0,GPT,GPT,2,Bicycle
392,1,GPT,GPT,2,Bicycle
392,2,GPT,GPT,2,Bicycle
392,3,GPT,GPT,2,Bicycle
392,4,GPT,GPT,2,Bicycle
392,5,GPT,GPT,2,Bicycle
392,6,GPT,GPT,2,Bicycle
392,7,GPT,GPT,2,Bicycle
392,8,GPT,GPT,2,Bicycle
392,9,GPT,GPT,2,Bicycle
392,10,GPT,GPT,2,Bicycle
392,11,GPT,GPT,2,Bicycle
392,12,GPT,GPT,2,Bicycle
392,13,GPT,GPT,2,Bicycle
392,14,GPT,GPT,2,Bicycle
392,15,GPT,GPT,2,Bicycle
392,16,GPT,GPT,2,Bicycle
392,17,GPT,GPT,2,Bicycle
392,18,GPT,GPT,2,Bicycle
392,19,GPT,GPT,2,Bicycle
392,20,GPT,GPT,2,Bicycle
392,21,GPT,GPT,2,Bicycle
392,22,GPT,GPT,2,Bicycle
392,23,GPT,GPT,2,Bicycle
392,24,GPT,GPT,2,Bicycle
392,25,GPT,GPT,2,Bicycle
392,26,GPT,GPT,2,Bicycle
392,27,GPT,GPT,2,Bicycle
392,28,GPT,GPT,2,Bicycle
392,29,GPT,GPT,2,Bicycle
392,30,GPT,GPT,2,Bicycle
392,31,GPT,GPT,2,Bicycle
392,32,GPT,GPT,2,Bicycle
392,33,GPT,GPT,2,Bicycle
392,34,GPT,GPT,2,Bicycle
392,35,GPT,GPT,2,Bicycle
392,36,GPT,GPT,2,Bicycle
392,37,GPT,GPT,2,Bicycle
392,38,GPT,GPT,2,Bicycle
392,39,GPT,GPT,2,Bicycle
392,40,GPT,GPT,2,Bicycle
392,41,GPT,GPT,2,Bicycle
392,42,GPT,GPT,2,Bicycle
392,43,GPT,GPT,2,Bicycle
393,0,GPT,GPT,2,Bicycle
393,1,GPT,GPT,2,Bicycle
393,2,GPT,GPT,2,Bicycle
393,3,GPT,GPT,2,Bicycle
393,4,GPT,GPT,2,Bicycle
393,5,GPT,GPT,2,Bicycle
393,6,GPT,GPT,2,Bicycle
393,7,GPT,GPT,2,Bicycle
393,8,GPT,GPT,2,Bicycle
393,9,GPT,GPT,2,Bicycle
393,10,GPT,GPT,2,Bicycle
393,11,GPT,GPT,2,Bicycle
393,12,GPT,GPT,2,Bicycle
393,13,GPT,GPT,2,Bicycle
393,14,GPT,GPT,2,Bicycle
393,15,GPT,GPT,2,Bicycle
393,16,GPT,GPT,2,Bicycle
393,17,GPT,GPT,2,Bicycle
393,18,GPT,GPT,2,Bicycle
393,19,GPT,GPT,2,Bicycle
393,20,GPT,GPT,2,Bicycle
393,21,GPT,GPT,2,Bicycle
394,0,GPT,GPT,2,Bicycle
394,1,GPT,GPT,2,Bicycle
394,2,GPT,GPT,2,Bicycle
394,3,GPT,GPT,2,Bicycle
394,4,GPT,GPT,2,Bicycle
394,5,GPT,GPT,2,Bicycle
394,6,GPT,GPT,2,Bicycle
394,7,GPT,GPT,2,Bicycle
394,8,GPT,GPT,2,Bicycle
394,9,GPT,GPT,2,Bicycle
394,10,GPT,GPT,2,Bicycle
394,11,GPT,GPT,2,Bicycle
394,12,GPT,GPT,2,Bicycle
394,13,GPT,GPT,2,Bicycle
394,14,GPT,GPT,2,Bicycle
394,15,GPT,GPT,2,Bicycle
394,16,GPT,GPT,2,Bicycle
394,17,GPT,GPT,2,Bicycle
396,0,GPT,GPT,2,Bicycle
396,1,GPT,GPT,2,Bicycle
396,2,GPT,GPT,2,Bicycle
396,3,GPT,GPT,2,Bicycle
396,4,GPT,GPT,2,Bicycle
396,5,GPT,GPT,2,Bicycle
396,6,GPT,GPT,2,Bicycle
396,7,GPT,GPT,2,Bicycle
396,8,GPT,GPT,2,Bicycle
396,9,GPT,GPT,2,Bicycle
396,10,GPT,GPT,2,Bicycle
396,11,GPT,GPT,2,Bicycle
396,12,GPT,GPT,2,Bicycle
396,13,GPT,GPT,2,Bicycle
396,14,GPT,GPT,2,Bicycle
396,15,GPT,GPT,2,Bicycle
396,16,GPT,GPT,2,Bicycle
396,17,GPT,GPT,2,Bicycle
396,18,GPT,GPT,2,Bicycle
396,19,GPT,GPT,2,Bicycle
396,20,GPT,GPT,2,Bicycle
396,21,GPT,GPT,2,Bicycle
397,0,GPT,GPT,2,Bicycle
397,1,GPT,GPT,2,Bicycle
397,2,GPT,GPT,2,Bicycle
397,3,GPT,GPT,2,Bicycle
397,4,GPT,GPT,2,Bicycle
397,5,GPT,GPT,2,Bicycle
397,6,GPT,GPT,2,Bicycle
397,7,GPT,GPT,2,Bicycle
397,8,GPT,GPT,2,Bicycle
397,9,GPT,GPT,2,Bicycle
397,10,GPT,GPT,2,Bicycle
397,11,GPT,GPT,2,Bicycle
397,12,GPT,GPT,2,Bicycle
397,13,GPT,GPT,2,Bicycle
397,14,GPT,GPT,2,Bicycle
397,15,GPT,GPT,2,Bicycle
397,16,GPT,GPT,2,Bicycle
397,17,GPT,GPT,2,Bicycle
397,18,GPT,GPT,2,Bicycle
397,19,GPT,GPT,2,Bicycle
398,0,GPT,GPT,2,Bicycle
398,1,GPT,GPT,2,Bicycle
398,2,GPT,GPT,2,Bicycle
398,3,GPT,GPT,2,Bicycle
398,4,GPT,GPT,2,Bicycle
398,5,GPT,GPT,2,Bicycle
398,6,GPT,GPT,2,Bicycle
398,7,GPT,GPT,2,Bicycle
398,8,GPT,GPT,2,Bicycle
398,9,GPT,GPT,2,Bicycle
398,10,GPT,GPT,2,Bicycle
398,11,GPT,GPT,2,Bicycle
398,12,GPT,GPT,2,Bicycle
398,13,GPT,GPT,2,Bicycle
398,14,GPT,GPT,2,Bicycle
398,15,GPT,GPT,2,Bicycle
398,16,GPT,GPT,2,Bicycle
398,17,GPT,GPT,2,Bicycle
398,18,GPT,GPT,2,Bicycle
398,19,GPT,GPT,2,Bicycle
399,0,GPT,GPT,2,Bicycle
399,1,GPT,GPT,2,Bicycle
399,2,GPT,GPT,2,Bicycle
399,3,GPT,GPT,2,Bicycle
399,4,GPT,GPT,2,Bicycle
399,5,GPT,GPT,2,Bicycle
399,6,GPT,GPT,2,Bicycle
399,7,GPT,GPT,2,Bicycle
399,8,GPT,GPT,2,Bicycle
399,9,GPT,GPT,2,Bicycle
399,10,GPT,GPT,2,Bicycle
399,11,GPT,GPT,2,Bicycle
399,12,GPT,GPT,2,Bicycle
399,13,GPT,GPT,2,Bicycle
401,0,GPT,GPT,2,Bicycle
401,1,GPT,GPT,2,Bicycle
401,2,GPT,GPT,2,Bicycle
401,3,GPT,GPT,2,Bicycle
401,4,GPT,GPT,2,Bicycle
401,5,GPT,GPT,2,Bicycle
401,6,GPT,GPT,2,Bicycle
401,7,GPT,GPT,2,Bicycle
401,8,GPT,GPT,2,Bicycle
401,9,GPT,GPT,2,Bicycle
401,10,GPT,GPT,2,Bicycle
401,11,GPT,GPT,2,Bicycle
401,12,GPT,GPT,2,Bicycle
401,13,GPT,GPT,2,Bicycle
401,14,GPT,GPT,2,Bicycle
401,15,GPT,GPT,2,Bicycle
401,16,GPT,GPT,2,Bicycle
401,17,GPT,GPT,2,Bicycle
401,18,GPT,GPT,2,Bicycle
401,19,GPT,GPT,2,Bicycle
401,20,GPT,GPT,2,Bicycle
401,21,GPT,GPT,2,Bicycle
401,22,GPT,GPT,2,Bicycle
401,23,GPT,GPT,2,Bicycle
401,24,GPT,GPT,2,Bicycle
401,25,GPT,GPT,2,Bicycle
401,26,GPT,GPT,2,Bicycle
401,27,GPT,GPT,2,Bicycle
401,28,GPT,GPT,2,Bicycle
401,29,GPT,GPT,2,Bicycle
401,30,GPT,GPT,2,Bicycle
401,31,GPT,GPT,2,Bicycle
401,32,GPT,GPT,2,Bicycle
401,33,GPT,GPT,2,Bicycle
401,34,GPT,GPT,2,Bicycle
401,35,GPT,GPT,2,Bicycle
401,36,GPT,GPT,2,Bicycle
401,37,GPT,GPT,2,Bicycle
401,38,GPT,GPT,2,Bicycle
401,39,GPT,GPT,2,Bicycle
401,40,GPT,GPT,2,Bicycle
401,41,GPT,GPT,2,Bicycle
402,0,GPT,GPT,2,Bicycle
402,1,GPT,GPT,2,Bicycle
402,2,GPT,GPT,2,Bicycle
402,3,GPT,GPT,2,Bicycle
402,4,GPT,GPT,2,Bicycle
402,5,GPT,GPT,2,Bicycle
402,6,GPT,GPT,2,Bicycle
402,7,GPT,GPT,2,Bicycle
402,8,GPT,GPT,2,Bicycle
402,9,GPT,GPT,2,Bicycle
402,10,GPT,GPT,2,Bicycle
402,11,GPT,GPT,2,Bicycle
402,12,GPT,GPT,2,Bicycle
402,13,GPT,GPT,2,Bicycle
402,14,GPT,GPT,2,Bicycle
402,15,GPT,GPT,2,Bicycle
402,16,GPT,GPT,2,Bicycle
402,17,GPT,GPT,2,Bicycle
402,18,GPT,GPT,2,Bicycle
402,19,GPT,GPT,2,Bicycle
402,20,GPT,GPT,2,Bicycle
402,21,GPT,GPT,2,Bicycle
402,22,GPT,GPT,2,Bicycle
402,23,GPT,GPT,2,Bicycle
402,24,GPT,GPT,2,Bicycle
402,25,GPT,GPT,2,Bicycle
402,26,GPT,GPT,2,Bicycle
402,27,GPT,GPT,2,Bicycle
402,28,GPT,GPT,2,Bicycle
402,29,GPT,GPT,2,Bicycle
402,30,GPT,GPT,2,Bicycle
402,31,GPT,GPT,2,Bicycle
402,32,GPT,GPT,2,Bicycle
402,33,GPT,GPT,2,Bicycle
402,34,GPT,GPT,2,Bicycle
402,35,GPT,GPT,2,Bicycle
403,0,GPT,GPT,2,Bicycle
403,1,GPT,GPT,2,Bicycle
403,2,GPT,GPT,2,Bicycle
403,3,GPT,GPT,2,Bicycle
403,4,GPT,GPT,2,Bicycle
403,5,GPT,GPT,2,Bicycle
403,6,GPT,GPT,2,Bicycle
403,7,GPT,GPT,2,Bicycle
403,8,GPT,GPT,2,Bicycle
403,9,GPT,GPT,2,Bicycle
403,10,GPT,GPT,2,Bicycle
403,11,GPT,GPT,2,Bicycle
403,12,GPT,GPT,2,Bicycle
403,13,GPT,GPT,2,Bicycle
403,14,GPT,GPT,2,Bicycle
403,15,GPT,GPT,2,Bicycle
403,16,GPT,GPT,2,Bicycle
403,17,GPT,GPT,2,Bicycle
403,18,GPT,GPT,2,Bicycle
403,19,GPT,GPT,2,Bicycle
403,20,GPT,GPT,2,Bicycle
403,21,GPT,GPT,2,Bicycle
403,22,GPT,GPT,2,Bicycle
403,23,GPT,GPT,2,Bicycle
403,24,GPT,GPT,2,Bicycle
403,25,GPT,GPT,2,Bicycle
404,0,GPT,GPT,2,Bicycle
404,1,GPT,GPT,2,Bicycle
404,2,GPT,GPT,2,Bicycle
404,3,GPT,GPT,2,Bicycle
404,4,GPT,GPT,2,Bicycle
404,5,GPT,GPT,2,Bicycle
404,6,GPT,GPT,2,Bicycle
404,7,GPT,GPT,2,Bicycle
404,8,GPT,GPT,2,Bicycle
404,9,GPT,GPT,2,Bicycle
404,10,GPT,GPT,2,Bicycle
404,11,GPT,GPT,2,Bicycle
404,12,GPT,GPT,2,Bicycle
404,13,GPT,GPT,2,Bicycle
404,14,GPT,GPT,2,Bicycle
404,15,GPT,GPT,2,Bicycle
404,16,GPT,GPT,2,Bicycle
404,17,GPT,GPT,2,Bicycle
404,18,GPT,GPT,2,Bicycle
404,19,GPT,GPT,2,Bicycle
404,20,GPT,GPT,2,Bicycle
404,21,GPT,GPT,2,Bicycle
406,0,GPT,GPT,2,Bicycle
406,1,GPT,GPT,2,Bicycle
406,2,GPT,GPT,2,Bicycle
406,3,GPT,GPT,2,Bicycle
406,4,GPT,GPT,2,Bicycle
406,5,GPT,GPT,2,Bicycle
406,6,GPT,GPT,2,Bicycle
406,7,GPT,GPT,2,Bicycle
406,8,GPT,GPT,2,Bicycle
406,9,GPT,GPT,2,Bicycle
406,10,GPT,GPT,2,Bicycle
406,11,GPT,GPT,2,Bicycle
411,0,Persona,Divergent,1,Library
411,1,Persona,Divergent,1,Library
411,2,Persona,Divergent,1,Library
411,3,Persona,Divergent,1,Library
411,4,Persona,Divergent,1,Library
411,5,Persona,Divergent,1,Library
411,6,Persona,Divergent,1,Library
411,7,Persona,Divergent,1,Library
411,8,Persona,Divergent,1,Library
411,9,Persona,Divergent,1,Library
413,0,Persona,Divergent,1,Library
413,1,Persona,Divergent,1,Library
413,2,Persona,Divergent,1,Library
413,3,Persona,Divergent,1,Library
413,4,Persona,Divergent,1,Library
413,5,Persona,Divergent,1,Library
413,6,Persona,Divergent,1,Library
413,7,Persona,Divergent,1,Library
413,8,Persona,Divergent,1,Library
413,9,Persona,Divergent,1,Library
414,0,Persona,Divergent,1,Library
414,1,Persona,Divergent,1,Library
414,2,Persona,Divergent,1,Library
414,3,Persona,Divergent,1,Library
414,4,Persona,Divergent,1,Library
414,5,Persona,Divergent,1,Library
414,6,Persona,Divergent,1,Library
414,7,Persona,Divergent,1,Library
414,8,Persona,Divergent,1,Library
414,9,Persona,Divergent,1,Library
414,10,Persona,Divergent,1,Library
414,11,Persona,Divergent,1,Library
415,0,Persona,Divergent,1,Library
415,1,Persona,Divergent,1,Library
415,2,Persona,Divergent,1,Library
415,3,Persona,Divergent,1,Library
415,4,Persona,Divergent,1,Library
415,5,Persona,Divergent,1,Library
415,6,Persona,Divergent,1,Library
415,7,Persona,Divergent,1,Library
415,8,Persona,Divergent,1,Library
415,9,Persona,Divergent,1,Library
416,0,Persona,Divergent,1,Library
416,1,Persona,Divergent,1,Library
416,2,Persona,Divergent,1,Library
416,3,Persona,Divergent,1,Library
416,4,Persona,Divergent,1,Library
416,5,Persona,Divergent,1,Library
416,6,Persona,Divergent,1,Library
416,7,Persona,Divergent,1,Library
416,8,Persona,Divergent,1,Library
416,9,Persona,Divergent,1,Library
416,10,Persona,Divergent,1,Library
416,11,Persona,Divergent,1,Library
416,12,Persona,Divergent,1,Library
416,13,Persona,Divergent,1,Library
416,14,Persona,Divergent,1,Library
416,15,Persona,Divergent,1,Library
416,16,Persona,Divergent,1,Library
416,17,Persona,Divergent,1,Library
416,18,Persona,Divergent,1,Library
416,19,Persona,Divergent,1,Library
416,20,Persona,Divergent,1,Library
416,21,Persona,Divergent,1,Library
416,22,Persona,Divergent,1,Library
416,23,Persona,Divergent,1,Library
416,24,Persona,Divergent,1,Library
416,25,Persona,Divergent,1,Library
418,0,Persona,Divergent,1,Library
418,1,Persona,Divergent,1,Library
418,2,Persona,Divergent,1,Library
418,3,Persona,Divergent,1,Library
418,4,Persona,Divergent,1,Library
418,5,Persona,Divergent,1,Library
418,6,Persona,Divergent,1,Library
418,7,Persona,Divergent,1,Library
418,8,Persona,Divergent,1,Library
418,9,Persona,Divergent,1,Library
419,0,GPT,GPT,2,Bicycle
419,1,GPT,GPT,2,Bicycle
419,2,GPT,GPT,2,Bicycle
419,3,GPT,GPT,2,Bicycle
419,4,GPT,GPT,2,Bicycle
419,5,GPT,GPT,2,Bicycle
419,6,GPT,GPT,2,Bicycle
419,7,GPT,GPT,2,Bicycle
419,8,GPT,GPT,2,Bicycle
419,9,GPT,GPT,2,Bicycle
420,0,GPT,GPT,2,Bicycle
420,1,GPT,GPT,2,Bicycle
420,2,GPT,GPT,2,Bicycle
420,3,GPT,GPT,2,Bicycle
420,4,GPT,GPT,2,Bicycle
420,5,GPT,GPT,2,Bicycle
420,6,GPT,GPT,2,Bicycle
420,7,GPT,GPT,2,Bicycle
420,8,GPT,GPT,2,Bicycle
420,9,GPT,GPT,2,Bicycle
420,10,GPT,GPT,2,Bicycle
420,11,GPT,GPT,2,Bicycle
420,12,GPT,GPT,2,Bicycle
420,13,GPT,GPT,2,Bicycle
420,14,GPT,GPT,2,Bicycle
420,15,GPT,GPT,2,Bicycle
420,16,GPT,GPT,2,Bicycle
420,17,GPT,GPT,2,Bicycle
420,18,GPT,GPT,2,Bicycle
420,19,GPT,GPT,2,Bicycle
420,20,GPT,GPT,2,Bicycle
420,21,GPT,GPT,2,Bicycle
420,22,GPT,GPT,2,Bicycle
420,23,GPT,GPT,2,Bicycle
423,0,GPT,GPT,2,Bicycle
423,1,GPT,GPT,2,Bicycle
423,2,GPT,GPT,2,Bicycle
423,3,GPT,GPT,2,Bicycle
423,4,GPT,GPT,2,Bicycle
423,5,GPT,GPT,2,Bicycle
423,6,GPT,GPT,2,Bicycle
423,7,GPT,GPT,2,Bicycle
423,8,GPT,GPT,2,Bicycle
423,9,GPT,GPT,2,Bicycle
423,10,GPT,GPT,2,Bicycle
423,11,GPT,GPT,2,Bicycle
423,12,GPT,GPT,2,Bicycle
423,13,GPT,GPT,2,Bicycle
425,0,GPT,GPT,2,Bicycle
425,1,GPT,GPT,2,Bicycle
425,2,GPT,GPT,2,Bicycle
425,3,GPT,GPT,2,Bicycle
425,4,GPT,GPT,2,Bicycle
425,5,GPT,GPT,2,Bicycle
425,6,GPT,GPT,2,Bicycle
425,7,GPT,GPT,2,Bicycle
425,8,GPT,GPT,2,Bicycle
425,9,GPT,GPT,2,Bicycle
425,10,GPT,GPT,2,Bicycle
425,11,GPT,GPT,2,Bicycle
425,12,GPT,GPT,2,Bicycle
425,13,GPT,GPT,2,Bicycle
426,0,GPT,GPT,2,Bicycle
426,1,GPT,GPT,2,Bicycle
426,2,GPT,GPT,2,Bicycle
426,3,GPT,GPT,2,Bicycle
426,4,GPT,GPT,2,Bicycle
426,5,GPT,GPT,2,Bicycle
426,6,GPT,GPT,2,Bicycle
426,7,GPT,GPT,2,Bicycle
426,8,GPT,GPT,2,Bicycle
426,9,GPT,GPT,2,Bicycle
426,10,GPT,GPT,2,Bicycle
426,11,GPT,GPT,2,Bicycle
426,12,GPT,GPT,2,Bicycle
426,13,GPT,GPT,2,Bicycle
428,0,GPT,GPT,2,Bicycle
428,1,GPT,GPT,2,Bicycle
428,2,GPT,GPT,2,Bicycle
428,3,GPT,GPT,2,Bicycle
428,4,GPT,GPT,2,Bicycle
428,5,GPT,GPT,2,Bicycle
428,6,GPT,GPT,2,Bicycle
428,7,GPT,GPT,2,Bicycle
428,8,GPT,GPT,2,Bicycle
428,9,GPT,GPT,2,Bicycle
428,10,GPT,GPT,2,Bicycle
428,11,GPT,GPT,2,Bicycle
428,12,GPT,GPT,2,Bicycle
428,13,GPT,GPT,2,Bicycle
429,0,GPT,GPT,1,Library
429,1,GPT,GPT,1,Library
429,2,GPT,GPT,1,Library
429,3,GPT,GPT,1,Library
429,4,GPT,GPT,1,Library
429,5,GPT,GPT,1,Library
429,6,GPT,GPT,1,Library
429,7,GPT,GPT,1,Library
429,8,GPT,GPT,1,Library
429,9,GPT,GPT,1,Library
429,10,GPT,GPT,1,Library
429,11,GPT,GPT,1,Library
429,12,GPT,GPT,1,Library
429,13,GPT,GPT,1,Library
429,14,GPT,GPT,1,Library
429,15,GPT,GPT,1,Library
429,16,GPT,GPT,1,Library
429,17,GPT,GPT,1,Library
429,18,GPT,GPT,1,Library
429,19,GPT,GPT,1,Library
431,0,GPT,GPT,1,Library
431,1,GPT,GPT,1,Library
431,2,GPT,GPT,1,Library
431,3,GPT,GPT,1,Library
431,4,GPT,GPT,1,Library
431,5,GPT,GPT,1,Library
431,6,GPT,GPT,1,Library
431,7,GPT,GPT,1,Library
431,8,GPT,GPT,1,Library
431,9,GPT,GPT,1,Library
431,10,GPT,GPT,1,Library
431,11,GPT,GPT,1,Library
431,12,GPT,GPT,1,Library
431,13,GPT,GPT,1,Library
431,14,GPT,GPT,1,Library
431,15,GPT,GPT,1,Library
431,16,GPT,GPT,1,Library
431,17,GPT,GPT,1,Library
431,18,GPT,GPT,1,Library
431,19,GPT,GPT,1,Library
431,20,GPT,GPT,1,Library
431,21,GPT,GPT,1,Library
431,22,GPT,GPT,1,Library
431,23,GPT,GPT,1,Library
431,24,GPT,GPT,1,Library
431,25,GPT,GPT,1,Library
431,26,GPT,GPT,1,Library
431,27,GPT,GPT,1,Library
431,28,GPT,GPT,1,Library
431,29,GPT,GPT,1,Library
431,30,GPT,GPT,1,Library
431,31,GPT,GPT,1,Library
431,32,GPT,GPT,1,Library
431,33,GPT,GPT,1,Library
432,0,GPT,GPT,1,Library
432,1,GPT,GPT,1,Library
432,2,GPT,GPT,1,Library
432,3,GPT,GPT,1,Library
432,4,GPT,GPT,1,Library
432,5,GPT,GPT,1,Library
432,6,GPT,GPT,1,Library
432,7,GPT,GPT,1,Library
432,8,GPT,GPT,1,Library
432,9,GPT,GPT,1,Library
432,10,GPT,GPT,1,Library
432,11,GPT,GPT,1,Library
432,12,GPT,GPT,1,Library
432,13,GPT,GPT,1,Library
432,14,GPT,GPT,1,Library
432,15,GPT,GPT,1,Library
433,0,GPT,GPT,1,Library
433,1,GPT,GPT,1,Library
433,2,GPT,GPT,1,Library
433,3,GPT,GPT,1,Library
433,4,GPT,GPT,1,Library
433,5,GPT,GPT,1,Library
433,6,GPT,GPT,1,Library
433,7,GPT,GPT,1,Library
433,8,GPT,GPT,1,Library
433,9,GPT,GPT,1,Library
433,10,GPT,GPT,1,Library
433,11,GPT,GPT,1,Library
433,12,GPT,GPT,1,Library
433,13,GPT,GPT,1,Library
433,14,GPT,GPT,1,Library
433,15,GPT,GPT,1,Library
433,16,GPT,GPT,1,Library
433,17,GPT,GPT,1,Library
433,18,GPT,GPT,1,Library
433,19,GPT,GPT,1,Library
434,0,GPT,GPT,1,Library
434,1,GPT,GPT,1,Library
434,2,GPT,GPT,1,Library
434,3,GPT,GPT,1,Library
434,4,GPT,GPT,1,Library
434,5,GPT,GPT,1,Library
434,6,GPT,GPT,1,Library
434,7,GPT,GPT,1,Library
434,8,GPT,GPT,1,Library
434,9,GPT,GPT,1,Library
434,10,GPT,GPT,1,Library
434,11,GPT,GPT,1,Library
434,12,GPT,GPT,1,Library
434,13,GPT,GPT,1,Library
434,14,GPT,GPT,1,Library
434,15,GPT,GPT,1,Library
434,16,GPT,GPT,1,Library
434,17,GPT,GPT,1,Library
436,0,GPT,GPT,1,Library
436,1,GPT,GPT,1,Library
436,2,GPT,GPT,1,Library
436,3,GPT,GPT,1,Library
436,4,GPT,GPT,1,Library
436,5,GPT,GPT,1,Library
436,6,GPT,GPT,1,Library
436,7,GPT,GPT,1,Library
436,8,GPT,GPT,1,Library
436,9,GPT,GPT,1,Library
436,10,GPT,GPT,1,Library
436,11,GPT,GPT,1,Library
437,0,GPT,GPT,1,Library
437,1,GPT,GPT,1,Library
437,2,GPT,GPT,1,Library
437,3,GPT,GPT,1,Library
437,4,GPT,GPT,1,Library
437,5,GPT,GPT,1,Library
439,0,Persona,Divergent,2,Bicycle
439,1,Persona,Divergent,2,Bicycle
439,2,Persona,Divergent,2,Bicycle
439,3,Persona,Divergent,2,Bicycle
439,4,Persona,Divergent,2,Bicycle
439,5,Persona,Divergent,2,Bicycle
439,6,Persona,Divergent,2,Bicycle
439,7,Persona,Divergent,2,Bicycle
439,8,Persona,Divergent,2,Bicycle
439,9,Persona,Divergent,2,Bicycle
439,10,Persona,Divergent,2,Bicycle
439,11,Persona,Divergent,2,Bicycle
439,12,Persona,Divergent,2,Bicycle
439,13,Persona,Divergent,2,Bicycle
439,14,Persona,Divergent,2,Bicycle
439,15,Persona,Divergent,2,Bicycle
439,16,Persona,Divergent,2,Bicycle
439,17,Persona,Divergent,2,Bicycle
439,18,Persona,Divergent,2,Bicycle
439,19,Persona,Divergent,2,Bicycle
439,20,Persona,Divergent,2,Bicycle
439,21,Persona,Divergent,2,Bicycle
439,22,Persona,Divergent,2,Bicycle
439,23,Persona,Divergent,2,Bicycle
439,24,Persona,Divergent,2,Bicycle
439,25,Persona,Divergent,2,Bicycle
440,0,Persona,Divergent,2,Bicycle
440,1,Persona,Divergent,2,Bicycle
440,2,Persona,Divergent,2,Bicycle
440,3,Persona,Divergent,2,Bicycle
440,4,Persona,Divergent,2,Bicycle
440,5,Persona,Divergent,2,Bicycle
440,6,Persona,Divergent,2,Bicycle
440,7,Persona,Divergent,2,Bicycle
440,8,Persona,Divergent,2,Bicycle
440,9,Persona,Divergent,2,Bicycle
440,10,Persona,Divergent,2,Bicycle
440,11,Persona,Divergent,2,Bicycle
440,12,Persona,Divergent,2,Bicycle
440,13,Persona,Divergent,2,Bicycle
441,0,Persona,Divergent,2,Bicycle
441,1,Persona,Divergent,2,Bicycle
441,2,Persona,Divergent,2,Bicycle
441,3,Persona,Divergent,2,Bicycle
441,4,Persona,Divergent,2,Bicycle
441,5,Persona,Divergent,2,Bicycle
441,6,Persona,Divergent,2,Bicycle
441,7,Persona,Divergent,2,Bicycle
441,8,Persona,Divergent,2,Bicycle
441,9,Persona,Divergent,2,Bicycle
441,10,Persona,Divergent,2,Bicycle
441,11,Persona,Divergent,2,Bicycle
441,12,Persona,Divergent,2,Bicycle
441,13,Persona,Divergent,2,Bicycle
441,14,Persona,Divergent,2,Bicycle
441,15,Persona,Divergent,2,Bicycle
441,16,Persona,Divergent,2,Bicycle
441,17,Persona,Divergent,2,Bicycle
442,0,Persona,Divergent,2,Bicycle
442,1,Persona,Divergent,2,Bicycle
442,2,Persona,Divergent,2,Bicycle
442,3,Persona,Divergent,2,Bicycle
442,4,Persona,Divergent,2,Bicycle
442,5,Persona,Divergent,2,Bicycle
442,6,Persona,Divergent,2,Bicycle
442,7,Persona,Divergent,2,Bicycle
442,8,Persona,Divergent,2,Bicycle
442,9,Persona,Divergent,2,Bicycle
442,10,Persona,Divergent,2,Bicycle
442,11,Persona,Divergent,2,Bicycle
442,12,Persona,Divergent,2,Bicycle
442,13,Persona,Divergent,2,Bicycle
443,0,Persona,Divergent,2,Bicycle
443,1,Persona,Divergent,2,Bicycle
443,2,Persona,Divergent,2,Bicycle
443,3,Persona,Divergent,2,Bicycle
443,4,Persona,Divergent,2,Bicycle
443,5,Persona,Divergent,2,Bicycle
443,6,Persona,Divergent,2,Bicycle
443,7,Persona,Divergent,2,Bicycle
443,8,Persona,Divergent,2,Bicycle
443,9,Persona,Divergent,2,Bicycle
443,10,Persona,Divergent,2,Bicycle
443,11,Persona,Divergent,2,Bicycle
443,12,Persona,Divergent,2,Bicycle
443,13,Persona,Divergent,2,Bicycle
443,14,Persona,Divergent,2,Bicycle
443,15,Persona,Divergent,2,Bicycle
443,16,Persona,Divergent,2,Bicycle
443,17,Persona,Divergent,2,Bicycle
444,0,Persona,Divergent,2,Bicycle
444,1,Persona,Divergent,2,Bicycle
444,2,Persona,Divergent,2,Bicycle
444,3,Persona,Divergent,2,Bicycle
444,4,Persona,Divergent,2,Bicycle
444,5,Persona,Divergent,2,Bicycle
444,6,Persona,Divergent,2,Bicycle
444,7,Persona,Divergent,2,Bicycle
444,8,Persona,Divergent,2,Bicycle
444,9,Persona,Divergent,2,Bicycle
444,10,Persona,Divergent,2,Bicycle
444,11,Persona,Divergent,2,Bicycle
445,0,Persona,Divergent,2,Bicycle
445,1,Persona,Divergent,2,Bicycle
445,2,Persona,Divergent,2,Bicycle
445,3,Persona,Divergent,2,Bicycle
445,4,Persona,Divergent,2,Bicycle
445,5,Persona,Divergent,2,Bicycle
445,6,Persona,Divergent,2,Bicycle
445,7,Persona,Divergent,2,Bicycle
445,8,Persona,Divergent,2,Bicycle
445,9,Persona,Divergent,2,Bicycle
466,0,Persona,Convergent,1,Bicycle
466,1,Persona,Convergent,1,Bicycle
466,2,Persona,Convergent,1,Bicycle
466,3,Persona,Convergent,1,Bicycle
466,4,Persona,Convergent,1,Bicycle
466,5,Persona,Convergent,1,Bicycle
466,6,Persona,Convergent,1,Bicycle
466,7,Persona,Convergent,1,Bicycle
466,8,Persona,Convergent,1,Bicycle
466,9,Persona,Convergent,1,Bicycle
466,10,Persona,Convergent,1,Bicycle
466,11,Persona,Convergent,1,Bicycle
466,12,Persona,Convergent,1,Bicycle
466,13,Persona,Convergent,1,Bicycle
467,0,Persona,Convergent,1,Bicycle
467,1,Persona,Convergent,1,Bicycle
467,2,Persona,Convergent,1,Bicycle
467,3,Persona,Convergent,1,Bicycle
467,4,Persona,Convergent,1,Bicycle
467,5,Persona,Convergent,1,Bicycle
467,6,Persona,Convergent,1,Bicycle
467,7,Persona,Convergent,1,Bicycle
467,8,Persona,Convergent,1,Bicycle
467,9,Persona,Convergent,1,Bicycle
467,10,Persona,Convergent,1,Bicycle
467,11,Persona,Convergent,1,Bicycle
467,12,Persona,Convergent,1,Bicycle
467,13,Persona,Convergent,1,Bicycle
467,14,Persona,Convergent,1,Bicycle
467,15,Persona,Convergent,1,Bicycle
467,16,Persona,Convergent,1,Bicycle
467,17,Persona,Convergent,1,Bicycle
468,0,Persona,Convergent,1,Bicycle
468,1,Persona,Convergent,1,Bicycle
468,2,Persona,Convergent,1,Bicycle
468,3,Persona,Convergent,1,Bicycle
468,4,Persona,Convergent,1,Bicycle
468,5,Persona,Convergent,1,Bicycle
468,6,Persona,Convergent,1,Bicycle
468,7,Persona,Convergent,1,Bicycle
468,8,Persona,Convergent,1,Bicycle
468,9,Persona,Convergent,1,Bicycle
468,10,Persona,Convergent,1,Bicycle
468,11,Persona,Convergent,1,Bicycle
468,12,Persona,Convergent,1,Bicycle
468,13,Persona,Convergent,1,Bicycle
468,14,Persona,Convergent,1,Bicycle
468,15,Persona,Convergent,1,Bicycle
469,0,Persona,Convergent,1,Bicycle
469,1,Persona,Convergent,1,Bicycle
469,2,Persona,Convergent,1,Bicycle
469,3,Persona,Convergent,1,Bicycle
469,4,Persona,Convergent,1,Bicycle
469,5,Persona,Convergent,1,Bicycle
469,6,Persona,Convergent,1,Bicycle
469,7,Persona,Convergent,1,Bicycle
469,8,Persona,Convergent,1,Bicycle
469,9,Persona,Convergent,1,Bicycle
469,10,Persona,Convergent,1,Bicycle
469,11,Persona,Convergent,1,Bicycle
469,12,Persona,Convergent,1,Bicycle
469,13,Persona,Convergent,1,Bicycle
470,0,GPT,GPT,2,Library
470,1,GPT,GPT,2,Library
470,2,GPT,GPT,2,Library
470,3,GPT,GPT,2,Library
470,4,GPT,GPT,2,Library
470,5,GPT,GPT,2,Library
470,6,GPT,GPT,2,Library
470,7,GPT,GPT,2,Library
470,8,GPT,GPT,2,Library
470,9,GPT,GPT,2,Library
470,10,GPT,GPT,2,Library
470,11,GPT,GPT,2,Library
470,12,GPT,GPT,2,Library
470,13,GPT,GPT,2,Library
470,14,GPT,GPT,2,Library
470,15,GPT,GPT,2,Library
470,16,GPT,GPT,2,Library
470,17,GPT,GPT,2,Library
471,0,GPT,GPT,2,Library
471,1,GPT,GPT,2,Library
471,2,GPT,GPT,2,Library
471,3,GPT,GPT,2,Library
471,4,GPT,GPT,2,Library
471,5,GPT,GPT,2,Library
471,6,GPT,GPT,2,Library
471,7,GPT,GPT,2,Library
471,8,GPT,GPT,2,Library
471,9,GPT,GPT,2,Library
471,10,GPT,GPT,2,Library
471,11,GPT,GPT,2,Library
472,0,GPT,GPT,2,Library
472,1,GPT,GPT,2,Library
472,2,GPT,GPT,2,Library
472,3,GPT,GPT,2,Library
472,4,GPT,GPT,2,Library
472,5,GPT,GPT,2,Library
472,6,GPT,GPT,2,Library
472,7,GPT,GPT,2,Library
472,8,GPT,GPT,2,Library
472,9,GPT,GPT,2,Library
472,10,GPT,GPT,2,Library
472,11,GPT,GPT,2,Library
472,12,GPT,GPT,2,Library
472,13,GPT,GPT,2,Library
472,14,GPT,GPT,2,Library
472,15,GPT,GPT,2,Library
473,0,GPT,GPT,2,Library
473,1,GPT,GPT,2,Library
473,2,GPT,GPT,2,Library
473,3,GPT,GPT,2,Library
473,4,GPT,GPT,2,Library
473,5,GPT,GPT,2,Library
473,6,GPT,GPT,2,Library
473,7,GPT,GPT,2,Library
473,8,GPT,GPT,2,Library
473,9,GPT,GPT,2,Library
473,10,GPT,GPT,2,Library
473,11,GPT,GPT,2,Library
473,12,GPT,GPT,2,Library
473,13,GPT,GPT,2,Library
473,14,GPT,GPT,2,Library
473,15,GPT,GPT,2,Library
474,0,Persona,Convergent,1,Bicycle
474,1,Persona,Convergent,1,Bicycle
474,2,Persona,Convergent,1,Bicycle
474,3,Persona,Convergent,1,Bicycle
474,4,Persona,Convergent,1,Bicycle
474,5,Persona,Convergent,1,Bicycle
474,6,Persona,Convergent,1,Bicycle
474,7,Persona,Convergent,1,Bicycle
474,8,Persona,Convergent,1,Bicycle
474,9,Persona,Convergent,1,Bicycle
474,10,Persona,Convergent,1,Bicycle
474,11,Persona,Convergent,1,Bicycle
474,12,Persona,Convergent,1,Bicycle
474,13,Persona,Convergent,1,Bicycle
475,0,GPT,GPT,2,Library
475,1,GPT,GPT,2,Library
475,2,GPT,GPT,2,Library
475,3,GPT,GPT,2,Library
475,4,GPT,GPT,2,Library
475,5,GPT,GPT,2,Library
475,6,GPT,GPT,2,Library
475,7,GPT,GPT,2,Library
475,8,GPT,GPT,2,Library
475,9,GPT,GPT,2,Library
